{
"type": "FeatureCollection",
"name": "hospitals_3districts",
"crs": { "type": "name", "properties": { "name": "urn:ogc:def:crs:OGC:1.3:CRS84" } },
"features": [
{"type":"Feature","properties":{"full_id":"n4803340316","osm_id":"4803340316","osm_type":"node","amenity":"hospital","ref":null,"phone:mobile":null,"loc_name:en":null,"medical_supply":null,"loc_name":null,"short_name:en":null,"short_name":null,"payment:google_pay":null,"payment:coins":null,"service":null,"payment:visa":null,"payment:mastercard":null,"payment:contactless":null,"payment:app":null,"internet_access:ssid":null,"payment:upi":null,"contact:facebook":null,"services":null,"payment:wallets":null,"payment:cards":null,"operational_status_quality":null,"building:use":null,"building:levels:underground":null,"building:levels":null,"parking":null,"brand":null,"entrance":null,"air_conditioning":null,"addr:floor":null,"image":null,"not:operator:wikidata":null,"mobile":null,"name:es":null,"addr:city:ur":null,"ele":null,"locality":null,"addr:landmark":null,"power":null,"natural":null,"opening_hours:covid19":null,"closing_hours":null,"survey:date":null,"geometry":null,"name:pa":null,"operator:short":null,"contact:helpline":null,"contact:website":null,"addr:quarter":null,"addr:neighbourhood":null,"aeroway":null,"old_name":null,"contact:tollfree":null,"start_date":null,"internet_access:fee":null,"operator:wikidata":null,"level":null,"payment:debit_cards":null,"payment:credit_cards":null,"payment:cash":null,"motor_vehicle":null,"horse":null,"access":null,"addr:unit":null,"addr:locality":null,"shop":null,"highway":null,"emergency_telephone_code":null,"opening_hours":null,"operational_status":null,"building":null,"addr:housename":null,"addr":null,"place":null,"name:ur":null,"contact:email":null,"addr:suburb":null,"health_facility:type":null,"designation":"Hospital","contact:mobile":null,"addr:block":null,"wheelchair":null,"medical_system":null,"operator":null,"addr:place":null,"speciality":null,"operator:type":null,"foot":null,"bicycle":null,"barrier":null,"fax":null,"email":null,"healthcare:speciality":null,"name:mr":"चोले नेत्र रुग्णालय","name:hi":null,"name:en":null,"wikipedia":null,"wikimedia_commons":null,"addr:housenumber":null,"phone":null,"description":null,"alias":null,"name:kn":null,"wikidata":null,"internet_access":null,"check_date":null,"addr:subdistrict":null,"addr:street":null,"website":null,"contact:phone":null,"addr:city":"Bhandara City","addr:state":null,"addr:postcode":"441904","addr:full":null,"addr:district":null,"name:etymology:wikidata":null,"healthcare":"hospital","emergency":"yes","addr:country":null,"postal_code":null,"population":null,"name:te":null,"name":"Chole Eye Hospital","is_in":null,"alt_name":null,"AND_a_nosr_p":null},"geometry":{"type":"Point","coordinates":[79.6405362,21.1575942]}},
{"type":"Feature","properties":{"full_id":"n4803347171","osm_id":"4803347171","osm_type":"node","amenity":"hospital","ref":null,"phone:mobile":null,"loc_name:en":null,"medical_supply":null,"loc_name":null,"short_name:en":null,"short_name":null,"payment:google_pay":null,"payment:coins":null,"service":null,"payment:visa":null,"payment:mastercard":null,"payment:contactless":null,"payment:app":null,"internet_access:ssid":null,"payment:upi":null,"contact:facebook":null,"services":null,"payment:wallets":null,"payment:cards":null,"operational_status_quality":null,"building:use":null,"building:levels:underground":null,"building:levels":null,"parking":null,"brand":null,"entrance":null,"air_conditioning":null,"addr:floor":null,"image":null,"not:operator:wikidata":null,"mobile":null,"name:es":null,"addr:city:ur":null,"ele":null,"locality":null,"addr:landmark":null,"power":null,"natural":null,"opening_hours:covid19":null,"closing_hours":null,"survey:date":null,"geometry":null,"name:pa":null,"operator:short":null,"contact:helpline":null,"contact:website":null,"addr:quarter":null,"addr:neighbourhood":null,"aeroway":null,"old_name":null,"contact:tollfree":null,"start_date":null,"internet_access:fee":null,"operator:wikidata":null,"level":null,"payment:debit_cards":null,"payment:credit_cards":null,"payment:cash":null,"motor_vehicle":null,"horse":null,"access":null,"addr:unit":null,"addr:locality":null,"shop":null,"highway":null,"emergency_telephone_code":null,"opening_hours":null,"operational_status":null,"building":null,"addr:housename":null,"addr":null,"place":null,"name:ur":null,"contact:email":null,"addr:suburb":null,"health_facility:type":null,"designation":"Nursing Home","contact:mobile":null,"addr:block":null,"wheelchair":null,"medical_system":null,"operator":null,"addr:place":null,"speciality":null,"operator:type":null,"foot":null,"bicycle":null,"barrier":null,"fax":null,"email":null,"healthcare:speciality":null,"name:mr":null,"name:hi":null,"name:en":null,"wikipedia":null,"wikimedia_commons":null,"addr:housenumber":null,"phone":null,"description":null,"alias":null,"name:kn":null,"wikidata":null,"internet_access":null,"check_date":null,"addr:subdistrict":null,"addr:street":null,"website":null,"contact:phone":null,"addr:city":null,"addr:state":null,"addr:postcode":null,"addr:full":null,"addr:district":null,"name:etymology:wikidata":null,"healthcare":null,"emergency":"yes","addr:country":null,"postal_code":null,"population":null,"name:te":null,"name":"Ankur Nursing Home","is_in":null,"alt_name":null,"AND_a_nosr_p":null},"geometry":{"type":"Point","coordinates":[79.6402947,21.1582046]}},
{"type":"Feature","properties":{"full_id":"n4805707254","osm_id":"4805707254","osm_type":"node","amenity":"hospital","ref":null,"phone:mobile":null,"loc_name:en":null,"medical_supply":null,"loc_name":null,"short_name:en":null,"short_name":null,"payment:google_pay":null,"payment:coins":null,"service":null,"payment:visa":null,"payment:mastercard":null,"payment:contactless":null,"payment:app":null,"internet_access:ssid":null,"payment:upi":null,"contact:facebook":null,"services":null,"payment:wallets":null,"payment:cards":null,"operational_status_quality":null,"building:use":null,"building:levels:underground":null,"building:levels":null,"parking":null,"brand":null,"entrance":null,"air_conditioning":null,"addr:floor":null,"image":null,"not:operator:wikidata":null,"mobile":null,"name:es":null,"addr:city:ur":null,"ele":null,"locality":null,"addr:landmark":null,"power":null,"natural":null,"opening_hours:covid19":null,"closing_hours":null,"survey:date":null,"geometry":null,"name:pa":null,"operator:short":null,"contact:helpline":null,"contact:website":null,"addr:quarter":null,"addr:neighbourhood":null,"aeroway":null,"old_name":null,"contact:tollfree":null,"start_date":null,"internet_access:fee":null,"operator:wikidata":null,"level":null,"payment:debit_cards":null,"payment:credit_cards":null,"payment:cash":null,"motor_vehicle":null,"horse":null,"access":null,"addr:unit":null,"addr:locality":null,"shop":null,"highway":null,"emergency_telephone_code":null,"opening_hours":null,"operational_status":null,"building":null,"addr:housename":null,"addr":null,"place":null,"name:ur":null,"contact:email":null,"addr:suburb":null,"health_facility:type":null,"designation":null,"contact:mobile":null,"addr:block":null,"wheelchair":null,"medical_system":null,"operator":null,"addr:place":null,"speciality":null,"operator:type":null,"foot":null,"bicycle":null,"barrier":null,"fax":null,"email":null,"healthcare:speciality":null,"name:mr":null,"name:hi":null,"name:en":null,"wikipedia":null,"wikimedia_commons":null,"addr:housenumber":null,"phone":null,"description":null,"alias":null,"name:kn":null,"wikidata":null,"internet_access":null,"check_date":null,"addr:subdistrict":null,"addr:street":null,"website":null,"contact:phone":null,"addr:city":null,"addr:state":null,"addr:postcode":null,"addr:full":null,"addr:district":null,"name:etymology:wikidata":null,"healthcare":null,"emergency":"yes","addr:country":null,"postal_code":null,"population":null,"name:te":null,"name":"Lakskhya hospital","is_in":null,"alt_name":null,"AND_a_nosr_p":null},"geometry":{"type":"Point","coordinates":[79.6534573,21.177607]}},
{"type":"Feature","properties":{"full_id":"n7042991475","osm_id":"7042991475","osm_type":"node","amenity":"hospital","ref":null,"phone:mobile":null,"loc_name:en":null,"medical_supply":null,"loc_name":null,"short_name:en":null,"short_name":null,"payment:google_pay":null,"payment:coins":null,"service":null,"payment:visa":null,"payment:mastercard":null,"payment:contactless":null,"payment:app":null,"internet_access:ssid":null,"payment:upi":null,"contact:facebook":null,"services":null,"payment:wallets":null,"payment:cards":null,"operational_status_quality":null,"building:use":null,"building:levels:underground":null,"building:levels":null,"parking":null,"brand":null,"entrance":null,"air_conditioning":null,"addr:floor":null,"image":null,"not:operator:wikidata":null,"mobile":null,"name:es":null,"addr:city:ur":null,"ele":null,"locality":null,"addr:landmark":null,"power":null,"natural":null,"opening_hours:covid19":null,"closing_hours":null,"survey:date":null,"geometry":null,"name:pa":null,"operator:short":null,"contact:helpline":null,"contact:website":null,"addr:quarter":null,"addr:neighbourhood":null,"aeroway":null,"old_name":null,"contact:tollfree":null,"start_date":null,"internet_access:fee":null,"operator:wikidata":null,"level":null,"payment:debit_cards":null,"payment:credit_cards":null,"payment:cash":null,"motor_vehicle":null,"horse":null,"access":null,"addr:unit":null,"addr:locality":null,"shop":null,"highway":null,"emergency_telephone_code":null,"opening_hours":null,"operational_status":null,"building":null,"addr:housename":null,"addr":null,"place":null,"name:ur":null,"contact:email":null,"addr:suburb":null,"health_facility:type":null,"designation":null,"contact:mobile":null,"addr:block":null,"wheelchair":null,"medical_system":null,"operator":null,"addr:place":null,"speciality":null,"operator:type":null,"foot":null,"bicycle":null,"barrier":null,"fax":null,"email":null,"healthcare:speciality":null,"name:mr":"मेघरे हॉस्पिटल","name:hi":null,"name:en":null,"wikipedia":null,"wikimedia_commons":null,"addr:housenumber":null,"phone":null,"description":null,"alias":null,"name:kn":null,"wikidata":null,"internet_access":null,"check_date":null,"addr:subdistrict":null,"addr:street":"Takiya Road","website":null,"contact:phone":null,"addr:city":"Bhandara City","addr:state":"Maharashtra","addr:postcode":"441904","addr:full":"Teachers Colony, Ashrafi Nagar","addr:district":"Bhandara","name:etymology:wikidata":null,"healthcare":"hospital","emergency":null,"addr:country":null,"postal_code":null,"population":null,"name:te":null,"name":"Meghare Hospital","is_in":null,"alt_name":null,"AND_a_nosr_p":null},"geometry":{"type":"Point","coordinates":[79.6429575,21.162028]}},
{"type":"Feature","properties":{"full_id":"n7048498783","osm_id":"7048498783","osm_type":"node","amenity":"hospital","ref":null,"phone:mobile":null,"loc_name:en":null,"medical_supply":null,"loc_name":null,"short_name:en":null,"short_name":null,"payment:google_pay":null,"payment:coins":null,"service":null,"payment:visa":null,"payment:mastercard":null,"payment:contactless":null,"payment:app":null,"internet_access:ssid":null,"payment:upi":null,"contact:facebook":null,"services":null,"payment:wallets":null,"payment:cards":null,"operational_status_quality":null,"building:use":null,"building:levels:underground":null,"building:levels":null,"parking":null,"brand":null,"entrance":null,"air_conditioning":null,"addr:floor":null,"image":null,"not:operator:wikidata":null,"mobile":null,"name:es":null,"addr:city:ur":null,"ele":null,"locality":null,"addr:landmark":null,"power":null,"natural":null,"opening_hours:covid19":null,"closing_hours":null,"survey:date":null,"geometry":null,"name:pa":null,"operator:short":null,"contact:helpline":null,"contact:website":null,"addr:quarter":null,"addr:neighbourhood":null,"aeroway":null,"old_name":null,"contact:tollfree":null,"start_date":null,"internet_access:fee":null,"operator:wikidata":null,"level":null,"payment:debit_cards":null,"payment:credit_cards":null,"payment:cash":null,"motor_vehicle":null,"horse":null,"access":null,"addr:unit":null,"addr:locality":null,"shop":null,"highway":null,"emergency_telephone_code":null,"opening_hours":null,"operational_status":null,"building":null,"addr:housename":null,"addr":null,"place":null,"name:ur":null,"contact:email":null,"addr:suburb":null,"health_facility:type":null,"designation":null,"contact:mobile":null,"addr:block":null,"wheelchair":null,"medical_system":null,"operator":null,"addr:place":null,"speciality":null,"operator:type":null,"foot":null,"bicycle":null,"barrier":null,"fax":null,"email":null,"healthcare:speciality":null,"name:mr":null,"name:hi":null,"name:en":null,"wikipedia":null,"wikimedia_commons":null,"addr:housenumber":null,"phone":null,"description":null,"alias":null,"name:kn":null,"wikidata":null,"internet_access":null,"check_date":null,"addr:subdistrict":null,"addr:street":null,"website":null,"contact:phone":null,"addr:city":null,"addr:state":"Maharashtra","addr:postcode":"441912","addr:full":"Main Road","addr:district":"Bhandara","name:etymology:wikidata":null,"healthcare":null,"emergency":null,"addr:country":null,"postal_code":null,"population":null,"name:te":null,"name":"Kodwani Hospital","is_in":null,"alt_name":null,"AND_a_nosr_p":null},"geometry":{"type":"Point","coordinates":[79.7471273,21.3809829]}},
{"type":"Feature","properties":{"full_id":"n7049612809","osm_id":"7049612809","osm_type":"node","amenity":"hospital","ref":null,"phone:mobile":null,"loc_name:en":null,"medical_supply":null,"loc_name":null,"short_name:en":null,"short_name":null,"payment:google_pay":null,"payment:coins":null,"service":null,"payment:visa":null,"payment:mastercard":null,"payment:contactless":null,"payment:app":null,"internet_access:ssid":null,"payment:upi":null,"contact:facebook":null,"services":null,"payment:wallets":null,"payment:cards":null,"operational_status_quality":null,"building:use":null,"building:levels:underground":null,"building:levels":null,"parking":null,"brand":null,"entrance":null,"air_conditioning":null,"addr:floor":null,"image":null,"not:operator:wikidata":null,"mobile":null,"name:es":null,"addr:city:ur":null,"ele":null,"locality":null,"addr:landmark":null,"power":null,"natural":null,"opening_hours:covid19":null,"closing_hours":null,"survey:date":null,"geometry":null,"name:pa":null,"operator:short":null,"contact:helpline":null,"contact:website":null,"addr:quarter":null,"addr:neighbourhood":null,"aeroway":null,"old_name":null,"contact:tollfree":null,"start_date":null,"internet_access:fee":null,"operator:wikidata":null,"level":null,"payment:debit_cards":null,"payment:credit_cards":null,"payment:cash":null,"motor_vehicle":null,"horse":null,"access":null,"addr:unit":null,"addr:locality":null,"shop":null,"highway":null,"emergency_telephone_code":null,"opening_hours":null,"operational_status":null,"building":null,"addr:housename":null,"addr":null,"place":null,"name:ur":null,"contact:email":null,"addr:suburb":null,"health_facility:type":null,"designation":null,"contact:mobile":null,"addr:block":null,"wheelchair":null,"medical_system":null,"operator":null,"addr:place":null,"speciality":null,"operator:type":null,"foot":null,"bicycle":null,"barrier":null,"fax":null,"email":null,"healthcare:speciality":null,"name:mr":null,"name:hi":null,"name:en":null,"wikipedia":null,"wikimedia_commons":null,"addr:housenumber":null,"phone":null,"description":null,"alias":null,"name:kn":null,"wikidata":null,"internet_access":null,"check_date":null,"addr:subdistrict":null,"addr:street":null,"website":null,"contact:phone":null,"addr:city":null,"addr:state":"Maharashtra","addr:postcode":"441912","addr:full":"Near Bus Stand,Tumsar","addr:district":"Bhandara","name:etymology:wikidata":null,"healthcare":null,"emergency":null,"addr:country":null,"postal_code":null,"population":null,"name:te":null,"name":"Bhure Maternity and Children Hospital","is_in":null,"alt_name":null,"AND_a_nosr_p":null},"geometry":{"type":"Point","coordinates":[79.7424267,21.3793981]}},
{"type":"Feature","properties":{"full_id":"n7070120091","osm_id":"7070120091","osm_type":"node","amenity":"hospital","ref":null,"phone:mobile":null,"loc_name:en":null,"medical_supply":null,"loc_name":null,"short_name:en":null,"short_name":null,"payment:google_pay":null,"payment:coins":null,"service":null,"payment:visa":null,"payment:mastercard":null,"payment:contactless":null,"payment:app":null,"internet_access:ssid":null,"payment:upi":null,"contact:facebook":null,"services":null,"payment:wallets":null,"payment:cards":null,"operational_status_quality":null,"building:use":null,"building:levels:underground":null,"building:levels":null,"parking":null,"brand":null,"entrance":null,"air_conditioning":null,"addr:floor":null,"image":null,"not:operator:wikidata":null,"mobile":null,"name:es":null,"addr:city:ur":null,"ele":null,"locality":null,"addr:landmark":null,"power":null,"natural":null,"opening_hours:covid19":null,"closing_hours":null,"survey:date":null,"geometry":null,"name:pa":null,"operator:short":null,"contact:helpline":null,"contact:website":null,"addr:quarter":null,"addr:neighbourhood":null,"aeroway":null,"old_name":null,"contact:tollfree":null,"start_date":null,"internet_access:fee":null,"operator:wikidata":null,"level":null,"payment:debit_cards":null,"payment:credit_cards":null,"payment:cash":null,"motor_vehicle":null,"horse":null,"access":null,"addr:unit":null,"addr:locality":null,"shop":null,"highway":null,"emergency_telephone_code":null,"opening_hours":null,"operational_status":null,"building":null,"addr:housename":null,"addr":null,"place":null,"name:ur":null,"contact:email":null,"addr:suburb":null,"health_facility:type":null,"designation":null,"contact:mobile":null,"addr:block":null,"wheelchair":null,"medical_system":null,"operator":null,"addr:place":null,"speciality":null,"operator:type":null,"foot":null,"bicycle":null,"barrier":null,"fax":null,"email":null,"healthcare:speciality":null,"name:mr":null,"name:hi":null,"name:en":null,"wikipedia":null,"wikimedia_commons":null,"addr:housenumber":null,"phone":null,"description":null,"alias":null,"name:kn":null,"wikidata":null,"internet_access":null,"check_date":null,"addr:subdistrict":null,"addr:street":null,"website":null,"contact:phone":null,"addr:city":null,"addr:state":"Maharashtra","addr:postcode":"441904","addr:full":"Bypass Road, Rajiv Gandhi Sqr","addr:district":"Bhandara","name:etymology:wikidata":null,"healthcare":null,"emergency":null,"addr:country":null,"postal_code":null,"population":null,"name:te":null,"name":"Anjan Surgical and Maternity Home","is_in":null,"alt_name":null,"AND_a_nosr_p":null},"geometry":{"type":"Point","coordinates":[79.6488176,21.1676469]}},
{"type":"Feature","properties":{"full_id":"n7226751866","osm_id":"7226751866","osm_type":"node","amenity":"hospital","ref":null,"phone:mobile":null,"loc_name:en":null,"medical_supply":null,"loc_name":null,"short_name:en":null,"short_name":null,"payment:google_pay":null,"payment:coins":null,"service":null,"payment:visa":null,"payment:mastercard":null,"payment:contactless":null,"payment:app":null,"internet_access:ssid":null,"payment:upi":null,"contact:facebook":null,"services":null,"payment:wallets":null,"payment:cards":null,"operational_status_quality":null,"building:use":null,"building:levels:underground":null,"building:levels":null,"parking":null,"brand":null,"entrance":null,"air_conditioning":null,"addr:floor":null,"image":null,"not:operator:wikidata":null,"mobile":null,"name:es":null,"addr:city:ur":null,"ele":null,"locality":null,"addr:landmark":null,"power":null,"natural":null,"opening_hours:covid19":null,"closing_hours":null,"survey:date":null,"geometry":null,"name:pa":null,"operator:short":null,"contact:helpline":null,"contact:website":null,"addr:quarter":null,"addr:neighbourhood":null,"aeroway":null,"old_name":null,"contact:tollfree":null,"start_date":null,"internet_access:fee":null,"operator:wikidata":null,"level":null,"payment:debit_cards":null,"payment:credit_cards":null,"payment:cash":null,"motor_vehicle":null,"horse":null,"access":null,"addr:unit":null,"addr:locality":null,"shop":null,"highway":null,"emergency_telephone_code":null,"opening_hours":null,"operational_status":null,"building":null,"addr:housename":null,"addr":null,"place":null,"name:ur":null,"contact:email":null,"addr:suburb":null,"health_facility:type":null,"designation":null,"contact:mobile":null,"addr:block":null,"wheelchair":null,"medical_system":null,"operator":null,"addr:place":null,"speciality":null,"operator:type":null,"foot":null,"bicycle":null,"barrier":null,"fax":null,"email":null,"healthcare:speciality":null,"name:mr":null,"name:hi":null,"name:en":null,"wikipedia":null,"wikimedia_commons":null,"addr:housenumber":null,"phone":null,"description":"Rural Hospital","alias":null,"name:kn":null,"wikidata":null,"internet_access":null,"check_date":null,"addr:subdistrict":"Pauni","addr:street":null,"website":null,"contact:phone":null,"addr:city":null,"addr:state":"Maharashtra","addr:postcode":"441910","addr:full":"Lal Bahadur Shastri Primary School, Pauni","addr:district":"Bhandara","name:etymology:wikidata":null,"healthcare":null,"emergency":null,"addr:country":null,"postal_code":null,"population":null,"name:te":null,"name":"Rural Hospital, Pauni","is_in":null,"alt_name":null,"AND_a_nosr_p":null},"geometry":{"type":"Point","coordinates":[79.63662,20.793247]}},
{"type":"Feature","properties":{"full_id":"n7226751892","osm_id":"7226751892","osm_type":"node","amenity":"hospital","ref":null,"phone:mobile":null,"loc_name:en":null,"medical_supply":null,"loc_name":null,"short_name:en":null,"short_name":null,"payment:google_pay":null,"payment:coins":null,"service":null,"payment:visa":null,"payment:mastercard":null,"payment:contactless":null,"payment:app":null,"internet_access:ssid":null,"payment:upi":null,"contact:facebook":null,"services":null,"payment:wallets":null,"payment:cards":null,"operational_status_quality":null,"building:use":null,"building:levels:underground":null,"building:levels":null,"parking":null,"brand":null,"entrance":null,"air_conditioning":null,"addr:floor":null,"image":null,"not:operator:wikidata":null,"mobile":null,"name:es":null,"addr:city:ur":null,"ele":null,"locality":null,"addr:landmark":null,"power":null,"natural":null,"opening_hours:covid19":null,"closing_hours":null,"survey:date":null,"geometry":null,"name:pa":null,"operator:short":null,"contact:helpline":null,"contact:website":null,"addr:quarter":null,"addr:neighbourhood":null,"aeroway":null,"old_name":null,"contact:tollfree":null,"start_date":null,"internet_access:fee":null,"operator:wikidata":null,"level":null,"payment:debit_cards":null,"payment:credit_cards":null,"payment:cash":null,"motor_vehicle":null,"horse":null,"access":null,"addr:unit":null,"addr:locality":null,"shop":null,"highway":null,"emergency_telephone_code":null,"opening_hours":null,"operational_status":null,"building":null,"addr:housename":null,"addr":null,"place":null,"name:ur":null,"contact:email":null,"addr:suburb":null,"health_facility:type":null,"designation":null,"contact:mobile":null,"addr:block":null,"wheelchair":null,"medical_system":null,"operator":null,"addr:place":null,"speciality":null,"operator:type":null,"foot":null,"bicycle":null,"barrier":null,"fax":null,"email":null,"healthcare:speciality":null,"name:mr":null,"name:hi":null,"name:en":null,"wikipedia":null,"wikimedia_commons":null,"addr:housenumber":null,"phone":null,"description":"Rural Hospital","alias":null,"name:kn":null,"wikidata":null,"internet_access":null,"check_date":null,"addr:subdistrict":"Lakhani","addr:street":null,"website":null,"contact:phone":null,"addr:city":null,"addr:state":"Maharashtra","addr:postcode":"441805","addr:full":"Z P High School Palandur","addr:district":"Bhandara","name:etymology:wikidata":null,"healthcare":null,"emergency":null,"addr:country":null,"postal_code":null,"population":null,"name:te":null,"name":"Rural Hospital, Palandur","is_in":null,"alt_name":null,"AND_a_nosr_p":null},"geometry":{"type":"Point","coordinates":[79.855604,20.911317]}},
{"type":"Feature","properties":{"full_id":"n7226796608","osm_id":"7226796608","osm_type":"node","amenity":"hospital","ref":null,"phone:mobile":null,"loc_name:en":null,"medical_supply":null,"loc_name":null,"short_name:en":null,"short_name":null,"payment:google_pay":null,"payment:coins":null,"service":null,"payment:visa":null,"payment:mastercard":null,"payment:contactless":null,"payment:app":null,"internet_access:ssid":null,"payment:upi":null,"contact:facebook":null,"services":null,"payment:wallets":null,"payment:cards":null,"operational_status_quality":null,"building:use":null,"building:levels:underground":null,"building:levels":null,"parking":null,"brand":null,"entrance":null,"air_conditioning":null,"addr:floor":null,"image":null,"not:operator:wikidata":null,"mobile":null,"name:es":null,"addr:city:ur":null,"ele":null,"locality":null,"addr:landmark":null,"power":null,"natural":null,"opening_hours:covid19":null,"closing_hours":null,"survey:date":null,"geometry":null,"name:pa":null,"operator:short":null,"contact:helpline":null,"contact:website":null,"addr:quarter":null,"addr:neighbourhood":null,"aeroway":null,"old_name":null,"contact:tollfree":null,"start_date":null,"internet_access:fee":null,"operator:wikidata":null,"level":null,"payment:debit_cards":null,"payment:credit_cards":null,"payment:cash":null,"motor_vehicle":null,"horse":null,"access":null,"addr:unit":null,"addr:locality":null,"shop":null,"highway":null,"emergency_telephone_code":null,"opening_hours":null,"operational_status":null,"building":null,"addr:housename":null,"addr":null,"place":null,"name:ur":null,"contact:email":null,"addr:suburb":null,"health_facility:type":null,"designation":null,"contact:mobile":null,"addr:block":null,"wheelchair":null,"medical_system":null,"operator":null,"addr:place":null,"speciality":null,"operator:type":null,"foot":null,"bicycle":null,"barrier":null,"fax":null,"email":null,"healthcare:speciality":null,"name:mr":null,"name:hi":null,"name:en":null,"wikipedia":null,"wikimedia_commons":null,"addr:housenumber":null,"phone":null,"description":"Sub District Hospital","alias":null,"name:kn":null,"wikidata":null,"internet_access":null,"check_date":null,"addr:subdistrict":"Sakoli","addr:street":null,"website":null,"contact:phone":null,"addr:city":null,"addr:state":"Maharashtra","addr:postcode":"441802","addr:full":"Near post Office","addr:district":"Bhandara","name:etymology:wikidata":null,"healthcare":null,"emergency":null,"addr:country":null,"postal_code":null,"population":null,"name:te":null,"name":"Sub District Hospital","is_in":null,"alt_name":null,"AND_a_nosr_p":null},"geometry":{"type":"Point","coordinates":[79.9881813,21.0862493]}},
{"type":"Feature","properties":{"full_id":"n7226796622","osm_id":"7226796622","osm_type":"node","amenity":"hospital","ref":null,"phone:mobile":null,"loc_name:en":null,"medical_supply":null,"loc_name":null,"short_name:en":null,"short_name":null,"payment:google_pay":null,"payment:coins":null,"service":null,"payment:visa":null,"payment:mastercard":null,"payment:contactless":null,"payment:app":null,"internet_access:ssid":null,"payment:upi":null,"contact:facebook":null,"services":null,"payment:wallets":null,"payment:cards":null,"operational_status_quality":null,"building:use":null,"building:levels:underground":null,"building:levels":null,"parking":null,"brand":null,"entrance":null,"air_conditioning":null,"addr:floor":null,"image":null,"not:operator:wikidata":null,"mobile":null,"name:es":null,"addr:city:ur":null,"ele":null,"locality":null,"addr:landmark":null,"power":null,"natural":null,"opening_hours:covid19":null,"closing_hours":null,"survey:date":null,"geometry":null,"name:pa":null,"operator:short":null,"contact:helpline":null,"contact:website":null,"addr:quarter":null,"addr:neighbourhood":null,"aeroway":null,"old_name":null,"contact:tollfree":null,"start_date":null,"internet_access:fee":null,"operator:wikidata":null,"level":null,"payment:debit_cards":null,"payment:credit_cards":null,"payment:cash":null,"motor_vehicle":null,"horse":null,"access":null,"addr:unit":null,"addr:locality":null,"shop":null,"highway":null,"emergency_telephone_code":null,"opening_hours":null,"operational_status":null,"building":null,"addr:housename":null,"addr":null,"place":null,"name:ur":null,"contact:email":null,"addr:suburb":null,"health_facility:type":null,"designation":null,"contact:mobile":null,"addr:block":null,"wheelchair":null,"medical_system":null,"operator":null,"addr:place":null,"speciality":null,"operator:type":null,"foot":null,"bicycle":null,"barrier":null,"fax":null,"email":null,"healthcare:speciality":null,"name:mr":null,"name:hi":null,"name:en":null,"wikipedia":null,"wikimedia_commons":null,"addr:housenumber":null,"phone":null,"description":null,"alias":null,"name:kn":null,"wikidata":null,"internet_access":null,"check_date":null,"addr:subdistrict":"Lakhani","addr:street":null,"website":null,"contact:phone":null,"addr:city":null,"addr:state":"Maharashtra","addr:postcode":"441804","addr:full":"Near Z.P.High School","addr:district":"Bhandara","name:etymology:wikidata":null,"healthcare":null,"emergency":null,"addr:country":null,"postal_code":null,"population":null,"name:te":null,"name":"Salebhata Government Hospital","is_in":null,"alt_name":null,"AND_a_nosr_p":null},"geometry":{"type":"Point","coordinates":[79.861178,21.126804]}},
{"type":"Feature","properties":{"full_id":"n7226796653","osm_id":"7226796653","osm_type":"node","amenity":"hospital","ref":null,"phone:mobile":null,"loc_name:en":null,"medical_supply":null,"loc_name":null,"short_name:en":null,"short_name":null,"payment:google_pay":null,"payment:coins":null,"service":null,"payment:visa":null,"payment:mastercard":null,"payment:contactless":null,"payment:app":null,"internet_access:ssid":null,"payment:upi":null,"contact:facebook":null,"services":null,"payment:wallets":null,"payment:cards":null,"operational_status_quality":null,"building:use":null,"building:levels:underground":null,"building:levels":null,"parking":null,"brand":null,"entrance":null,"air_conditioning":null,"addr:floor":null,"image":null,"not:operator:wikidata":null,"mobile":null,"name:es":null,"addr:city:ur":null,"ele":null,"locality":null,"addr:landmark":null,"power":null,"natural":null,"opening_hours:covid19":null,"closing_hours":null,"survey:date":null,"geometry":null,"name:pa":null,"operator:short":null,"contact:helpline":null,"contact:website":null,"addr:quarter":null,"addr:neighbourhood":null,"aeroway":null,"old_name":null,"contact:tollfree":null,"start_date":null,"internet_access:fee":null,"operator:wikidata":null,"level":null,"payment:debit_cards":null,"payment:credit_cards":null,"payment:cash":null,"motor_vehicle":null,"horse":null,"access":null,"addr:unit":null,"addr:locality":null,"shop":null,"highway":null,"emergency_telephone_code":null,"opening_hours":null,"operational_status":null,"building":null,"addr:housename":null,"addr":null,"place":null,"name:ur":null,"contact:email":null,"addr:suburb":null,"health_facility:type":null,"designation":null,"contact:mobile":null,"addr:block":null,"wheelchair":null,"medical_system":null,"operator":null,"addr:place":null,"speciality":null,"operator:type":null,"foot":null,"bicycle":null,"barrier":null,"fax":null,"email":null,"healthcare:speciality":null,"name:mr":null,"name:hi":null,"name:en":null,"wikipedia":null,"wikimedia_commons":null,"addr:housenumber":null,"phone":null,"description":null,"alias":null,"name:kn":null,"wikidata":null,"internet_access":null,"check_date":null,"addr:subdistrict":"Lakhani","addr:street":null,"website":null,"contact:phone":null,"addr:city":null,"addr:state":"Maharashtra","addr:postcode":"441809","addr:full":"Pohara","addr:district":"Bhandara","name:etymology:wikidata":null,"healthcare":null,"emergency":null,"addr:country":null,"postal_code":null,"population":null,"name:te":null,"name":"Government Hospital Pohara","is_in":null,"alt_name":null,"AND_a_nosr_p":null},"geometry":{"type":"Point","coordinates":[79.848769,21.039773]}},
{"type":"Feature","properties":{"full_id":"n7226796661","osm_id":"7226796661","osm_type":"node","amenity":"hospital","ref":null,"phone:mobile":null,"loc_name:en":null,"medical_supply":null,"loc_name":null,"short_name:en":null,"short_name":null,"payment:google_pay":null,"payment:coins":null,"service":null,"payment:visa":null,"payment:mastercard":null,"payment:contactless":null,"payment:app":null,"internet_access:ssid":null,"payment:upi":null,"contact:facebook":null,"services":null,"payment:wallets":null,"payment:cards":null,"operational_status_quality":null,"building:use":null,"building:levels:underground":null,"building:levels":null,"parking":null,"brand":null,"entrance":null,"air_conditioning":null,"addr:floor":null,"image":null,"not:operator:wikidata":null,"mobile":null,"name:es":null,"addr:city:ur":null,"ele":null,"locality":null,"addr:landmark":null,"power":null,"natural":null,"opening_hours:covid19":null,"closing_hours":null,"survey:date":null,"geometry":null,"name:pa":null,"operator:short":null,"contact:helpline":null,"contact:website":null,"addr:quarter":null,"addr:neighbourhood":null,"aeroway":null,"old_name":null,"contact:tollfree":null,"start_date":null,"internet_access:fee":null,"operator:wikidata":null,"level":null,"payment:debit_cards":null,"payment:credit_cards":null,"payment:cash":null,"motor_vehicle":null,"horse":null,"access":null,"addr:unit":null,"addr:locality":null,"shop":null,"highway":null,"emergency_telephone_code":null,"opening_hours":null,"operational_status":null,"building":null,"addr:housename":null,"addr":null,"place":null,"name:ur":null,"contact:email":null,"addr:suburb":null,"health_facility:type":null,"designation":null,"contact:mobile":null,"addr:block":null,"wheelchair":null,"medical_system":null,"operator":null,"addr:place":null,"speciality":null,"operator:type":null,"foot":null,"bicycle":null,"barrier":null,"fax":null,"email":null,"healthcare:speciality":null,"name:mr":null,"name:hi":null,"name:en":null,"wikipedia":null,"wikimedia_commons":null,"addr:housenumber":null,"phone":null,"description":null,"alias":null,"name:kn":null,"wikidata":null,"internet_access":null,"check_date":null,"addr:subdistrict":"Lakhani","addr:street":null,"website":null,"contact:phone":null,"addr:city":null,"addr:state":"Maharashtra","addr:postcode":"441804","addr:full":"Lakhani","addr:district":"Bhandara","name:etymology:wikidata":null,"healthcare":null,"emergency":null,"addr:country":null,"postal_code":null,"population":null,"name:te":null,"name":"Rural Hospital, Lakhani","is_in":null,"alt_name":null,"AND_a_nosr_p":null},"geometry":{"type":"Point","coordinates":[79.8237422,21.0711906]}},
{"type":"Feature","properties":{"full_id":"n7226872297","osm_id":"7226872297","osm_type":"node","amenity":"hospital","ref":null,"phone:mobile":null,"loc_name:en":null,"medical_supply":null,"loc_name":null,"short_name:en":null,"short_name":null,"payment:google_pay":null,"payment:coins":null,"service":null,"payment:visa":null,"payment:mastercard":null,"payment:contactless":null,"payment:app":null,"internet_access:ssid":null,"payment:upi":null,"contact:facebook":null,"services":null,"payment:wallets":null,"payment:cards":null,"operational_status_quality":null,"building:use":null,"building:levels:underground":null,"building:levels":null,"parking":null,"brand":null,"entrance":null,"air_conditioning":null,"addr:floor":null,"image":null,"not:operator:wikidata":null,"mobile":null,"name:es":null,"addr:city:ur":null,"ele":null,"locality":null,"addr:landmark":null,"power":null,"natural":null,"opening_hours:covid19":null,"closing_hours":null,"survey:date":null,"geometry":null,"name:pa":null,"operator:short":null,"contact:helpline":null,"contact:website":null,"addr:quarter":null,"addr:neighbourhood":null,"aeroway":null,"old_name":null,"contact:tollfree":null,"start_date":null,"internet_access:fee":null,"operator:wikidata":null,"level":null,"payment:debit_cards":null,"payment:credit_cards":null,"payment:cash":null,"motor_vehicle":null,"horse":null,"access":null,"addr:unit":null,"addr:locality":null,"shop":null,"highway":null,"emergency_telephone_code":null,"opening_hours":null,"operational_status":null,"building":null,"addr:housename":null,"addr":null,"place":null,"name:ur":null,"contact:email":null,"addr:suburb":null,"health_facility:type":null,"designation":null,"contact:mobile":null,"addr:block":null,"wheelchair":null,"medical_system":null,"operator":null,"addr:place":null,"speciality":null,"operator:type":null,"foot":null,"bicycle":null,"barrier":null,"fax":null,"email":null,"healthcare:speciality":null,"name:mr":null,"name:hi":null,"name:en":null,"wikipedia":null,"wikimedia_commons":null,"addr:housenumber":null,"phone":null,"description":null,"alias":null,"name:kn":null,"wikidata":null,"internet_access":null,"check_date":null,"addr:subdistrict":"Lakhandur","addr:street":null,"website":null,"contact:phone":null,"addr:city":null,"addr:state":"Maharashtra","addr:postcode":"441803","addr:full":"Sakoli Warsa Road, Lakhandur","addr:district":"Bhandara","name:etymology:wikidata":null,"healthcare":null,"emergency":null,"addr:country":null,"postal_code":null,"population":null,"name:te":null,"name":"Rural Hospital, Lakhandur","is_in":null,"alt_name":null,"AND_a_nosr_p":null},"geometry":{"type":"Point","coordinates":[79.883267,20.760955]}},
{"type":"Feature","properties":{"full_id":"n7226989703","osm_id":"7226989703","osm_type":"node","amenity":"hospital","ref":null,"phone:mobile":null,"loc_name:en":null,"medical_supply":null,"loc_name":null,"short_name:en":null,"short_name":null,"payment:google_pay":null,"payment:coins":null,"service":null,"payment:visa":null,"payment:mastercard":null,"payment:contactless":null,"payment:app":null,"internet_access:ssid":null,"payment:upi":null,"contact:facebook":null,"services":null,"payment:wallets":null,"payment:cards":null,"operational_status_quality":null,"building:use":null,"building:levels:underground":null,"building:levels":null,"parking":null,"brand":null,"entrance":null,"air_conditioning":null,"addr:floor":null,"image":null,"not:operator:wikidata":null,"mobile":null,"name:es":null,"addr:city:ur":null,"ele":null,"locality":null,"addr:landmark":null,"power":null,"natural":null,"opening_hours:covid19":null,"closing_hours":null,"survey:date":null,"geometry":null,"name:pa":null,"operator:short":null,"contact:helpline":null,"contact:website":null,"addr:quarter":null,"addr:neighbourhood":null,"aeroway":null,"old_name":null,"contact:tollfree":null,"start_date":null,"internet_access:fee":null,"operator:wikidata":null,"level":null,"payment:debit_cards":null,"payment:credit_cards":null,"payment:cash":null,"motor_vehicle":null,"horse":null,"access":null,"addr:unit":null,"addr:locality":null,"shop":null,"highway":null,"emergency_telephone_code":null,"opening_hours":null,"operational_status":null,"building":null,"addr:housename":null,"addr":null,"place":null,"name:ur":null,"contact:email":null,"addr:suburb":null,"health_facility:type":null,"designation":null,"contact:mobile":null,"addr:block":null,"wheelchair":null,"medical_system":null,"operator":null,"addr:place":null,"speciality":null,"operator:type":null,"foot":null,"bicycle":null,"barrier":null,"fax":null,"email":null,"healthcare:speciality":null,"name:mr":null,"name:hi":null,"name:en":null,"wikipedia":null,"wikimedia_commons":null,"addr:housenumber":null,"phone":null,"description":null,"alias":null,"name:kn":null,"wikidata":null,"internet_access":null,"check_date":null,"addr:subdistrict":"Tumsar","addr:street":null,"website":null,"contact:phone":null,"addr:city":null,"addr:state":"Maharashtra","addr:postcode":"441915","addr:full":"Near Police Station, Sihora","addr:district":"Bhandara","name:etymology:wikidata":null,"healthcare":null,"emergency":null,"addr:country":null,"postal_code":null,"population":null,"name:te":null,"name":"Rural Hospital, Sihora","is_in":null,"alt_name":null,"AND_a_nosr_p":null},"geometry":{"type":"Point","coordinates":[79.8413984,21.4551172]}},
{"type":"Feature","properties":{"full_id":"n7226989762","osm_id":"7226989762","osm_type":"node","amenity":"hospital","ref":null,"phone:mobile":null,"loc_name:en":null,"medical_supply":null,"loc_name":null,"short_name:en":null,"short_name":null,"payment:google_pay":null,"payment:coins":null,"service":null,"payment:visa":null,"payment:mastercard":null,"payment:contactless":null,"payment:app":null,"internet_access:ssid":null,"payment:upi":null,"contact:facebook":null,"services":null,"payment:wallets":null,"payment:cards":null,"operational_status_quality":null,"building:use":null,"building:levels:underground":null,"building:levels":null,"parking":null,"brand":null,"entrance":null,"air_conditioning":null,"addr:floor":null,"image":null,"not:operator:wikidata":null,"mobile":null,"name:es":null,"addr:city:ur":null,"ele":null,"locality":null,"addr:landmark":null,"power":null,"natural":null,"opening_hours:covid19":null,"closing_hours":null,"survey:date":null,"geometry":null,"name:pa":null,"operator:short":null,"contact:helpline":null,"contact:website":null,"addr:quarter":null,"addr:neighbourhood":null,"aeroway":null,"old_name":null,"contact:tollfree":null,"start_date":null,"internet_access:fee":null,"operator:wikidata":null,"level":null,"payment:debit_cards":null,"payment:credit_cards":null,"payment:cash":null,"motor_vehicle":null,"horse":null,"access":null,"addr:unit":null,"addr:locality":null,"shop":null,"highway":null,"emergency_telephone_code":null,"opening_hours":null,"operational_status":null,"building":null,"addr:housename":null,"addr":null,"place":null,"name:ur":null,"contact:email":null,"addr:suburb":null,"health_facility:type":null,"designation":null,"contact:mobile":null,"addr:block":null,"wheelchair":null,"medical_system":null,"operator":null,"addr:place":null,"speciality":null,"operator:type":null,"foot":null,"bicycle":null,"barrier":null,"fax":null,"email":null,"healthcare:speciality":null,"name:mr":null,"name:hi":null,"name:en":null,"wikipedia":null,"wikimedia_commons":null,"addr:housenumber":null,"phone":null,"description":"Regional Hospital","alias":null,"name:kn":null,"wikidata":null,"internet_access":null,"check_date":null,"addr:subdistrict":"Mohadi","addr:street":null,"website":null,"contact:phone":null,"addr:city":null,"addr:state":"Maharashtra","addr:postcode":"441909","addr:full":"MH SH 271, Mohadi","addr:district":"Bhandara","name:etymology:wikidata":null,"healthcare":null,"emergency":null,"addr:country":null,"postal_code":null,"population":null,"name:te":null,"name":"Regional Hospital, Mohadi","is_in":null,"alt_name":null,"AND_a_nosr_p":null},"geometry":{"type":"Point","coordinates":[79.676956,21.3038435]}},
{"type":"Feature","properties":{"full_id":"n7226989778","osm_id":"7226989778","osm_type":"node","amenity":"hospital","ref":null,"phone:mobile":null,"loc_name:en":null,"medical_supply":null,"loc_name":null,"short_name:en":null,"short_name":null,"payment:google_pay":null,"payment:coins":null,"service":null,"payment:visa":null,"payment:mastercard":null,"payment:contactless":null,"payment:app":null,"internet_access:ssid":null,"payment:upi":null,"contact:facebook":null,"services":null,"payment:wallets":null,"payment:cards":null,"operational_status_quality":null,"building:use":null,"building:levels:underground":null,"building:levels":null,"parking":null,"brand":null,"entrance":null,"air_conditioning":null,"addr:floor":null,"image":null,"not:operator:wikidata":null,"mobile":null,"name:es":null,"addr:city:ur":null,"ele":null,"locality":null,"addr:landmark":null,"power":null,"natural":null,"opening_hours:covid19":null,"closing_hours":null,"survey:date":null,"geometry":null,"name:pa":null,"operator:short":null,"contact:helpline":null,"contact:website":null,"addr:quarter":null,"addr:neighbourhood":null,"aeroway":null,"old_name":null,"contact:tollfree":null,"start_date":null,"internet_access:fee":null,"operator:wikidata":null,"level":null,"payment:debit_cards":null,"payment:credit_cards":null,"payment:cash":null,"motor_vehicle":null,"horse":null,"access":null,"addr:unit":null,"addr:locality":null,"shop":null,"highway":null,"emergency_telephone_code":null,"opening_hours":null,"operational_status":null,"building":null,"addr:housename":null,"addr":null,"place":null,"name:ur":null,"contact:email":null,"addr:suburb":null,"health_facility:type":null,"designation":null,"contact:mobile":null,"addr:block":null,"wheelchair":null,"medical_system":null,"operator":null,"addr:place":null,"speciality":null,"operator:type":null,"foot":null,"bicycle":null,"barrier":null,"fax":null,"email":null,"healthcare:speciality":null,"name:mr":null,"name:hi":null,"name:en":null,"wikipedia":null,"wikimedia_commons":null,"addr:housenumber":null,"phone":null,"description":"Sub District Hospital","alias":null,"name:kn":null,"wikidata":null,"internet_access":null,"check_date":null,"addr:subdistrict":"Tumsar","addr:street":null,"website":null,"contact:phone":null,"addr:city":null,"addr:state":"Maharashtra","addr:postcode":"441912","addr:full":"Subhaschandra Bose Hospital Tumsar, Near By Kali Mandir, Tumsar","addr:district":"Bhandara","name:etymology:wikidata":null,"healthcare":null,"emergency":null,"addr:country":null,"postal_code":null,"population":null,"name:te":null,"name":"Sub-District Hospital Tumsar","is_in":null,"alt_name":null,"AND_a_nosr_p":null},"geometry":{"type":"Point","coordinates":[79.745473,21.382449]}},
{"type":"Feature","properties":{"full_id":"n7626202170","osm_id":"7626202170","osm_type":"node","amenity":"hospital","ref":null,"phone:mobile":null,"loc_name:en":null,"medical_supply":null,"loc_name":null,"short_name:en":null,"short_name":null,"payment:google_pay":null,"payment:coins":null,"service":null,"payment:visa":null,"payment:mastercard":null,"payment:contactless":null,"payment:app":null,"internet_access:ssid":null,"payment:upi":null,"contact:facebook":null,"services":null,"payment:wallets":null,"payment:cards":null,"operational_status_quality":null,"building:use":null,"building:levels:underground":null,"building:levels":null,"parking":null,"brand":null,"entrance":null,"air_conditioning":null,"addr:floor":null,"image":null,"not:operator:wikidata":null,"mobile":null,"name:es":null,"addr:city:ur":null,"ele":null,"locality":null,"addr:landmark":null,"power":null,"natural":null,"opening_hours:covid19":null,"closing_hours":null,"survey:date":null,"geometry":null,"name:pa":null,"operator:short":null,"contact:helpline":null,"contact:website":null,"addr:quarter":null,"addr:neighbourhood":null,"aeroway":null,"old_name":null,"contact:tollfree":null,"start_date":null,"internet_access:fee":null,"operator:wikidata":null,"level":null,"payment:debit_cards":null,"payment:credit_cards":null,"payment:cash":null,"motor_vehicle":null,"horse":null,"access":null,"addr:unit":null,"addr:locality":null,"shop":null,"highway":null,"emergency_telephone_code":null,"opening_hours":null,"operational_status":null,"building":null,"addr:housename":null,"addr":null,"place":null,"name:ur":null,"contact:email":null,"addr:suburb":null,"health_facility:type":null,"designation":null,"contact:mobile":null,"addr:block":null,"wheelchair":null,"medical_system":null,"operator":null,"addr:place":null,"speciality":null,"operator:type":null,"foot":null,"bicycle":null,"barrier":null,"fax":null,"email":null,"healthcare:speciality":null,"name:mr":null,"name:hi":null,"name:en":null,"wikipedia":null,"wikimedia_commons":null,"addr:housenumber":null,"phone":null,"description":null,"alias":null,"name:kn":null,"wikidata":null,"internet_access":null,"check_date":null,"addr:subdistrict":null,"addr:street":null,"website":null,"contact:phone":null,"addr:city":null,"addr:state":"Maharastra","addr:postcode":"441906","addr:full":"Teachers Colony, MSEB Colony, Bhandara","addr:district":"Bhandara","name:etymology:wikidata":null,"healthcare":null,"emergency":null,"addr:country":null,"postal_code":null,"population":null,"name:te":null,"name":"Nanhe Hospital","is_in":null,"alt_name":null,"AND_a_nosr_p":null},"geometry":{"type":"Point","coordinates":[79.645965,21.163369]}},
{"type":"Feature","properties":{"full_id":"n7626202171","osm_id":"7626202171","osm_type":"node","amenity":"hospital","ref":null,"phone:mobile":null,"loc_name:en":null,"medical_supply":null,"loc_name":null,"short_name:en":null,"short_name":null,"payment:google_pay":null,"payment:coins":null,"service":null,"payment:visa":null,"payment:mastercard":null,"payment:contactless":null,"payment:app":null,"internet_access:ssid":null,"payment:upi":null,"contact:facebook":null,"services":null,"payment:wallets":null,"payment:cards":null,"operational_status_quality":null,"building:use":null,"building:levels:underground":null,"building:levels":null,"parking":null,"brand":null,"entrance":null,"air_conditioning":null,"addr:floor":null,"image":null,"not:operator:wikidata":null,"mobile":null,"name:es":null,"addr:city:ur":null,"ele":null,"locality":null,"addr:landmark":null,"power":null,"natural":null,"opening_hours:covid19":null,"closing_hours":null,"survey:date":null,"geometry":null,"name:pa":null,"operator:short":null,"contact:helpline":null,"contact:website":null,"addr:quarter":null,"addr:neighbourhood":null,"aeroway":null,"old_name":null,"contact:tollfree":null,"start_date":null,"internet_access:fee":null,"operator:wikidata":null,"level":null,"payment:debit_cards":null,"payment:credit_cards":null,"payment:cash":null,"motor_vehicle":null,"horse":null,"access":null,"addr:unit":null,"addr:locality":null,"shop":null,"highway":null,"emergency_telephone_code":null,"opening_hours":null,"operational_status":null,"building":null,"addr:housename":null,"addr":null,"place":null,"name:ur":null,"contact:email":null,"addr:suburb":null,"health_facility:type":null,"designation":null,"contact:mobile":null,"addr:block":null,"wheelchair":null,"medical_system":null,"operator":null,"addr:place":null,"speciality":null,"operator:type":null,"foot":null,"bicycle":null,"barrier":null,"fax":null,"email":null,"healthcare:speciality":null,"name:mr":null,"name:hi":null,"name:en":null,"wikipedia":null,"wikimedia_commons":null,"addr:housenumber":null,"phone":null,"description":null,"alias":null,"name:kn":null,"wikidata":null,"internet_access":null,"check_date":null,"addr:subdistrict":null,"addr:street":null,"website":null,"contact:phone":null,"addr:city":null,"addr:state":"Maharastra","addr:postcode":"441906","addr:full":"Kisan Nagar, Shiv Nagari, Bhandara","addr:district":"Bhandara","name:etymology:wikidata":null,"healthcare":null,"emergency":null,"addr:country":null,"postal_code":null,"population":null,"name:te":null,"name":"Talmale Hospital","is_in":null,"alt_name":null,"AND_a_nosr_p":null},"geometry":{"type":"Point","coordinates":[79.6412941,21.175648]}},
{"type":"Feature","properties":{"full_id":"n7626202174","osm_id":"7626202174","osm_type":"node","amenity":"hospital","ref":null,"phone:mobile":null,"loc_name:en":null,"medical_supply":null,"loc_name":null,"short_name:en":null,"short_name":null,"payment:google_pay":null,"payment:coins":null,"service":null,"payment:visa":null,"payment:mastercard":null,"payment:contactless":null,"payment:app":null,"internet_access:ssid":null,"payment:upi":null,"contact:facebook":null,"services":null,"payment:wallets":null,"payment:cards":null,"operational_status_quality":null,"building:use":null,"building:levels:underground":null,"building:levels":null,"parking":null,"brand":null,"entrance":null,"air_conditioning":null,"addr:floor":null,"image":null,"not:operator:wikidata":null,"mobile":null,"name:es":null,"addr:city:ur":null,"ele":null,"locality":null,"addr:landmark":null,"power":null,"natural":null,"opening_hours:covid19":null,"closing_hours":null,"survey:date":null,"geometry":null,"name:pa":null,"operator:short":null,"contact:helpline":null,"contact:website":null,"addr:quarter":null,"addr:neighbourhood":null,"aeroway":null,"old_name":null,"contact:tollfree":null,"start_date":null,"internet_access:fee":null,"operator:wikidata":null,"level":null,"payment:debit_cards":null,"payment:credit_cards":null,"payment:cash":null,"motor_vehicle":null,"horse":null,"access":null,"addr:unit":null,"addr:locality":null,"shop":null,"highway":null,"emergency_telephone_code":null,"opening_hours":null,"operational_status":null,"building":null,"addr:housename":null,"addr":null,"place":null,"name:ur":null,"contact:email":null,"addr:suburb":null,"health_facility:type":null,"designation":null,"contact:mobile":null,"addr:block":null,"wheelchair":null,"medical_system":null,"operator":null,"addr:place":null,"speciality":null,"operator:type":null,"foot":null,"bicycle":null,"barrier":null,"fax":null,"email":null,"healthcare:speciality":null,"name:mr":null,"name:hi":null,"name:en":null,"wikipedia":null,"wikimedia_commons":null,"addr:housenumber":null,"phone":null,"description":null,"alias":null,"name:kn":null,"wikidata":null,"internet_access":null,"check_date":null,"addr:subdistrict":null,"addr:street":null,"website":null,"contact:phone":null,"addr:city":null,"addr:state":"Maharastra","addr:postcode":"441904","addr:full":"Civil Line, MSEB Colony, Bhandara","addr:district":"Bhandara","name:etymology:wikidata":null,"healthcare":null,"emergency":null,"addr:country":null,"postal_code":null,"population":null,"name:te":null,"name":"Nirwan Hospital","is_in":null,"alt_name":null,"AND_a_nosr_p":null},"geometry":{"type":"Point","coordinates":[79.648334,21.1611525]}},
{"type":"Feature","properties":{"full_id":"n7626202178","osm_id":"7626202178","osm_type":"node","amenity":"hospital","ref":null,"phone:mobile":null,"loc_name:en":null,"medical_supply":null,"loc_name":null,"short_name:en":null,"short_name":null,"payment:google_pay":null,"payment:coins":null,"service":null,"payment:visa":null,"payment:mastercard":null,"payment:contactless":null,"payment:app":null,"internet_access:ssid":null,"payment:upi":null,"contact:facebook":null,"services":null,"payment:wallets":null,"payment:cards":null,"operational_status_quality":null,"building:use":null,"building:levels:underground":null,"building:levels":null,"parking":null,"brand":null,"entrance":null,"air_conditioning":null,"addr:floor":null,"image":null,"not:operator:wikidata":null,"mobile":null,"name:es":null,"addr:city:ur":null,"ele":null,"locality":null,"addr:landmark":null,"power":null,"natural":null,"opening_hours:covid19":null,"closing_hours":null,"survey:date":null,"geometry":null,"name:pa":null,"operator:short":null,"contact:helpline":null,"contact:website":null,"addr:quarter":null,"addr:neighbourhood":null,"aeroway":null,"old_name":null,"contact:tollfree":null,"start_date":null,"internet_access:fee":null,"operator:wikidata":null,"level":null,"payment:debit_cards":null,"payment:credit_cards":null,"payment:cash":null,"motor_vehicle":null,"horse":null,"access":null,"addr:unit":null,"addr:locality":null,"shop":null,"highway":null,"emergency_telephone_code":null,"opening_hours":null,"operational_status":null,"building":null,"addr:housename":null,"addr":null,"place":null,"name:ur":null,"contact:email":null,"addr:suburb":null,"health_facility:type":null,"designation":null,"contact:mobile":null,"addr:block":null,"wheelchair":null,"medical_system":null,"operator":null,"addr:place":null,"speciality":null,"operator:type":null,"foot":null,"bicycle":null,"barrier":null,"fax":null,"email":null,"healthcare:speciality":null,"name:mr":null,"name:hi":null,"name:en":null,"wikipedia":null,"wikimedia_commons":null,"addr:housenumber":null,"phone":null,"description":null,"alias":null,"name:kn":null,"wikidata":null,"internet_access":null,"check_date":null,"addr:subdistrict":null,"addr:street":null,"website":null,"contact:phone":null,"addr:city":null,"addr:state":"Maharastra","addr:postcode":"441906","addr:full":"Sainath Nagar, Teachers Colony, Bhandara","addr:district":"Bhandara","name:etymology:wikidata":null,"healthcare":null,"emergency":null,"addr:country":null,"postal_code":null,"population":null,"name:te":null,"name":"Amey Fracture Hospital","is_in":null,"alt_name":null,"AND_a_nosr_p":null},"geometry":{"type":"Point","coordinates":[79.640581,21.15998]}},
{"type":"Feature","properties":{"full_id":"n7626202182","osm_id":"7626202182","osm_type":"node","amenity":"hospital","ref":null,"phone:mobile":null,"loc_name:en":null,"medical_supply":null,"loc_name":null,"short_name:en":null,"short_name":null,"payment:google_pay":null,"payment:coins":null,"service":null,"payment:visa":null,"payment:mastercard":null,"payment:contactless":null,"payment:app":null,"internet_access:ssid":null,"payment:upi":null,"contact:facebook":null,"services":null,"payment:wallets":null,"payment:cards":null,"operational_status_quality":null,"building:use":null,"building:levels:underground":null,"building:levels":null,"parking":null,"brand":null,"entrance":null,"air_conditioning":null,"addr:floor":null,"image":null,"not:operator:wikidata":null,"mobile":null,"name:es":null,"addr:city:ur":null,"ele":null,"locality":null,"addr:landmark":null,"power":null,"natural":null,"opening_hours:covid19":null,"closing_hours":null,"survey:date":null,"geometry":null,"name:pa":null,"operator:short":null,"contact:helpline":null,"contact:website":null,"addr:quarter":null,"addr:neighbourhood":null,"aeroway":null,"old_name":null,"contact:tollfree":null,"start_date":null,"internet_access:fee":null,"operator:wikidata":null,"level":null,"payment:debit_cards":null,"payment:credit_cards":null,"payment:cash":null,"motor_vehicle":null,"horse":null,"access":null,"addr:unit":null,"addr:locality":null,"shop":null,"highway":null,"emergency_telephone_code":null,"opening_hours":null,"operational_status":null,"building":null,"addr:housename":null,"addr":null,"place":null,"name:ur":null,"contact:email":null,"addr:suburb":null,"health_facility:type":null,"designation":null,"contact:mobile":null,"addr:block":null,"wheelchair":null,"medical_system":null,"operator":null,"addr:place":null,"speciality":null,"operator:type":null,"foot":null,"bicycle":null,"barrier":null,"fax":null,"email":null,"healthcare:speciality":null,"name:mr":null,"name:hi":null,"name:en":null,"wikipedia":null,"wikimedia_commons":null,"addr:housenumber":null,"phone":null,"description":null,"alias":null,"name:kn":null,"wikidata":null,"internet_access":null,"check_date":null,"addr:subdistrict":null,"addr:street":null,"website":null,"contact:phone":null,"addr:city":null,"addr:state":"Maharastra","addr:postcode":"441904","addr:full":"Civil Line, MSEB Colony, Bhandara","addr:district":"Bhandara","name:etymology:wikidata":null,"healthcare":null,"emergency":null,"addr:country":null,"postal_code":null,"population":null,"name:te":null,"name":"Thote Hospital","is_in":null,"alt_name":null,"AND_a_nosr_p":null},"geometry":{"type":"Point","coordinates":[79.647685,21.160944]}},
{"type":"Feature","properties":{"full_id":"n7626202186","osm_id":"7626202186","osm_type":"node","amenity":"hospital","ref":null,"phone:mobile":null,"loc_name:en":null,"medical_supply":null,"loc_name":null,"short_name:en":null,"short_name":null,"payment:google_pay":null,"payment:coins":null,"service":null,"payment:visa":null,"payment:mastercard":null,"payment:contactless":null,"payment:app":null,"internet_access:ssid":null,"payment:upi":null,"contact:facebook":null,"services":null,"payment:wallets":null,"payment:cards":null,"operational_status_quality":null,"building:use":null,"building:levels:underground":null,"building:levels":null,"parking":null,"brand":null,"entrance":null,"air_conditioning":null,"addr:floor":null,"image":null,"not:operator:wikidata":null,"mobile":null,"name:es":null,"addr:city:ur":null,"ele":null,"locality":null,"addr:landmark":null,"power":null,"natural":null,"opening_hours:covid19":null,"closing_hours":null,"survey:date":null,"geometry":null,"name:pa":null,"operator:short":null,"contact:helpline":null,"contact:website":null,"addr:quarter":null,"addr:neighbourhood":null,"aeroway":null,"old_name":null,"contact:tollfree":null,"start_date":null,"internet_access:fee":null,"operator:wikidata":null,"level":null,"payment:debit_cards":null,"payment:credit_cards":null,"payment:cash":null,"motor_vehicle":null,"horse":null,"access":null,"addr:unit":null,"addr:locality":null,"shop":null,"highway":null,"emergency_telephone_code":null,"opening_hours":null,"operational_status":null,"building":null,"addr:housename":null,"addr":null,"place":null,"name:ur":null,"contact:email":null,"addr:suburb":null,"health_facility:type":null,"designation":null,"contact:mobile":null,"addr:block":null,"wheelchair":null,"medical_system":null,"operator":null,"addr:place":null,"speciality":null,"operator:type":null,"foot":null,"bicycle":null,"barrier":null,"fax":null,"email":null,"healthcare:speciality":null,"name:mr":null,"name:hi":null,"name:en":null,"wikipedia":null,"wikimedia_commons":null,"addr:housenumber":null,"phone":null,"description":null,"alias":null,"name:kn":null,"wikidata":null,"internet_access":null,"check_date":null,"addr:subdistrict":null,"addr:street":null,"website":null,"contact:phone":null,"addr:city":null,"addr:state":"Maharastra","addr:postcode":"441904","addr:full":"MSEB Colony, Bhandara","addr:district":"Bhandara","name:etymology:wikidata":null,"healthcare":null,"emergency":null,"addr:country":null,"postal_code":null,"population":null,"name:te":null,"name":"Bhavana Nursing Home","is_in":null,"alt_name":null,"AND_a_nosr_p":null},"geometry":{"type":"Point","coordinates":[79.6496495,21.1650653]}},
{"type":"Feature","properties":{"full_id":"n7626202188","osm_id":"7626202188","osm_type":"node","amenity":"hospital","ref":null,"phone:mobile":null,"loc_name:en":null,"medical_supply":null,"loc_name":null,"short_name:en":null,"short_name":null,"payment:google_pay":null,"payment:coins":null,"service":null,"payment:visa":null,"payment:mastercard":null,"payment:contactless":null,"payment:app":null,"internet_access:ssid":null,"payment:upi":null,"contact:facebook":null,"services":null,"payment:wallets":null,"payment:cards":null,"operational_status_quality":null,"building:use":null,"building:levels:underground":null,"building:levels":null,"parking":null,"brand":null,"entrance":null,"air_conditioning":null,"addr:floor":null,"image":null,"not:operator:wikidata":null,"mobile":null,"name:es":null,"addr:city:ur":null,"ele":null,"locality":null,"addr:landmark":null,"power":null,"natural":null,"opening_hours:covid19":null,"closing_hours":null,"survey:date":null,"geometry":null,"name:pa":null,"operator:short":null,"contact:helpline":null,"contact:website":null,"addr:quarter":null,"addr:neighbourhood":null,"aeroway":null,"old_name":null,"contact:tollfree":null,"start_date":null,"internet_access:fee":null,"operator:wikidata":null,"level":null,"payment:debit_cards":null,"payment:credit_cards":null,"payment:cash":null,"motor_vehicle":null,"horse":null,"access":null,"addr:unit":null,"addr:locality":null,"shop":null,"highway":null,"emergency_telephone_code":null,"opening_hours":null,"operational_status":null,"building":null,"addr:housename":null,"addr":null,"place":null,"name:ur":null,"contact:email":null,"addr:suburb":null,"health_facility:type":null,"designation":null,"contact:mobile":null,"addr:block":null,"wheelchair":null,"medical_system":null,"operator":null,"addr:place":null,"speciality":null,"operator:type":null,"foot":null,"bicycle":null,"barrier":null,"fax":null,"email":null,"healthcare:speciality":null,"name:mr":null,"name:hi":null,"name:en":null,"wikipedia":null,"wikimedia_commons":null,"addr:housenumber":null,"phone":null,"description":null,"alias":null,"name:kn":null,"wikidata":null,"internet_access":null,"check_date":null,"addr:subdistrict":null,"addr:street":null,"website":null,"contact:phone":null,"addr:city":null,"addr:state":"Maharastra","addr:postcode":"441904","addr:full":"Khambtalao Road, Gurjar chowk, Bhandara","addr:district":"Bhandara","name:etymology:wikidata":null,"healthcare":null,"emergency":null,"addr:country":null,"postal_code":null,"population":null,"name:te":null,"name":"Shree Nursing Home","is_in":null,"alt_name":null,"AND_a_nosr_p":null},"geometry":{"type":"Point","coordinates":[79.6519279,21.1726742]}},
{"type":"Feature","properties":{"full_id":"n7626202194","osm_id":"7626202194","osm_type":"node","amenity":"hospital","ref":null,"phone:mobile":null,"loc_name:en":null,"medical_supply":null,"loc_name":null,"short_name:en":null,"short_name":null,"payment:google_pay":null,"payment:coins":null,"service":null,"payment:visa":null,"payment:mastercard":null,"payment:contactless":null,"payment:app":null,"internet_access:ssid":null,"payment:upi":null,"contact:facebook":null,"services":null,"payment:wallets":null,"payment:cards":null,"operational_status_quality":null,"building:use":null,"building:levels:underground":null,"building:levels":null,"parking":null,"brand":null,"entrance":null,"air_conditioning":null,"addr:floor":null,"image":null,"not:operator:wikidata":null,"mobile":null,"name:es":null,"addr:city:ur":null,"ele":null,"locality":null,"addr:landmark":null,"power":null,"natural":null,"opening_hours:covid19":null,"closing_hours":null,"survey:date":null,"geometry":null,"name:pa":null,"operator:short":null,"contact:helpline":null,"contact:website":null,"addr:quarter":null,"addr:neighbourhood":null,"aeroway":null,"old_name":null,"contact:tollfree":null,"start_date":null,"internet_access:fee":null,"operator:wikidata":null,"level":null,"payment:debit_cards":null,"payment:credit_cards":null,"payment:cash":null,"motor_vehicle":null,"horse":null,"access":null,"addr:unit":null,"addr:locality":null,"shop":null,"highway":null,"emergency_telephone_code":null,"opening_hours":null,"operational_status":null,"building":null,"addr:housename":null,"addr":null,"place":null,"name:ur":null,"contact:email":null,"addr:suburb":null,"health_facility:type":null,"designation":null,"contact:mobile":null,"addr:block":null,"wheelchair":null,"medical_system":null,"operator":null,"addr:place":null,"speciality":null,"operator:type":null,"foot":null,"bicycle":null,"barrier":null,"fax":null,"email":null,"healthcare:speciality":null,"name:mr":null,"name:hi":null,"name:en":null,"wikipedia":null,"wikimedia_commons":null,"addr:housenumber":null,"phone":null,"description":null,"alias":null,"name:kn":null,"wikidata":null,"internet_access":null,"check_date":null,"addr:subdistrict":null,"addr:street":null,"website":null,"contact:phone":null,"addr:city":null,"addr:state":"Maharastra","addr:postcode":"441904","addr:full":"MH SH 252, Civil Line, MSEB Colony, Bhandara","addr:district":"Bhandara","name:etymology:wikidata":null,"healthcare":null,"emergency":null,"addr:country":null,"postal_code":null,"population":null,"name:te":null,"name":"Godavari Child Hospital","is_in":null,"alt_name":null,"AND_a_nosr_p":null},"geometry":{"type":"Point","coordinates":[79.6503061,21.1635127]}},
{"type":"Feature","properties":{"full_id":"n7626202195","osm_id":"7626202195","osm_type":"node","amenity":"hospital","ref":null,"phone:mobile":null,"loc_name:en":null,"medical_supply":null,"loc_name":null,"short_name:en":null,"short_name":null,"payment:google_pay":null,"payment:coins":null,"service":null,"payment:visa":null,"payment:mastercard":null,"payment:contactless":null,"payment:app":null,"internet_access:ssid":null,"payment:upi":null,"contact:facebook":null,"services":null,"payment:wallets":null,"payment:cards":null,"operational_status_quality":null,"building:use":null,"building:levels:underground":null,"building:levels":null,"parking":null,"brand":null,"entrance":null,"air_conditioning":null,"addr:floor":null,"image":null,"not:operator:wikidata":null,"mobile":null,"name:es":null,"addr:city:ur":null,"ele":null,"locality":null,"addr:landmark":null,"power":null,"natural":null,"opening_hours:covid19":null,"closing_hours":null,"survey:date":null,"geometry":null,"name:pa":null,"operator:short":null,"contact:helpline":null,"contact:website":null,"addr:quarter":null,"addr:neighbourhood":null,"aeroway":null,"old_name":null,"contact:tollfree":null,"start_date":null,"internet_access:fee":null,"operator:wikidata":null,"level":null,"payment:debit_cards":null,"payment:credit_cards":null,"payment:cash":null,"motor_vehicle":null,"horse":null,"access":null,"addr:unit":null,"addr:locality":null,"shop":null,"highway":null,"emergency_telephone_code":null,"opening_hours":null,"operational_status":null,"building":null,"addr:housename":null,"addr":null,"place":null,"name:ur":null,"contact:email":null,"addr:suburb":null,"health_facility:type":null,"designation":null,"contact:mobile":null,"addr:block":null,"wheelchair":null,"medical_system":null,"operator":null,"addr:place":null,"speciality":null,"operator:type":null,"foot":null,"bicycle":null,"barrier":null,"fax":null,"email":null,"healthcare:speciality":null,"name:mr":null,"name:hi":null,"name:en":null,"wikipedia":null,"wikimedia_commons":null,"addr:housenumber":null,"phone":null,"description":null,"alias":null,"name:kn":null,"wikidata":null,"internet_access":null,"check_date":null,"addr:subdistrict":null,"addr:street":null,"website":null,"contact:phone":null,"addr:city":null,"addr:state":"Maharastra","addr:postcode":"441904","addr:full":"MSEB Colony, Bhandara","addr:district":"Bhandara","name:etymology:wikidata":null,"healthcare":null,"emergency":null,"addr:country":null,"postal_code":null,"population":null,"name:te":null,"name":"Ambade Nursing Home","is_in":null,"alt_name":null,"AND_a_nosr_p":null},"geometry":{"type":"Point","coordinates":[79.6522934,21.1652712]}},
{"type":"Feature","properties":{"full_id":"n7626202197","osm_id":"7626202197","osm_type":"node","amenity":"hospital","ref":null,"phone:mobile":null,"loc_name:en":null,"medical_supply":null,"loc_name":null,"short_name:en":null,"short_name":null,"payment:google_pay":null,"payment:coins":null,"service":null,"payment:visa":null,"payment:mastercard":null,"payment:contactless":null,"payment:app":null,"internet_access:ssid":null,"payment:upi":null,"contact:facebook":null,"services":null,"payment:wallets":null,"payment:cards":null,"operational_status_quality":null,"building:use":null,"building:levels:underground":null,"building:levels":null,"parking":null,"brand":null,"entrance":null,"air_conditioning":null,"addr:floor":null,"image":null,"not:operator:wikidata":null,"mobile":null,"name:es":null,"addr:city:ur":null,"ele":null,"locality":null,"addr:landmark":null,"power":null,"natural":null,"opening_hours:covid19":null,"closing_hours":null,"survey:date":null,"geometry":null,"name:pa":null,"operator:short":null,"contact:helpline":null,"contact:website":null,"addr:quarter":null,"addr:neighbourhood":null,"aeroway":null,"old_name":null,"contact:tollfree":null,"start_date":null,"internet_access:fee":null,"operator:wikidata":null,"level":null,"payment:debit_cards":null,"payment:credit_cards":null,"payment:cash":null,"motor_vehicle":null,"horse":null,"access":null,"addr:unit":null,"addr:locality":null,"shop":null,"highway":null,"emergency_telephone_code":null,"opening_hours":null,"operational_status":null,"building":null,"addr:housename":null,"addr":null,"place":null,"name:ur":null,"contact:email":null,"addr:suburb":null,"health_facility:type":null,"designation":null,"contact:mobile":null,"addr:block":null,"wheelchair":null,"medical_system":null,"operator":null,"addr:place":null,"speciality":null,"operator:type":null,"foot":null,"bicycle":null,"barrier":null,"fax":null,"email":null,"healthcare:speciality":null,"name:mr":null,"name:hi":null,"name:en":null,"wikipedia":null,"wikimedia_commons":null,"addr:housenumber":null,"phone":null,"description":null,"alias":null,"name:kn":null,"wikidata":null,"internet_access":null,"check_date":null,"addr:subdistrict":null,"addr:street":null,"website":null,"contact:phone":null,"addr:city":null,"addr:state":"Maharastra","addr:postcode":"441906","addr:full":"Kapil Nagar, Baba Nagar Colony, Bhandara","addr:district":"Bhandara","name:etymology:wikidata":null,"healthcare":null,"emergency":null,"addr:country":null,"postal_code":null,"population":null,"name:te":null,"name":"Citycare Multispeciality Hospital","is_in":null,"alt_name":null,"AND_a_nosr_p":null},"geometry":{"type":"Point","coordinates":[79.6423055,21.1621293]}},
{"type":"Feature","properties":{"full_id":"n7626202202","osm_id":"7626202202","osm_type":"node","amenity":"hospital","ref":null,"phone:mobile":null,"loc_name:en":null,"medical_supply":null,"loc_name":null,"short_name:en":null,"short_name":null,"payment:google_pay":null,"payment:coins":null,"service":null,"payment:visa":null,"payment:mastercard":null,"payment:contactless":null,"payment:app":null,"internet_access:ssid":null,"payment:upi":null,"contact:facebook":null,"services":null,"payment:wallets":null,"payment:cards":null,"operational_status_quality":null,"building:use":null,"building:levels:underground":null,"building:levels":null,"parking":null,"brand":null,"entrance":null,"air_conditioning":null,"addr:floor":null,"image":null,"not:operator:wikidata":null,"mobile":null,"name:es":null,"addr:city:ur":null,"ele":null,"locality":null,"addr:landmark":null,"power":null,"natural":null,"opening_hours:covid19":null,"closing_hours":null,"survey:date":null,"geometry":null,"name:pa":null,"operator:short":null,"contact:helpline":null,"contact:website":null,"addr:quarter":null,"addr:neighbourhood":null,"aeroway":null,"old_name":null,"contact:tollfree":null,"start_date":null,"internet_access:fee":null,"operator:wikidata":null,"level":null,"payment:debit_cards":null,"payment:credit_cards":null,"payment:cash":null,"motor_vehicle":null,"horse":null,"access":null,"addr:unit":null,"addr:locality":null,"shop":null,"highway":null,"emergency_telephone_code":null,"opening_hours":null,"operational_status":null,"building":null,"addr:housename":null,"addr":null,"place":null,"name:ur":null,"contact:email":null,"addr:suburb":null,"health_facility:type":null,"designation":null,"contact:mobile":null,"addr:block":null,"wheelchair":null,"medical_system":null,"operator":null,"addr:place":null,"speciality":null,"operator:type":null,"foot":null,"bicycle":null,"barrier":null,"fax":null,"email":null,"healthcare:speciality":null,"name:mr":null,"name:hi":null,"name:en":null,"wikipedia":null,"wikimedia_commons":null,"addr:housenumber":null,"phone":null,"description":null,"alias":null,"name:kn":null,"wikidata":null,"internet_access":null,"check_date":null,"addr:subdistrict":null,"addr:street":null,"website":null,"contact:phone":null,"addr:city":null,"addr:state":"Maharastra","addr:postcode":"441904","addr:full":"Dongargarh - Nagpur Road, Sainath Nagar, Teachers Colony, Takiya Ward, Bhandara","addr:district":"Bhandara","name:etymology:wikidata":null,"healthcare":null,"emergency":null,"addr:country":null,"postal_code":null,"population":null,"name:te":null,"name":"Laksh Hospital","is_in":null,"alt_name":null,"AND_a_nosr_p":null},"geometry":{"type":"Point","coordinates":[79.6416797,21.1612305]}},
{"type":"Feature","properties":{"full_id":"n7626202207","osm_id":"7626202207","osm_type":"node","amenity":"hospital","ref":null,"phone:mobile":null,"loc_name:en":null,"medical_supply":null,"loc_name":null,"short_name:en":null,"short_name":null,"payment:google_pay":null,"payment:coins":null,"service":null,"payment:visa":null,"payment:mastercard":null,"payment:contactless":null,"payment:app":null,"internet_access:ssid":null,"payment:upi":null,"contact:facebook":null,"services":null,"payment:wallets":null,"payment:cards":null,"operational_status_quality":null,"building:use":null,"building:levels:underground":null,"building:levels":null,"parking":null,"brand":null,"entrance":null,"air_conditioning":null,"addr:floor":null,"image":null,"not:operator:wikidata":null,"mobile":null,"name:es":null,"addr:city:ur":null,"ele":null,"locality":null,"addr:landmark":null,"power":null,"natural":null,"opening_hours:covid19":null,"closing_hours":null,"survey:date":null,"geometry":null,"name:pa":null,"operator:short":null,"contact:helpline":null,"contact:website":null,"addr:quarter":null,"addr:neighbourhood":null,"aeroway":null,"old_name":null,"contact:tollfree":null,"start_date":null,"internet_access:fee":null,"operator:wikidata":null,"level":null,"payment:debit_cards":null,"payment:credit_cards":null,"payment:cash":null,"motor_vehicle":null,"horse":null,"access":null,"addr:unit":null,"addr:locality":null,"shop":null,"highway":null,"emergency_telephone_code":null,"opening_hours":null,"operational_status":null,"building":null,"addr:housename":null,"addr":null,"place":null,"name:ur":null,"contact:email":null,"addr:suburb":null,"health_facility:type":null,"designation":null,"contact:mobile":null,"addr:block":null,"wheelchair":null,"medical_system":null,"operator":null,"addr:place":null,"speciality":null,"operator:type":null,"foot":null,"bicycle":null,"barrier":null,"fax":null,"email":null,"healthcare:speciality":null,"name:mr":null,"name:hi":null,"name:en":null,"wikipedia":null,"wikimedia_commons":null,"addr:housenumber":null,"phone":null,"description":null,"alias":null,"name:kn":null,"wikidata":null,"internet_access":null,"check_date":null,"addr:subdistrict":null,"addr:street":null,"website":null,"contact:phone":null,"addr:city":null,"addr:state":"Maharastra","addr:postcode":"441912","addr:full":"Rajendra Nagar, Tumsar","addr:district":"Bhandara","name:etymology:wikidata":null,"healthcare":null,"emergency":null,"addr:country":null,"postal_code":null,"population":null,"name:te":null,"name":"Tumsar City Multi Speciality Hospital","is_in":null,"alt_name":null,"AND_a_nosr_p":null},"geometry":{"type":"Point","coordinates":[79.7496824,21.3833875]}},
{"type":"Feature","properties":{"full_id":"n7626202209","osm_id":"7626202209","osm_type":"node","amenity":"hospital","ref":null,"phone:mobile":null,"loc_name:en":null,"medical_supply":null,"loc_name":null,"short_name:en":null,"short_name":null,"payment:google_pay":null,"payment:coins":null,"service":null,"payment:visa":null,"payment:mastercard":null,"payment:contactless":null,"payment:app":null,"internet_access:ssid":null,"payment:upi":null,"contact:facebook":null,"services":null,"payment:wallets":null,"payment:cards":null,"operational_status_quality":null,"building:use":null,"building:levels:underground":null,"building:levels":null,"parking":null,"brand":null,"entrance":null,"air_conditioning":null,"addr:floor":null,"image":null,"not:operator:wikidata":null,"mobile":null,"name:es":null,"addr:city:ur":null,"ele":null,"locality":null,"addr:landmark":null,"power":null,"natural":null,"opening_hours:covid19":null,"closing_hours":null,"survey:date":null,"geometry":null,"name:pa":null,"operator:short":null,"contact:helpline":null,"contact:website":null,"addr:quarter":null,"addr:neighbourhood":null,"aeroway":null,"old_name":null,"contact:tollfree":null,"start_date":null,"internet_access:fee":null,"operator:wikidata":null,"level":null,"payment:debit_cards":null,"payment:credit_cards":null,"payment:cash":null,"motor_vehicle":null,"horse":null,"access":null,"addr:unit":null,"addr:locality":null,"shop":null,"highway":null,"emergency_telephone_code":null,"opening_hours":null,"operational_status":null,"building":null,"addr:housename":null,"addr":null,"place":null,"name:ur":null,"contact:email":null,"addr:suburb":null,"health_facility:type":null,"designation":null,"contact:mobile":null,"addr:block":null,"wheelchair":null,"medical_system":null,"operator":null,"addr:place":null,"speciality":null,"operator:type":null,"foot":null,"bicycle":null,"barrier":null,"fax":null,"email":null,"healthcare:speciality":null,"name:mr":null,"name:hi":null,"name:en":null,"wikipedia":null,"wikimedia_commons":null,"addr:housenumber":null,"phone":null,"description":null,"alias":null,"name:kn":null,"wikidata":null,"internet_access":null,"check_date":null,"addr:subdistrict":null,"addr:street":null,"website":null,"contact:phone":null,"addr:city":null,"addr:state":"Maharastra","addr:postcode":"441904","addr:full":"MSEB Colony, Bhandara","addr:district":"Bhandara","name:etymology:wikidata":null,"healthcare":null,"emergency":null,"addr:country":null,"postal_code":null,"population":null,"name:te":null,"name":"Turaskar Nursing Home","is_in":null,"alt_name":null,"AND_a_nosr_p":null},"geometry":{"type":"Point","coordinates":[79.6540756,21.163843]}},
{"type":"Feature","properties":{"full_id":"n7626202210","osm_id":"7626202210","osm_type":"node","amenity":"hospital","ref":null,"phone:mobile":null,"loc_name:en":null,"medical_supply":null,"loc_name":null,"short_name:en":null,"short_name":null,"payment:google_pay":null,"payment:coins":null,"service":null,"payment:visa":null,"payment:mastercard":null,"payment:contactless":null,"payment:app":null,"internet_access:ssid":null,"payment:upi":null,"contact:facebook":null,"services":null,"payment:wallets":null,"payment:cards":null,"operational_status_quality":null,"building:use":null,"building:levels:underground":null,"building:levels":null,"parking":null,"brand":null,"entrance":null,"air_conditioning":null,"addr:floor":null,"image":null,"not:operator:wikidata":null,"mobile":null,"name:es":null,"addr:city:ur":null,"ele":null,"locality":null,"addr:landmark":null,"power":null,"natural":null,"opening_hours:covid19":null,"closing_hours":null,"survey:date":null,"geometry":null,"name:pa":null,"operator:short":null,"contact:helpline":null,"contact:website":null,"addr:quarter":null,"addr:neighbourhood":null,"aeroway":null,"old_name":null,"contact:tollfree":null,"start_date":null,"internet_access:fee":null,"operator:wikidata":null,"level":null,"payment:debit_cards":null,"payment:credit_cards":null,"payment:cash":null,"motor_vehicle":null,"horse":null,"access":null,"addr:unit":null,"addr:locality":null,"shop":null,"highway":null,"emergency_telephone_code":null,"opening_hours":null,"operational_status":null,"building":null,"addr:housename":null,"addr":null,"place":null,"name:ur":null,"contact:email":null,"addr:suburb":null,"health_facility:type":null,"designation":null,"contact:mobile":null,"addr:block":null,"wheelchair":null,"medical_system":null,"operator":null,"addr:place":null,"speciality":null,"operator:type":null,"foot":null,"bicycle":null,"barrier":null,"fax":null,"email":null,"healthcare:speciality":null,"name:mr":null,"name:hi":null,"name:en":null,"wikipedia":null,"wikimedia_commons":null,"addr:housenumber":null,"phone":null,"description":null,"alias":null,"name:kn":null,"wikidata":null,"internet_access":null,"check_date":null,"addr:subdistrict":null,"addr:street":null,"website":null,"contact:phone":null,"addr:city":null,"addr:state":"Maharastra","addr:postcode":"441804","addr:full":"Nagpur - Raipur Highway, Lakhni","addr:district":"Bhandara","name:etymology:wikidata":null,"healthcare":null,"emergency":null,"addr:country":null,"postal_code":null,"population":null,"name:te":null,"name":"Sanjivani Piles & Skin Care Hospital","is_in":null,"alt_name":null,"AND_a_nosr_p":null},"geometry":{"type":"Point","coordinates":[79.834771,21.0688941]}},
{"type":"Feature","properties":{"full_id":"n7626202212","osm_id":"7626202212","osm_type":"node","amenity":"hospital","ref":null,"phone:mobile":null,"loc_name:en":null,"medical_supply":null,"loc_name":null,"short_name:en":null,"short_name":null,"payment:google_pay":null,"payment:coins":null,"service":null,"payment:visa":null,"payment:mastercard":null,"payment:contactless":null,"payment:app":null,"internet_access:ssid":null,"payment:upi":null,"contact:facebook":null,"services":null,"payment:wallets":null,"payment:cards":null,"operational_status_quality":null,"building:use":null,"building:levels:underground":null,"building:levels":null,"parking":null,"brand":null,"entrance":null,"air_conditioning":null,"addr:floor":null,"image":null,"not:operator:wikidata":null,"mobile":null,"name:es":null,"addr:city:ur":null,"ele":null,"locality":null,"addr:landmark":null,"power":null,"natural":null,"opening_hours:covid19":null,"closing_hours":null,"survey:date":null,"geometry":null,"name:pa":null,"operator:short":null,"contact:helpline":null,"contact:website":null,"addr:quarter":null,"addr:neighbourhood":null,"aeroway":null,"old_name":null,"contact:tollfree":null,"start_date":null,"internet_access:fee":null,"operator:wikidata":null,"level":null,"payment:debit_cards":null,"payment:credit_cards":null,"payment:cash":null,"motor_vehicle":null,"horse":null,"access":null,"addr:unit":null,"addr:locality":null,"shop":null,"highway":null,"emergency_telephone_code":null,"opening_hours":null,"operational_status":null,"building":null,"addr:housename":null,"addr":null,"place":null,"name:ur":null,"contact:email":null,"addr:suburb":null,"health_facility:type":null,"designation":null,"contact:mobile":null,"addr:block":null,"wheelchair":null,"medical_system":null,"operator":null,"addr:place":null,"speciality":null,"operator:type":null,"foot":null,"bicycle":null,"barrier":null,"fax":null,"email":null,"healthcare:speciality":null,"name:mr":null,"name:hi":null,"name:en":null,"wikipedia":null,"wikimedia_commons":null,"addr:housenumber":null,"phone":null,"description":null,"alias":null,"name:kn":null,"wikidata":null,"internet_access":null,"check_date":null,"addr:subdistrict":null,"addr:street":null,"website":null,"contact:phone":null,"addr:city":null,"addr:state":"Maharastra","addr:postcode":"441906","addr:full":"Mhada Colony Road, Mhada Colony, Samruddhi Nagar, Bhandara","addr:district":"Bhandara","name:etymology:wikidata":null,"healthcare":null,"emergency":null,"addr:country":null,"postal_code":null,"population":null,"name:te":null,"name":"Kawale Hospital","is_in":null,"alt_name":null,"AND_a_nosr_p":null},"geometry":{"type":"Point","coordinates":[79.6454182,21.1705325]}},
{"type":"Feature","properties":{"full_id":"n7626202213","osm_id":"7626202213","osm_type":"node","amenity":"hospital","ref":null,"phone:mobile":null,"loc_name:en":null,"medical_supply":null,"loc_name":null,"short_name:en":null,"short_name":null,"payment:google_pay":null,"payment:coins":null,"service":null,"payment:visa":null,"payment:mastercard":null,"payment:contactless":null,"payment:app":null,"internet_access:ssid":null,"payment:upi":null,"contact:facebook":null,"services":null,"payment:wallets":null,"payment:cards":null,"operational_status_quality":null,"building:use":null,"building:levels:underground":null,"building:levels":null,"parking":null,"brand":null,"entrance":null,"air_conditioning":null,"addr:floor":null,"image":null,"not:operator:wikidata":null,"mobile":null,"name:es":null,"addr:city:ur":null,"ele":null,"locality":null,"addr:landmark":null,"power":null,"natural":null,"opening_hours:covid19":null,"closing_hours":null,"survey:date":null,"geometry":null,"name:pa":null,"operator:short":null,"contact:helpline":null,"contact:website":null,"addr:quarter":null,"addr:neighbourhood":null,"aeroway":null,"old_name":null,"contact:tollfree":null,"start_date":null,"internet_access:fee":null,"operator:wikidata":null,"level":null,"payment:debit_cards":null,"payment:credit_cards":null,"payment:cash":null,"motor_vehicle":null,"horse":null,"access":null,"addr:unit":null,"addr:locality":null,"shop":null,"highway":null,"emergency_telephone_code":null,"opening_hours":null,"operational_status":null,"building":null,"addr:housename":null,"addr":null,"place":null,"name:ur":null,"contact:email":null,"addr:suburb":null,"health_facility:type":null,"designation":null,"contact:mobile":null,"addr:block":null,"wheelchair":null,"medical_system":null,"operator":null,"addr:place":null,"speciality":null,"operator:type":null,"foot":null,"bicycle":null,"barrier":null,"fax":null,"email":null,"healthcare:speciality":null,"name:mr":null,"name:hi":null,"name:en":null,"wikipedia":null,"wikimedia_commons":null,"addr:housenumber":null,"phone":null,"description":null,"alias":null,"name:kn":null,"wikidata":null,"internet_access":null,"check_date":null,"addr:subdistrict":null,"addr:street":null,"website":null,"contact:phone":null,"addr:city":null,"addr:state":"Maharastra","addr:postcode":"441909","addr:full":"Mohadi","addr:district":"Bhandara","name:etymology:wikidata":null,"healthcare":null,"emergency":null,"addr:country":null,"postal_code":null,"population":null,"name:te":null,"name":"Yash Multi-Speciality Hospital","is_in":null,"alt_name":null,"AND_a_nosr_p":null},"geometry":{"type":"Point","coordinates":[79.6755344,21.3072275]}},
{"type":"Feature","properties":{"full_id":"n7626202217","osm_id":"7626202217","osm_type":"node","amenity":"hospital","ref":null,"phone:mobile":null,"loc_name:en":null,"medical_supply":null,"loc_name":null,"short_name:en":null,"short_name":null,"payment:google_pay":null,"payment:coins":null,"service":null,"payment:visa":null,"payment:mastercard":null,"payment:contactless":null,"payment:app":null,"internet_access:ssid":null,"payment:upi":null,"contact:facebook":null,"services":null,"payment:wallets":null,"payment:cards":null,"operational_status_quality":null,"building:use":null,"building:levels:underground":null,"building:levels":null,"parking":null,"brand":null,"entrance":null,"air_conditioning":null,"addr:floor":null,"image":null,"not:operator:wikidata":null,"mobile":null,"name:es":null,"addr:city:ur":null,"ele":null,"locality":null,"addr:landmark":null,"power":null,"natural":null,"opening_hours:covid19":null,"closing_hours":null,"survey:date":null,"geometry":null,"name:pa":null,"operator:short":null,"contact:helpline":null,"contact:website":null,"addr:quarter":null,"addr:neighbourhood":null,"aeroway":null,"old_name":null,"contact:tollfree":null,"start_date":null,"internet_access:fee":null,"operator:wikidata":null,"level":null,"payment:debit_cards":null,"payment:credit_cards":null,"payment:cash":null,"motor_vehicle":null,"horse":null,"access":null,"addr:unit":null,"addr:locality":null,"shop":null,"highway":null,"emergency_telephone_code":null,"opening_hours":null,"operational_status":null,"building":null,"addr:housename":null,"addr":null,"place":null,"name:ur":null,"contact:email":null,"addr:suburb":null,"health_facility:type":null,"designation":null,"contact:mobile":null,"addr:block":null,"wheelchair":null,"medical_system":null,"operator":null,"addr:place":null,"speciality":null,"operator:type":null,"foot":null,"bicycle":null,"barrier":null,"fax":null,"email":null,"healthcare:speciality":null,"name:mr":null,"name:hi":null,"name:en":null,"wikipedia":null,"wikimedia_commons":null,"addr:housenumber":null,"phone":null,"description":null,"alias":null,"name:kn":null,"wikidata":null,"internet_access":null,"check_date":null,"addr:subdistrict":null,"addr:street":null,"website":null,"contact:phone":null,"addr:city":null,"addr:state":"Maharastra","addr:postcode":"441906","addr:full":"Shakti Nagar, Samruddhi Nagar, Bhandara","addr:district":"Bhandara","name:etymology:wikidata":null,"healthcare":null,"emergency":null,"addr:country":null,"postal_code":null,"population":null,"name:te":null,"name":"Saisuman Hospital","is_in":null,"alt_name":null,"AND_a_nosr_p":null},"geometry":{"type":"Point","coordinates":[79.6438918,21.1741642]}},
{"type":"Feature","properties":{"full_id":"n7626202229","osm_id":"7626202229","osm_type":"node","amenity":"hospital","ref":null,"phone:mobile":null,"loc_name:en":null,"medical_supply":null,"loc_name":null,"short_name:en":null,"short_name":null,"payment:google_pay":null,"payment:coins":null,"service":null,"payment:visa":null,"payment:mastercard":null,"payment:contactless":null,"payment:app":null,"internet_access:ssid":null,"payment:upi":null,"contact:facebook":null,"services":null,"payment:wallets":null,"payment:cards":null,"operational_status_quality":null,"building:use":null,"building:levels:underground":null,"building:levels":null,"parking":null,"brand":null,"entrance":null,"air_conditioning":null,"addr:floor":null,"image":null,"not:operator:wikidata":null,"mobile":null,"name:es":null,"addr:city:ur":null,"ele":null,"locality":null,"addr:landmark":null,"power":null,"natural":null,"opening_hours:covid19":null,"closing_hours":null,"survey:date":null,"geometry":null,"name:pa":null,"operator:short":null,"contact:helpline":null,"contact:website":null,"addr:quarter":null,"addr:neighbourhood":null,"aeroway":null,"old_name":null,"contact:tollfree":null,"start_date":null,"internet_access:fee":null,"operator:wikidata":null,"level":null,"payment:debit_cards":null,"payment:credit_cards":null,"payment:cash":null,"motor_vehicle":null,"horse":null,"access":null,"addr:unit":null,"addr:locality":null,"shop":null,"highway":null,"emergency_telephone_code":null,"opening_hours":null,"operational_status":null,"building":null,"addr:housename":null,"addr":null,"place":null,"name:ur":null,"contact:email":null,"addr:suburb":null,"health_facility:type":null,"designation":null,"contact:mobile":null,"addr:block":null,"wheelchair":null,"medical_system":null,"operator":null,"addr:place":null,"speciality":null,"operator:type":null,"foot":null,"bicycle":null,"barrier":null,"fax":null,"email":null,"healthcare:speciality":null,"name:mr":null,"name:hi":null,"name:en":null,"wikipedia":null,"wikimedia_commons":null,"addr:housenumber":null,"phone":null,"description":null,"alias":null,"name:kn":null,"wikidata":null,"internet_access":null,"check_date":null,"addr:subdistrict":null,"addr:street":null,"website":null,"contact:phone":null,"addr:city":null,"addr:state":"Maharastra","addr:postcode":"441904","addr:full":"MSEB Colony, Bhandara","addr:district":"Bhandara","name:etymology:wikidata":null,"healthcare":null,"emergency":null,"addr:country":null,"postal_code":null,"population":null,"name:te":null,"name":"Sparsh Multispeciality Hospital","is_in":null,"alt_name":null,"AND_a_nosr_p":null},"geometry":{"type":"Point","coordinates":[79.6517444,21.1657623]}},
{"type":"Feature","properties":{"full_id":"n7626202232","osm_id":"7626202232","osm_type":"node","amenity":"hospital","ref":null,"phone:mobile":null,"loc_name:en":null,"medical_supply":null,"loc_name":null,"short_name:en":null,"short_name":null,"payment:google_pay":null,"payment:coins":null,"service":null,"payment:visa":null,"payment:mastercard":null,"payment:contactless":null,"payment:app":null,"internet_access:ssid":null,"payment:upi":null,"contact:facebook":null,"services":null,"payment:wallets":null,"payment:cards":null,"operational_status_quality":null,"building:use":null,"building:levels:underground":null,"building:levels":null,"parking":null,"brand":null,"entrance":null,"air_conditioning":null,"addr:floor":null,"image":null,"not:operator:wikidata":null,"mobile":null,"name:es":null,"addr:city:ur":null,"ele":null,"locality":null,"addr:landmark":null,"power":null,"natural":null,"opening_hours:covid19":null,"closing_hours":null,"survey:date":null,"geometry":null,"name:pa":null,"operator:short":null,"contact:helpline":null,"contact:website":null,"addr:quarter":null,"addr:neighbourhood":null,"aeroway":null,"old_name":null,"contact:tollfree":null,"start_date":null,"internet_access:fee":null,"operator:wikidata":null,"level":null,"payment:debit_cards":null,"payment:credit_cards":null,"payment:cash":null,"motor_vehicle":null,"horse":null,"access":null,"addr:unit":null,"addr:locality":null,"shop":null,"highway":null,"emergency_telephone_code":null,"opening_hours":null,"operational_status":null,"building":null,"addr:housename":null,"addr":null,"place":null,"name:ur":null,"contact:email":null,"addr:suburb":null,"health_facility:type":null,"designation":null,"contact:mobile":null,"addr:block":null,"wheelchair":null,"medical_system":null,"operator":null,"addr:place":null,"speciality":null,"operator:type":null,"foot":null,"bicycle":null,"barrier":null,"fax":null,"email":null,"healthcare:speciality":null,"name:mr":null,"name:hi":null,"name:en":null,"wikipedia":null,"wikimedia_commons":null,"addr:housenumber":null,"phone":null,"description":null,"alias":null,"name:kn":null,"wikidata":null,"internet_access":null,"check_date":null,"addr:subdistrict":null,"addr:street":null,"website":null,"contact:phone":null,"addr:city":null,"addr:state":"Maharastra","addr:postcode":"441906","addr:full":"252, Khat Road, Radha Krishna Vihar, Shiv Nagari, Bhandara","addr:district":"Bhandara","name:etymology:wikidata":null,"healthcare":null,"emergency":null,"addr:country":null,"postal_code":null,"population":null,"name:te":null,"name":"Vinay Meshram Hospital","is_in":null,"alt_name":null,"AND_a_nosr_p":null},"geometry":{"type":"Point","coordinates":[79.6425461,21.1775107]}},
{"type":"Feature","properties":{"full_id":"n7626202233","osm_id":"7626202233","osm_type":"node","amenity":"hospital","ref":null,"phone:mobile":null,"loc_name:en":null,"medical_supply":null,"loc_name":null,"short_name:en":null,"short_name":null,"payment:google_pay":null,"payment:coins":null,"service":null,"payment:visa":null,"payment:mastercard":null,"payment:contactless":null,"payment:app":null,"internet_access:ssid":null,"payment:upi":null,"contact:facebook":null,"services":null,"payment:wallets":null,"payment:cards":null,"operational_status_quality":null,"building:use":null,"building:levels:underground":null,"building:levels":null,"parking":null,"brand":null,"entrance":null,"air_conditioning":null,"addr:floor":null,"image":null,"not:operator:wikidata":null,"mobile":null,"name:es":null,"addr:city:ur":null,"ele":null,"locality":null,"addr:landmark":null,"power":null,"natural":null,"opening_hours:covid19":null,"closing_hours":null,"survey:date":null,"geometry":null,"name:pa":null,"operator:short":null,"contact:helpline":null,"contact:website":null,"addr:quarter":null,"addr:neighbourhood":null,"aeroway":null,"old_name":null,"contact:tollfree":null,"start_date":null,"internet_access:fee":null,"operator:wikidata":null,"level":null,"payment:debit_cards":null,"payment:credit_cards":null,"payment:cash":null,"motor_vehicle":null,"horse":null,"access":null,"addr:unit":null,"addr:locality":null,"shop":null,"highway":null,"emergency_telephone_code":null,"opening_hours":null,"operational_status":null,"building":null,"addr:housename":null,"addr":null,"place":null,"name:ur":null,"contact:email":null,"addr:suburb":null,"health_facility:type":null,"designation":null,"contact:mobile":null,"addr:block":null,"wheelchair":null,"medical_system":null,"operator":null,"addr:place":null,"speciality":null,"operator:type":null,"foot":null,"bicycle":null,"barrier":null,"fax":null,"email":null,"healthcare:speciality":null,"name:mr":null,"name:hi":null,"name:en":null,"wikipedia":null,"wikimedia_commons":null,"addr:housenumber":null,"phone":null,"description":null,"alias":null,"name:kn":null,"wikidata":null,"internet_access":null,"check_date":null,"addr:subdistrict":null,"addr:street":null,"website":null,"contact:phone":null,"addr:city":null,"addr:state":"Maharastra","addr:postcode":"441904","addr:full":"Madhav Nagar, Bhandara","addr:district":"Bhandara","name:etymology:wikidata":null,"healthcare":null,"emergency":null,"addr:country":null,"postal_code":null,"population":null,"name:te":null,"name":"Dr. Meghre Hospital","is_in":null,"alt_name":null,"AND_a_nosr_p":null},"geometry":{"type":"Point","coordinates":[79.6562133,21.1751452]}},
{"type":"Feature","properties":{"full_id":"n7626202243","osm_id":"7626202243","osm_type":"node","amenity":"hospital","ref":null,"phone:mobile":null,"loc_name:en":null,"medical_supply":null,"loc_name":null,"short_name:en":null,"short_name":null,"payment:google_pay":null,"payment:coins":null,"service":null,"payment:visa":null,"payment:mastercard":null,"payment:contactless":null,"payment:app":null,"internet_access:ssid":null,"payment:upi":null,"contact:facebook":null,"services":null,"payment:wallets":null,"payment:cards":null,"operational_status_quality":null,"building:use":null,"building:levels:underground":null,"building:levels":null,"parking":null,"brand":null,"entrance":null,"air_conditioning":null,"addr:floor":null,"image":null,"not:operator:wikidata":null,"mobile":null,"name:es":null,"addr:city:ur":null,"ele":null,"locality":null,"addr:landmark":null,"power":null,"natural":null,"opening_hours:covid19":null,"closing_hours":null,"survey:date":null,"geometry":null,"name:pa":null,"operator:short":null,"contact:helpline":null,"contact:website":null,"addr:quarter":null,"addr:neighbourhood":null,"aeroway":null,"old_name":null,"contact:tollfree":null,"start_date":null,"internet_access:fee":null,"operator:wikidata":null,"level":null,"payment:debit_cards":null,"payment:credit_cards":null,"payment:cash":null,"motor_vehicle":null,"horse":null,"access":null,"addr:unit":null,"addr:locality":null,"shop":null,"highway":null,"emergency_telephone_code":null,"opening_hours":null,"operational_status":null,"building":null,"addr:housename":null,"addr":null,"place":null,"name:ur":null,"contact:email":null,"addr:suburb":null,"health_facility:type":null,"designation":null,"contact:mobile":null,"addr:block":null,"wheelchair":null,"medical_system":null,"operator":null,"addr:place":null,"speciality":null,"operator:type":null,"foot":null,"bicycle":null,"barrier":null,"fax":null,"email":null,"healthcare:speciality":null,"name:mr":null,"name:hi":null,"name:en":null,"wikipedia":null,"wikimedia_commons":null,"addr:housenumber":null,"phone":null,"description":null,"alias":null,"name:kn":null,"wikidata":null,"internet_access":null,"check_date":null,"addr:subdistrict":null,"addr:street":null,"website":null,"contact:phone":null,"addr:city":null,"addr:state":"Maharastra","addr:postcode":"441904","addr:full":"Santaji Nagar, Bhandara","addr:district":"Bhandara","name:etymology:wikidata":null,"healthcare":null,"emergency":null,"addr:country":null,"postal_code":null,"population":null,"name:te":null,"name":"Lakshya Hospital","is_in":null,"alt_name":null,"AND_a_nosr_p":null},"geometry":{"type":"Point","coordinates":[79.657438,21.169798]}},
{"type":"Feature","properties":{"full_id":"n7626202248","osm_id":"7626202248","osm_type":"node","amenity":"hospital","ref":null,"phone:mobile":null,"loc_name:en":null,"medical_supply":null,"loc_name":null,"short_name:en":null,"short_name":null,"payment:google_pay":null,"payment:coins":null,"service":null,"payment:visa":null,"payment:mastercard":null,"payment:contactless":null,"payment:app":null,"internet_access:ssid":null,"payment:upi":null,"contact:facebook":null,"services":null,"payment:wallets":null,"payment:cards":null,"operational_status_quality":null,"building:use":null,"building:levels:underground":null,"building:levels":null,"parking":null,"brand":null,"entrance":null,"air_conditioning":null,"addr:floor":null,"image":null,"not:operator:wikidata":null,"mobile":null,"name:es":null,"addr:city:ur":null,"ele":null,"locality":null,"addr:landmark":null,"power":null,"natural":null,"opening_hours:covid19":null,"closing_hours":null,"survey:date":null,"geometry":null,"name:pa":null,"operator:short":null,"contact:helpline":null,"contact:website":null,"addr:quarter":null,"addr:neighbourhood":null,"aeroway":null,"old_name":null,"contact:tollfree":null,"start_date":null,"internet_access:fee":null,"operator:wikidata":null,"level":null,"payment:debit_cards":null,"payment:credit_cards":null,"payment:cash":null,"motor_vehicle":null,"horse":null,"access":null,"addr:unit":null,"addr:locality":null,"shop":null,"highway":null,"emergency_telephone_code":null,"opening_hours":null,"operational_status":null,"building":null,"addr:housename":null,"addr":null,"place":null,"name:ur":null,"contact:email":null,"addr:suburb":null,"health_facility:type":null,"designation":null,"contact:mobile":null,"addr:block":null,"wheelchair":null,"medical_system":null,"operator":null,"addr:place":null,"speciality":null,"operator:type":null,"foot":null,"bicycle":null,"barrier":null,"fax":null,"email":null,"healthcare:speciality":null,"name:mr":null,"name:hi":null,"name:en":null,"wikipedia":null,"wikimedia_commons":null,"addr:housenumber":null,"phone":null,"description":null,"alias":null,"name:kn":null,"wikidata":null,"internet_access":null,"check_date":null,"addr:subdistrict":null,"addr:street":null,"website":null,"contact:phone":null,"addr:city":null,"addr:state":"Maharastra","addr:postcode":"441906","addr:full":"Sainath Nagar, Teachers Colony, Ashrafi Nagar, Bhandara","addr:district":"Bhandara","name:etymology:wikidata":null,"healthcare":null,"emergency":null,"addr:country":null,"postal_code":null,"population":null,"name:te":null,"name":"Shri Sant Gulab Baba Hospital","is_in":null,"alt_name":null,"AND_a_nosr_p":null},"geometry":{"type":"Point","coordinates":[79.641366,21.1588847]}},
{"type":"Feature","properties":{"full_id":"n7626202252","osm_id":"7626202252","osm_type":"node","amenity":"hospital","ref":null,"phone:mobile":null,"loc_name:en":null,"medical_supply":null,"loc_name":null,"short_name:en":null,"short_name":null,"payment:google_pay":null,"payment:coins":null,"service":null,"payment:visa":null,"payment:mastercard":null,"payment:contactless":null,"payment:app":null,"internet_access:ssid":null,"payment:upi":null,"contact:facebook":null,"services":null,"payment:wallets":null,"payment:cards":null,"operational_status_quality":null,"building:use":null,"building:levels:underground":null,"building:levels":null,"parking":null,"brand":null,"entrance":null,"air_conditioning":null,"addr:floor":null,"image":null,"not:operator:wikidata":null,"mobile":null,"name:es":null,"addr:city:ur":null,"ele":null,"locality":null,"addr:landmark":null,"power":null,"natural":null,"opening_hours:covid19":null,"closing_hours":null,"survey:date":null,"geometry":null,"name:pa":null,"operator:short":null,"contact:helpline":null,"contact:website":null,"addr:quarter":null,"addr:neighbourhood":null,"aeroway":null,"old_name":null,"contact:tollfree":null,"start_date":null,"internet_access:fee":null,"operator:wikidata":null,"level":null,"payment:debit_cards":null,"payment:credit_cards":null,"payment:cash":null,"motor_vehicle":null,"horse":null,"access":null,"addr:unit":null,"addr:locality":null,"shop":null,"highway":null,"emergency_telephone_code":null,"opening_hours":null,"operational_status":null,"building":null,"addr:housename":null,"addr":null,"place":null,"name:ur":null,"contact:email":null,"addr:suburb":null,"health_facility:type":null,"designation":null,"contact:mobile":null,"addr:block":null,"wheelchair":null,"medical_system":null,"operator":null,"addr:place":null,"speciality":null,"operator:type":null,"foot":null,"bicycle":null,"barrier":null,"fax":null,"email":null,"healthcare:speciality":null,"name:mr":null,"name:hi":null,"name:en":null,"wikipedia":null,"wikimedia_commons":null,"addr:housenumber":null,"phone":null,"description":null,"alias":null,"name:kn":null,"wikidata":null,"internet_access":null,"check_date":null,"addr:subdistrict":null,"addr:street":null,"website":null,"contact:phone":null,"addr:city":null,"addr:state":"Maharastra","addr:postcode":"441904","addr:full":"Nagpur Road, Vidya Nagar, Bhandara","addr:district":"Bhandara","name:etymology:wikidata":null,"healthcare":null,"emergency":null,"addr:country":null,"postal_code":null,"population":null,"name:te":null,"name":"Astavinayak Hospital","is_in":null,"alt_name":null,"AND_a_nosr_p":null},"geometry":{"type":"Point","coordinates":[79.6408002,21.1569512]}},
{"type":"Feature","properties":{"full_id":"n7626202253","osm_id":"7626202253","osm_type":"node","amenity":"hospital","ref":null,"phone:mobile":null,"loc_name:en":null,"medical_supply":null,"loc_name":null,"short_name:en":null,"short_name":null,"payment:google_pay":null,"payment:coins":null,"service":null,"payment:visa":null,"payment:mastercard":null,"payment:contactless":null,"payment:app":null,"internet_access:ssid":null,"payment:upi":null,"contact:facebook":null,"services":null,"payment:wallets":null,"payment:cards":null,"operational_status_quality":null,"building:use":null,"building:levels:underground":null,"building:levels":null,"parking":null,"brand":null,"entrance":null,"air_conditioning":null,"addr:floor":null,"image":null,"not:operator:wikidata":null,"mobile":null,"name:es":null,"addr:city:ur":null,"ele":null,"locality":null,"addr:landmark":null,"power":null,"natural":null,"opening_hours:covid19":null,"closing_hours":null,"survey:date":null,"geometry":null,"name:pa":null,"operator:short":null,"contact:helpline":null,"contact:website":null,"addr:quarter":null,"addr:neighbourhood":null,"aeroway":null,"old_name":null,"contact:tollfree":null,"start_date":null,"internet_access:fee":null,"operator:wikidata":null,"level":null,"payment:debit_cards":null,"payment:credit_cards":null,"payment:cash":null,"motor_vehicle":null,"horse":null,"access":null,"addr:unit":null,"addr:locality":null,"shop":null,"highway":null,"emergency_telephone_code":null,"opening_hours":null,"operational_status":null,"building":null,"addr:housename":null,"addr":null,"place":null,"name:ur":null,"contact:email":null,"addr:suburb":null,"health_facility:type":null,"designation":null,"contact:mobile":null,"addr:block":null,"wheelchair":null,"medical_system":null,"operator":null,"addr:place":null,"speciality":null,"operator:type":null,"foot":null,"bicycle":null,"barrier":null,"fax":null,"email":null,"healthcare:speciality":null,"name:mr":null,"name:hi":null,"name:en":null,"wikipedia":null,"wikimedia_commons":null,"addr:housenumber":null,"phone":null,"description":null,"alias":null,"name:kn":null,"wikidata":null,"internet_access":null,"check_date":null,"addr:subdistrict":null,"addr:street":null,"website":null,"contact:phone":null,"addr:city":null,"addr:state":"Maharastra","addr:postcode":"441804","addr:full":"Lakhni","addr:district":"Bhandara","name:etymology:wikidata":null,"healthcare":null,"emergency":null,"addr:country":null,"postal_code":null,"population":null,"name:te":null,"name":"Dr. Agalawe Hospital","is_in":null,"alt_name":null,"AND_a_nosr_p":null},"geometry":{"type":"Point","coordinates":[79.8266204,21.0704381]}},
{"type":"Feature","properties":{"full_id":"n7626202254","osm_id":"7626202254","osm_type":"node","amenity":"hospital","ref":null,"phone:mobile":null,"loc_name:en":null,"medical_supply":null,"loc_name":null,"short_name:en":null,"short_name":null,"payment:google_pay":null,"payment:coins":null,"service":null,"payment:visa":null,"payment:mastercard":null,"payment:contactless":null,"payment:app":null,"internet_access:ssid":null,"payment:upi":null,"contact:facebook":null,"services":null,"payment:wallets":null,"payment:cards":null,"operational_status_quality":null,"building:use":null,"building:levels:underground":null,"building:levels":null,"parking":null,"brand":null,"entrance":null,"air_conditioning":null,"addr:floor":null,"image":null,"not:operator:wikidata":null,"mobile":null,"name:es":null,"addr:city:ur":null,"ele":null,"locality":null,"addr:landmark":null,"power":null,"natural":null,"opening_hours:covid19":null,"closing_hours":null,"survey:date":null,"geometry":null,"name:pa":null,"operator:short":null,"contact:helpline":null,"contact:website":null,"addr:quarter":null,"addr:neighbourhood":null,"aeroway":null,"old_name":null,"contact:tollfree":null,"start_date":null,"internet_access:fee":null,"operator:wikidata":null,"level":null,"payment:debit_cards":null,"payment:credit_cards":null,"payment:cash":null,"motor_vehicle":null,"horse":null,"access":null,"addr:unit":null,"addr:locality":null,"shop":null,"highway":null,"emergency_telephone_code":null,"opening_hours":null,"operational_status":null,"building":null,"addr:housename":null,"addr":null,"place":null,"name:ur":null,"contact:email":null,"addr:suburb":null,"health_facility:type":null,"designation":null,"contact:mobile":null,"addr:block":null,"wheelchair":null,"medical_system":null,"operator":null,"addr:place":null,"speciality":null,"operator:type":null,"foot":null,"bicycle":null,"barrier":null,"fax":null,"email":null,"healthcare:speciality":null,"name:mr":null,"name:hi":null,"name:en":null,"wikipedia":null,"wikimedia_commons":null,"addr:housenumber":null,"phone":null,"description":null,"alias":null,"name:kn":null,"wikidata":null,"internet_access":null,"check_date":null,"addr:subdistrict":null,"addr:street":null,"website":null,"contact:phone":null,"addr:city":null,"addr:state":"Maharastra","addr:postcode":"441904","addr:full":"MSEB Colony, Bhandara","addr:district":"Bhandara","name:etymology:wikidata":null,"healthcare":null,"emergency":null,"addr:country":null,"postal_code":null,"population":null,"name:te":null,"name":"Ganesh Nursing Home","is_in":null,"alt_name":null,"AND_a_nosr_p":null},"geometry":{"type":"Point","coordinates":[79.6464931,21.1608653]}},
{"type":"Feature","properties":{"full_id":"n7626202262","osm_id":"7626202262","osm_type":"node","amenity":"hospital","ref":null,"phone:mobile":null,"loc_name:en":null,"medical_supply":null,"loc_name":null,"short_name:en":null,"short_name":null,"payment:google_pay":null,"payment:coins":null,"service":null,"payment:visa":null,"payment:mastercard":null,"payment:contactless":null,"payment:app":null,"internet_access:ssid":null,"payment:upi":null,"contact:facebook":null,"services":null,"payment:wallets":null,"payment:cards":null,"operational_status_quality":null,"building:use":null,"building:levels:underground":null,"building:levels":null,"parking":null,"brand":null,"entrance":null,"air_conditioning":null,"addr:floor":null,"image":null,"not:operator:wikidata":null,"mobile":null,"name:es":null,"addr:city:ur":null,"ele":null,"locality":null,"addr:landmark":null,"power":null,"natural":null,"opening_hours:covid19":null,"closing_hours":null,"survey:date":null,"geometry":null,"name:pa":null,"operator:short":null,"contact:helpline":null,"contact:website":null,"addr:quarter":null,"addr:neighbourhood":null,"aeroway":null,"old_name":null,"contact:tollfree":null,"start_date":null,"internet_access:fee":null,"operator:wikidata":null,"level":null,"payment:debit_cards":null,"payment:credit_cards":null,"payment:cash":null,"motor_vehicle":null,"horse":null,"access":null,"addr:unit":null,"addr:locality":null,"shop":null,"highway":null,"emergency_telephone_code":null,"opening_hours":null,"operational_status":null,"building":null,"addr:housename":null,"addr":null,"place":null,"name:ur":null,"contact:email":null,"addr:suburb":null,"health_facility:type":null,"designation":null,"contact:mobile":null,"addr:block":null,"wheelchair":null,"medical_system":null,"operator":null,"addr:place":null,"speciality":null,"operator:type":null,"foot":null,"bicycle":null,"barrier":null,"fax":null,"email":null,"healthcare:speciality":null,"name:mr":null,"name:hi":null,"name:en":null,"wikipedia":null,"wikimedia_commons":null,"addr:housenumber":null,"phone":null,"description":null,"alias":null,"name:kn":null,"wikidata":null,"internet_access":null,"check_date":null,"addr:subdistrict":null,"addr:street":null,"website":null,"contact:phone":null,"addr:city":null,"addr:state":"Maharastra","addr:postcode":"441904","addr:full":"Near Rajgopalchari ward, Z. P., Sai Mandir Road, MSEB Colony, Bhandara","addr:district":"Bhandara","name:etymology:wikidata":null,"healthcare":null,"emergency":null,"addr:country":null,"postal_code":null,"population":null,"name:te":null,"name":"Sawli Nursing Home","is_in":null,"alt_name":null,"AND_a_nosr_p":null},"geometry":{"type":"Point","coordinates":[79.6481278,21.1625145]}},
{"type":"Feature","properties":{"full_id":"n7626202265","osm_id":"7626202265","osm_type":"node","amenity":"hospital","ref":null,"phone:mobile":null,"loc_name:en":null,"medical_supply":null,"loc_name":null,"short_name:en":null,"short_name":null,"payment:google_pay":null,"payment:coins":null,"service":null,"payment:visa":null,"payment:mastercard":null,"payment:contactless":null,"payment:app":null,"internet_access:ssid":null,"payment:upi":null,"contact:facebook":null,"services":null,"payment:wallets":null,"payment:cards":null,"operational_status_quality":null,"building:use":null,"building:levels:underground":null,"building:levels":null,"parking":null,"brand":null,"entrance":null,"air_conditioning":null,"addr:floor":null,"image":null,"not:operator:wikidata":null,"mobile":null,"name:es":null,"addr:city:ur":null,"ele":null,"locality":null,"addr:landmark":null,"power":null,"natural":null,"opening_hours:covid19":null,"closing_hours":null,"survey:date":null,"geometry":null,"name:pa":null,"operator:short":null,"contact:helpline":null,"contact:website":null,"addr:quarter":null,"addr:neighbourhood":null,"aeroway":null,"old_name":null,"contact:tollfree":null,"start_date":null,"internet_access:fee":null,"operator:wikidata":null,"level":null,"payment:debit_cards":null,"payment:credit_cards":null,"payment:cash":null,"motor_vehicle":null,"horse":null,"access":null,"addr:unit":null,"addr:locality":null,"shop":null,"highway":null,"emergency_telephone_code":null,"opening_hours":null,"operational_status":null,"building":null,"addr:housename":null,"addr":null,"place":null,"name:ur":null,"contact:email":null,"addr:suburb":null,"health_facility:type":null,"designation":null,"contact:mobile":null,"addr:block":null,"wheelchair":null,"medical_system":null,"operator":null,"addr:place":null,"speciality":null,"operator:type":null,"foot":null,"bicycle":null,"barrier":null,"fax":null,"email":null,"healthcare:speciality":null,"name:mr":null,"name:hi":null,"name:en":null,"wikipedia":null,"wikimedia_commons":null,"addr:housenumber":null,"phone":null,"description":null,"alias":null,"name:kn":null,"wikidata":null,"internet_access":null,"check_date":null,"addr:subdistrict":null,"addr:street":null,"website":null,"contact:phone":null,"addr:city":null,"addr:state":"Maharastra","addr:postcode":"441904","addr:full":"Santaji Nagar, Bhandara","addr:district":"Bhandara","name:etymology:wikidata":null,"healthcare":null,"emergency":null,"addr:country":null,"postal_code":null,"population":null,"name:te":null,"name":"Shri Swami Samarth Surgical Hospital","is_in":null,"alt_name":null,"AND_a_nosr_p":null},"geometry":{"type":"Point","coordinates":[79.6611524,21.1607522]}},
{"type":"Feature","properties":{"full_id":"n7626202267","osm_id":"7626202267","osm_type":"node","amenity":"hospital","ref":null,"phone:mobile":null,"loc_name:en":null,"medical_supply":null,"loc_name":null,"short_name:en":null,"short_name":null,"payment:google_pay":null,"payment:coins":null,"service":null,"payment:visa":null,"payment:mastercard":null,"payment:contactless":null,"payment:app":null,"internet_access:ssid":null,"payment:upi":null,"contact:facebook":null,"services":null,"payment:wallets":null,"payment:cards":null,"operational_status_quality":null,"building:use":null,"building:levels:underground":null,"building:levels":null,"parking":null,"brand":null,"entrance":null,"air_conditioning":null,"addr:floor":null,"image":null,"not:operator:wikidata":null,"mobile":null,"name:es":null,"addr:city:ur":null,"ele":null,"locality":null,"addr:landmark":null,"power":null,"natural":null,"opening_hours:covid19":null,"closing_hours":null,"survey:date":null,"geometry":null,"name:pa":null,"operator:short":null,"contact:helpline":null,"contact:website":null,"addr:quarter":null,"addr:neighbourhood":null,"aeroway":null,"old_name":null,"contact:tollfree":null,"start_date":null,"internet_access:fee":null,"operator:wikidata":null,"level":null,"payment:debit_cards":null,"payment:credit_cards":null,"payment:cash":null,"motor_vehicle":null,"horse":null,"access":null,"addr:unit":null,"addr:locality":null,"shop":null,"highway":null,"emergency_telephone_code":null,"opening_hours":null,"operational_status":null,"building":null,"addr:housename":null,"addr":null,"place":null,"name:ur":null,"contact:email":null,"addr:suburb":null,"health_facility:type":null,"designation":null,"contact:mobile":null,"addr:block":null,"wheelchair":null,"medical_system":null,"operator":null,"addr:place":null,"speciality":null,"operator:type":null,"foot":null,"bicycle":null,"barrier":null,"fax":null,"email":null,"healthcare:speciality":null,"name:mr":null,"name:hi":null,"name:en":null,"wikipedia":null,"wikimedia_commons":null,"addr:housenumber":null,"phone":null,"description":null,"alias":null,"name:kn":null,"wikidata":null,"internet_access":null,"check_date":null,"addr:subdistrict":null,"addr:street":null,"website":null,"contact:phone":null,"addr:city":null,"addr:state":"Maharastra","addr:postcode":"441904","addr:full":"Vidarbha Housing Board Colony, MSEB Colony, Bhandara","addr:district":"Bhandara","name:etymology:wikidata":null,"healthcare":null,"emergency":null,"addr:country":null,"postal_code":null,"population":null,"name:te":null,"name":"Dhurvey Hospital","is_in":null,"alt_name":null,"AND_a_nosr_p":null},"geometry":{"type":"Point","coordinates":[79.6472693,21.1580195]}},
{"type":"Feature","properties":{"full_id":"n7626202269","osm_id":"7626202269","osm_type":"node","amenity":"hospital","ref":null,"phone:mobile":null,"loc_name:en":null,"medical_supply":null,"loc_name":null,"short_name:en":null,"short_name":null,"payment:google_pay":null,"payment:coins":null,"service":null,"payment:visa":null,"payment:mastercard":null,"payment:contactless":null,"payment:app":null,"internet_access:ssid":null,"payment:upi":null,"contact:facebook":null,"services":null,"payment:wallets":null,"payment:cards":null,"operational_status_quality":null,"building:use":null,"building:levels:underground":null,"building:levels":null,"parking":null,"brand":null,"entrance":null,"air_conditioning":null,"addr:floor":null,"image":null,"not:operator:wikidata":null,"mobile":null,"name:es":null,"addr:city:ur":null,"ele":null,"locality":null,"addr:landmark":null,"power":null,"natural":null,"opening_hours:covid19":null,"closing_hours":null,"survey:date":null,"geometry":null,"name:pa":null,"operator:short":null,"contact:helpline":null,"contact:website":null,"addr:quarter":null,"addr:neighbourhood":null,"aeroway":null,"old_name":null,"contact:tollfree":null,"start_date":null,"internet_access:fee":null,"operator:wikidata":null,"level":null,"payment:debit_cards":null,"payment:credit_cards":null,"payment:cash":null,"motor_vehicle":null,"horse":null,"access":null,"addr:unit":null,"addr:locality":null,"shop":null,"highway":null,"emergency_telephone_code":null,"opening_hours":null,"operational_status":null,"building":null,"addr:housename":null,"addr":null,"place":null,"name:ur":null,"contact:email":null,"addr:suburb":null,"health_facility:type":null,"designation":null,"contact:mobile":null,"addr:block":null,"wheelchair":null,"medical_system":null,"operator":null,"addr:place":null,"speciality":null,"operator:type":null,"foot":null,"bicycle":null,"barrier":null,"fax":null,"email":null,"healthcare:speciality":null,"name:mr":null,"name:hi":null,"name:en":null,"wikipedia":null,"wikimedia_commons":null,"addr:housenumber":null,"phone":null,"description":null,"alias":null,"name:kn":null,"wikidata":null,"internet_access":null,"check_date":null,"addr:subdistrict":null,"addr:street":null,"website":null,"contact:phone":null,"addr:city":null,"addr:state":"Maharastra","addr:postcode":"441904","addr:full":"Nirwan Hospital Road, Civil Line, MSEB Colony, Bhandara","addr:district":"Bhandara","name:etymology:wikidata":null,"healthcare":null,"emergency":null,"addr:country":null,"postal_code":null,"population":null,"name:te":null,"name":"Rohit Cardiac, Dental Hospital","is_in":null,"alt_name":null,"AND_a_nosr_p":null},"geometry":{"type":"Point","coordinates":[79.6483519,21.161281]}},
{"type":"Feature","properties":{"full_id":"n7626202276","osm_id":"7626202276","osm_type":"node","amenity":"hospital","ref":null,"phone:mobile":null,"loc_name:en":null,"medical_supply":null,"loc_name":null,"short_name:en":null,"short_name":null,"payment:google_pay":null,"payment:coins":null,"service":null,"payment:visa":null,"payment:mastercard":null,"payment:contactless":null,"payment:app":null,"internet_access:ssid":null,"payment:upi":null,"contact:facebook":null,"services":null,"payment:wallets":null,"payment:cards":null,"operational_status_quality":null,"building:use":null,"building:levels:underground":null,"building:levels":null,"parking":null,"brand":null,"entrance":null,"air_conditioning":null,"addr:floor":null,"image":null,"not:operator:wikidata":null,"mobile":null,"name:es":null,"addr:city:ur":null,"ele":null,"locality":null,"addr:landmark":null,"power":null,"natural":null,"opening_hours:covid19":null,"closing_hours":null,"survey:date":null,"geometry":null,"name:pa":null,"operator:short":null,"contact:helpline":null,"contact:website":null,"addr:quarter":null,"addr:neighbourhood":null,"aeroway":null,"old_name":null,"contact:tollfree":null,"start_date":null,"internet_access:fee":null,"operator:wikidata":null,"level":null,"payment:debit_cards":null,"payment:credit_cards":null,"payment:cash":null,"motor_vehicle":null,"horse":null,"access":null,"addr:unit":null,"addr:locality":null,"shop":null,"highway":null,"emergency_telephone_code":null,"opening_hours":null,"operational_status":null,"building":null,"addr:housename":null,"addr":null,"place":null,"name:ur":null,"contact:email":null,"addr:suburb":null,"health_facility:type":null,"designation":null,"contact:mobile":null,"addr:block":null,"wheelchair":null,"medical_system":null,"operator":null,"addr:place":null,"speciality":null,"operator:type":null,"foot":null,"bicycle":null,"barrier":null,"fax":null,"email":null,"healthcare:speciality":null,"name:mr":null,"name:hi":null,"name:en":null,"wikipedia":null,"wikimedia_commons":null,"addr:housenumber":null,"phone":null,"description":null,"alias":null,"name:kn":null,"wikidata":null,"internet_access":null,"check_date":null,"addr:subdistrict":null,"addr:street":null,"website":null,"contact:phone":null,"addr:city":null,"addr:state":"Maharastra","addr:postcode":"441912","addr:full":"Vivekanand Nagar, Tumsar","addr:district":"Bhandara","name:etymology:wikidata":null,"healthcare":null,"emergency":null,"addr:country":null,"postal_code":null,"population":null,"name:te":null,"name":"Agrawal Child Nursing Home","is_in":null,"alt_name":null,"AND_a_nosr_p":null},"geometry":{"type":"Point","coordinates":[79.7486602,21.382362]}},
{"type":"Feature","properties":{"full_id":"n7626202277","osm_id":"7626202277","osm_type":"node","amenity":"hospital","ref":null,"phone:mobile":null,"loc_name:en":null,"medical_supply":null,"loc_name":null,"short_name:en":null,"short_name":null,"payment:google_pay":null,"payment:coins":null,"service":null,"payment:visa":null,"payment:mastercard":null,"payment:contactless":null,"payment:app":null,"internet_access:ssid":null,"payment:upi":null,"contact:facebook":null,"services":null,"payment:wallets":null,"payment:cards":null,"operational_status_quality":null,"building:use":null,"building:levels:underground":null,"building:levels":null,"parking":null,"brand":null,"entrance":null,"air_conditioning":null,"addr:floor":null,"image":null,"not:operator:wikidata":null,"mobile":null,"name:es":null,"addr:city:ur":null,"ele":null,"locality":null,"addr:landmark":null,"power":null,"natural":null,"opening_hours:covid19":null,"closing_hours":null,"survey:date":null,"geometry":null,"name:pa":null,"operator:short":null,"contact:helpline":null,"contact:website":null,"addr:quarter":null,"addr:neighbourhood":null,"aeroway":null,"old_name":null,"contact:tollfree":null,"start_date":null,"internet_access:fee":null,"operator:wikidata":null,"level":null,"payment:debit_cards":null,"payment:credit_cards":null,"payment:cash":null,"motor_vehicle":null,"horse":null,"access":null,"addr:unit":null,"addr:locality":null,"shop":null,"highway":null,"emergency_telephone_code":null,"opening_hours":null,"operational_status":null,"building":null,"addr:housename":null,"addr":null,"place":null,"name:ur":null,"contact:email":null,"addr:suburb":null,"health_facility:type":null,"designation":null,"contact:mobile":null,"addr:block":null,"wheelchair":null,"medical_system":null,"operator":null,"addr:place":null,"speciality":null,"operator:type":null,"foot":null,"bicycle":null,"barrier":null,"fax":null,"email":null,"healthcare:speciality":null,"name:mr":null,"name:hi":null,"name:en":null,"wikipedia":null,"wikimedia_commons":null,"addr:housenumber":null,"phone":null,"description":null,"alias":null,"name:kn":null,"wikidata":null,"internet_access":null,"check_date":null,"addr:subdistrict":null,"addr:street":null,"website":null,"contact:phone":null,"addr:city":null,"addr:state":"Maharastra","addr:postcode":"441904","addr:full":"Behind Sai Mandir , Takiya Ward","addr:district":"Bhandara","name:etymology:wikidata":null,"healthcare":null,"emergency":null,"addr:country":null,"postal_code":null,"population":null,"name:te":null,"name":"Om Maternity Hospital","is_in":null,"alt_name":null,"AND_a_nosr_p":null},"geometry":{"type":"Point","coordinates":[79.645697,21.1604933]}},
{"type":"Feature","properties":{"full_id":"n7626202284","osm_id":"7626202284","osm_type":"node","amenity":"hospital","ref":null,"phone:mobile":null,"loc_name:en":null,"medical_supply":null,"loc_name":null,"short_name:en":null,"short_name":null,"payment:google_pay":null,"payment:coins":null,"service":null,"payment:visa":null,"payment:mastercard":null,"payment:contactless":null,"payment:app":null,"internet_access:ssid":null,"payment:upi":null,"contact:facebook":null,"services":null,"payment:wallets":null,"payment:cards":null,"operational_status_quality":null,"building:use":null,"building:levels:underground":null,"building:levels":null,"parking":null,"brand":null,"entrance":null,"air_conditioning":null,"addr:floor":null,"image":null,"not:operator:wikidata":null,"mobile":null,"name:es":null,"addr:city:ur":null,"ele":null,"locality":null,"addr:landmark":null,"power":null,"natural":null,"opening_hours:covid19":null,"closing_hours":null,"survey:date":null,"geometry":null,"name:pa":null,"operator:short":null,"contact:helpline":null,"contact:website":null,"addr:quarter":null,"addr:neighbourhood":null,"aeroway":null,"old_name":null,"contact:tollfree":null,"start_date":null,"internet_access:fee":null,"operator:wikidata":null,"level":null,"payment:debit_cards":null,"payment:credit_cards":null,"payment:cash":null,"motor_vehicle":null,"horse":null,"access":null,"addr:unit":null,"addr:locality":null,"shop":null,"highway":null,"emergency_telephone_code":null,"opening_hours":null,"operational_status":null,"building":null,"addr:housename":null,"addr":null,"place":null,"name:ur":null,"contact:email":null,"addr:suburb":null,"health_facility:type":null,"designation":null,"contact:mobile":null,"addr:block":null,"wheelchair":null,"medical_system":null,"operator":null,"addr:place":null,"speciality":null,"operator:type":null,"foot":null,"bicycle":null,"barrier":null,"fax":null,"email":null,"healthcare:speciality":null,"name:mr":null,"name:hi":null,"name:en":null,"wikipedia":null,"wikimedia_commons":null,"addr:housenumber":null,"phone":null,"description":null,"alias":null,"name:kn":null,"wikidata":null,"internet_access":null,"check_date":null,"addr:subdistrict":null,"addr:street":null,"website":null,"contact:phone":null,"addr:city":null,"addr:state":"Maharastra","addr:postcode":"441910","addr:full":"Pauni","addr:district":"Bhandara","name:etymology:wikidata":null,"healthcare":null,"emergency":null,"addr:country":null,"postal_code":null,"population":null,"name:te":null,"name":"Bhaladhare Eye Hospital","is_in":null,"alt_name":null,"AND_a_nosr_p":null},"geometry":{"type":"Point","coordinates":[79.6343002,20.7885762]}},
{"type":"Feature","properties":{"full_id":"n7626202285","osm_id":"7626202285","osm_type":"node","amenity":"hospital","ref":null,"phone:mobile":null,"loc_name:en":null,"medical_supply":null,"loc_name":null,"short_name:en":null,"short_name":null,"payment:google_pay":null,"payment:coins":null,"service":null,"payment:visa":null,"payment:mastercard":null,"payment:contactless":null,"payment:app":null,"internet_access:ssid":null,"payment:upi":null,"contact:facebook":null,"services":null,"payment:wallets":null,"payment:cards":null,"operational_status_quality":null,"building:use":null,"building:levels:underground":null,"building:levels":null,"parking":null,"brand":null,"entrance":null,"air_conditioning":null,"addr:floor":null,"image":null,"not:operator:wikidata":null,"mobile":null,"name:es":null,"addr:city:ur":null,"ele":null,"locality":null,"addr:landmark":null,"power":null,"natural":null,"opening_hours:covid19":null,"closing_hours":null,"survey:date":null,"geometry":null,"name:pa":null,"operator:short":null,"contact:helpline":null,"contact:website":null,"addr:quarter":null,"addr:neighbourhood":null,"aeroway":null,"old_name":null,"contact:tollfree":null,"start_date":null,"internet_access:fee":null,"operator:wikidata":null,"level":null,"payment:debit_cards":null,"payment:credit_cards":null,"payment:cash":null,"motor_vehicle":null,"horse":null,"access":null,"addr:unit":null,"addr:locality":null,"shop":null,"highway":null,"emergency_telephone_code":null,"opening_hours":null,"operational_status":null,"building":null,"addr:housename":null,"addr":null,"place":null,"name:ur":null,"contact:email":null,"addr:suburb":null,"health_facility:type":null,"designation":null,"contact:mobile":null,"addr:block":null,"wheelchair":null,"medical_system":null,"operator":null,"addr:place":null,"speciality":null,"operator:type":null,"foot":null,"bicycle":null,"barrier":null,"fax":null,"email":null,"healthcare:speciality":null,"name:mr":null,"name:hi":null,"name:en":null,"wikipedia":null,"wikimedia_commons":null,"addr:housenumber":null,"phone":null,"description":null,"alias":null,"name:kn":null,"wikidata":null,"internet_access":null,"check_date":null,"addr:subdistrict":null,"addr:street":null,"website":null,"contact:phone":null,"addr:city":null,"addr:state":"Maharastra","addr:postcode":"441912","addr:full":"Shastri Nagar, Tumsar","addr:district":"Bhandara","name:etymology:wikidata":null,"healthcare":null,"emergency":null,"addr:country":null,"postal_code":null,"population":null,"name:te":null,"name":"Kids Hospital","is_in":null,"alt_name":null,"AND_a_nosr_p":null},"geometry":{"type":"Point","coordinates":[79.7487535,21.3826265]}},
{"type":"Feature","properties":{"full_id":"n7626202287","osm_id":"7626202287","osm_type":"node","amenity":"hospital","ref":null,"phone:mobile":null,"loc_name:en":null,"medical_supply":null,"loc_name":null,"short_name:en":null,"short_name":null,"payment:google_pay":null,"payment:coins":null,"service":null,"payment:visa":null,"payment:mastercard":null,"payment:contactless":null,"payment:app":null,"internet_access:ssid":null,"payment:upi":null,"contact:facebook":null,"services":null,"payment:wallets":null,"payment:cards":null,"operational_status_quality":null,"building:use":null,"building:levels:underground":null,"building:levels":null,"parking":null,"brand":null,"entrance":null,"air_conditioning":null,"addr:floor":null,"image":null,"not:operator:wikidata":null,"mobile":null,"name:es":null,"addr:city:ur":null,"ele":null,"locality":null,"addr:landmark":null,"power":null,"natural":null,"opening_hours:covid19":null,"closing_hours":null,"survey:date":null,"geometry":null,"name:pa":null,"operator:short":null,"contact:helpline":null,"contact:website":null,"addr:quarter":null,"addr:neighbourhood":null,"aeroway":null,"old_name":null,"contact:tollfree":null,"start_date":null,"internet_access:fee":null,"operator:wikidata":null,"level":null,"payment:debit_cards":null,"payment:credit_cards":null,"payment:cash":null,"motor_vehicle":null,"horse":null,"access":null,"addr:unit":null,"addr:locality":null,"shop":null,"highway":null,"emergency_telephone_code":null,"opening_hours":null,"operational_status":null,"building":null,"addr:housename":null,"addr":null,"place":null,"name:ur":null,"contact:email":null,"addr:suburb":null,"health_facility:type":null,"designation":null,"contact:mobile":null,"addr:block":null,"wheelchair":null,"medical_system":null,"operator":null,"addr:place":null,"speciality":null,"operator:type":null,"foot":null,"bicycle":null,"barrier":null,"fax":null,"email":null,"healthcare:speciality":null,"name:mr":null,"name:hi":null,"name:en":null,"wikipedia":null,"wikimedia_commons":null,"addr:housenumber":null,"phone":null,"description":null,"alias":null,"name:kn":null,"wikidata":null,"internet_access":null,"check_date":null,"addr:subdistrict":null,"addr:street":null,"website":null,"contact:phone":null,"addr:city":null,"addr:state":"Maharastra","addr:postcode":"441906","addr:full":"Teachers Colony, Ashrafi Nagar, Bhandara","addr:district":"Bhandara","name:etymology:wikidata":null,"healthcare":null,"emergency":null,"addr:country":null,"postal_code":null,"population":null,"name:te":null,"name":"Shrikrupa Hospital","is_in":null,"alt_name":null,"AND_a_nosr_p":null},"geometry":{"type":"Point","coordinates":[79.6461179,21.1633998]}},
{"type":"Feature","properties":{"full_id":"n7626202289","osm_id":"7626202289","osm_type":"node","amenity":"hospital","ref":null,"phone:mobile":null,"loc_name:en":null,"medical_supply":null,"loc_name":null,"short_name:en":null,"short_name":null,"payment:google_pay":null,"payment:coins":null,"service":null,"payment:visa":null,"payment:mastercard":null,"payment:contactless":null,"payment:app":null,"internet_access:ssid":null,"payment:upi":null,"contact:facebook":null,"services":null,"payment:wallets":null,"payment:cards":null,"operational_status_quality":null,"building:use":null,"building:levels:underground":null,"building:levels":null,"parking":null,"brand":null,"entrance":null,"air_conditioning":null,"addr:floor":null,"image":null,"not:operator:wikidata":null,"mobile":null,"name:es":null,"addr:city:ur":null,"ele":null,"locality":null,"addr:landmark":null,"power":null,"natural":null,"opening_hours:covid19":null,"closing_hours":null,"survey:date":null,"geometry":null,"name:pa":null,"operator:short":null,"contact:helpline":null,"contact:website":null,"addr:quarter":null,"addr:neighbourhood":null,"aeroway":null,"old_name":null,"contact:tollfree":null,"start_date":null,"internet_access:fee":null,"operator:wikidata":null,"level":null,"payment:debit_cards":null,"payment:credit_cards":null,"payment:cash":null,"motor_vehicle":null,"horse":null,"access":null,"addr:unit":null,"addr:locality":null,"shop":null,"highway":null,"emergency_telephone_code":null,"opening_hours":null,"operational_status":null,"building":null,"addr:housename":null,"addr":null,"place":null,"name:ur":null,"contact:email":null,"addr:suburb":null,"health_facility:type":null,"designation":null,"contact:mobile":null,"addr:block":null,"wheelchair":null,"medical_system":null,"operator":null,"addr:place":null,"speciality":null,"operator:type":null,"foot":null,"bicycle":null,"barrier":null,"fax":null,"email":null,"healthcare:speciality":null,"name:mr":null,"name:hi":null,"name:en":null,"wikipedia":null,"wikimedia_commons":null,"addr:housenumber":null,"phone":null,"description":null,"alias":null,"name:kn":null,"wikidata":null,"internet_access":null,"check_date":null,"addr:subdistrict":null,"addr:street":null,"website":null,"contact:phone":null,"addr:city":null,"addr:state":"Maharastra","addr:postcode":"441904","addr:full":"Jhawar Lane, Mahal Road, Azad Ward, Bhandara","addr:district":"Bhandara","name:etymology:wikidata":null,"healthcare":null,"emergency":null,"addr:country":null,"postal_code":null,"population":null,"name:te":null,"name":"Shlok Hospital","is_in":null,"alt_name":null,"AND_a_nosr_p":null},"geometry":{"type":"Point","coordinates":[79.655982,21.167465]}},
{"type":"Feature","properties":{"full_id":"n7626202290","osm_id":"7626202290","osm_type":"node","amenity":"hospital","ref":null,"phone:mobile":null,"loc_name:en":null,"medical_supply":null,"loc_name":null,"short_name:en":null,"short_name":null,"payment:google_pay":null,"payment:coins":null,"service":null,"payment:visa":null,"payment:mastercard":null,"payment:contactless":null,"payment:app":null,"internet_access:ssid":null,"payment:upi":null,"contact:facebook":null,"services":null,"payment:wallets":null,"payment:cards":null,"operational_status_quality":null,"building:use":null,"building:levels:underground":null,"building:levels":null,"parking":null,"brand":null,"entrance":null,"air_conditioning":null,"addr:floor":null,"image":null,"not:operator:wikidata":null,"mobile":null,"name:es":null,"addr:city:ur":null,"ele":null,"locality":null,"addr:landmark":null,"power":null,"natural":null,"opening_hours:covid19":null,"closing_hours":null,"survey:date":null,"geometry":null,"name:pa":null,"operator:short":null,"contact:helpline":null,"contact:website":null,"addr:quarter":null,"addr:neighbourhood":null,"aeroway":null,"old_name":null,"contact:tollfree":null,"start_date":null,"internet_access:fee":null,"operator:wikidata":null,"level":null,"payment:debit_cards":null,"payment:credit_cards":null,"payment:cash":null,"motor_vehicle":null,"horse":null,"access":null,"addr:unit":null,"addr:locality":null,"shop":null,"highway":null,"emergency_telephone_code":null,"opening_hours":null,"operational_status":null,"building":null,"addr:housename":null,"addr":null,"place":null,"name:ur":null,"contact:email":null,"addr:suburb":null,"health_facility:type":null,"designation":null,"contact:mobile":null,"addr:block":null,"wheelchair":null,"medical_system":null,"operator":null,"addr:place":null,"speciality":null,"operator:type":null,"foot":null,"bicycle":null,"barrier":null,"fax":null,"email":null,"healthcare:speciality":null,"name:mr":null,"name:hi":null,"name:en":null,"wikipedia":null,"wikimedia_commons":null,"addr:housenumber":null,"phone":null,"description":null,"alias":null,"name:kn":null,"wikidata":null,"internet_access":null,"check_date":null,"addr:subdistrict":null,"addr:street":null,"website":null,"contact:phone":null,"addr:city":null,"addr:state":"Maharastra","addr:postcode":"441904","addr:full":"Old Kesalwada Road, Sahakar Nagar, Bhandara","addr:district":"Bhandara","name:etymology:wikidata":null,"healthcare":null,"emergency":null,"addr:country":null,"postal_code":null,"population":null,"name:te":null,"name":"Kshirsagar Child Hospital","is_in":null,"alt_name":null,"AND_a_nosr_p":null},"geometry":{"type":"Point","coordinates":[79.6517472,21.1774345]}},
{"type":"Feature","properties":{"full_id":"n7626202293","osm_id":"7626202293","osm_type":"node","amenity":"hospital","ref":null,"phone:mobile":null,"loc_name:en":null,"medical_supply":null,"loc_name":null,"short_name:en":null,"short_name":null,"payment:google_pay":null,"payment:coins":null,"service":null,"payment:visa":null,"payment:mastercard":null,"payment:contactless":null,"payment:app":null,"internet_access:ssid":null,"payment:upi":null,"contact:facebook":null,"services":null,"payment:wallets":null,"payment:cards":null,"operational_status_quality":null,"building:use":null,"building:levels:underground":null,"building:levels":null,"parking":null,"brand":null,"entrance":null,"air_conditioning":null,"addr:floor":null,"image":null,"not:operator:wikidata":null,"mobile":null,"name:es":null,"addr:city:ur":null,"ele":null,"locality":null,"addr:landmark":null,"power":null,"natural":null,"opening_hours:covid19":null,"closing_hours":null,"survey:date":null,"geometry":null,"name:pa":null,"operator:short":null,"contact:helpline":null,"contact:website":null,"addr:quarter":null,"addr:neighbourhood":null,"aeroway":null,"old_name":null,"contact:tollfree":null,"start_date":null,"internet_access:fee":null,"operator:wikidata":null,"level":null,"payment:debit_cards":null,"payment:credit_cards":null,"payment:cash":null,"motor_vehicle":null,"horse":null,"access":null,"addr:unit":null,"addr:locality":null,"shop":null,"highway":null,"emergency_telephone_code":null,"opening_hours":null,"operational_status":null,"building":null,"addr:housename":null,"addr":null,"place":null,"name:ur":null,"contact:email":null,"addr:suburb":null,"health_facility:type":null,"designation":null,"contact:mobile":null,"addr:block":null,"wheelchair":null,"medical_system":null,"operator":null,"addr:place":null,"speciality":null,"operator:type":null,"foot":null,"bicycle":null,"barrier":null,"fax":null,"email":null,"healthcare:speciality":null,"name:mr":null,"name:hi":null,"name:en":null,"wikipedia":null,"wikimedia_commons":null,"addr:housenumber":null,"phone":null,"description":null,"alias":null,"name:kn":null,"wikidata":null,"internet_access":null,"check_date":null,"addr:subdistrict":null,"addr:street":null,"website":null,"contact:phone":null,"addr:city":null,"addr:state":"Maharastra","addr:postcode":"441904","addr:full":"Sanskar Nagar Road, Madhav Nagar, Bhandara","addr:district":"Bhandara","name:etymology:wikidata":null,"healthcare":null,"emergency":null,"addr:country":null,"postal_code":null,"population":null,"name:te":null,"name":"Samruddhi Nursing Home","is_in":null,"alt_name":null,"AND_a_nosr_p":null},"geometry":{"type":"Point","coordinates":[79.648548,21.170837]}},
{"type":"Feature","properties":{"full_id":"n7626202294","osm_id":"7626202294","osm_type":"node","amenity":"hospital","ref":null,"phone:mobile":null,"loc_name:en":null,"medical_supply":null,"loc_name":null,"short_name:en":null,"short_name":null,"payment:google_pay":null,"payment:coins":null,"service":null,"payment:visa":null,"payment:mastercard":null,"payment:contactless":null,"payment:app":null,"internet_access:ssid":null,"payment:upi":null,"contact:facebook":null,"services":null,"payment:wallets":null,"payment:cards":null,"operational_status_quality":null,"building:use":null,"building:levels:underground":null,"building:levels":null,"parking":null,"brand":null,"entrance":null,"air_conditioning":null,"addr:floor":null,"image":null,"not:operator:wikidata":null,"mobile":null,"name:es":null,"addr:city:ur":null,"ele":null,"locality":null,"addr:landmark":null,"power":null,"natural":null,"opening_hours:covid19":null,"closing_hours":null,"survey:date":null,"geometry":null,"name:pa":null,"operator:short":null,"contact:helpline":null,"contact:website":null,"addr:quarter":null,"addr:neighbourhood":null,"aeroway":null,"old_name":null,"contact:tollfree":null,"start_date":null,"internet_access:fee":null,"operator:wikidata":null,"level":null,"payment:debit_cards":null,"payment:credit_cards":null,"payment:cash":null,"motor_vehicle":null,"horse":null,"access":null,"addr:unit":null,"addr:locality":null,"shop":null,"highway":null,"emergency_telephone_code":null,"opening_hours":null,"operational_status":null,"building":null,"addr:housename":null,"addr":null,"place":null,"name:ur":null,"contact:email":null,"addr:suburb":null,"health_facility:type":null,"designation":null,"contact:mobile":null,"addr:block":null,"wheelchair":null,"medical_system":null,"operator":null,"addr:place":null,"speciality":null,"operator:type":null,"foot":null,"bicycle":null,"barrier":null,"fax":null,"email":null,"healthcare:speciality":null,"name:mr":null,"name:hi":null,"name:en":null,"wikipedia":null,"wikimedia_commons":null,"addr:housenumber":null,"phone":null,"description":null,"alias":null,"name:kn":null,"wikidata":null,"internet_access":null,"check_date":null,"addr:subdistrict":null,"addr:street":null,"website":null,"contact:phone":null,"addr:city":null,"addr:state":"Maharastra","addr:postcode":"441904","addr:full":"MH SH 252, MSEB Colony, Bhandara","addr:district":"Bhandara","name:etymology:wikidata":null,"healthcare":null,"emergency":null,"addr:country":null,"postal_code":null,"population":null,"name:te":null,"name":"Gabhane Piles Care Hospital","is_in":null,"alt_name":null,"AND_a_nosr_p":null},"geometry":{"type":"Point","coordinates":[79.6485316,21.1645898]}},
{"type":"Feature","properties":{"full_id":"n7626202295","osm_id":"7626202295","osm_type":"node","amenity":"hospital","ref":null,"phone:mobile":null,"loc_name:en":null,"medical_supply":null,"loc_name":null,"short_name:en":null,"short_name":null,"payment:google_pay":null,"payment:coins":null,"service":null,"payment:visa":null,"payment:mastercard":null,"payment:contactless":null,"payment:app":null,"internet_access:ssid":null,"payment:upi":null,"contact:facebook":null,"services":null,"payment:wallets":null,"payment:cards":null,"operational_status_quality":null,"building:use":null,"building:levels:underground":null,"building:levels":null,"parking":null,"brand":null,"entrance":null,"air_conditioning":null,"addr:floor":null,"image":null,"not:operator:wikidata":null,"mobile":null,"name:es":null,"addr:city:ur":null,"ele":null,"locality":null,"addr:landmark":null,"power":null,"natural":null,"opening_hours:covid19":null,"closing_hours":null,"survey:date":null,"geometry":null,"name:pa":null,"operator:short":null,"contact:helpline":null,"contact:website":null,"addr:quarter":null,"addr:neighbourhood":null,"aeroway":null,"old_name":null,"contact:tollfree":null,"start_date":null,"internet_access:fee":null,"operator:wikidata":null,"level":null,"payment:debit_cards":null,"payment:credit_cards":null,"payment:cash":null,"motor_vehicle":null,"horse":null,"access":null,"addr:unit":null,"addr:locality":null,"shop":null,"highway":null,"emergency_telephone_code":null,"opening_hours":null,"operational_status":null,"building":null,"addr:housename":null,"addr":null,"place":null,"name:ur":null,"contact:email":null,"addr:suburb":null,"health_facility:type":null,"designation":null,"contact:mobile":null,"addr:block":null,"wheelchair":null,"medical_system":null,"operator":null,"addr:place":null,"speciality":null,"operator:type":null,"foot":null,"bicycle":null,"barrier":null,"fax":null,"email":null,"healthcare:speciality":null,"name:mr":null,"name:hi":null,"name:en":null,"wikipedia":null,"wikimedia_commons":null,"addr:housenumber":null,"phone":null,"description":null,"alias":null,"name:kn":null,"wikidata":null,"internet_access":null,"check_date":null,"addr:subdistrict":null,"addr:street":null,"website":null,"contact:phone":null,"addr:city":null,"addr:state":"Maharastra","addr:postcode":"441904","addr:full":"Civil Line, MSEB Colony, Bhandara","addr:district":"Bhandara","name:etymology:wikidata":null,"healthcare":null,"emergency":null,"addr:country":null,"postal_code":null,"population":null,"name:te":null,"name":"Dr. Dokrimare Hospital","is_in":null,"alt_name":null,"AND_a_nosr_p":null},"geometry":{"type":"Point","coordinates":[79.6475784,21.162372]}},
{"type":"Feature","properties":{"full_id":"n7626202296","osm_id":"7626202296","osm_type":"node","amenity":"hospital","ref":null,"phone:mobile":null,"loc_name:en":null,"medical_supply":null,"loc_name":null,"short_name:en":null,"short_name":null,"payment:google_pay":null,"payment:coins":null,"service":null,"payment:visa":null,"payment:mastercard":null,"payment:contactless":null,"payment:app":null,"internet_access:ssid":null,"payment:upi":null,"contact:facebook":null,"services":null,"payment:wallets":null,"payment:cards":null,"operational_status_quality":null,"building:use":null,"building:levels:underground":null,"building:levels":null,"parking":null,"brand":null,"entrance":null,"air_conditioning":null,"addr:floor":null,"image":null,"not:operator:wikidata":null,"mobile":null,"name:es":null,"addr:city:ur":null,"ele":null,"locality":null,"addr:landmark":null,"power":null,"natural":null,"opening_hours:covid19":null,"closing_hours":null,"survey:date":null,"geometry":null,"name:pa":null,"operator:short":null,"contact:helpline":null,"contact:website":null,"addr:quarter":null,"addr:neighbourhood":null,"aeroway":null,"old_name":null,"contact:tollfree":null,"start_date":null,"internet_access:fee":null,"operator:wikidata":null,"level":null,"payment:debit_cards":null,"payment:credit_cards":null,"payment:cash":null,"motor_vehicle":null,"horse":null,"access":null,"addr:unit":null,"addr:locality":null,"shop":null,"highway":null,"emergency_telephone_code":null,"opening_hours":null,"operational_status":null,"building":null,"addr:housename":null,"addr":null,"place":null,"name:ur":null,"contact:email":null,"addr:suburb":null,"health_facility:type":null,"designation":null,"contact:mobile":null,"addr:block":null,"wheelchair":null,"medical_system":null,"operator":null,"addr:place":null,"speciality":null,"operator:type":null,"foot":null,"bicycle":null,"barrier":null,"fax":null,"email":null,"healthcare:speciality":null,"name:mr":null,"name:hi":null,"name:en":null,"wikipedia":null,"wikimedia_commons":null,"addr:housenumber":null,"phone":null,"description":null,"alias":null,"name:kn":null,"wikidata":null,"internet_access":null,"check_date":null,"addr:subdistrict":null,"addr:street":null,"website":null,"contact:phone":null,"addr:city":null,"addr:state":"Maharastra","addr:postcode":"441904","addr:full":"Civil Line, MSEB Colony, Bhandara","addr:district":"Bhandara","name:etymology:wikidata":null,"healthcare":null,"emergency":null,"addr:country":null,"postal_code":null,"population":null,"name:te":null,"name":"Fule Hospital","is_in":null,"alt_name":null,"AND_a_nosr_p":null},"geometry":{"type":"Point","coordinates":[79.649435,21.163085]}},
{"type":"Feature","properties":{"full_id":"n7626202298","osm_id":"7626202298","osm_type":"node","amenity":"hospital","ref":null,"phone:mobile":null,"loc_name:en":null,"medical_supply":null,"loc_name":null,"short_name:en":null,"short_name":null,"payment:google_pay":null,"payment:coins":null,"service":null,"payment:visa":null,"payment:mastercard":null,"payment:contactless":null,"payment:app":null,"internet_access:ssid":null,"payment:upi":null,"contact:facebook":null,"services":null,"payment:wallets":null,"payment:cards":null,"operational_status_quality":null,"building:use":null,"building:levels:underground":null,"building:levels":null,"parking":null,"brand":null,"entrance":null,"air_conditioning":null,"addr:floor":null,"image":null,"not:operator:wikidata":null,"mobile":null,"name:es":null,"addr:city:ur":null,"ele":null,"locality":null,"addr:landmark":null,"power":null,"natural":null,"opening_hours:covid19":null,"closing_hours":null,"survey:date":null,"geometry":null,"name:pa":null,"operator:short":null,"contact:helpline":null,"contact:website":null,"addr:quarter":null,"addr:neighbourhood":null,"aeroway":null,"old_name":null,"contact:tollfree":null,"start_date":null,"internet_access:fee":null,"operator:wikidata":null,"level":null,"payment:debit_cards":null,"payment:credit_cards":null,"payment:cash":null,"motor_vehicle":null,"horse":null,"access":null,"addr:unit":null,"addr:locality":null,"shop":null,"highway":null,"emergency_telephone_code":null,"opening_hours":null,"operational_status":null,"building":null,"addr:housename":null,"addr":null,"place":null,"name:ur":null,"contact:email":null,"addr:suburb":null,"health_facility:type":null,"designation":null,"contact:mobile":null,"addr:block":null,"wheelchair":null,"medical_system":null,"operator":null,"addr:place":null,"speciality":null,"operator:type":null,"foot":null,"bicycle":null,"barrier":null,"fax":null,"email":null,"healthcare:speciality":null,"name:mr":null,"name:hi":null,"name:en":null,"wikipedia":null,"wikimedia_commons":null,"addr:housenumber":null,"phone":null,"description":null,"alias":null,"name:kn":null,"wikidata":null,"internet_access":null,"check_date":null,"addr:subdistrict":null,"addr:street":null,"website":null,"contact:phone":null,"addr:city":null,"addr:state":"Maharastra","addr:postcode":"441904","addr:full":"Madhav Nagar, Bhandara","addr:district":"Bhandara","name:etymology:wikidata":null,"healthcare":null,"emergency":null,"addr:country":null,"postal_code":null,"population":null,"name:te":null,"name":"Parate Nursing Home","is_in":null,"alt_name":null,"AND_a_nosr_p":null},"geometry":{"type":"Point","coordinates":[79.6510163,21.165849]}},
{"type":"Feature","properties":{"full_id":"n7626202299","osm_id":"7626202299","osm_type":"node","amenity":"hospital","ref":null,"phone:mobile":null,"loc_name:en":null,"medical_supply":null,"loc_name":null,"short_name:en":null,"short_name":null,"payment:google_pay":null,"payment:coins":null,"service":null,"payment:visa":null,"payment:mastercard":null,"payment:contactless":null,"payment:app":null,"internet_access:ssid":null,"payment:upi":null,"contact:facebook":null,"services":null,"payment:wallets":null,"payment:cards":null,"operational_status_quality":null,"building:use":null,"building:levels:underground":null,"building:levels":null,"parking":null,"brand":null,"entrance":null,"air_conditioning":null,"addr:floor":null,"image":null,"not:operator:wikidata":null,"mobile":null,"name:es":null,"addr:city:ur":null,"ele":null,"locality":null,"addr:landmark":null,"power":null,"natural":null,"opening_hours:covid19":null,"closing_hours":null,"survey:date":null,"geometry":null,"name:pa":null,"operator:short":null,"contact:helpline":null,"contact:website":null,"addr:quarter":null,"addr:neighbourhood":null,"aeroway":null,"old_name":null,"contact:tollfree":null,"start_date":null,"internet_access:fee":null,"operator:wikidata":null,"level":null,"payment:debit_cards":null,"payment:credit_cards":null,"payment:cash":null,"motor_vehicle":null,"horse":null,"access":null,"addr:unit":null,"addr:locality":null,"shop":null,"highway":null,"emergency_telephone_code":null,"opening_hours":null,"operational_status":null,"building":null,"addr:housename":null,"addr":null,"place":null,"name:ur":null,"contact:email":null,"addr:suburb":null,"health_facility:type":null,"designation":null,"contact:mobile":null,"addr:block":null,"wheelchair":null,"medical_system":null,"operator":null,"addr:place":null,"speciality":null,"operator:type":null,"foot":null,"bicycle":null,"barrier":null,"fax":null,"email":null,"healthcare:speciality":null,"name:mr":null,"name:hi":null,"name:en":null,"wikipedia":null,"wikimedia_commons":null,"addr:housenumber":null,"phone":null,"description":null,"alias":null,"name:kn":null,"wikidata":null,"internet_access":null,"check_date":null,"addr:subdistrict":null,"addr:street":null,"website":null,"contact:phone":null,"addr:city":null,"addr:state":"Maharastra","addr:postcode":"441904","addr:full":"State Highway 252, Tatya Tope Ward, Rajiv Gandhi Square","addr:district":"Bhandara","name:etymology:wikidata":null,"healthcare":null,"emergency":null,"addr:country":null,"postal_code":null,"population":null,"name:te":null,"name":"Lanjewar Hospital","is_in":null,"alt_name":null,"AND_a_nosr_p":null},"geometry":{"type":"Point","coordinates":[79.649756,21.1654105]}},
{"type":"Feature","properties":{"full_id":"n7712324731","osm_id":"7712324731","osm_type":"node","amenity":"hospital","ref":null,"phone:mobile":null,"loc_name:en":null,"medical_supply":null,"loc_name":null,"short_name:en":null,"short_name":null,"payment:google_pay":null,"payment:coins":null,"service":null,"payment:visa":null,"payment:mastercard":null,"payment:contactless":null,"payment:app":null,"internet_access:ssid":null,"payment:upi":null,"contact:facebook":null,"services":null,"payment:wallets":null,"payment:cards":null,"operational_status_quality":null,"building:use":null,"building:levels:underground":null,"building:levels":null,"parking":null,"brand":null,"entrance":null,"air_conditioning":null,"addr:floor":null,"image":null,"not:operator:wikidata":null,"mobile":null,"name:es":null,"addr:city:ur":null,"ele":null,"locality":null,"addr:landmark":null,"power":null,"natural":null,"opening_hours:covid19":null,"closing_hours":null,"survey:date":null,"geometry":null,"name:pa":null,"operator:short":null,"contact:helpline":null,"contact:website":null,"addr:quarter":null,"addr:neighbourhood":null,"aeroway":null,"old_name":null,"contact:tollfree":null,"start_date":null,"internet_access:fee":null,"operator:wikidata":null,"level":null,"payment:debit_cards":null,"payment:credit_cards":null,"payment:cash":null,"motor_vehicle":null,"horse":null,"access":null,"addr:unit":null,"addr:locality":null,"shop":null,"highway":null,"emergency_telephone_code":null,"opening_hours":null,"operational_status":null,"building":null,"addr:housename":null,"addr":null,"place":null,"name:ur":null,"contact:email":null,"addr:suburb":null,"health_facility:type":null,"designation":null,"contact:mobile":null,"addr:block":null,"wheelchair":null,"medical_system":null,"operator":null,"addr:place":null,"speciality":null,"operator:type":null,"foot":null,"bicycle":null,"barrier":null,"fax":null,"email":null,"healthcare:speciality":null,"name:mr":null,"name:hi":null,"name:en":null,"wikipedia":null,"wikimedia_commons":null,"addr:housenumber":null,"phone":null,"description":null,"alias":null,"name:kn":null,"wikidata":null,"internet_access":null,"check_date":null,"addr:subdistrict":null,"addr:street":null,"website":null,"contact:phone":null,"addr:city":null,"addr:state":"Maharashtra","addr:postcode":"441805","addr:full":"Tawasi","addr:district":"Bhandara","name:etymology:wikidata":null,"healthcare":null,"emergency":null,"addr:country":null,"postal_code":null,"population":null,"name:te":null,"name":"Government Hospital, Tawasi","is_in":null,"alt_name":null,"AND_a_nosr_p":null},"geometry":{"type":"Point","coordinates":[79.8856553,20.8704596]}},
{"type":"Feature","properties":{"full_id":"n7712616581","osm_id":"7712616581","osm_type":"node","amenity":"hospital","ref":null,"phone:mobile":null,"loc_name:en":null,"medical_supply":null,"loc_name":null,"short_name:en":null,"short_name":null,"payment:google_pay":null,"payment:coins":null,"service":null,"payment:visa":null,"payment:mastercard":null,"payment:contactless":null,"payment:app":null,"internet_access:ssid":null,"payment:upi":null,"contact:facebook":null,"services":null,"payment:wallets":null,"payment:cards":null,"operational_status_quality":null,"building:use":null,"building:levels:underground":null,"building:levels":null,"parking":null,"brand":null,"entrance":null,"air_conditioning":null,"addr:floor":null,"image":null,"not:operator:wikidata":null,"mobile":null,"name:es":null,"addr:city:ur":null,"ele":null,"locality":null,"addr:landmark":null,"power":null,"natural":null,"opening_hours:covid19":null,"closing_hours":null,"survey:date":null,"geometry":null,"name:pa":null,"operator:short":null,"contact:helpline":null,"contact:website":null,"addr:quarter":null,"addr:neighbourhood":null,"aeroway":null,"old_name":null,"contact:tollfree":null,"start_date":null,"internet_access:fee":null,"operator:wikidata":null,"level":null,"payment:debit_cards":null,"payment:credit_cards":null,"payment:cash":null,"motor_vehicle":null,"horse":null,"access":null,"addr:unit":null,"addr:locality":null,"shop":null,"highway":null,"emergency_telephone_code":null,"opening_hours":null,"operational_status":null,"building":null,"addr:housename":null,"addr":null,"place":null,"name:ur":null,"contact:email":null,"addr:suburb":null,"health_facility:type":null,"designation":null,"contact:mobile":null,"addr:block":null,"wheelchair":null,"medical_system":null,"operator":null,"addr:place":null,"speciality":null,"operator:type":null,"foot":null,"bicycle":null,"barrier":null,"fax":null,"email":null,"healthcare:speciality":null,"name:mr":null,"name:hi":null,"name:en":null,"wikipedia":null,"wikimedia_commons":null,"addr:housenumber":null,"phone":null,"description":null,"alias":null,"name:kn":null,"wikidata":null,"internet_access":null,"check_date":null,"addr:subdistrict":null,"addr:street":null,"website":null,"contact:phone":null,"addr:city":null,"addr:state":"Maharashtra","addr:postcode":"441806","addr:full":"Wangi","addr:district":"Bhandara","name:etymology:wikidata":null,"healthcare":null,"emergency":null,"addr:country":null,"postal_code":null,"population":null,"name:te":null,"name":"Government Hospital, Wangi","is_in":null,"alt_name":null,"AND_a_nosr_p":null},"geometry":{"type":"Point","coordinates":[80.0826455,20.9976595]}},
{"type":"Feature","properties":{"full_id":"n7713186405","osm_id":"7713186405","osm_type":"node","amenity":"hospital","ref":null,"phone:mobile":null,"loc_name:en":null,"medical_supply":null,"loc_name":null,"short_name:en":null,"short_name":null,"payment:google_pay":null,"payment:coins":null,"service":null,"payment:visa":null,"payment:mastercard":null,"payment:contactless":null,"payment:app":null,"internet_access:ssid":null,"payment:upi":null,"contact:facebook":null,"services":null,"payment:wallets":null,"payment:cards":null,"operational_status_quality":null,"building:use":null,"building:levels:underground":null,"building:levels":null,"parking":null,"brand":null,"entrance":null,"air_conditioning":null,"addr:floor":null,"image":null,"not:operator:wikidata":null,"mobile":null,"name:es":null,"addr:city:ur":null,"ele":null,"locality":null,"addr:landmark":null,"power":null,"natural":null,"opening_hours:covid19":null,"closing_hours":null,"survey:date":null,"geometry":null,"name:pa":null,"operator:short":null,"contact:helpline":null,"contact:website":null,"addr:quarter":null,"addr:neighbourhood":null,"aeroway":null,"old_name":null,"contact:tollfree":null,"start_date":null,"internet_access:fee":null,"operator:wikidata":null,"level":null,"payment:debit_cards":null,"payment:credit_cards":null,"payment:cash":null,"motor_vehicle":null,"horse":null,"access":null,"addr:unit":null,"addr:locality":null,"shop":null,"highway":null,"emergency_telephone_code":null,"opening_hours":null,"operational_status":null,"building":null,"addr:housename":null,"addr":null,"place":null,"name:ur":null,"contact:email":null,"addr:suburb":null,"health_facility:type":null,"designation":null,"contact:mobile":null,"addr:block":null,"wheelchair":null,"medical_system":null,"operator":null,"addr:place":null,"speciality":null,"operator:type":null,"foot":null,"bicycle":null,"barrier":null,"fax":null,"email":null,"healthcare:speciality":null,"name:mr":null,"name:hi":null,"name:en":null,"wikipedia":null,"wikimedia_commons":null,"addr:housenumber":null,"phone":null,"description":null,"alias":null,"name:kn":null,"wikidata":null,"internet_access":null,"check_date":null,"addr:subdistrict":null,"addr:street":null,"website":null,"contact:phone":null,"addr:city":null,"addr:state":"Maharashtra","addr:postcode":"441701","addr:full":"Soni","addr:district":"Bhandara","name:etymology:wikidata":null,"healthcare":null,"emergency":null,"addr:country":null,"postal_code":null,"population":null,"name:te":null,"name":"Government Hospital, Soni","is_in":null,"alt_name":null,"AND_a_nosr_p":null},"geometry":{"type":"Point","coordinates":[79.919758,20.6902794]}},
{"type":"Feature","properties":{"full_id":"n4339744599","osm_id":"4339744599","osm_type":"node","amenity":"hospital","ref":null,"phone:mobile":null,"loc_name:en":null,"medical_supply":null,"loc_name":null,"short_name:en":null,"short_name":null,"payment:google_pay":null,"payment:coins":null,"service":null,"payment:visa":null,"payment:mastercard":null,"payment:contactless":null,"payment:app":null,"internet_access:ssid":null,"payment:upi":null,"contact:facebook":null,"services":null,"payment:wallets":null,"payment:cards":null,"operational_status_quality":null,"building:use":null,"building:levels:underground":null,"building:levels":null,"parking":null,"brand":null,"entrance":null,"air_conditioning":null,"addr:floor":null,"image":null,"not:operator:wikidata":null,"mobile":null,"name:es":null,"addr:city:ur":null,"ele":null,"locality":null,"addr:landmark":null,"power":null,"natural":null,"opening_hours:covid19":null,"closing_hours":null,"survey:date":null,"geometry":null,"name:pa":null,"operator:short":null,"contact:helpline":null,"contact:website":null,"addr:quarter":null,"addr:neighbourhood":null,"aeroway":null,"old_name":null,"contact:tollfree":null,"start_date":null,"internet_access:fee":null,"operator:wikidata":null,"level":null,"payment:debit_cards":null,"payment:credit_cards":null,"payment:cash":null,"motor_vehicle":null,"horse":null,"access":null,"addr:unit":null,"addr:locality":null,"shop":null,"highway":null,"emergency_telephone_code":null,"opening_hours":"Mo-Su 10:00-17:00","operational_status":null,"building":null,"addr:housename":null,"addr":null,"place":null,"name:ur":null,"contact:email":null,"addr:suburb":null,"health_facility:type":null,"designation":null,"contact:mobile":null,"addr:block":null,"wheelchair":null,"medical_system":null,"operator":null,"addr:place":null,"speciality":null,"operator:type":null,"foot":null,"bicycle":null,"barrier":null,"fax":null,"email":null,"healthcare:speciality":null,"name:mr":null,"name:hi":null,"name:en":null,"wikipedia":null,"wikimedia_commons":null,"addr:housenumber":null,"phone":null,"description":null,"alias":null,"name:kn":null,"wikidata":null,"internet_access":null,"check_date":null,"addr:subdistrict":null,"addr:street":"g.m office road","website":null,"contact:phone":null,"addr:city":null,"addr:state":null,"addr:postcode":"442403","addr:full":null,"addr:district":null,"name:etymology:wikidata":null,"healthcare":null,"emergency":null,"addr:country":null,"postal_code":null,"population":null,"name:te":null,"name":"MAHAKALI DISPENSARY","is_in":null,"alt_name":null,"AND_a_nosr_p":null},"geometry":{"type":"Point","coordinates":[79.3112187,19.9494406]}},
{"type":"Feature","properties":{"full_id":"n4339795493","osm_id":"4339795493","osm_type":"node","amenity":"hospital","ref":null,"phone:mobile":null,"loc_name:en":null,"medical_supply":null,"loc_name":null,"short_name:en":null,"short_name":null,"payment:google_pay":null,"payment:coins":null,"service":null,"payment:visa":null,"payment:mastercard":null,"payment:contactless":null,"payment:app":null,"internet_access:ssid":null,"payment:upi":null,"contact:facebook":null,"services":null,"payment:wallets":null,"payment:cards":null,"operational_status_quality":null,"building:use":null,"building:levels:underground":null,"building:levels":null,"parking":null,"brand":null,"entrance":null,"air_conditioning":null,"addr:floor":null,"image":null,"not:operator:wikidata":null,"mobile":null,"name:es":null,"addr:city:ur":null,"ele":null,"locality":null,"addr:landmark":null,"power":null,"natural":null,"opening_hours:covid19":null,"closing_hours":null,"survey:date":null,"geometry":null,"name:pa":null,"operator:short":null,"contact:helpline":null,"contact:website":null,"addr:quarter":null,"addr:neighbourhood":null,"aeroway":null,"old_name":null,"contact:tollfree":null,"start_date":null,"internet_access:fee":null,"operator:wikidata":null,"level":null,"payment:debit_cards":null,"payment:credit_cards":null,"payment:cash":null,"motor_vehicle":null,"horse":null,"access":null,"addr:unit":null,"addr:locality":null,"shop":null,"highway":null,"emergency_telephone_code":null,"opening_hours":null,"operational_status":null,"building":null,"addr:housename":null,"addr":null,"place":null,"name:ur":null,"contact:email":null,"addr:suburb":null,"health_facility:type":null,"designation":null,"contact:mobile":null,"addr:block":null,"wheelchair":null,"medical_system":null,"operator":null,"addr:place":null,"speciality":null,"operator:type":null,"foot":null,"bicycle":null,"barrier":null,"fax":null,"email":null,"healthcare:speciality":null,"name:mr":null,"name:hi":null,"name:en":null,"wikipedia":null,"wikimedia_commons":null,"addr:housenumber":null,"phone":null,"description":"District Hospital","alias":null,"name:kn":null,"wikidata":null,"internet_access":null,"check_date":null,"addr:subdistrict":null,"addr:street":null,"website":null,"contact:phone":null,"addr:city":null,"addr:state":"Maharashtra","addr:postcode":"442402","addr:full":"Jatpura Gate Road, Chandrapur","addr:district":"Chandrapur","name:etymology:wikidata":null,"healthcare":"hospital","emergency":null,"addr:country":null,"postal_code":null,"population":null,"name:te":null,"name":"Chandrapur government hospital","is_in":null,"alt_name":null,"AND_a_nosr_p":null},"geometry":{"type":"Point","coordinates":[79.2961756,19.9541291]}},
{"type":"Feature","properties":{"full_id":"n4339797192","osm_id":"4339797192","osm_type":"node","amenity":"hospital","ref":null,"phone:mobile":null,"loc_name:en":null,"medical_supply":null,"loc_name":null,"short_name:en":null,"short_name":null,"payment:google_pay":null,"payment:coins":null,"service":null,"payment:visa":null,"payment:mastercard":null,"payment:contactless":null,"payment:app":null,"internet_access:ssid":null,"payment:upi":null,"contact:facebook":null,"services":null,"payment:wallets":null,"payment:cards":null,"operational_status_quality":null,"building:use":null,"building:levels:underground":null,"building:levels":null,"parking":null,"brand":null,"entrance":null,"air_conditioning":null,"addr:floor":null,"image":null,"not:operator:wikidata":null,"mobile":null,"name:es":null,"addr:city:ur":null,"ele":null,"locality":null,"addr:landmark":null,"power":null,"natural":null,"opening_hours:covid19":null,"closing_hours":null,"survey:date":null,"geometry":null,"name:pa":null,"operator:short":null,"contact:helpline":null,"contact:website":null,"addr:quarter":null,"addr:neighbourhood":null,"aeroway":null,"old_name":null,"contact:tollfree":null,"start_date":null,"internet_access:fee":null,"operator:wikidata":null,"level":null,"payment:debit_cards":null,"payment:credit_cards":null,"payment:cash":null,"motor_vehicle":null,"horse":null,"access":null,"addr:unit":null,"addr:locality":null,"shop":null,"highway":null,"emergency_telephone_code":null,"opening_hours":null,"operational_status":null,"building":null,"addr:housename":null,"addr":null,"place":null,"name:ur":null,"contact:email":null,"addr:suburb":null,"health_facility:type":null,"designation":null,"contact:mobile":null,"addr:block":null,"wheelchair":null,"medical_system":null,"operator":null,"addr:place":null,"speciality":null,"operator:type":null,"foot":null,"bicycle":null,"barrier":null,"fax":null,"email":null,"healthcare:speciality":null,"name:mr":null,"name:hi":null,"name:en":null,"wikipedia":null,"wikimedia_commons":null,"addr:housenumber":null,"phone":null,"description":null,"alias":null,"name:kn":null,"wikidata":null,"internet_access":null,"check_date":null,"addr:subdistrict":null,"addr:street":null,"website":null,"contact:phone":null,"addr:city":null,"addr:state":null,"addr:postcode":null,"addr:full":null,"addr:district":null,"name:etymology:wikidata":null,"healthcare":null,"emergency":null,"addr:country":null,"postal_code":null,"population":null,"name:te":null,"name":"Lalpeth dispensary","is_in":null,"alt_name":null,"AND_a_nosr_p":null},"geometry":{"type":"Point","coordinates":[79.3103646,19.9265221]}},
{"type":"Feature","properties":{"full_id":"n4339799589","osm_id":"4339799589","osm_type":"node","amenity":"hospital","ref":null,"phone:mobile":null,"loc_name:en":null,"medical_supply":null,"loc_name":null,"short_name:en":null,"short_name":null,"payment:google_pay":null,"payment:coins":null,"service":null,"payment:visa":null,"payment:mastercard":null,"payment:contactless":null,"payment:app":null,"internet_access:ssid":null,"payment:upi":null,"contact:facebook":null,"services":null,"payment:wallets":null,"payment:cards":null,"operational_status_quality":null,"building:use":null,"building:levels:underground":null,"building:levels":null,"parking":null,"brand":null,"entrance":null,"air_conditioning":null,"addr:floor":null,"image":null,"not:operator:wikidata":null,"mobile":null,"name:es":null,"addr:city:ur":null,"ele":null,"locality":null,"addr:landmark":null,"power":null,"natural":null,"opening_hours:covid19":null,"closing_hours":null,"survey:date":null,"geometry":null,"name:pa":null,"operator:short":null,"contact:helpline":null,"contact:website":null,"addr:quarter":null,"addr:neighbourhood":null,"aeroway":null,"old_name":null,"contact:tollfree":null,"start_date":null,"internet_access:fee":null,"operator:wikidata":null,"level":null,"payment:debit_cards":null,"payment:credit_cards":null,"payment:cash":null,"motor_vehicle":null,"horse":null,"access":null,"addr:unit":null,"addr:locality":null,"shop":null,"highway":null,"emergency_telephone_code":null,"opening_hours":null,"operational_status":null,"building":null,"addr:housename":null,"addr":null,"place":null,"name:ur":null,"contact:email":null,"addr:suburb":null,"health_facility:type":null,"designation":null,"contact:mobile":null,"addr:block":null,"wheelchair":null,"medical_system":null,"operator":null,"addr:place":null,"speciality":null,"operator:type":null,"foot":null,"bicycle":null,"barrier":null,"fax":null,"email":null,"healthcare:speciality":null,"name:mr":null,"name:hi":null,"name:en":null,"wikipedia":null,"wikimedia_commons":null,"addr:housenumber":null,"phone":null,"description":null,"alias":null,"name:kn":null,"wikidata":null,"internet_access":null,"check_date":null,"addr:subdistrict":null,"addr:street":null,"website":null,"contact:phone":null,"addr:city":null,"addr:state":null,"addr:postcode":null,"addr:full":null,"addr:district":null,"name:etymology:wikidata":null,"healthcare":"hospital","emergency":null,"addr:country":null,"postal_code":null,"population":null,"name:te":null,"name":"WCL AREA HOSPITAL","is_in":null,"alt_name":null,"AND_a_nosr_p":null},"geometry":{"type":"Point","coordinates":[79.3072279,19.9285187]}},
{"type":"Feature","properties":{"full_id":"n4339803889","osm_id":"4339803889","osm_type":"node","amenity":"hospital","ref":null,"phone:mobile":null,"loc_name:en":null,"medical_supply":null,"loc_name":null,"short_name:en":null,"short_name":null,"payment:google_pay":null,"payment:coins":null,"service":null,"payment:visa":null,"payment:mastercard":null,"payment:contactless":null,"payment:app":null,"internet_access:ssid":null,"payment:upi":null,"contact:facebook":null,"services":null,"payment:wallets":null,"payment:cards":null,"operational_status_quality":null,"building:use":null,"building:levels:underground":null,"building:levels":null,"parking":null,"brand":null,"entrance":null,"air_conditioning":null,"addr:floor":null,"image":null,"not:operator:wikidata":null,"mobile":null,"name:es":null,"addr:city:ur":null,"ele":null,"locality":null,"addr:landmark":null,"power":null,"natural":null,"opening_hours:covid19":null,"closing_hours":null,"survey:date":null,"geometry":null,"name:pa":null,"operator:short":null,"contact:helpline":null,"contact:website":null,"addr:quarter":null,"addr:neighbourhood":null,"aeroway":null,"old_name":null,"contact:tollfree":null,"start_date":null,"internet_access:fee":null,"operator:wikidata":null,"level":null,"payment:debit_cards":null,"payment:credit_cards":null,"payment:cash":null,"motor_vehicle":null,"horse":null,"access":null,"addr:unit":null,"addr:locality":null,"shop":null,"highway":null,"emergency_telephone_code":null,"opening_hours":"24/7","operational_status":null,"building":null,"addr:housename":null,"addr":null,"place":null,"name:ur":null,"contact:email":null,"addr:suburb":null,"health_facility:type":null,"designation":null,"contact:mobile":null,"addr:block":null,"wheelchair":null,"medical_system":null,"operator":null,"addr:place":null,"speciality":null,"operator:type":null,"foot":null,"bicycle":null,"barrier":null,"fax":null,"email":null,"healthcare:speciality":null,"name:mr":null,"name:hi":null,"name:en":null,"wikipedia":null,"wikimedia_commons":null,"addr:housenumber":null,"phone":null,"description":null,"alias":null,"name:kn":null,"wikidata":null,"internet_access":null,"check_date":null,"addr:subdistrict":null,"addr:street":"bhanapeth ward","website":null,"contact:phone":null,"addr:city":null,"addr:state":"Maharashtra","addr:postcode":"442402","addr:full":"Bhanapeth War","addr:district":"Chandrapur","name:etymology:wikidata":null,"healthcare":"hospital","emergency":null,"addr:country":null,"postal_code":null,"population":null,"name:te":null,"name":"Shri Sai Divine Cure Multispeciality Hospital","is_in":null,"alt_name":null,"AND_a_nosr_p":null},"geometry":{"type":"Point","coordinates":[79.2988221,19.9494452]}},
{"type":"Feature","properties":{"full_id":"n4376874219","osm_id":"4376874219","osm_type":"node","amenity":"hospital","ref":null,"phone:mobile":null,"loc_name:en":null,"medical_supply":null,"loc_name":null,"short_name:en":null,"short_name":null,"payment:google_pay":null,"payment:coins":null,"service":null,"payment:visa":null,"payment:mastercard":null,"payment:contactless":null,"payment:app":null,"internet_access:ssid":null,"payment:upi":null,"contact:facebook":null,"services":null,"payment:wallets":null,"payment:cards":null,"operational_status_quality":null,"building:use":null,"building:levels:underground":null,"building:levels":null,"parking":null,"brand":null,"entrance":null,"air_conditioning":null,"addr:floor":null,"image":null,"not:operator:wikidata":null,"mobile":null,"name:es":null,"addr:city:ur":null,"ele":null,"locality":null,"addr:landmark":null,"power":null,"natural":null,"opening_hours:covid19":null,"closing_hours":null,"survey:date":null,"geometry":null,"name:pa":null,"operator:short":null,"contact:helpline":null,"contact:website":null,"addr:quarter":null,"addr:neighbourhood":null,"aeroway":null,"old_name":null,"contact:tollfree":null,"start_date":null,"internet_access:fee":null,"operator:wikidata":null,"level":null,"payment:debit_cards":null,"payment:credit_cards":null,"payment:cash":null,"motor_vehicle":null,"horse":null,"access":null,"addr:unit":null,"addr:locality":null,"shop":null,"highway":null,"emergency_telephone_code":null,"opening_hours":null,"operational_status":null,"building":null,"addr:housename":null,"addr":null,"place":null,"name:ur":null,"contact:email":null,"addr:suburb":null,"health_facility:type":null,"designation":null,"contact:mobile":null,"addr:block":null,"wheelchair":null,"medical_system":null,"operator":null,"addr:place":null,"speciality":null,"operator:type":null,"foot":null,"bicycle":null,"barrier":null,"fax":null,"email":null,"healthcare:speciality":null,"name:mr":null,"name:hi":null,"name:en":null,"wikipedia":null,"wikimedia_commons":null,"addr:housenumber":null,"phone":null,"description":null,"alias":null,"name:kn":null,"wikidata":null,"internet_access":null,"check_date":null,"addr:subdistrict":null,"addr:street":"datala road","website":null,"contact:phone":null,"addr:city":null,"addr:state":null,"addr:postcode":null,"addr:full":null,"addr:district":null,"name:etymology:wikidata":null,"healthcare":"hospital","emergency":null,"addr:country":null,"postal_code":null,"population":null,"name:te":null,"name":"chiddarwar hospital","is_in":null,"alt_name":null,"AND_a_nosr_p":null},"geometry":{"type":"Point","coordinates":[79.290218,19.9615319]}},
{"type":"Feature","properties":{"full_id":"n4376876207","osm_id":"4376876207","osm_type":"node","amenity":"hospital","ref":null,"phone:mobile":null,"loc_name:en":null,"medical_supply":null,"loc_name":null,"short_name:en":null,"short_name":null,"payment:google_pay":null,"payment:coins":null,"service":null,"payment:visa":null,"payment:mastercard":null,"payment:contactless":null,"payment:app":null,"internet_access:ssid":null,"payment:upi":null,"contact:facebook":null,"services":null,"payment:wallets":null,"payment:cards":null,"operational_status_quality":null,"building:use":null,"building:levels:underground":null,"building:levels":null,"parking":null,"brand":null,"entrance":null,"air_conditioning":null,"addr:floor":null,"image":null,"not:operator:wikidata":null,"mobile":null,"name:es":null,"addr:city:ur":null,"ele":null,"locality":null,"addr:landmark":null,"power":null,"natural":null,"opening_hours:covid19":null,"closing_hours":null,"survey:date":null,"geometry":null,"name:pa":null,"operator:short":null,"contact:helpline":null,"contact:website":null,"addr:quarter":null,"addr:neighbourhood":null,"aeroway":null,"old_name":null,"contact:tollfree":null,"start_date":null,"internet_access:fee":null,"operator:wikidata":null,"level":null,"payment:debit_cards":null,"payment:credit_cards":null,"payment:cash":null,"motor_vehicle":null,"horse":null,"access":null,"addr:unit":null,"addr:locality":null,"shop":null,"highway":null,"emergency_telephone_code":null,"opening_hours":"24/7","operational_status":null,"building":null,"addr:housename":null,"addr":null,"place":null,"name:ur":null,"contact:email":null,"addr:suburb":null,"health_facility:type":null,"designation":null,"contact:mobile":null,"addr:block":null,"wheelchair":null,"medical_system":null,"operator":null,"addr:place":null,"speciality":null,"operator:type":null,"foot":null,"bicycle":null,"barrier":null,"fax":null,"email":null,"healthcare:speciality":null,"name:mr":null,"name:hi":null,"name:en":null,"wikipedia":null,"wikimedia_commons":null,"addr:housenumber":null,"phone":null,"description":null,"alias":null,"name:kn":null,"wikidata":null,"internet_access":null,"check_date":null,"addr:subdistrict":null,"addr:street":"ramnagar","website":null,"contact:phone":null,"addr:city":null,"addr:state":null,"addr:postcode":"442401","addr:full":null,"addr:district":null,"name:etymology:wikidata":null,"healthcare":"hospital","emergency":null,"addr:country":null,"postal_code":null,"population":null,"name:te":null,"name":"Medical college","is_in":null,"alt_name":null,"AND_a_nosr_p":null},"geometry":{"type":"Point","coordinates":[79.292379,19.9634812]}},
{"type":"Feature","properties":{"full_id":"n4376878402","osm_id":"4376878402","osm_type":"node","amenity":"hospital","ref":null,"phone:mobile":null,"loc_name:en":null,"medical_supply":null,"loc_name":null,"short_name:en":null,"short_name":null,"payment:google_pay":null,"payment:coins":null,"service":null,"payment:visa":null,"payment:mastercard":null,"payment:contactless":null,"payment:app":null,"internet_access:ssid":null,"payment:upi":null,"contact:facebook":null,"services":null,"payment:wallets":null,"payment:cards":null,"operational_status_quality":null,"building:use":null,"building:levels:underground":null,"building:levels":null,"parking":null,"brand":null,"entrance":null,"air_conditioning":null,"addr:floor":null,"image":null,"not:operator:wikidata":null,"mobile":null,"name:es":null,"addr:city:ur":null,"ele":null,"locality":null,"addr:landmark":null,"power":null,"natural":null,"opening_hours:covid19":null,"closing_hours":null,"survey:date":null,"geometry":null,"name:pa":null,"operator:short":null,"contact:helpline":null,"contact:website":null,"addr:quarter":null,"addr:neighbourhood":null,"aeroway":null,"old_name":null,"contact:tollfree":null,"start_date":null,"internet_access:fee":null,"operator:wikidata":null,"level":null,"payment:debit_cards":null,"payment:credit_cards":null,"payment:cash":null,"motor_vehicle":null,"horse":null,"access":null,"addr:unit":null,"addr:locality":null,"shop":null,"highway":null,"emergency_telephone_code":null,"opening_hours":"24/7","operational_status":null,"building":null,"addr:housename":null,"addr":null,"place":null,"name:ur":null,"contact:email":null,"addr:suburb":null,"health_facility:type":null,"designation":null,"contact:mobile":null,"addr:block":null,"wheelchair":null,"medical_system":null,"operator":null,"addr:place":null,"speciality":null,"operator:type":null,"foot":null,"bicycle":null,"barrier":null,"fax":null,"email":null,"healthcare:speciality":null,"name:mr":null,"name:hi":null,"name:en":null,"wikipedia":null,"wikimedia_commons":null,"addr:housenumber":null,"phone":null,"description":null,"alias":null,"name:kn":null,"wikidata":null,"internet_access":null,"check_date":null,"addr:subdistrict":null,"addr:street":"pathanpura road","website":null,"contact:phone":null,"addr:city":null,"addr:state":null,"addr:postcode":"442402","addr:full":null,"addr:district":null,"name:etymology:wikidata":null,"healthcare":"hospital","emergency":null,"addr:country":null,"postal_code":null,"population":null,"name:te":null,"name":"Katyani Hospital","is_in":null,"alt_name":null,"AND_a_nosr_p":null},"geometry":{"type":"Point","coordinates":[79.2958989,19.9431879]}},
{"type":"Feature","properties":{"full_id":"n4376879111","osm_id":"4376879111","osm_type":"node","amenity":"hospital","ref":null,"phone:mobile":null,"loc_name:en":null,"medical_supply":null,"loc_name":null,"short_name:en":null,"short_name":null,"payment:google_pay":null,"payment:coins":null,"service":null,"payment:visa":null,"payment:mastercard":null,"payment:contactless":null,"payment:app":null,"internet_access:ssid":null,"payment:upi":null,"contact:facebook":null,"services":null,"payment:wallets":null,"payment:cards":null,"operational_status_quality":null,"building:use":null,"building:levels:underground":null,"building:levels":null,"parking":null,"brand":null,"entrance":null,"air_conditioning":null,"addr:floor":null,"image":null,"not:operator:wikidata":null,"mobile":null,"name:es":null,"addr:city:ur":null,"ele":null,"locality":null,"addr:landmark":null,"power":null,"natural":null,"opening_hours:covid19":null,"closing_hours":null,"survey:date":null,"geometry":null,"name:pa":null,"operator:short":null,"contact:helpline":null,"contact:website":null,"addr:quarter":null,"addr:neighbourhood":null,"aeroway":null,"old_name":null,"contact:tollfree":null,"start_date":null,"internet_access:fee":null,"operator:wikidata":null,"level":null,"payment:debit_cards":null,"payment:credit_cards":null,"payment:cash":null,"motor_vehicle":null,"horse":null,"access":null,"addr:unit":null,"addr:locality":null,"shop":null,"highway":null,"emergency_telephone_code":null,"opening_hours":null,"operational_status":null,"building":null,"addr:housename":null,"addr":null,"place":null,"name:ur":null,"contact:email":null,"addr:suburb":null,"health_facility:type":null,"designation":null,"contact:mobile":null,"addr:block":null,"wheelchair":null,"medical_system":null,"operator":null,"addr:place":null,"speciality":null,"operator:type":null,"foot":null,"bicycle":null,"barrier":null,"fax":null,"email":null,"healthcare:speciality":null,"name:mr":null,"name:hi":null,"name:en":null,"wikipedia":null,"wikimedia_commons":null,"addr:housenumber":null,"phone":null,"description":null,"alias":null,"name:kn":null,"wikidata":null,"internet_access":null,"check_date":null,"addr:subdistrict":null,"addr:street":null,"website":null,"contact:phone":null,"addr:city":null,"addr:state":null,"addr:postcode":null,"addr:full":null,"addr:district":null,"name:etymology:wikidata":null,"healthcare":"hospital","emergency":null,"addr:country":null,"postal_code":null,"population":null,"name:te":null,"name":"T.b hospital","is_in":null,"alt_name":null,"AND_a_nosr_p":null},"geometry":{"type":"Point","coordinates":[79.2919842,19.9642778]}},
{"type":"Feature","properties":{"full_id":"n4759947942","osm_id":"4759947942","osm_type":"node","amenity":"hospital","ref":null,"phone:mobile":null,"loc_name:en":null,"medical_supply":null,"loc_name":null,"short_name:en":null,"short_name":null,"payment:google_pay":null,"payment:coins":null,"service":null,"payment:visa":null,"payment:mastercard":null,"payment:contactless":null,"payment:app":null,"internet_access:ssid":null,"payment:upi":null,"contact:facebook":null,"services":null,"payment:wallets":null,"payment:cards":null,"operational_status_quality":null,"building:use":null,"building:levels:underground":null,"building:levels":null,"parking":null,"brand":null,"entrance":null,"air_conditioning":null,"addr:floor":null,"image":null,"not:operator:wikidata":null,"mobile":null,"name:es":null,"addr:city:ur":null,"ele":null,"locality":null,"addr:landmark":null,"power":null,"natural":null,"opening_hours:covid19":null,"closing_hours":null,"survey:date":null,"geometry":null,"name:pa":null,"operator:short":null,"contact:helpline":null,"contact:website":null,"addr:quarter":null,"addr:neighbourhood":null,"aeroway":null,"old_name":null,"contact:tollfree":null,"start_date":null,"internet_access:fee":null,"operator:wikidata":null,"level":null,"payment:debit_cards":null,"payment:credit_cards":null,"payment:cash":null,"motor_vehicle":null,"horse":null,"access":null,"addr:unit":null,"addr:locality":null,"shop":null,"highway":null,"emergency_telephone_code":null,"opening_hours":null,"operational_status":null,"building":null,"addr:housename":null,"addr":null,"place":null,"name:ur":null,"contact:email":null,"addr:suburb":null,"health_facility:type":null,"designation":null,"contact:mobile":null,"addr:block":null,"wheelchair":null,"medical_system":null,"operator":null,"addr:place":null,"speciality":null,"operator:type":null,"foot":null,"bicycle":null,"barrier":null,"fax":null,"email":null,"healthcare:speciality":null,"name:mr":null,"name:hi":null,"name:en":null,"wikipedia":null,"wikimedia_commons":null,"addr:housenumber":null,"phone":null,"description":null,"alias":null,"name:kn":null,"wikidata":null,"internet_access":null,"check_date":null,"addr:subdistrict":null,"addr:street":null,"website":null,"contact:phone":null,"addr:city":null,"addr:state":null,"addr:postcode":null,"addr:full":null,"addr:district":null,"name:etymology:wikidata":null,"healthcare":null,"emergency":null,"addr:country":null,"postal_code":null,"population":null,"name:te":null,"name":"Kapgate Hospital","is_in":null,"alt_name":null,"AND_a_nosr_p":null},"geometry":{"type":"Point","coordinates":[79.856292,20.6082463]}},
{"type":"Feature","properties":{"full_id":"n4764517991","osm_id":"4764517991","osm_type":"node","amenity":"hospital","ref":null,"phone:mobile":null,"loc_name:en":null,"medical_supply":null,"loc_name":null,"short_name:en":null,"short_name":null,"payment:google_pay":null,"payment:coins":null,"service":null,"payment:visa":null,"payment:mastercard":null,"payment:contactless":null,"payment:app":null,"internet_access:ssid":null,"payment:upi":null,"contact:facebook":null,"services":null,"payment:wallets":null,"payment:cards":null,"operational_status_quality":null,"building:use":null,"building:levels:underground":null,"building:levels":null,"parking":null,"brand":null,"entrance":null,"air_conditioning":null,"addr:floor":null,"image":null,"not:operator:wikidata":null,"mobile":null,"name:es":null,"addr:city:ur":null,"ele":null,"locality":null,"addr:landmark":null,"power":null,"natural":null,"opening_hours:covid19":null,"closing_hours":null,"survey:date":null,"geometry":null,"name:pa":null,"operator:short":null,"contact:helpline":null,"contact:website":null,"addr:quarter":null,"addr:neighbourhood":null,"aeroway":null,"old_name":null,"contact:tollfree":null,"start_date":null,"internet_access:fee":null,"operator:wikidata":null,"level":null,"payment:debit_cards":null,"payment:credit_cards":null,"payment:cash":null,"motor_vehicle":null,"horse":null,"access":null,"addr:unit":null,"addr:locality":null,"shop":null,"highway":null,"emergency_telephone_code":null,"opening_hours":null,"operational_status":null,"building":null,"addr:housename":null,"addr":null,"place":null,"name:ur":null,"contact:email":null,"addr:suburb":null,"health_facility:type":null,"designation":null,"contact:mobile":null,"addr:block":null,"wheelchair":null,"medical_system":null,"operator":"Dr. Atul Nagre","addr:place":null,"speciality":null,"operator:type":null,"foot":null,"bicycle":null,"barrier":null,"fax":null,"email":null,"healthcare:speciality":null,"name:mr":null,"name:hi":null,"name:en":null,"wikipedia":null,"wikimedia_commons":null,"addr:housenumber":null,"phone":null,"description":null,"alias":null,"name:kn":null,"wikidata":null,"internet_access":null,"check_date":null,"addr:subdistrict":null,"addr:street":"Jani Ward","website":null,"contact:phone":null,"addr:city":"Bramhapuri","addr:state":null,"addr:postcode":"441206","addr:full":null,"addr:district":null,"name:etymology:wikidata":null,"healthcare":null,"emergency":"yes","addr:country":null,"postal_code":null,"population":null,"name:te":null,"name":"Akshay Nursing Home","is_in":null,"alt_name":null,"AND_a_nosr_p":null},"geometry":{"type":"Point","coordinates":[79.8615589,20.6091031]}},
{"type":"Feature","properties":{"full_id":"n4841801022","osm_id":"4841801022","osm_type":"node","amenity":"hospital","ref":null,"phone:mobile":null,"loc_name:en":null,"medical_supply":null,"loc_name":null,"short_name:en":null,"short_name":null,"payment:google_pay":null,"payment:coins":null,"service":null,"payment:visa":null,"payment:mastercard":null,"payment:contactless":null,"payment:app":null,"internet_access:ssid":null,"payment:upi":null,"contact:facebook":null,"services":null,"payment:wallets":null,"payment:cards":null,"operational_status_quality":null,"building:use":null,"building:levels:underground":null,"building:levels":null,"parking":null,"brand":null,"entrance":null,"air_conditioning":null,"addr:floor":null,"image":null,"not:operator:wikidata":null,"mobile":null,"name:es":null,"addr:city:ur":null,"ele":null,"locality":null,"addr:landmark":null,"power":null,"natural":null,"opening_hours:covid19":null,"closing_hours":null,"survey:date":null,"geometry":null,"name:pa":null,"operator:short":null,"contact:helpline":null,"contact:website":null,"addr:quarter":null,"addr:neighbourhood":null,"aeroway":null,"old_name":null,"contact:tollfree":null,"start_date":null,"internet_access:fee":null,"operator:wikidata":null,"level":null,"payment:debit_cards":null,"payment:credit_cards":null,"payment:cash":null,"motor_vehicle":null,"horse":null,"access":null,"addr:unit":null,"addr:locality":null,"shop":null,"highway":null,"emergency_telephone_code":null,"opening_hours":null,"operational_status":null,"building":null,"addr:housename":null,"addr":null,"place":null,"name:ur":null,"contact:email":null,"addr:suburb":null,"health_facility:type":null,"designation":null,"contact:mobile":null,"addr:block":null,"wheelchair":null,"medical_system":null,"operator":null,"addr:place":null,"speciality":null,"operator:type":null,"foot":null,"bicycle":null,"barrier":null,"fax":null,"email":null,"healthcare:speciality":null,"name:mr":null,"name:hi":null,"name:en":"Kamal Hospital","wikipedia":null,"wikimedia_commons":null,"addr:housenumber":null,"phone":"07177272262","description":null,"alias":null,"name:kn":null,"wikidata":null,"internet_access":null,"check_date":null,"addr:subdistrict":null,"addr:street":null,"website":null,"contact:phone":null,"addr:city":null,"addr:state":null,"addr:postcode":"441206","addr:full":null,"addr:district":null,"name:etymology:wikidata":null,"healthcare":null,"emergency":null,"addr:country":null,"postal_code":null,"population":null,"name:te":null,"name":null,"is_in":null,"alt_name":null,"AND_a_nosr_p":null},"geometry":{"type":"Point","coordinates":[79.8570067,20.6078187]}},
{"type":"Feature","properties":{"full_id":"n4841819521","osm_id":"4841819521","osm_type":"node","amenity":"hospital","ref":null,"phone:mobile":null,"loc_name:en":null,"medical_supply":null,"loc_name":null,"short_name:en":null,"short_name":null,"payment:google_pay":null,"payment:coins":null,"service":null,"payment:visa":null,"payment:mastercard":null,"payment:contactless":null,"payment:app":null,"internet_access:ssid":null,"payment:upi":null,"contact:facebook":null,"services":null,"payment:wallets":null,"payment:cards":null,"operational_status_quality":null,"building:use":null,"building:levels:underground":null,"building:levels":null,"parking":null,"brand":null,"entrance":null,"air_conditioning":null,"addr:floor":null,"image":null,"not:operator:wikidata":null,"mobile":null,"name:es":null,"addr:city:ur":null,"ele":null,"locality":null,"addr:landmark":null,"power":null,"natural":null,"opening_hours:covid19":null,"closing_hours":null,"survey:date":null,"geometry":null,"name:pa":null,"operator:short":null,"contact:helpline":null,"contact:website":null,"addr:quarter":null,"addr:neighbourhood":null,"aeroway":null,"old_name":null,"contact:tollfree":null,"start_date":null,"internet_access:fee":null,"operator:wikidata":null,"level":null,"payment:debit_cards":null,"payment:credit_cards":null,"payment:cash":null,"motor_vehicle":null,"horse":null,"access":null,"addr:unit":null,"addr:locality":null,"shop":null,"highway":null,"emergency_telephone_code":null,"opening_hours":null,"operational_status":null,"building":null,"addr:housename":null,"addr":null,"place":null,"name:ur":null,"contact:email":null,"addr:suburb":null,"health_facility:type":null,"designation":null,"contact:mobile":null,"addr:block":null,"wheelchair":null,"medical_system":null,"operator":null,"addr:place":null,"speciality":null,"operator:type":null,"foot":null,"bicycle":null,"barrier":null,"fax":null,"email":null,"healthcare:speciality":null,"name:mr":null,"name:hi":null,"name:en":"Saoji Hospital","wikipedia":null,"wikimedia_commons":null,"addr:housenumber":null,"phone":null,"description":null,"alias":null,"name:kn":null,"wikidata":null,"internet_access":null,"check_date":null,"addr:subdistrict":null,"addr:street":null,"website":null,"contact:phone":null,"addr:city":null,"addr:state":null,"addr:postcode":null,"addr:full":null,"addr:district":null,"name:etymology:wikidata":null,"healthcare":null,"emergency":null,"addr:country":null,"postal_code":null,"population":null,"name:te":null,"name":null,"is_in":null,"alt_name":null,"AND_a_nosr_p":null},"geometry":{"type":"Point","coordinates":[79.8563127,20.607589]}},
{"type":"Feature","properties":{"full_id":"n6691681100","osm_id":"6691681100","osm_type":"node","amenity":"hospital","ref":null,"phone:mobile":null,"loc_name:en":null,"medical_supply":null,"loc_name":null,"short_name:en":null,"short_name":null,"payment:google_pay":null,"payment:coins":null,"service":null,"payment:visa":null,"payment:mastercard":null,"payment:contactless":null,"payment:app":null,"internet_access:ssid":null,"payment:upi":null,"contact:facebook":null,"services":null,"payment:wallets":null,"payment:cards":null,"operational_status_quality":null,"building:use":null,"building:levels:underground":null,"building:levels":null,"parking":null,"brand":null,"entrance":null,"air_conditioning":null,"addr:floor":null,"image":null,"not:operator:wikidata":null,"mobile":null,"name:es":null,"addr:city:ur":null,"ele":null,"locality":null,"addr:landmark":null,"power":null,"natural":null,"opening_hours:covid19":null,"closing_hours":null,"survey:date":null,"geometry":null,"name:pa":null,"operator:short":null,"contact:helpline":null,"contact:website":null,"addr:quarter":null,"addr:neighbourhood":null,"aeroway":null,"old_name":null,"contact:tollfree":null,"start_date":null,"internet_access:fee":null,"operator:wikidata":null,"level":null,"payment:debit_cards":null,"payment:credit_cards":null,"payment:cash":null,"motor_vehicle":null,"horse":null,"access":null,"addr:unit":null,"addr:locality":null,"shop":null,"highway":null,"emergency_telephone_code":null,"opening_hours":null,"operational_status":null,"building":null,"addr:housename":null,"addr":null,"place":null,"name:ur":null,"contact:email":null,"addr:suburb":null,"health_facility:type":null,"designation":null,"contact:mobile":null,"addr:block":null,"wheelchair":null,"medical_system":null,"operator":null,"addr:place":null,"speciality":null,"operator:type":null,"foot":null,"bicycle":null,"barrier":null,"fax":null,"email":null,"healthcare:speciality":null,"name:mr":null,"name:hi":null,"name:en":null,"wikipedia":null,"wikimedia_commons":null,"addr:housenumber":null,"phone":null,"description":null,"alias":null,"name:kn":null,"wikidata":null,"internet_access":null,"check_date":null,"addr:subdistrict":null,"addr:street":null,"website":null,"contact:phone":null,"addr:city":null,"addr:state":null,"addr:postcode":null,"addr:full":null,"addr:district":null,"name:etymology:wikidata":null,"healthcare":"hospital","emergency":null,"addr:country":null,"postal_code":null,"population":null,"name:te":null,"name":"Kulkarni Hospital","is_in":null,"alt_name":null,"AND_a_nosr_p":null},"geometry":{"type":"Point","coordinates":[79.2999318,19.9700111]}},
{"type":"Feature","properties":{"full_id":"n6974097186","osm_id":"6974097186","osm_type":"node","amenity":"hospital","ref":null,"phone:mobile":null,"loc_name:en":null,"medical_supply":null,"loc_name":null,"short_name:en":null,"short_name":null,"payment:google_pay":null,"payment:coins":null,"service":null,"payment:visa":null,"payment:mastercard":null,"payment:contactless":null,"payment:app":null,"internet_access:ssid":null,"payment:upi":null,"contact:facebook":null,"services":null,"payment:wallets":null,"payment:cards":null,"operational_status_quality":null,"building:use":null,"building:levels:underground":null,"building:levels":null,"parking":null,"brand":null,"entrance":null,"air_conditioning":null,"addr:floor":null,"image":null,"not:operator:wikidata":null,"mobile":null,"name:es":null,"addr:city:ur":null,"ele":null,"locality":null,"addr:landmark":null,"power":null,"natural":null,"opening_hours:covid19":null,"closing_hours":null,"survey:date":"2019-11-13","geometry":null,"name:pa":null,"operator:short":null,"contact:helpline":null,"contact:website":null,"addr:quarter":null,"addr:neighbourhood":null,"aeroway":null,"old_name":null,"contact:tollfree":null,"start_date":null,"internet_access:fee":null,"operator:wikidata":null,"level":null,"payment:debit_cards":null,"payment:credit_cards":null,"payment:cash":null,"motor_vehicle":null,"horse":null,"access":null,"addr:unit":null,"addr:locality":null,"shop":null,"highway":null,"emergency_telephone_code":null,"opening_hours":null,"operational_status":null,"building":null,"addr:housename":null,"addr":null,"place":null,"name:ur":null,"contact:email":null,"addr:suburb":null,"health_facility:type":null,"designation":null,"contact:mobile":null,"addr:block":null,"wheelchair":null,"medical_system":null,"operator":null,"addr:place":null,"speciality":null,"operator:type":null,"foot":null,"bicycle":null,"barrier":null,"fax":null,"email":null,"healthcare:speciality":null,"name:mr":null,"name:hi":null,"name:en":null,"wikipedia":null,"wikimedia_commons":null,"addr:housenumber":null,"phone":null,"description":null,"alias":null,"name:kn":null,"wikidata":null,"internet_access":null,"check_date":null,"addr:subdistrict":null,"addr:street":null,"website":null,"contact:phone":null,"addr:city":null,"addr:state":null,"addr:postcode":null,"addr:full":null,"addr:district":null,"name:etymology:wikidata":null,"healthcare":null,"emergency":null,"addr:country":null,"postal_code":null,"population":null,"name:te":null,"name":"Anusaya Nursing Home","is_in":null,"alt_name":null,"AND_a_nosr_p":null},"geometry":{"type":"Point","coordinates":[79.2916533,19.9686267]}},
{"type":"Feature","properties":{"full_id":"n6974097485","osm_id":"6974097485","osm_type":"node","amenity":"hospital","ref":null,"phone:mobile":null,"loc_name:en":null,"medical_supply":null,"loc_name":null,"short_name:en":null,"short_name":null,"payment:google_pay":null,"payment:coins":null,"service":null,"payment:visa":null,"payment:mastercard":null,"payment:contactless":null,"payment:app":null,"internet_access:ssid":null,"payment:upi":null,"contact:facebook":null,"services":null,"payment:wallets":null,"payment:cards":null,"operational_status_quality":null,"building:use":null,"building:levels:underground":null,"building:levels":null,"parking":null,"brand":null,"entrance":null,"air_conditioning":null,"addr:floor":null,"image":null,"not:operator:wikidata":null,"mobile":null,"name:es":null,"addr:city:ur":null,"ele":null,"locality":null,"addr:landmark":null,"power":null,"natural":null,"opening_hours:covid19":null,"closing_hours":null,"survey:date":"2019-11-13","geometry":null,"name:pa":null,"operator:short":null,"contact:helpline":null,"contact:website":null,"addr:quarter":null,"addr:neighbourhood":null,"aeroway":null,"old_name":null,"contact:tollfree":null,"start_date":null,"internet_access:fee":null,"operator:wikidata":null,"level":null,"payment:debit_cards":null,"payment:credit_cards":null,"payment:cash":null,"motor_vehicle":null,"horse":null,"access":null,"addr:unit":null,"addr:locality":null,"shop":null,"highway":null,"emergency_telephone_code":null,"opening_hours":null,"operational_status":null,"building":null,"addr:housename":null,"addr":null,"place":null,"name:ur":null,"contact:email":null,"addr:suburb":null,"health_facility:type":null,"designation":null,"contact:mobile":null,"addr:block":null,"wheelchair":null,"medical_system":null,"operator":null,"addr:place":null,"speciality":null,"operator:type":null,"foot":null,"bicycle":null,"barrier":null,"fax":null,"email":null,"healthcare:speciality":null,"name:mr":null,"name:hi":null,"name:en":null,"wikipedia":null,"wikimedia_commons":null,"addr:housenumber":null,"phone":null,"description":null,"alias":null,"name:kn":null,"wikidata":null,"internet_access":null,"check_date":null,"addr:subdistrict":null,"addr:street":null,"website":null,"contact:phone":null,"addr:city":null,"addr:state":null,"addr:postcode":null,"addr:full":null,"addr:district":null,"name:etymology:wikidata":null,"healthcare":null,"emergency":null,"addr:country":null,"postal_code":null,"population":null,"name:te":null,"name":"Wasade Nursing Home","is_in":null,"alt_name":null,"AND_a_nosr_p":null},"geometry":{"type":"Point","coordinates":[79.2877575,19.9717092]}},
{"type":"Feature","properties":{"full_id":"n6974097685","osm_id":"6974097685","osm_type":"node","amenity":"hospital","ref":null,"phone:mobile":null,"loc_name:en":null,"medical_supply":null,"loc_name":null,"short_name:en":null,"short_name":null,"payment:google_pay":null,"payment:coins":null,"service":null,"payment:visa":null,"payment:mastercard":null,"payment:contactless":null,"payment:app":null,"internet_access:ssid":null,"payment:upi":null,"contact:facebook":null,"services":null,"payment:wallets":null,"payment:cards":null,"operational_status_quality":null,"building:use":null,"building:levels:underground":null,"building:levels":null,"parking":null,"brand":null,"entrance":null,"air_conditioning":null,"addr:floor":null,"image":null,"not:operator:wikidata":null,"mobile":null,"name:es":null,"addr:city:ur":null,"ele":null,"locality":null,"addr:landmark":null,"power":null,"natural":null,"opening_hours:covid19":null,"closing_hours":null,"survey:date":"2019-11-13","geometry":null,"name:pa":null,"operator:short":null,"contact:helpline":null,"contact:website":null,"addr:quarter":null,"addr:neighbourhood":null,"aeroway":null,"old_name":null,"contact:tollfree":null,"start_date":null,"internet_access:fee":null,"operator:wikidata":null,"level":null,"payment:debit_cards":null,"payment:credit_cards":null,"payment:cash":null,"motor_vehicle":null,"horse":null,"access":null,"addr:unit":null,"addr:locality":null,"shop":null,"highway":null,"emergency_telephone_code":null,"opening_hours":null,"operational_status":null,"building":null,"addr:housename":null,"addr":null,"place":null,"name:ur":null,"contact:email":null,"addr:suburb":null,"health_facility:type":null,"designation":null,"contact:mobile":null,"addr:block":null,"wheelchair":null,"medical_system":null,"operator":null,"addr:place":null,"speciality":null,"operator:type":null,"foot":null,"bicycle":null,"barrier":null,"fax":null,"email":null,"healthcare:speciality":null,"name:mr":null,"name:hi":null,"name:en":null,"wikipedia":null,"wikimedia_commons":null,"addr:housenumber":null,"phone":null,"description":null,"alias":null,"name:kn":null,"wikidata":null,"internet_access":null,"check_date":null,"addr:subdistrict":null,"addr:street":null,"website":null,"contact:phone":null,"addr:city":null,"addr:state":null,"addr:postcode":null,"addr:full":null,"addr:district":null,"name:etymology:wikidata":null,"healthcare":null,"emergency":null,"addr:country":null,"postal_code":null,"population":null,"name:te":null,"name":"Dr. Hemant Puttewar","is_in":null,"alt_name":null,"AND_a_nosr_p":null},"geometry":{"type":"Point","coordinates":[79.2922597,19.9683343]}},
{"type":"Feature","properties":{"full_id":"n7043182323","osm_id":"7043182323","osm_type":"node","amenity":"hospital","ref":null,"phone:mobile":null,"loc_name:en":null,"medical_supply":null,"loc_name":null,"short_name:en":null,"short_name":null,"payment:google_pay":null,"payment:coins":null,"service":null,"payment:visa":null,"payment:mastercard":null,"payment:contactless":null,"payment:app":null,"internet_access:ssid":null,"payment:upi":null,"contact:facebook":null,"services":null,"payment:wallets":null,"payment:cards":null,"operational_status_quality":null,"building:use":null,"building:levels:underground":null,"building:levels":null,"parking":null,"brand":null,"entrance":null,"air_conditioning":null,"addr:floor":null,"image":null,"not:operator:wikidata":null,"mobile":null,"name:es":null,"addr:city:ur":null,"ele":null,"locality":null,"addr:landmark":null,"power":null,"natural":null,"opening_hours:covid19":null,"closing_hours":null,"survey:date":null,"geometry":null,"name:pa":null,"operator:short":null,"contact:helpline":null,"contact:website":null,"addr:quarter":null,"addr:neighbourhood":null,"aeroway":null,"old_name":null,"contact:tollfree":null,"start_date":null,"internet_access:fee":null,"operator:wikidata":null,"level":null,"payment:debit_cards":null,"payment:credit_cards":null,"payment:cash":null,"motor_vehicle":null,"horse":null,"access":null,"addr:unit":null,"addr:locality":null,"shop":null,"highway":null,"emergency_telephone_code":null,"opening_hours":null,"operational_status":null,"building":null,"addr:housename":null,"addr":null,"place":null,"name:ur":null,"contact:email":null,"addr:suburb":null,"health_facility:type":null,"designation":null,"contact:mobile":null,"addr:block":null,"wheelchair":null,"medical_system":null,"operator":null,"addr:place":null,"speciality":null,"operator:type":null,"foot":null,"bicycle":null,"barrier":null,"fax":null,"email":null,"healthcare:speciality":null,"name:mr":null,"name:hi":null,"name:en":null,"wikipedia":null,"wikimedia_commons":null,"addr:housenumber":null,"phone":null,"description":null,"alias":null,"name:kn":null,"wikidata":null,"internet_access":null,"check_date":null,"addr:subdistrict":null,"addr:street":null,"website":null,"contact:phone":null,"addr:city":null,"addr:state":"Maharashtra","addr:postcode":"442401","addr:full":"Ganj Ward, Near Sardar Patel College, ,Ramala Talao, Near Panch Mandir","addr:district":"Chandrapur","name:etymology:wikidata":null,"healthcare":"hospital","emergency":null,"addr:country":null,"postal_code":null,"population":null,"name:te":null,"name":"Ghate Surgical and Maternity Hospital","is_in":null,"alt_name":null,"AND_a_nosr_p":null},"geometry":{"type":"Point","coordinates":[79.3018342,19.9513341]}},
{"type":"Feature","properties":{"full_id":"n7043997755","osm_id":"7043997755","osm_type":"node","amenity":"hospital","ref":null,"phone:mobile":null,"loc_name:en":null,"medical_supply":null,"loc_name":null,"short_name:en":null,"short_name":null,"payment:google_pay":null,"payment:coins":null,"service":null,"payment:visa":null,"payment:mastercard":null,"payment:contactless":null,"payment:app":null,"internet_access:ssid":null,"payment:upi":null,"contact:facebook":null,"services":null,"payment:wallets":null,"payment:cards":null,"operational_status_quality":null,"building:use":null,"building:levels:underground":null,"building:levels":null,"parking":null,"brand":null,"entrance":null,"air_conditioning":null,"addr:floor":null,"image":null,"not:operator:wikidata":null,"mobile":null,"name:es":null,"addr:city:ur":null,"ele":null,"locality":null,"addr:landmark":null,"power":null,"natural":null,"opening_hours:covid19":null,"closing_hours":null,"survey:date":null,"geometry":null,"name:pa":null,"operator:short":null,"contact:helpline":null,"contact:website":null,"addr:quarter":null,"addr:neighbourhood":null,"aeroway":null,"old_name":null,"contact:tollfree":null,"start_date":null,"internet_access:fee":null,"operator:wikidata":null,"level":null,"payment:debit_cards":null,"payment:credit_cards":null,"payment:cash":null,"motor_vehicle":null,"horse":null,"access":null,"addr:unit":null,"addr:locality":null,"shop":null,"highway":null,"emergency_telephone_code":null,"opening_hours":null,"operational_status":null,"building":null,"addr:housename":null,"addr":null,"place":null,"name:ur":null,"contact:email":null,"addr:suburb":null,"health_facility:type":null,"designation":null,"contact:mobile":null,"addr:block":null,"wheelchair":null,"medical_system":null,"operator":null,"addr:place":null,"speciality":null,"operator:type":null,"foot":null,"bicycle":null,"barrier":null,"fax":null,"email":null,"healthcare:speciality":null,"name:mr":null,"name:hi":null,"name:en":null,"wikipedia":null,"wikimedia_commons":null,"addr:housenumber":null,"phone":null,"description":null,"alias":null,"name:kn":null,"wikidata":null,"internet_access":null,"check_date":null,"addr:subdistrict":null,"addr:street":null,"website":null,"contact:phone":null,"addr:city":null,"addr:state":"Maharashtra","addr:postcode":"442401","addr:full":"Jyoti Nagar, Tukum","addr:district":"Chandrapur","name:etymology:wikidata":null,"healthcare":null,"emergency":null,"addr:country":null,"postal_code":null,"population":null,"name:te":null,"name":"Christ Hospital","is_in":null,"alt_name":null,"AND_a_nosr_p":null},"geometry":{"type":"Point","coordinates":[79.2926592,19.9726732]}},
{"type":"Feature","properties":{"full_id":"n7044717874","osm_id":"7044717874","osm_type":"node","amenity":"hospital","ref":null,"phone:mobile":null,"loc_name:en":null,"medical_supply":null,"loc_name":null,"short_name:en":null,"short_name":null,"payment:google_pay":null,"payment:coins":null,"service":null,"payment:visa":null,"payment:mastercard":null,"payment:contactless":null,"payment:app":null,"internet_access:ssid":null,"payment:upi":null,"contact:facebook":null,"services":null,"payment:wallets":null,"payment:cards":null,"operational_status_quality":null,"building:use":null,"building:levels:underground":null,"building:levels":null,"parking":null,"brand":null,"entrance":null,"air_conditioning":null,"addr:floor":null,"image":null,"not:operator:wikidata":null,"mobile":null,"name:es":null,"addr:city:ur":null,"ele":null,"locality":null,"addr:landmark":null,"power":null,"natural":null,"opening_hours:covid19":null,"closing_hours":null,"survey:date":null,"geometry":null,"name:pa":null,"operator:short":null,"contact:helpline":null,"contact:website":null,"addr:quarter":null,"addr:neighbourhood":null,"aeroway":null,"old_name":null,"contact:tollfree":null,"start_date":null,"internet_access:fee":null,"operator:wikidata":null,"level":null,"payment:debit_cards":null,"payment:credit_cards":null,"payment:cash":null,"motor_vehicle":null,"horse":null,"access":null,"addr:unit":null,"addr:locality":null,"shop":null,"highway":null,"emergency_telephone_code":null,"opening_hours":null,"operational_status":null,"building":null,"addr:housename":null,"addr":null,"place":null,"name:ur":null,"contact:email":null,"addr:suburb":null,"health_facility:type":null,"designation":null,"contact:mobile":null,"addr:block":null,"wheelchair":null,"medical_system":null,"operator":null,"addr:place":null,"speciality":null,"operator:type":null,"foot":null,"bicycle":null,"barrier":null,"fax":null,"email":null,"healthcare:speciality":null,"name:mr":null,"name:hi":null,"name:en":null,"wikipedia":null,"wikimedia_commons":null,"addr:housenumber":null,"phone":null,"description":null,"alias":null,"name:kn":null,"wikidata":null,"internet_access":null,"check_date":null,"addr:subdistrict":null,"addr:street":null,"website":null,"contact:phone":null,"addr:city":null,"addr:state":"Maharashtra","addr:postcode":"442401","addr:full":"Shushrusha Hospital, Opposite Z. P","addr:district":"Chandrapur","name:etymology:wikidata":null,"healthcare":"hospital","emergency":null,"addr:country":null,"postal_code":null,"population":null,"name:te":null,"name":"Shushrusha Hospital, Chandrapur","is_in":null,"alt_name":null,"AND_a_nosr_p":null},"geometry":{"type":"Point","coordinates":[79.2948841,19.9604136]}},
{"type":"Feature","properties":{"full_id":"n7045299930","osm_id":"7045299930","osm_type":"node","amenity":"hospital","ref":null,"phone:mobile":null,"loc_name:en":null,"medical_supply":null,"loc_name":null,"short_name:en":null,"short_name":null,"payment:google_pay":null,"payment:coins":null,"service":null,"payment:visa":null,"payment:mastercard":null,"payment:contactless":null,"payment:app":null,"internet_access:ssid":null,"payment:upi":null,"contact:facebook":null,"services":null,"payment:wallets":null,"payment:cards":null,"operational_status_quality":null,"building:use":null,"building:levels:underground":null,"building:levels":null,"parking":null,"brand":null,"entrance":null,"air_conditioning":null,"addr:floor":null,"image":null,"not:operator:wikidata":null,"mobile":null,"name:es":null,"addr:city:ur":null,"ele":null,"locality":null,"addr:landmark":null,"power":null,"natural":null,"opening_hours:covid19":null,"closing_hours":null,"survey:date":null,"geometry":null,"name:pa":null,"operator:short":null,"contact:helpline":null,"contact:website":null,"addr:quarter":null,"addr:neighbourhood":null,"aeroway":null,"old_name":null,"contact:tollfree":null,"start_date":null,"internet_access:fee":null,"operator:wikidata":null,"level":null,"payment:debit_cards":null,"payment:credit_cards":null,"payment:cash":null,"motor_vehicle":null,"horse":null,"access":null,"addr:unit":null,"addr:locality":null,"shop":null,"highway":null,"emergency_telephone_code":null,"opening_hours":null,"operational_status":null,"building":null,"addr:housename":null,"addr":null,"place":null,"name:ur":null,"contact:email":null,"addr:suburb":null,"health_facility:type":null,"designation":null,"contact:mobile":null,"addr:block":null,"wheelchair":null,"medical_system":null,"operator":null,"addr:place":null,"speciality":null,"operator:type":null,"foot":null,"bicycle":null,"barrier":null,"fax":null,"email":null,"healthcare:speciality":null,"name:mr":null,"name:hi":null,"name:en":null,"wikipedia":null,"wikimedia_commons":null,"addr:housenumber":null,"phone":null,"description":null,"alias":null,"name:kn":null,"wikidata":null,"internet_access":null,"check_date":null,"addr:subdistrict":null,"addr:street":null,"website":null,"contact:phone":null,"addr:city":null,"addr:state":"Maharashtra","addr:postcode":"442401","addr:full":"Civil Lines","addr:district":"Chandrapur","name:etymology:wikidata":null,"healthcare":"hospital","emergency":null,"addr:country":null,"postal_code":null,"population":null,"name:te":null,"name":"Vyankatesh Hospital and Research Centre","is_in":null,"alt_name":null,"AND_a_nosr_p":null},"geometry":{"type":"Point","coordinates":[79.2934866,19.9619918]}},
{"type":"Feature","properties":{"full_id":"n7045516015","osm_id":"7045516015","osm_type":"node","amenity":"hospital","ref":null,"phone:mobile":null,"loc_name:en":null,"medical_supply":null,"loc_name":null,"short_name:en":null,"short_name":null,"payment:google_pay":null,"payment:coins":null,"service":null,"payment:visa":null,"payment:mastercard":null,"payment:contactless":null,"payment:app":null,"internet_access:ssid":null,"payment:upi":null,"contact:facebook":null,"services":null,"payment:wallets":null,"payment:cards":null,"operational_status_quality":null,"building:use":null,"building:levels:underground":null,"building:levels":null,"parking":null,"brand":null,"entrance":null,"air_conditioning":null,"addr:floor":null,"image":null,"not:operator:wikidata":null,"mobile":null,"name:es":null,"addr:city:ur":null,"ele":null,"locality":null,"addr:landmark":null,"power":null,"natural":null,"opening_hours:covid19":null,"closing_hours":null,"survey:date":null,"geometry":null,"name:pa":null,"operator:short":null,"contact:helpline":null,"contact:website":null,"addr:quarter":null,"addr:neighbourhood":null,"aeroway":null,"old_name":null,"contact:tollfree":null,"start_date":null,"internet_access:fee":null,"operator:wikidata":null,"level":null,"payment:debit_cards":null,"payment:credit_cards":null,"payment:cash":null,"motor_vehicle":null,"horse":null,"access":null,"addr:unit":null,"addr:locality":null,"shop":null,"highway":null,"emergency_telephone_code":null,"opening_hours":null,"operational_status":null,"building":null,"addr:housename":null,"addr":null,"place":null,"name:ur":null,"contact:email":null,"addr:suburb":null,"health_facility:type":null,"designation":null,"contact:mobile":null,"addr:block":null,"wheelchair":null,"medical_system":null,"operator":null,"addr:place":null,"speciality":null,"operator:type":null,"foot":null,"bicycle":null,"barrier":null,"fax":null,"email":null,"healthcare:speciality":null,"name:mr":null,"name:hi":null,"name:en":null,"wikipedia":null,"wikimedia_commons":null,"addr:housenumber":null,"phone":null,"description":null,"alias":null,"name:kn":null,"wikidata":null,"internet_access":null,"check_date":null,"addr:subdistrict":null,"addr:street":null,"website":null,"contact:phone":null,"addr:city":null,"addr:state":"Maharashtra","addr:postcode":"442402","addr:full":"Bokare Plot, Ramnagar","addr:district":"Chandrapur","name:etymology:wikidata":null,"healthcare":"hospital","emergency":null,"addr:country":null,"postal_code":null,"population":null,"name:te":null,"name":"Dr. Wasnik Hospital","is_in":null,"alt_name":null,"AND_a_nosr_p":null},"geometry":{"type":"Point","coordinates":[79.291074,19.9620391]}},
{"type":"Feature","properties":{"full_id":"n7048433675","osm_id":"7048433675","osm_type":"node","amenity":"hospital","ref":null,"phone:mobile":null,"loc_name:en":null,"medical_supply":null,"loc_name":null,"short_name:en":null,"short_name":null,"payment:google_pay":null,"payment:coins":null,"service":null,"payment:visa":null,"payment:mastercard":null,"payment:contactless":null,"payment:app":null,"internet_access:ssid":null,"payment:upi":null,"contact:facebook":null,"services":null,"payment:wallets":null,"payment:cards":null,"operational_status_quality":null,"building:use":null,"building:levels:underground":null,"building:levels":null,"parking":null,"brand":null,"entrance":null,"air_conditioning":null,"addr:floor":null,"image":null,"not:operator:wikidata":null,"mobile":null,"name:es":null,"addr:city:ur":null,"ele":null,"locality":null,"addr:landmark":null,"power":null,"natural":null,"opening_hours:covid19":null,"closing_hours":null,"survey:date":null,"geometry":null,"name:pa":null,"operator:short":null,"contact:helpline":null,"contact:website":null,"addr:quarter":null,"addr:neighbourhood":null,"aeroway":null,"old_name":null,"contact:tollfree":null,"start_date":null,"internet_access:fee":null,"operator:wikidata":null,"level":null,"payment:debit_cards":null,"payment:credit_cards":null,"payment:cash":null,"motor_vehicle":null,"horse":null,"access":null,"addr:unit":null,"addr:locality":null,"shop":null,"highway":null,"emergency_telephone_code":null,"opening_hours":null,"operational_status":null,"building":null,"addr:housename":null,"addr":null,"place":null,"name:ur":null,"contact:email":null,"addr:suburb":null,"health_facility:type":null,"designation":null,"contact:mobile":null,"addr:block":null,"wheelchair":null,"medical_system":null,"operator":null,"addr:place":null,"speciality":null,"operator:type":null,"foot":null,"bicycle":null,"barrier":null,"fax":null,"email":null,"healthcare:speciality":null,"name:mr":null,"name:hi":null,"name:en":null,"wikipedia":null,"wikimedia_commons":null,"addr:housenumber":null,"phone":null,"description":null,"alias":null,"name:kn":null,"wikidata":null,"internet_access":null,"check_date":null,"addr:subdistrict":null,"addr:street":null,"website":null,"contact:phone":null,"addr:city":null,"addr:state":"Maharashtra","addr:postcode":"442401","addr:full":"Nagpur Road, Chandrapur","addr:district":"Chandrapur","name:etymology:wikidata":null,"healthcare":null,"emergency":null,"addr:country":null,"postal_code":null,"population":null,"name:te":null,"name":"Ladukar Hospital","is_in":null,"alt_name":null,"AND_a_nosr_p":null},"geometry":{"type":"Point","coordinates":[79.8541944,20.607796]}},
{"type":"Feature","properties":{"full_id":"n7048498771","osm_id":"7048498771","osm_type":"node","amenity":"hospital","ref":null,"phone:mobile":null,"loc_name:en":null,"medical_supply":null,"loc_name":null,"short_name:en":null,"short_name":null,"payment:google_pay":null,"payment:coins":null,"service":null,"payment:visa":null,"payment:mastercard":null,"payment:contactless":null,"payment:app":null,"internet_access:ssid":null,"payment:upi":null,"contact:facebook":null,"services":null,"payment:wallets":null,"payment:cards":null,"operational_status_quality":null,"building:use":null,"building:levels:underground":null,"building:levels":null,"parking":null,"brand":null,"entrance":null,"air_conditioning":null,"addr:floor":null,"image":null,"not:operator:wikidata":null,"mobile":null,"name:es":null,"addr:city:ur":null,"ele":null,"locality":null,"addr:landmark":null,"power":null,"natural":null,"opening_hours:covid19":null,"closing_hours":null,"survey:date":null,"geometry":null,"name:pa":null,"operator:short":null,"contact:helpline":null,"contact:website":null,"addr:quarter":null,"addr:neighbourhood":null,"aeroway":null,"old_name":null,"contact:tollfree":null,"start_date":null,"internet_access:fee":null,"operator:wikidata":null,"level":null,"payment:debit_cards":null,"payment:credit_cards":null,"payment:cash":null,"motor_vehicle":null,"horse":null,"access":null,"addr:unit":null,"addr:locality":null,"shop":null,"highway":null,"emergency_telephone_code":null,"opening_hours":null,"operational_status":null,"building":null,"addr:housename":null,"addr":null,"place":null,"name:ur":null,"contact:email":null,"addr:suburb":null,"health_facility:type":null,"designation":null,"contact:mobile":null,"addr:block":null,"wheelchair":null,"medical_system":null,"operator":null,"addr:place":null,"speciality":null,"operator:type":null,"foot":null,"bicycle":null,"barrier":null,"fax":null,"email":null,"healthcare:speciality":null,"name:mr":null,"name:hi":null,"name:en":null,"wikipedia":null,"wikimedia_commons":null,"addr:housenumber":null,"phone":null,"description":null,"alias":null,"name:kn":null,"wikidata":null,"internet_access":null,"check_date":null,"addr:subdistrict":null,"addr:street":null,"website":null,"contact:phone":null,"addr:city":null,"addr:state":"Maharashtra","addr:postcode":"442402","addr:full":"Near Bus Stand , Patel Nagr","addr:district":"Chandrapur","name:etymology:wikidata":null,"healthcare":null,"emergency":null,"addr:country":null,"postal_code":null,"population":null,"name:te":null,"name":"Brindavani Hospital","is_in":null,"alt_name":null,"AND_a_nosr_p":null},"geometry":{"type":"Point","coordinates":[79.2985842,19.9652578]}},
{"type":"Feature","properties":{"full_id":"n7048504188","osm_id":"7048504188","osm_type":"node","amenity":"hospital","ref":null,"phone:mobile":null,"loc_name:en":null,"medical_supply":null,"loc_name":null,"short_name:en":null,"short_name":null,"payment:google_pay":null,"payment:coins":null,"service":null,"payment:visa":null,"payment:mastercard":null,"payment:contactless":null,"payment:app":null,"internet_access:ssid":null,"payment:upi":null,"contact:facebook":null,"services":null,"payment:wallets":null,"payment:cards":null,"operational_status_quality":null,"building:use":null,"building:levels:underground":null,"building:levels":null,"parking":null,"brand":null,"entrance":null,"air_conditioning":null,"addr:floor":null,"image":null,"not:operator:wikidata":null,"mobile":null,"name:es":null,"addr:city:ur":null,"ele":null,"locality":null,"addr:landmark":null,"power":null,"natural":null,"opening_hours:covid19":null,"closing_hours":null,"survey:date":null,"geometry":null,"name:pa":null,"operator:short":null,"contact:helpline":null,"contact:website":null,"addr:quarter":null,"addr:neighbourhood":null,"aeroway":null,"old_name":null,"contact:tollfree":null,"start_date":null,"internet_access:fee":null,"operator:wikidata":null,"level":null,"payment:debit_cards":null,"payment:credit_cards":null,"payment:cash":null,"motor_vehicle":null,"horse":null,"access":null,"addr:unit":null,"addr:locality":null,"shop":null,"highway":null,"emergency_telephone_code":null,"opening_hours":null,"operational_status":null,"building":null,"addr:housename":null,"addr":null,"place":null,"name:ur":null,"contact:email":null,"addr:suburb":null,"health_facility:type":null,"designation":null,"contact:mobile":null,"addr:block":null,"wheelchair":null,"medical_system":null,"operator":null,"addr:place":null,"speciality":null,"operator:type":null,"foot":null,"bicycle":null,"barrier":null,"fax":null,"email":null,"healthcare:speciality":null,"name:mr":null,"name:hi":null,"name:en":null,"wikipedia":null,"wikimedia_commons":null,"addr:housenumber":null,"phone":null,"description":null,"alias":null,"name:kn":null,"wikidata":null,"internet_access":null,"check_date":null,"addr:subdistrict":null,"addr:street":null,"website":null,"contact:phone":null,"addr:city":null,"addr:state":"Maharashtra","addr:postcode":"442401","addr:full":"Near Medicine Complex, Ekori Ward","addr:district":"Chandrapur","name:etymology:wikidata":null,"healthcare":"hospital","emergency":null,"addr:country":null,"postal_code":null,"population":null,"name:te":null,"name":"Manwatkar Multispeciality Hospital","is_in":null,"alt_name":null,"AND_a_nosr_p":null},"geometry":{"type":"Point","coordinates":[79.2934383,19.9499142]}},
{"type":"Feature","properties":{"full_id":"n7049373321","osm_id":"7049373321","osm_type":"node","amenity":"hospital","ref":null,"phone:mobile":null,"loc_name:en":null,"medical_supply":null,"loc_name":null,"short_name:en":null,"short_name":null,"payment:google_pay":null,"payment:coins":null,"service":null,"payment:visa":null,"payment:mastercard":null,"payment:contactless":null,"payment:app":null,"internet_access:ssid":null,"payment:upi":null,"contact:facebook":null,"services":null,"payment:wallets":null,"payment:cards":null,"operational_status_quality":null,"building:use":null,"building:levels:underground":null,"building:levels":null,"parking":null,"brand":null,"entrance":null,"air_conditioning":null,"addr:floor":null,"image":null,"not:operator:wikidata":null,"mobile":null,"name:es":null,"addr:city:ur":null,"ele":null,"locality":null,"addr:landmark":null,"power":null,"natural":null,"opening_hours:covid19":null,"closing_hours":null,"survey:date":null,"geometry":null,"name:pa":null,"operator:short":null,"contact:helpline":null,"contact:website":null,"addr:quarter":null,"addr:neighbourhood":null,"aeroway":null,"old_name":null,"contact:tollfree":null,"start_date":null,"internet_access:fee":null,"operator:wikidata":null,"level":null,"payment:debit_cards":null,"payment:credit_cards":null,"payment:cash":null,"motor_vehicle":null,"horse":null,"access":null,"addr:unit":null,"addr:locality":null,"shop":null,"highway":null,"emergency_telephone_code":null,"opening_hours":null,"operational_status":null,"building":null,"addr:housename":null,"addr":null,"place":null,"name:ur":null,"contact:email":null,"addr:suburb":null,"health_facility:type":null,"designation":null,"contact:mobile":null,"addr:block":null,"wheelchair":null,"medical_system":null,"operator":null,"addr:place":null,"speciality":null,"operator:type":null,"foot":null,"bicycle":null,"barrier":null,"fax":null,"email":null,"healthcare:speciality":null,"name:mr":null,"name:hi":null,"name:en":null,"wikipedia":null,"wikimedia_commons":null,"addr:housenumber":null,"phone":null,"description":null,"alias":null,"name:kn":null,"wikidata":null,"internet_access":null,"check_date":null,"addr:subdistrict":null,"addr:street":null,"website":null,"contact:phone":null,"addr:city":null,"addr:state":"Maharashtra","addr:postcode":"442402","addr:full":"Behind Haveli Complex","addr:district":"Chandrapur","name:etymology:wikidata":null,"healthcare":"hospital","emergency":null,"addr:country":null,"postal_code":null,"population":null,"name:te":null,"name":"Shweta Hospital Multispeciality","is_in":null,"alt_name":null,"AND_a_nosr_p":null},"geometry":{"type":"Point","coordinates":[79.2954232,19.960754]}},
{"type":"Feature","properties":{"full_id":"n7050161761","osm_id":"7050161761","osm_type":"node","amenity":"hospital","ref":null,"phone:mobile":null,"loc_name:en":null,"medical_supply":null,"loc_name":null,"short_name:en":null,"short_name":null,"payment:google_pay":null,"payment:coins":null,"service":null,"payment:visa":null,"payment:mastercard":null,"payment:contactless":null,"payment:app":null,"internet_access:ssid":null,"payment:upi":null,"contact:facebook":null,"services":null,"payment:wallets":null,"payment:cards":null,"operational_status_quality":null,"building:use":null,"building:levels:underground":null,"building:levels":null,"parking":null,"brand":null,"entrance":null,"air_conditioning":null,"addr:floor":null,"image":null,"not:operator:wikidata":null,"mobile":null,"name:es":null,"addr:city:ur":null,"ele":null,"locality":null,"addr:landmark":null,"power":null,"natural":null,"opening_hours:covid19":null,"closing_hours":null,"survey:date":null,"geometry":null,"name:pa":null,"operator:short":null,"contact:helpline":null,"contact:website":null,"addr:quarter":null,"addr:neighbourhood":null,"aeroway":null,"old_name":null,"contact:tollfree":null,"start_date":null,"internet_access:fee":null,"operator:wikidata":null,"level":null,"payment:debit_cards":null,"payment:credit_cards":null,"payment:cash":null,"motor_vehicle":null,"horse":null,"access":null,"addr:unit":null,"addr:locality":null,"shop":null,"highway":null,"emergency_telephone_code":null,"opening_hours":null,"operational_status":null,"building":null,"addr:housename":null,"addr":null,"place":null,"name:ur":null,"contact:email":null,"addr:suburb":null,"health_facility:type":null,"designation":null,"contact:mobile":null,"addr:block":null,"wheelchair":null,"medical_system":null,"operator":null,"addr:place":null,"speciality":null,"operator:type":null,"foot":null,"bicycle":null,"barrier":null,"fax":null,"email":null,"healthcare:speciality":null,"name:mr":null,"name:hi":null,"name:en":null,"wikipedia":null,"wikimedia_commons":null,"addr:housenumber":null,"phone":null,"description":null,"alias":null,"name:kn":null,"wikidata":null,"internet_access":null,"check_date":null,"addr:subdistrict":null,"addr:street":null,"website":null,"contact:phone":null,"addr:city":null,"addr:state":"Maharashtra","addr:postcode":"442401","addr:full":"Near Jayant Talkies , M G Road","addr:district":"Chandrapur","name:etymology:wikidata":null,"healthcare":"hospital","emergency":null,"addr:country":null,"postal_code":null,"population":null,"name:te":null,"name":"Gulwade Ent Maternity Hospital","is_in":null,"alt_name":null,"AND_a_nosr_p":null},"geometry":{"type":"Point","coordinates":[79.2966114,19.9568072]}},
{"type":"Feature","properties":{"full_id":"n7050619393","osm_id":"7050619393","osm_type":"node","amenity":"hospital","ref":null,"phone:mobile":null,"loc_name:en":null,"medical_supply":null,"loc_name":null,"short_name:en":null,"short_name":null,"payment:google_pay":null,"payment:coins":null,"service":null,"payment:visa":null,"payment:mastercard":null,"payment:contactless":null,"payment:app":null,"internet_access:ssid":null,"payment:upi":null,"contact:facebook":null,"services":null,"payment:wallets":null,"payment:cards":null,"operational_status_quality":null,"building:use":null,"building:levels:underground":null,"building:levels":null,"parking":null,"brand":null,"entrance":null,"air_conditioning":null,"addr:floor":null,"image":null,"not:operator:wikidata":null,"mobile":null,"name:es":null,"addr:city:ur":null,"ele":null,"locality":null,"addr:landmark":null,"power":null,"natural":null,"opening_hours:covid19":null,"closing_hours":null,"survey:date":null,"geometry":null,"name:pa":null,"operator:short":null,"contact:helpline":null,"contact:website":null,"addr:quarter":null,"addr:neighbourhood":null,"aeroway":null,"old_name":null,"contact:tollfree":null,"start_date":null,"internet_access:fee":null,"operator:wikidata":null,"level":null,"payment:debit_cards":null,"payment:credit_cards":null,"payment:cash":null,"motor_vehicle":null,"horse":null,"access":null,"addr:unit":null,"addr:locality":null,"shop":null,"highway":null,"emergency_telephone_code":null,"opening_hours":null,"operational_status":null,"building":null,"addr:housename":null,"addr":null,"place":null,"name:ur":null,"contact:email":null,"addr:suburb":null,"health_facility:type":null,"designation":null,"contact:mobile":null,"addr:block":null,"wheelchair":null,"medical_system":null,"operator":null,"addr:place":null,"speciality":null,"operator:type":null,"foot":null,"bicycle":null,"barrier":null,"fax":null,"email":null,"healthcare:speciality":null,"name:mr":null,"name:hi":null,"name:en":null,"wikipedia":null,"wikimedia_commons":null,"addr:housenumber":null,"phone":null,"description":null,"alias":null,"name:kn":null,"wikidata":null,"internet_access":null,"check_date":null,"addr:subdistrict":null,"addr:street":null,"website":null,"contact:phone":null,"addr:city":null,"addr:state":"Maharashtra","addr:postcode":"442402","addr:full":"Balaji Ward","addr:district":"Chandrapur","name:etymology:wikidata":null,"healthcare":"hospital","emergency":null,"addr:country":null,"postal_code":null,"population":null,"name:te":null,"name":"Ankur Hospital","is_in":null,"alt_name":null,"AND_a_nosr_p":null},"geometry":{"type":"Point","coordinates":[79.2938199,19.9438316]}},
{"type":"Feature","properties":{"full_id":"n7051879934","osm_id":"7051879934","osm_type":"node","amenity":"hospital","ref":null,"phone:mobile":null,"loc_name:en":null,"medical_supply":null,"loc_name":null,"short_name:en":null,"short_name":null,"payment:google_pay":null,"payment:coins":null,"service":null,"payment:visa":null,"payment:mastercard":null,"payment:contactless":null,"payment:app":null,"internet_access:ssid":null,"payment:upi":null,"contact:facebook":null,"services":null,"payment:wallets":null,"payment:cards":null,"operational_status_quality":null,"building:use":null,"building:levels:underground":null,"building:levels":null,"parking":null,"brand":null,"entrance":null,"air_conditioning":null,"addr:floor":null,"image":null,"not:operator:wikidata":null,"mobile":null,"name:es":null,"addr:city:ur":null,"ele":null,"locality":null,"addr:landmark":null,"power":null,"natural":null,"opening_hours:covid19":null,"closing_hours":null,"survey:date":null,"geometry":null,"name:pa":null,"operator:short":null,"contact:helpline":null,"contact:website":null,"addr:quarter":null,"addr:neighbourhood":null,"aeroway":null,"old_name":null,"contact:tollfree":null,"start_date":null,"internet_access:fee":null,"operator:wikidata":null,"level":null,"payment:debit_cards":null,"payment:credit_cards":null,"payment:cash":null,"motor_vehicle":null,"horse":null,"access":null,"addr:unit":null,"addr:locality":null,"shop":null,"highway":null,"emergency_telephone_code":null,"opening_hours":null,"operational_status":null,"building":null,"addr:housename":null,"addr":null,"place":null,"name:ur":null,"contact:email":null,"addr:suburb":null,"health_facility:type":null,"designation":null,"contact:mobile":null,"addr:block":null,"wheelchair":null,"medical_system":null,"operator":null,"addr:place":null,"speciality":null,"operator:type":null,"foot":null,"bicycle":null,"barrier":null,"fax":null,"email":null,"healthcare:speciality":null,"name:mr":null,"name:hi":null,"name:en":null,"wikipedia":null,"wikimedia_commons":null,"addr:housenumber":null,"phone":null,"description":null,"alias":null,"name:kn":null,"wikidata":null,"internet_access":null,"check_date":null,"addr:subdistrict":null,"addr:street":null,"website":null,"contact:phone":null,"addr:city":null,"addr:state":"Maharashtra","addr:postcode":"442402","addr:full":"Ramnagar, Chandrapur, Near Old R.T.O. Office","addr:district":"Chandrapur","name:etymology:wikidata":null,"healthcare":"hospital","emergency":null,"addr:country":null,"postal_code":null,"population":null,"name:te":null,"name":"Anande Hospital","is_in":null,"alt_name":null,"AND_a_nosr_p":null},"geometry":{"type":"Point","coordinates":[79.2903095,19.9612387]}},
{"type":"Feature","properties":{"full_id":"n7051915443","osm_id":"7051915443","osm_type":"node","amenity":"hospital","ref":null,"phone:mobile":null,"loc_name:en":null,"medical_supply":null,"loc_name":null,"short_name:en":null,"short_name":null,"payment:google_pay":null,"payment:coins":null,"service":null,"payment:visa":null,"payment:mastercard":null,"payment:contactless":null,"payment:app":null,"internet_access:ssid":null,"payment:upi":null,"contact:facebook":null,"services":null,"payment:wallets":null,"payment:cards":null,"operational_status_quality":null,"building:use":null,"building:levels:underground":null,"building:levels":null,"parking":null,"brand":null,"entrance":null,"air_conditioning":null,"addr:floor":null,"image":null,"not:operator:wikidata":null,"mobile":null,"name:es":null,"addr:city:ur":null,"ele":null,"locality":null,"addr:landmark":null,"power":null,"natural":null,"opening_hours:covid19":null,"closing_hours":null,"survey:date":null,"geometry":null,"name:pa":null,"operator:short":null,"contact:helpline":null,"contact:website":null,"addr:quarter":null,"addr:neighbourhood":null,"aeroway":null,"old_name":null,"contact:tollfree":null,"start_date":null,"internet_access:fee":null,"operator:wikidata":null,"level":null,"payment:debit_cards":null,"payment:credit_cards":null,"payment:cash":null,"motor_vehicle":null,"horse":null,"access":null,"addr:unit":null,"addr:locality":null,"shop":null,"highway":null,"emergency_telephone_code":null,"opening_hours":null,"operational_status":null,"building":null,"addr:housename":null,"addr":null,"place":null,"name:ur":null,"contact:email":null,"addr:suburb":null,"health_facility:type":null,"designation":null,"contact:mobile":null,"addr:block":null,"wheelchair":null,"medical_system":null,"operator":null,"addr:place":null,"speciality":null,"operator:type":null,"foot":null,"bicycle":null,"barrier":null,"fax":null,"email":null,"healthcare:speciality":null,"name:mr":null,"name:hi":null,"name:en":null,"wikipedia":null,"wikimedia_commons":null,"addr:housenumber":null,"phone":null,"description":null,"alias":null,"name:kn":null,"wikidata":null,"internet_access":null,"check_date":null,"addr:subdistrict":null,"addr:street":null,"website":null,"contact:phone":null,"addr:city":null,"addr:state":"Maharashtra","addr:postcode":"442401","addr:full":"Chandrapur","addr:district":"Chandrapur","name:etymology:wikidata":null,"healthcare":"hospital","emergency":null,"addr:country":null,"postal_code":null,"population":null,"name:te":null,"name":"Shree Manolaxmi Nursing Home","is_in":null,"alt_name":null,"AND_a_nosr_p":null},"geometry":{"type":"Point","coordinates":[79.2976682,19.950092]}},
{"type":"Feature","properties":{"full_id":"n7052288331","osm_id":"7052288331","osm_type":"node","amenity":"hospital","ref":null,"phone:mobile":null,"loc_name:en":null,"medical_supply":null,"loc_name":null,"short_name:en":null,"short_name":null,"payment:google_pay":null,"payment:coins":null,"service":null,"payment:visa":null,"payment:mastercard":null,"payment:contactless":null,"payment:app":null,"internet_access:ssid":null,"payment:upi":null,"contact:facebook":null,"services":null,"payment:wallets":null,"payment:cards":null,"operational_status_quality":null,"building:use":null,"building:levels:underground":null,"building:levels":null,"parking":null,"brand":null,"entrance":null,"air_conditioning":null,"addr:floor":null,"image":null,"not:operator:wikidata":null,"mobile":null,"name:es":null,"addr:city:ur":null,"ele":null,"locality":null,"addr:landmark":null,"power":null,"natural":null,"opening_hours:covid19":null,"closing_hours":null,"survey:date":null,"geometry":null,"name:pa":null,"operator:short":null,"contact:helpline":null,"contact:website":null,"addr:quarter":null,"addr:neighbourhood":null,"aeroway":null,"old_name":null,"contact:tollfree":null,"start_date":null,"internet_access:fee":null,"operator:wikidata":null,"level":null,"payment:debit_cards":null,"payment:credit_cards":null,"payment:cash":null,"motor_vehicle":null,"horse":null,"access":null,"addr:unit":null,"addr:locality":null,"shop":null,"highway":null,"emergency_telephone_code":null,"opening_hours":null,"operational_status":null,"building":null,"addr:housename":null,"addr":null,"place":null,"name:ur":null,"contact:email":null,"addr:suburb":null,"health_facility:type":null,"designation":null,"contact:mobile":null,"addr:block":null,"wheelchair":null,"medical_system":null,"operator":null,"addr:place":null,"speciality":null,"operator:type":null,"foot":null,"bicycle":null,"barrier":null,"fax":null,"email":null,"healthcare:speciality":null,"name:mr":null,"name:hi":null,"name:en":null,"wikipedia":null,"wikimedia_commons":null,"addr:housenumber":null,"phone":null,"description":null,"alias":null,"name:kn":null,"wikidata":null,"internet_access":null,"check_date":null,"addr:subdistrict":null,"addr:street":null,"website":null,"contact:phone":null,"addr:city":null,"addr:state":"Maharashtra","addr:postcode":"442401","addr:full":"Civil Lines","addr:district":"Chandrapur","name:etymology:wikidata":null,"healthcare":null,"emergency":null,"addr:country":null,"postal_code":null,"population":null,"name:te":null,"name":"Bukkawar Heart and Critical Care Hospital","is_in":null,"alt_name":null,"AND_a_nosr_p":null},"geometry":{"type":"Point","coordinates":[79.2921455,19.9686599]}},
{"type":"Feature","properties":{"full_id":"n7066505769","osm_id":"7066505769","osm_type":"node","amenity":"hospital","ref":null,"phone:mobile":null,"loc_name:en":null,"medical_supply":null,"loc_name":null,"short_name:en":null,"short_name":null,"payment:google_pay":null,"payment:coins":null,"service":null,"payment:visa":null,"payment:mastercard":null,"payment:contactless":null,"payment:app":null,"internet_access:ssid":null,"payment:upi":null,"contact:facebook":null,"services":null,"payment:wallets":null,"payment:cards":null,"operational_status_quality":null,"building:use":null,"building:levels:underground":null,"building:levels":null,"parking":null,"brand":null,"entrance":null,"air_conditioning":null,"addr:floor":null,"image":null,"not:operator:wikidata":null,"mobile":null,"name:es":null,"addr:city:ur":null,"ele":null,"locality":null,"addr:landmark":null,"power":null,"natural":null,"opening_hours:covid19":null,"closing_hours":null,"survey:date":null,"geometry":null,"name:pa":null,"operator:short":null,"contact:helpline":null,"contact:website":null,"addr:quarter":null,"addr:neighbourhood":null,"aeroway":null,"old_name":null,"contact:tollfree":null,"start_date":null,"internet_access:fee":null,"operator:wikidata":null,"level":null,"payment:debit_cards":null,"payment:credit_cards":null,"payment:cash":null,"motor_vehicle":null,"horse":null,"access":null,"addr:unit":null,"addr:locality":null,"shop":null,"highway":null,"emergency_telephone_code":null,"opening_hours":null,"operational_status":null,"building":null,"addr:housename":null,"addr":null,"place":null,"name:ur":null,"contact:email":null,"addr:suburb":null,"health_facility:type":null,"designation":null,"contact:mobile":null,"addr:block":null,"wheelchair":null,"medical_system":null,"operator":null,"addr:place":null,"speciality":null,"operator:type":null,"foot":null,"bicycle":null,"barrier":null,"fax":null,"email":null,"healthcare:speciality":null,"name:mr":null,"name:hi":null,"name:en":null,"wikipedia":null,"wikimedia_commons":null,"addr:housenumber":null,"phone":null,"description":null,"alias":null,"name:kn":null,"wikidata":null,"internet_access":null,"check_date":null,"addr:subdistrict":null,"addr:street":null,"website":null,"contact:phone":null,"addr:city":null,"addr:state":"Maharashtra","addr:postcode":"442401","addr:full":"Shastrinagar Mul Road","addr:district":"Chandrapur","name:etymology:wikidata":null,"healthcare":null,"emergency":null,"addr:country":null,"postal_code":null,"population":null,"name:te":null,"name":"Coal City Hospital","is_in":null,"alt_name":null,"AND_a_nosr_p":null},"geometry":{"type":"Point","coordinates":[79.309252,19.9690809]}},
{"type":"Feature","properties":{"full_id":"n7082579569","osm_id":"7082579569","osm_type":"node","amenity":"hospital","ref":null,"phone:mobile":null,"loc_name:en":null,"medical_supply":null,"loc_name":null,"short_name:en":null,"short_name":null,"payment:google_pay":null,"payment:coins":null,"service":null,"payment:visa":null,"payment:mastercard":null,"payment:contactless":null,"payment:app":null,"internet_access:ssid":null,"payment:upi":null,"contact:facebook":null,"services":null,"payment:wallets":null,"payment:cards":null,"operational_status_quality":null,"building:use":null,"building:levels:underground":null,"building:levels":null,"parking":null,"brand":null,"entrance":null,"air_conditioning":null,"addr:floor":null,"image":null,"not:operator:wikidata":null,"mobile":null,"name:es":null,"addr:city:ur":null,"ele":null,"locality":null,"addr:landmark":null,"power":null,"natural":null,"opening_hours:covid19":null,"closing_hours":null,"survey:date":null,"geometry":null,"name:pa":null,"operator:short":null,"contact:helpline":null,"contact:website":null,"addr:quarter":null,"addr:neighbourhood":null,"aeroway":null,"old_name":null,"contact:tollfree":null,"start_date":null,"internet_access:fee":null,"operator:wikidata":null,"level":null,"payment:debit_cards":null,"payment:credit_cards":null,"payment:cash":null,"motor_vehicle":null,"horse":null,"access":null,"addr:unit":null,"addr:locality":null,"shop":null,"highway":null,"emergency_telephone_code":null,"opening_hours":null,"operational_status":null,"building":null,"addr:housename":null,"addr":null,"place":null,"name:ur":null,"contact:email":null,"addr:suburb":null,"health_facility:type":null,"designation":null,"contact:mobile":null,"addr:block":null,"wheelchair":null,"medical_system":null,"operator":null,"addr:place":null,"speciality":null,"operator:type":null,"foot":null,"bicycle":null,"barrier":null,"fax":null,"email":null,"healthcare:speciality":null,"name:mr":null,"name:hi":null,"name:en":null,"wikipedia":null,"wikimedia_commons":null,"addr:housenumber":null,"phone":null,"description":null,"alias":null,"name:kn":null,"wikidata":null,"internet_access":null,"check_date":null,"addr:subdistrict":null,"addr:street":null,"website":null,"contact:phone":null,"addr:city":null,"addr:state":"Maharashtra","addr:postcode":"442401","addr:full":"Vivek Nagar, Mul Road","addr:district":"Chandrapur","name:etymology:wikidata":null,"healthcare":null,"emergency":null,"addr:country":null,"postal_code":null,"population":null,"name:te":null,"name":"Shri Mahvir Surgical Hospital","is_in":null,"alt_name":null,"AND_a_nosr_p":null},"geometry":{"type":"Point","coordinates":[79.3045025,19.9685616]}},
{"type":"Feature","properties":{"full_id":"n7086516365","osm_id":"7086516365","osm_type":"node","amenity":"hospital","ref":null,"phone:mobile":null,"loc_name:en":null,"medical_supply":null,"loc_name":null,"short_name:en":null,"short_name":null,"payment:google_pay":null,"payment:coins":null,"service":null,"payment:visa":null,"payment:mastercard":null,"payment:contactless":null,"payment:app":null,"internet_access:ssid":null,"payment:upi":null,"contact:facebook":null,"services":null,"payment:wallets":null,"payment:cards":null,"operational_status_quality":null,"building:use":null,"building:levels:underground":null,"building:levels":null,"parking":null,"brand":null,"entrance":null,"air_conditioning":null,"addr:floor":null,"image":null,"not:operator:wikidata":null,"mobile":null,"name:es":null,"addr:city:ur":null,"ele":null,"locality":null,"addr:landmark":null,"power":null,"natural":null,"opening_hours:covid19":null,"closing_hours":null,"survey:date":null,"geometry":null,"name:pa":null,"operator:short":null,"contact:helpline":null,"contact:website":null,"addr:quarter":null,"addr:neighbourhood":null,"aeroway":null,"old_name":null,"contact:tollfree":null,"start_date":null,"internet_access:fee":null,"operator:wikidata":null,"level":null,"payment:debit_cards":null,"payment:credit_cards":null,"payment:cash":null,"motor_vehicle":null,"horse":null,"access":null,"addr:unit":null,"addr:locality":null,"shop":null,"highway":null,"emergency_telephone_code":null,"opening_hours":null,"operational_status":null,"building":null,"addr:housename":null,"addr":null,"place":null,"name:ur":null,"contact:email":null,"addr:suburb":null,"health_facility:type":null,"designation":null,"contact:mobile":null,"addr:block":null,"wheelchair":null,"medical_system":null,"operator":null,"addr:place":null,"speciality":null,"operator:type":null,"foot":null,"bicycle":null,"barrier":null,"fax":null,"email":null,"healthcare:speciality":null,"name:mr":null,"name:hi":null,"name:en":null,"wikipedia":null,"wikimedia_commons":null,"addr:housenumber":null,"phone":null,"description":null,"alias":null,"name:kn":null,"wikidata":null,"internet_access":null,"check_date":null,"addr:subdistrict":null,"addr:street":null,"website":null,"contact:phone":null,"addr:city":null,"addr:state":"Maharashtra","addr:postcode":"442402","addr:full":"Puugliya Nagar, Janta College, Civil Line","addr:district":"Chandrapur","name:etymology:wikidata":null,"healthcare":null,"emergency":null,"addr:country":null,"postal_code":null,"population":null,"name:te":null,"name":"Trinity Childrens Hospital","is_in":null,"alt_name":null,"AND_a_nosr_p":null},"geometry":{"type":"Point","coordinates":[79.2867409,19.972203]}},
{"type":"Feature","properties":{"full_id":"n7211278562","osm_id":"7211278562","osm_type":"node","amenity":"hospital","ref":null,"phone:mobile":null,"loc_name:en":null,"medical_supply":null,"loc_name":null,"short_name:en":null,"short_name":null,"payment:google_pay":null,"payment:coins":null,"service":null,"payment:visa":null,"payment:mastercard":null,"payment:contactless":null,"payment:app":null,"internet_access:ssid":null,"payment:upi":null,"contact:facebook":null,"services":null,"payment:wallets":null,"payment:cards":null,"operational_status_quality":null,"building:use":null,"building:levels:underground":null,"building:levels":null,"parking":null,"brand":null,"entrance":null,"air_conditioning":null,"addr:floor":null,"image":null,"not:operator:wikidata":null,"mobile":null,"name:es":null,"addr:city:ur":null,"ele":null,"locality":null,"addr:landmark":null,"power":null,"natural":null,"opening_hours:covid19":null,"closing_hours":null,"survey:date":null,"geometry":null,"name:pa":null,"operator:short":null,"contact:helpline":null,"contact:website":null,"addr:quarter":null,"addr:neighbourhood":null,"aeroway":null,"old_name":null,"contact:tollfree":null,"start_date":null,"internet_access:fee":null,"operator:wikidata":null,"level":null,"payment:debit_cards":null,"payment:credit_cards":null,"payment:cash":null,"motor_vehicle":null,"horse":null,"access":null,"addr:unit":null,"addr:locality":null,"shop":null,"highway":null,"emergency_telephone_code":null,"opening_hours":null,"operational_status":null,"building":null,"addr:housename":null,"addr":null,"place":null,"name:ur":null,"contact:email":null,"addr:suburb":null,"health_facility:type":null,"designation":null,"contact:mobile":null,"addr:block":null,"wheelchair":null,"medical_system":null,"operator":null,"addr:place":null,"speciality":null,"operator:type":null,"foot":null,"bicycle":null,"barrier":null,"fax":null,"email":null,"healthcare:speciality":null,"name:mr":null,"name:hi":null,"name:en":null,"wikipedia":null,"wikimedia_commons":null,"addr:housenumber":null,"phone":null,"description":null,"alias":null,"name:kn":null,"wikidata":null,"internet_access":null,"check_date":null,"addr:subdistrict":null,"addr:street":null,"website":null,"contact:phone":null,"addr:city":null,"addr:state":"Maharashtra","addr:postcode":"442402","addr:full":"Chandrapur - Jatpura Gate Road, Ramnagar Road, Babupeth","addr:district":"Chandrapur","name:etymology:wikidata":null,"healthcare":"hospital","emergency":null,"addr:country":null,"postal_code":null,"population":null,"name:te":null,"name":"Mawani Hospital","is_in":null,"alt_name":null,"AND_a_nosr_p":null},"geometry":{"type":"Point","coordinates":[79.2949003,19.9572416]}},
{"type":"Feature","properties":{"full_id":"n7226635982","osm_id":"7226635982","osm_type":"node","amenity":"hospital","ref":null,"phone:mobile":null,"loc_name:en":null,"medical_supply":null,"loc_name":null,"short_name:en":null,"short_name":null,"payment:google_pay":null,"payment:coins":null,"service":null,"payment:visa":null,"payment:mastercard":null,"payment:contactless":null,"payment:app":null,"internet_access:ssid":null,"payment:upi":null,"contact:facebook":null,"services":null,"payment:wallets":null,"payment:cards":null,"operational_status_quality":null,"building:use":null,"building:levels:underground":null,"building:levels":null,"parking":null,"brand":null,"entrance":null,"air_conditioning":null,"addr:floor":null,"image":null,"not:operator:wikidata":null,"mobile":null,"name:es":null,"addr:city:ur":null,"ele":null,"locality":null,"addr:landmark":null,"power":null,"natural":null,"opening_hours:covid19":null,"closing_hours":null,"survey:date":null,"geometry":null,"name:pa":null,"operator:short":null,"contact:helpline":null,"contact:website":null,"addr:quarter":null,"addr:neighbourhood":null,"aeroway":null,"old_name":null,"contact:tollfree":null,"start_date":null,"internet_access:fee":null,"operator:wikidata":null,"level":null,"payment:debit_cards":null,"payment:credit_cards":null,"payment:cash":null,"motor_vehicle":null,"horse":null,"access":null,"addr:unit":null,"addr:locality":null,"shop":null,"highway":null,"emergency_telephone_code":null,"opening_hours":null,"operational_status":null,"building":null,"addr:housename":null,"addr":null,"place":null,"name:ur":null,"contact:email":null,"addr:suburb":null,"health_facility:type":null,"designation":null,"contact:mobile":null,"addr:block":null,"wheelchair":null,"medical_system":null,"operator":null,"addr:place":null,"speciality":null,"operator:type":null,"foot":null,"bicycle":null,"barrier":null,"fax":null,"email":null,"healthcare:speciality":null,"name:mr":null,"name:hi":null,"name:en":null,"wikipedia":null,"wikimedia_commons":null,"addr:housenumber":null,"phone":null,"description":null,"alias":null,"name:kn":null,"wikidata":null,"internet_access":null,"check_date":null,"addr:subdistrict":"Gondpipri","addr:street":null,"website":null,"contact:phone":null,"addr:city":null,"addr:state":"Maharashtra","addr:postcode":"442702","addr:full":"Kondhana","addr:district":"Chandrapur","name:etymology:wikidata":null,"healthcare":null,"emergency":null,"addr:country":null,"postal_code":null,"population":null,"name:te":null,"name":"Government Hospital Dhaba","is_in":null,"alt_name":null,"AND_a_nosr_p":null},"geometry":{"type":"Point","coordinates":[79.6376429,19.6254199]}},
{"type":"Feature","properties":{"full_id":"n7226636006","osm_id":"7226636006","osm_type":"node","amenity":"hospital","ref":null,"phone:mobile":null,"loc_name:en":null,"medical_supply":null,"loc_name":null,"short_name:en":null,"short_name":null,"payment:google_pay":null,"payment:coins":null,"service":null,"payment:visa":null,"payment:mastercard":null,"payment:contactless":null,"payment:app":null,"internet_access:ssid":null,"payment:upi":null,"contact:facebook":null,"services":null,"payment:wallets":null,"payment:cards":null,"operational_status_quality":null,"building:use":null,"building:levels:underground":null,"building:levels":null,"parking":null,"brand":null,"entrance":null,"air_conditioning":null,"addr:floor":null,"image":null,"not:operator:wikidata":null,"mobile":null,"name:es":null,"addr:city:ur":null,"ele":null,"locality":null,"addr:landmark":null,"power":null,"natural":null,"opening_hours:covid19":null,"closing_hours":null,"survey:date":null,"geometry":null,"name:pa":null,"operator:short":null,"contact:helpline":null,"contact:website":null,"addr:quarter":null,"addr:neighbourhood":null,"aeroway":null,"old_name":null,"contact:tollfree":null,"start_date":null,"internet_access:fee":null,"operator:wikidata":null,"level":null,"payment:debit_cards":null,"payment:credit_cards":null,"payment:cash":null,"motor_vehicle":null,"horse":null,"access":null,"addr:unit":null,"addr:locality":null,"shop":null,"highway":null,"emergency_telephone_code":null,"opening_hours":null,"operational_status":null,"building":null,"addr:housename":null,"addr":null,"place":null,"name:ur":null,"contact:email":null,"addr:suburb":null,"health_facility:type":null,"designation":null,"contact:mobile":null,"addr:block":null,"wheelchair":null,"medical_system":null,"operator":null,"addr:place":null,"speciality":null,"operator:type":null,"foot":null,"bicycle":null,"barrier":null,"fax":null,"email":null,"healthcare:speciality":null,"name:mr":null,"name:hi":null,"name:en":null,"wikipedia":null,"wikimedia_commons":null,"addr:housenumber":null,"phone":null,"description":null,"alias":null,"name:kn":null,"wikidata":null,"internet_access":null,"check_date":null,"addr:subdistrict":"Gondpipri","addr:street":null,"website":null,"contact:phone":null,"addr:city":null,"addr:state":"Maharashtra","addr:postcode":"442702","addr:full":"Beside Tahsil Office, Gondpipari","addr:district":"Chandrapur","name:etymology:wikidata":null,"healthcare":null,"emergency":null,"addr:country":null,"postal_code":null,"population":null,"name:te":null,"name":"Rural Hospital Gondpipari","is_in":null,"alt_name":null,"AND_a_nosr_p":null},"geometry":{"type":"Point","coordinates":[79.6775409,19.7131212]}},
{"type":"Feature","properties":{"full_id":"n7226872270","osm_id":"7226872270","osm_type":"node","amenity":"hospital","ref":null,"phone:mobile":null,"loc_name:en":null,"medical_supply":null,"loc_name":null,"short_name:en":null,"short_name":null,"payment:google_pay":null,"payment:coins":null,"service":null,"payment:visa":null,"payment:mastercard":null,"payment:contactless":null,"payment:app":null,"internet_access:ssid":null,"payment:upi":null,"contact:facebook":null,"services":null,"payment:wallets":null,"payment:cards":null,"operational_status_quality":null,"building:use":null,"building:levels:underground":null,"building:levels":null,"parking":null,"brand":null,"entrance":null,"air_conditioning":null,"addr:floor":null,"image":null,"not:operator:wikidata":null,"mobile":null,"name:es":null,"addr:city:ur":null,"ele":null,"locality":null,"addr:landmark":null,"power":null,"natural":null,"opening_hours:covid19":null,"closing_hours":null,"survey:date":null,"geometry":null,"name:pa":null,"operator:short":null,"contact:helpline":null,"contact:website":null,"addr:quarter":null,"addr:neighbourhood":null,"aeroway":null,"old_name":null,"contact:tollfree":null,"start_date":null,"internet_access:fee":null,"operator:wikidata":null,"level":null,"payment:debit_cards":null,"payment:credit_cards":null,"payment:cash":null,"motor_vehicle":null,"horse":null,"access":null,"addr:unit":null,"addr:locality":null,"shop":null,"highway":null,"emergency_telephone_code":null,"opening_hours":null,"operational_status":null,"building":null,"addr:housename":null,"addr":null,"place":null,"name:ur":null,"contact:email":null,"addr:suburb":null,"health_facility:type":null,"designation":null,"contact:mobile":null,"addr:block":"Nagbhid","wheelchair":null,"medical_system":null,"operator":null,"addr:place":null,"speciality":null,"operator:type":null,"foot":null,"bicycle":null,"barrier":null,"fax":null,"email":null,"healthcare:speciality":null,"name:mr":null,"name:hi":null,"name:en":null,"wikipedia":null,"wikimedia_commons":null,"addr:housenumber":null,"phone":null,"description":null,"alias":null,"name:kn":null,"wikidata":null,"internet_access":null,"check_date":null,"addr:subdistrict":"Nagbhir","addr:street":null,"website":null,"contact:phone":null,"addr:city":null,"addr:state":"Maharashtra","addr:postcode":"441205","addr:full":"Near New Bus Stand, Near Shiv Tekadi, Nagbhid","addr:district":"Chandrapur","name:etymology:wikidata":null,"healthcare":null,"emergency":null,"addr:country":null,"postal_code":null,"population":null,"name:te":null,"name":"Rural Hospital, Nagbhid","is_in":null,"alt_name":null,"AND_a_nosr_p":null},"geometry":{"type":"Point","coordinates":[79.6706129,20.578001]}},
{"type":"Feature","properties":{"full_id":"n7229288488","osm_id":"7229288488","osm_type":"node","amenity":"hospital","ref":null,"phone:mobile":null,"loc_name:en":null,"medical_supply":null,"loc_name":null,"short_name:en":null,"short_name":null,"payment:google_pay":null,"payment:coins":null,"service":null,"payment:visa":null,"payment:mastercard":null,"payment:contactless":null,"payment:app":null,"internet_access:ssid":null,"payment:upi":null,"contact:facebook":null,"services":null,"payment:wallets":null,"payment:cards":null,"operational_status_quality":null,"building:use":null,"building:levels:underground":null,"building:levels":null,"parking":null,"brand":null,"entrance":null,"air_conditioning":null,"addr:floor":null,"image":null,"not:operator:wikidata":null,"mobile":null,"name:es":null,"addr:city:ur":null,"ele":null,"locality":null,"addr:landmark":null,"power":null,"natural":null,"opening_hours:covid19":null,"closing_hours":null,"survey:date":null,"geometry":null,"name:pa":null,"operator:short":null,"contact:helpline":null,"contact:website":null,"addr:quarter":null,"addr:neighbourhood":null,"aeroway":null,"old_name":null,"contact:tollfree":null,"start_date":null,"internet_access:fee":null,"operator:wikidata":null,"level":null,"payment:debit_cards":null,"payment:credit_cards":null,"payment:cash":null,"motor_vehicle":null,"horse":null,"access":null,"addr:unit":null,"addr:locality":null,"shop":null,"highway":null,"emergency_telephone_code":null,"opening_hours":null,"operational_status":null,"building":null,"addr:housename":null,"addr":null,"place":null,"name:ur":null,"contact:email":null,"addr:suburb":null,"health_facility:type":null,"designation":null,"contact:mobile":null,"addr:block":null,"wheelchair":null,"medical_system":null,"operator":null,"addr:place":null,"speciality":null,"operator:type":null,"foot":null,"bicycle":null,"barrier":null,"fax":null,"email":null,"healthcare:speciality":null,"name:mr":null,"name:hi":null,"name:en":null,"wikipedia":null,"wikimedia_commons":null,"addr:housenumber":null,"phone":null,"description":"Sub District Hospital","alias":null,"name:kn":null,"wikidata":null,"internet_access":null,"check_date":null,"addr:subdistrict":"Chimur","addr:street":null,"website":null,"contact:phone":null,"addr:city":null,"addr:state":"Maharashtra","addr:postcode":"442903","addr:full":"Gandhi ward, Chimur","addr:district":"Chandrapur","name:etymology:wikidata":null,"healthcare":null,"emergency":null,"addr:country":null,"postal_code":null,"population":null,"name:te":null,"name":"Sub District Hospital, Chimur","is_in":null,"alt_name":null,"AND_a_nosr_p":null},"geometry":{"type":"Point","coordinates":[79.3609591,20.4971981]}},
{"type":"Feature","properties":{"full_id":"n7229312372","osm_id":"7229312372","osm_type":"node","amenity":"hospital","ref":null,"phone:mobile":null,"loc_name:en":null,"medical_supply":null,"loc_name":null,"short_name:en":null,"short_name":null,"payment:google_pay":null,"payment:coins":null,"service":null,"payment:visa":null,"payment:mastercard":null,"payment:contactless":null,"payment:app":null,"internet_access:ssid":null,"payment:upi":null,"contact:facebook":null,"services":null,"payment:wallets":null,"payment:cards":null,"operational_status_quality":null,"building:use":null,"building:levels:underground":null,"building:levels":null,"parking":null,"brand":null,"entrance":null,"air_conditioning":null,"addr:floor":null,"image":null,"not:operator:wikidata":null,"mobile":null,"name:es":null,"addr:city:ur":null,"ele":null,"locality":null,"addr:landmark":null,"power":null,"natural":null,"opening_hours:covid19":null,"closing_hours":null,"survey:date":null,"geometry":null,"name:pa":null,"operator:short":null,"contact:helpline":null,"contact:website":null,"addr:quarter":null,"addr:neighbourhood":null,"aeroway":null,"old_name":null,"contact:tollfree":null,"start_date":null,"internet_access:fee":null,"operator:wikidata":null,"level":null,"payment:debit_cards":null,"payment:credit_cards":null,"payment:cash":null,"motor_vehicle":null,"horse":null,"access":null,"addr:unit":null,"addr:locality":null,"shop":null,"highway":null,"emergency_telephone_code":null,"opening_hours":null,"operational_status":null,"building":null,"addr:housename":null,"addr":null,"place":null,"name:ur":null,"contact:email":null,"addr:suburb":null,"health_facility:type":null,"designation":null,"contact:mobile":null,"addr:block":null,"wheelchair":null,"medical_system":null,"operator":null,"addr:place":null,"speciality":null,"operator:type":null,"foot":null,"bicycle":null,"barrier":null,"fax":null,"email":null,"healthcare:speciality":null,"name:mr":null,"name:hi":null,"name:en":null,"wikipedia":null,"wikimedia_commons":null,"addr:housenumber":null,"phone":null,"description":null,"alias":null,"name:kn":null,"wikidata":null,"internet_access":null,"check_date":null,"addr:subdistrict":"Rajura","addr:street":null,"website":null,"contact:phone":null,"addr:city":null,"addr:state":"Maharashtra","addr:postcode":"442905","addr:full":"Near Old Bus Stand, Rajura","addr:district":"Chandrapur","name:etymology:wikidata":null,"healthcare":null,"emergency":null,"addr:country":null,"postal_code":null,"population":null,"name:te":null,"name":"Rural Hospital, Rajura","is_in":null,"alt_name":null,"AND_a_nosr_p":null},"geometry":{"type":"Point","coordinates":[79.3659751,19.7835033]}},
{"type":"Feature","properties":{"full_id":"n7229312378","osm_id":"7229312378","osm_type":"node","amenity":"hospital","ref":null,"phone:mobile":null,"loc_name:en":null,"medical_supply":null,"loc_name":null,"short_name:en":null,"short_name":null,"payment:google_pay":null,"payment:coins":null,"service":null,"payment:visa":null,"payment:mastercard":null,"payment:contactless":null,"payment:app":null,"internet_access:ssid":null,"payment:upi":null,"contact:facebook":null,"services":null,"payment:wallets":null,"payment:cards":null,"operational_status_quality":null,"building:use":null,"building:levels:underground":null,"building:levels":null,"parking":null,"brand":null,"entrance":null,"air_conditioning":null,"addr:floor":null,"image":null,"not:operator:wikidata":null,"mobile":null,"name:es":null,"addr:city:ur":null,"ele":null,"locality":null,"addr:landmark":null,"power":null,"natural":null,"opening_hours:covid19":null,"closing_hours":null,"survey:date":null,"geometry":null,"name:pa":null,"operator:short":null,"contact:helpline":null,"contact:website":null,"addr:quarter":null,"addr:neighbourhood":null,"aeroway":null,"old_name":null,"contact:tollfree":null,"start_date":null,"internet_access:fee":null,"operator:wikidata":null,"level":null,"payment:debit_cards":null,"payment:credit_cards":null,"payment:cash":null,"motor_vehicle":null,"horse":null,"access":null,"addr:unit":null,"addr:locality":null,"shop":null,"highway":null,"emergency_telephone_code":null,"opening_hours":null,"operational_status":null,"building":null,"addr:housename":null,"addr":null,"place":null,"name:ur":null,"contact:email":null,"addr:suburb":null,"health_facility:type":null,"designation":null,"contact:mobile":null,"addr:block":null,"wheelchair":null,"medical_system":null,"operator":null,"addr:place":null,"speciality":null,"operator:type":null,"foot":null,"bicycle":null,"barrier":null,"fax":null,"email":null,"healthcare:speciality":null,"name:mr":null,"name:hi":null,"name:en":null,"wikipedia":null,"wikimedia_commons":null,"addr:housenumber":null,"phone":null,"description":null,"alias":null,"name:kn":null,"wikidata":null,"internet_access":null,"check_date":null,"addr:subdistrict":"Ballarpur","addr:street":null,"website":null,"contact:phone":null,"addr:city":null,"addr:state":"Maharashtra","addr:postcode":"442901","addr:full":"Near Municipal Council, Beside Church, Ballarpur","addr:district":"Chandrapur","name:etymology:wikidata":null,"healthcare":null,"emergency":null,"addr:country":null,"postal_code":null,"population":null,"name:te":null,"name":"Rural Hospital, Ballarpur","is_in":null,"alt_name":null,"AND_a_nosr_p":null},"geometry":{"type":"Point","coordinates":[79.3491449,19.8532517]}},
{"type":"Feature","properties":{"full_id":"n7229312386","osm_id":"7229312386","osm_type":"node","amenity":"hospital","ref":null,"phone:mobile":null,"loc_name:en":null,"medical_supply":null,"loc_name":null,"short_name:en":null,"short_name":null,"payment:google_pay":null,"payment:coins":null,"service":null,"payment:visa":null,"payment:mastercard":null,"payment:contactless":null,"payment:app":null,"internet_access:ssid":null,"payment:upi":null,"contact:facebook":null,"services":null,"payment:wallets":null,"payment:cards":null,"operational_status_quality":null,"building:use":null,"building:levels:underground":null,"building:levels":null,"parking":null,"brand":null,"entrance":null,"air_conditioning":null,"addr:floor":null,"image":null,"not:operator:wikidata":null,"mobile":null,"name:es":null,"addr:city:ur":null,"ele":null,"locality":null,"addr:landmark":null,"power":null,"natural":null,"opening_hours:covid19":null,"closing_hours":null,"survey:date":null,"geometry":null,"name:pa":null,"operator:short":null,"contact:helpline":null,"contact:website":null,"addr:quarter":null,"addr:neighbourhood":null,"aeroway":null,"old_name":null,"contact:tollfree":null,"start_date":null,"internet_access:fee":null,"operator:wikidata":null,"level":null,"payment:debit_cards":null,"payment:credit_cards":null,"payment:cash":null,"motor_vehicle":null,"horse":null,"access":null,"addr:unit":null,"addr:locality":null,"shop":null,"highway":null,"emergency_telephone_code":null,"opening_hours":null,"operational_status":null,"building":null,"addr:housename":null,"addr":null,"place":null,"name:ur":null,"contact:email":null,"addr:suburb":null,"health_facility:type":null,"designation":null,"contact:mobile":null,"addr:block":null,"wheelchair":null,"medical_system":null,"operator":null,"addr:place":null,"speciality":null,"operator:type":null,"foot":null,"bicycle":null,"barrier":null,"fax":null,"email":null,"healthcare:speciality":null,"name:mr":null,"name:hi":null,"name:en":null,"wikipedia":null,"wikimedia_commons":null,"addr:housenumber":null,"phone":null,"description":null,"alias":null,"name:kn":null,"wikidata":null,"internet_access":null,"check_date":null,"addr:subdistrict":"Korpana","addr:street":null,"website":null,"contact:phone":null,"addr:city":null,"addr:state":"Maharashtra","addr:postcode":"442916","addr:full":"Near Govt. Rest House, Beside Govt. ITI, Korpana","addr:district":"Chandrapur","name:etymology:wikidata":null,"healthcare":"hospital","emergency":null,"addr:country":null,"postal_code":null,"population":null,"name:te":null,"name":"Rural Hospital, Korpana","is_in":null,"alt_name":null,"AND_a_nosr_p":null},"geometry":{"type":"Point","coordinates":[78.9867697,19.7492709]}},
{"type":"Feature","properties":{"full_id":"n7229312446","osm_id":"7229312446","osm_type":"node","amenity":"hospital","ref":null,"phone:mobile":null,"loc_name:en":null,"medical_supply":null,"loc_name":null,"short_name:en":null,"short_name":null,"payment:google_pay":null,"payment:coins":null,"service":null,"payment:visa":null,"payment:mastercard":null,"payment:contactless":null,"payment:app":null,"internet_access:ssid":null,"payment:upi":null,"contact:facebook":null,"services":null,"payment:wallets":null,"payment:cards":null,"operational_status_quality":null,"building:use":null,"building:levels:underground":null,"building:levels":null,"parking":null,"brand":null,"entrance":null,"air_conditioning":null,"addr:floor":null,"image":null,"not:operator:wikidata":null,"mobile":null,"name:es":null,"addr:city:ur":null,"ele":null,"locality":null,"addr:landmark":null,"power":null,"natural":null,"opening_hours:covid19":null,"closing_hours":null,"survey:date":null,"geometry":null,"name:pa":null,"operator:short":null,"contact:helpline":null,"contact:website":null,"addr:quarter":null,"addr:neighbourhood":null,"aeroway":null,"old_name":null,"contact:tollfree":null,"start_date":null,"internet_access:fee":null,"operator:wikidata":null,"level":null,"payment:debit_cards":null,"payment:credit_cards":null,"payment:cash":null,"motor_vehicle":null,"horse":null,"access":null,"addr:unit":null,"addr:locality":null,"shop":null,"highway":null,"emergency_telephone_code":null,"opening_hours":null,"operational_status":null,"building":null,"addr:housename":null,"addr":null,"place":null,"name:ur":null,"contact:email":null,"addr:suburb":null,"health_facility:type":null,"designation":null,"contact:mobile":null,"addr:block":null,"wheelchair":null,"medical_system":null,"operator":null,"addr:place":null,"speciality":null,"operator:type":null,"foot":null,"bicycle":null,"barrier":null,"fax":null,"email":null,"healthcare:speciality":null,"name:mr":null,"name:hi":null,"name:en":null,"wikipedia":null,"wikimedia_commons":null,"addr:housenumber":null,"phone":null,"description":null,"alias":null,"name:kn":null,"wikidata":null,"internet_access":null,"check_date":null,"addr:subdistrict":"Korpana","addr:street":null,"website":null,"contact:phone":null,"addr:city":null,"addr:state":"Maharashtra","addr:postcode":"442916","addr:full":"ward No.5, Near Knyaka Mandir, Gadchandur","addr:district":"Chandrapur","name:etymology:wikidata":null,"healthcare":"hospital","emergency":null,"addr:country":null,"postal_code":null,"population":null,"name:te":null,"name":"Rural Hospital Gadchandur","is_in":null,"alt_name":null,"AND_a_nosr_p":null},"geometry":{"type":"Point","coordinates":[79.1728604,19.7334847]}},
{"type":"Feature","properties":{"full_id":"n7229316327","osm_id":"7229316327","osm_type":"node","amenity":"hospital","ref":null,"phone:mobile":null,"loc_name:en":null,"medical_supply":null,"loc_name":null,"short_name:en":null,"short_name":null,"payment:google_pay":null,"payment:coins":null,"service":null,"payment:visa":null,"payment:mastercard":null,"payment:contactless":null,"payment:app":null,"internet_access:ssid":null,"payment:upi":null,"contact:facebook":null,"services":null,"payment:wallets":null,"payment:cards":null,"operational_status_quality":null,"building:use":null,"building:levels:underground":null,"building:levels":null,"parking":null,"brand":null,"entrance":null,"air_conditioning":null,"addr:floor":null,"image":null,"not:operator:wikidata":null,"mobile":null,"name:es":null,"addr:city:ur":null,"ele":null,"locality":null,"addr:landmark":null,"power":null,"natural":null,"opening_hours:covid19":null,"closing_hours":null,"survey:date":null,"geometry":null,"name:pa":null,"operator:short":null,"contact:helpline":null,"contact:website":null,"addr:quarter":null,"addr:neighbourhood":null,"aeroway":null,"old_name":null,"contact:tollfree":null,"start_date":null,"internet_access:fee":null,"operator:wikidata":null,"level":null,"payment:debit_cards":null,"payment:credit_cards":null,"payment:cash":null,"motor_vehicle":null,"horse":null,"access":null,"addr:unit":null,"addr:locality":null,"shop":null,"highway":null,"emergency_telephone_code":null,"opening_hours":null,"operational_status":null,"building":null,"addr:housename":null,"addr":null,"place":null,"name:ur":null,"contact:email":null,"addr:suburb":null,"health_facility:type":null,"designation":null,"contact:mobile":null,"addr:block":null,"wheelchair":null,"medical_system":null,"operator":null,"addr:place":null,"speciality":null,"operator:type":null,"foot":null,"bicycle":null,"barrier":null,"fax":null,"email":null,"healthcare:speciality":null,"name:mr":null,"name:hi":null,"name:en":null,"wikipedia":null,"wikimedia_commons":null,"addr:housenumber":null,"phone":null,"description":null,"alias":null,"name:kn":null,"wikidata":null,"internet_access":null,"check_date":null,"addr:subdistrict":"Bhadravati","addr:street":null,"website":null,"contact:phone":null,"addr:city":null,"addr:state":"Maharashtra","addr:postcode":"442902","addr:full":"Shriram Nagar, Bhadravati","addr:district":"Chandrapur","name:etymology:wikidata":null,"healthcare":null,"emergency":null,"addr:country":null,"postal_code":null,"population":null,"name:te":null,"name":"Rural Hospital, Bhadrawati","is_in":null,"alt_name":null,"AND_a_nosr_p":null},"geometry":{"type":"Point","coordinates":[79.1254709,20.1006291]}},
{"type":"Feature","properties":{"full_id":"n7229316347","osm_id":"7229316347","osm_type":"node","amenity":"hospital","ref":null,"phone:mobile":null,"loc_name:en":null,"medical_supply":null,"loc_name":null,"short_name:en":null,"short_name":null,"payment:google_pay":null,"payment:coins":null,"service":null,"payment:visa":null,"payment:mastercard":null,"payment:contactless":null,"payment:app":null,"internet_access:ssid":null,"payment:upi":null,"contact:facebook":null,"services":null,"payment:wallets":null,"payment:cards":null,"operational_status_quality":null,"building:use":null,"building:levels:underground":null,"building:levels":null,"parking":null,"brand":null,"entrance":null,"air_conditioning":null,"addr:floor":null,"image":null,"not:operator:wikidata":null,"mobile":null,"name:es":null,"addr:city:ur":null,"ele":null,"locality":null,"addr:landmark":null,"power":null,"natural":null,"opening_hours:covid19":null,"closing_hours":null,"survey:date":null,"geometry":null,"name:pa":null,"operator:short":null,"contact:helpline":null,"contact:website":null,"addr:quarter":null,"addr:neighbourhood":null,"aeroway":null,"old_name":null,"contact:tollfree":null,"start_date":null,"internet_access:fee":null,"operator:wikidata":null,"level":null,"payment:debit_cards":null,"payment:credit_cards":null,"payment:cash":null,"motor_vehicle":null,"horse":null,"access":null,"addr:unit":null,"addr:locality":null,"shop":null,"highway":null,"emergency_telephone_code":null,"opening_hours":null,"operational_status":null,"building":null,"addr:housename":null,"addr":null,"place":null,"name:ur":null,"contact:email":null,"addr:suburb":null,"health_facility:type":null,"designation":null,"contact:mobile":null,"addr:block":null,"wheelchair":null,"medical_system":null,"operator":null,"addr:place":null,"speciality":null,"operator:type":null,"foot":null,"bicycle":null,"barrier":null,"fax":null,"email":null,"healthcare:speciality":null,"name:mr":null,"name:hi":null,"name:en":null,"wikipedia":null,"wikimedia_commons":null,"addr:housenumber":null,"phone":null,"description":null,"alias":null,"name:kn":null,"wikidata":null,"internet_access":null,"check_date":null,"addr:subdistrict":"Bhadravati","addr:street":null,"website":null,"contact:phone":null,"addr:city":null,"addr:state":"Maharashtra","addr:postcode":"442503","addr:full":"Near Gram Panchayat, Majri","addr:district":"Chandrapur","name:etymology:wikidata":null,"healthcare":null,"emergency":null,"addr:country":null,"postal_code":null,"population":null,"name:te":null,"name":"Government Hospital, Majri","is_in":null,"alt_name":null,"AND_a_nosr_p":null},"geometry":{"type":"Point","coordinates":[79.0440675,20.1325068]}},
{"type":"Feature","properties":{"full_id":"n7229316352","osm_id":"7229316352","osm_type":"node","amenity":"hospital","ref":null,"phone:mobile":null,"loc_name:en":null,"medical_supply":null,"loc_name":null,"short_name:en":null,"short_name":null,"payment:google_pay":null,"payment:coins":null,"service":null,"payment:visa":null,"payment:mastercard":null,"payment:contactless":null,"payment:app":null,"internet_access:ssid":null,"payment:upi":null,"contact:facebook":null,"services":null,"payment:wallets":null,"payment:cards":null,"operational_status_quality":null,"building:use":null,"building:levels:underground":null,"building:levels":null,"parking":null,"brand":null,"entrance":null,"air_conditioning":null,"addr:floor":null,"image":null,"not:operator:wikidata":null,"mobile":null,"name:es":null,"addr:city:ur":null,"ele":null,"locality":null,"addr:landmark":null,"power":null,"natural":null,"opening_hours:covid19":null,"closing_hours":null,"survey:date":null,"geometry":null,"name:pa":null,"operator:short":null,"contact:helpline":null,"contact:website":null,"addr:quarter":null,"addr:neighbourhood":null,"aeroway":null,"old_name":null,"contact:tollfree":null,"start_date":null,"internet_access:fee":null,"operator:wikidata":null,"level":null,"payment:debit_cards":null,"payment:credit_cards":null,"payment:cash":null,"motor_vehicle":null,"horse":null,"access":null,"addr:unit":null,"addr:locality":null,"shop":null,"highway":null,"emergency_telephone_code":null,"opening_hours":null,"operational_status":null,"building":null,"addr:housename":null,"addr":null,"place":null,"name:ur":null,"contact:email":null,"addr:suburb":null,"health_facility:type":null,"designation":null,"contact:mobile":null,"addr:block":null,"wheelchair":null,"medical_system":null,"operator":null,"addr:place":null,"speciality":null,"operator:type":null,"foot":null,"bicycle":null,"barrier":null,"fax":null,"email":null,"healthcare:speciality":null,"name:mr":null,"name:hi":null,"name:en":null,"wikipedia":null,"wikimedia_commons":null,"addr:housenumber":null,"phone":null,"description":null,"alias":null,"name:kn":null,"wikidata":null,"internet_access":null,"check_date":null,"addr:subdistrict":"Sindewahi","addr:street":null,"website":null,"contact:phone":null,"addr:city":null,"addr:state":"Maharashtra","addr:postcode":"441222","addr:full":"Beside Police Station, Sindewahi","addr:district":"Chandrapur","name:etymology:wikidata":null,"healthcare":null,"emergency":null,"addr:country":null,"postal_code":null,"population":null,"name:te":null,"name":"Rural Hospital, Sindewahi","is_in":null,"alt_name":null,"AND_a_nosr_p":null},"geometry":{"type":"Point","coordinates":[79.660002,20.290558]}},
{"type":"Feature","properties":{"full_id":"n7229316355","osm_id":"7229316355","osm_type":"node","amenity":"hospital","ref":null,"phone:mobile":null,"loc_name:en":null,"medical_supply":null,"loc_name":null,"short_name:en":null,"short_name":null,"payment:google_pay":null,"payment:coins":null,"service":null,"payment:visa":null,"payment:mastercard":null,"payment:contactless":null,"payment:app":null,"internet_access:ssid":null,"payment:upi":null,"contact:facebook":null,"services":null,"payment:wallets":null,"payment:cards":null,"operational_status_quality":null,"building:use":null,"building:levels:underground":null,"building:levels":null,"parking":null,"brand":null,"entrance":null,"air_conditioning":null,"addr:floor":null,"image":null,"not:operator:wikidata":null,"mobile":null,"name:es":null,"addr:city:ur":null,"ele":null,"locality":null,"addr:landmark":null,"power":null,"natural":null,"opening_hours:covid19":null,"closing_hours":null,"survey:date":null,"geometry":null,"name:pa":null,"operator:short":null,"contact:helpline":null,"contact:website":null,"addr:quarter":null,"addr:neighbourhood":null,"aeroway":null,"old_name":null,"contact:tollfree":null,"start_date":null,"internet_access:fee":null,"operator:wikidata":null,"level":null,"payment:debit_cards":null,"payment:credit_cards":null,"payment:cash":null,"motor_vehicle":null,"horse":null,"access":null,"addr:unit":null,"addr:locality":null,"shop":null,"highway":null,"emergency_telephone_code":null,"opening_hours":null,"operational_status":null,"building":null,"addr:housename":null,"addr":null,"place":null,"name:ur":null,"contact:email":null,"addr:suburb":null,"health_facility:type":null,"designation":null,"contact:mobile":null,"addr:block":null,"wheelchair":null,"medical_system":null,"operator":null,"addr:place":null,"speciality":null,"operator:type":null,"foot":null,"bicycle":null,"barrier":null,"fax":null,"email":null,"healthcare:speciality":null,"name:mr":null,"name:hi":null,"name:en":null,"wikipedia":null,"wikimedia_commons":null,"addr:housenumber":null,"phone":null,"description":null,"alias":null,"name:kn":null,"wikidata":null,"internet_access":null,"check_date":null,"addr:subdistrict":"Sindewahi","addr:street":null,"website":null,"contact:phone":null,"addr:city":null,"addr:state":"Maharashtra","addr:postcode":"441222","addr:full":"Main Road, Near Hanuman Mandir, Mohadi","addr:district":"Chandrapur","name:etymology:wikidata":null,"healthcare":null,"emergency":null,"addr:country":null,"postal_code":null,"population":null,"name:te":null,"name":"Mohadi Hospital","is_in":null,"alt_name":null,"AND_a_nosr_p":null},"geometry":{"type":"Point","coordinates":[79.6072667,20.2432663]}},
{"type":"Feature","properties":{"full_id":"n7229316389","osm_id":"7229316389","osm_type":"node","amenity":"hospital","ref":null,"phone:mobile":null,"loc_name:en":null,"medical_supply":null,"loc_name":null,"short_name:en":null,"short_name":null,"payment:google_pay":null,"payment:coins":null,"service":null,"payment:visa":null,"payment:mastercard":null,"payment:contactless":null,"payment:app":null,"internet_access:ssid":null,"payment:upi":null,"contact:facebook":null,"services":null,"payment:wallets":null,"payment:cards":null,"operational_status_quality":null,"building:use":null,"building:levels:underground":null,"building:levels":null,"parking":null,"brand":null,"entrance":null,"air_conditioning":null,"addr:floor":null,"image":null,"not:operator:wikidata":null,"mobile":null,"name:es":null,"addr:city:ur":null,"ele":null,"locality":null,"addr:landmark":null,"power":null,"natural":null,"opening_hours:covid19":null,"closing_hours":null,"survey:date":null,"geometry":null,"name:pa":null,"operator:short":null,"contact:helpline":null,"contact:website":null,"addr:quarter":null,"addr:neighbourhood":null,"aeroway":null,"old_name":null,"contact:tollfree":null,"start_date":null,"internet_access:fee":null,"operator:wikidata":null,"level":null,"payment:debit_cards":null,"payment:credit_cards":null,"payment:cash":null,"motor_vehicle":null,"horse":null,"access":null,"addr:unit":null,"addr:locality":null,"shop":null,"highway":null,"emergency_telephone_code":null,"opening_hours":null,"operational_status":null,"building":null,"addr:housename":null,"addr":null,"place":null,"name:ur":null,"contact:email":null,"addr:suburb":null,"health_facility:type":null,"designation":null,"contact:mobile":null,"addr:block":null,"wheelchair":null,"medical_system":null,"operator":null,"addr:place":null,"speciality":null,"operator:type":null,"foot":null,"bicycle":null,"barrier":null,"fax":null,"email":null,"healthcare:speciality":null,"name:mr":null,"name:hi":null,"name:en":null,"wikipedia":null,"wikimedia_commons":null,"addr:housenumber":null,"phone":null,"description":"Sub District Hospital","alias":null,"name:kn":null,"wikidata":null,"internet_access":null,"check_date":null,"addr:subdistrict":"Warora","addr:street":null,"website":null,"contact:phone":null,"addr:city":null,"addr:state":"Maharashtra","addr:postcode":"442907","addr:full":"Datta Mandir ward, Near Water Tank, Warora","addr:district":"Chandrapur","name:etymology:wikidata":null,"healthcare":"hospital","emergency":null,"addr:country":null,"postal_code":null,"population":null,"name:te":null,"name":"SDH Warora","is_in":null,"alt_name":null,"AND_a_nosr_p":null},"geometry":{"type":"Point","coordinates":[79.003138,20.234399]}},
{"type":"Feature","properties":{"full_id":"n7229411020","osm_id":"7229411020","osm_type":"node","amenity":"hospital","ref":null,"phone:mobile":null,"loc_name:en":null,"medical_supply":null,"loc_name":null,"short_name:en":null,"short_name":null,"payment:google_pay":null,"payment:coins":null,"service":null,"payment:visa":null,"payment:mastercard":null,"payment:contactless":null,"payment:app":null,"internet_access:ssid":null,"payment:upi":null,"contact:facebook":null,"services":null,"payment:wallets":null,"payment:cards":null,"operational_status_quality":null,"building:use":null,"building:levels:underground":null,"building:levels":null,"parking":null,"brand":null,"entrance":null,"air_conditioning":null,"addr:floor":null,"image":null,"not:operator:wikidata":null,"mobile":null,"name:es":null,"addr:city:ur":null,"ele":null,"locality":null,"addr:landmark":null,"power":null,"natural":null,"opening_hours:covid19":null,"closing_hours":null,"survey:date":null,"geometry":null,"name:pa":null,"operator:short":null,"contact:helpline":null,"contact:website":null,"addr:quarter":null,"addr:neighbourhood":null,"aeroway":null,"old_name":null,"contact:tollfree":null,"start_date":null,"internet_access:fee":null,"operator:wikidata":null,"level":null,"payment:debit_cards":null,"payment:credit_cards":null,"payment:cash":null,"motor_vehicle":null,"horse":null,"access":null,"addr:unit":null,"addr:locality":null,"shop":null,"highway":null,"emergency_telephone_code":null,"opening_hours":null,"operational_status":null,"building":null,"addr:housename":null,"addr":null,"place":null,"name:ur":null,"contact:email":null,"addr:suburb":null,"health_facility:type":null,"designation":null,"contact:mobile":null,"addr:block":null,"wheelchair":null,"medical_system":null,"operator":null,"addr:place":null,"speciality":null,"operator:type":null,"foot":null,"bicycle":null,"barrier":null,"fax":null,"email":null,"healthcare:speciality":null,"name:mr":null,"name:hi":null,"name:en":null,"wikipedia":null,"wikimedia_commons":null,"addr:housenumber":null,"phone":null,"description":"Sub District Hospital","alias":null,"name:kn":null,"wikidata":null,"internet_access":null,"check_date":null,"addr:subdistrict":"Mul","addr:street":null,"website":null,"contact:phone":null,"addr:city":null,"addr:state":"Maharashtra","addr:postcode":"441224","addr:full":"Ward Number 15, Beside Pratibha B.ed. Collage, Mul","addr:district":"Chandrapur","name:etymology:wikidata":null,"healthcare":null,"emergency":null,"addr:country":null,"postal_code":null,"population":null,"name:te":null,"name":"SDH Mul","is_in":null,"alt_name":null,"AND_a_nosr_p":null},"geometry":{"type":"Point","coordinates":[79.6614104,20.0624292]}},
{"type":"Feature","properties":{"full_id":"n7229411038","osm_id":"7229411038","osm_type":"node","amenity":"hospital","ref":null,"phone:mobile":null,"loc_name:en":null,"medical_supply":null,"loc_name":null,"short_name:en":null,"short_name":null,"payment:google_pay":null,"payment:coins":null,"service":null,"payment:visa":null,"payment:mastercard":null,"payment:contactless":null,"payment:app":null,"internet_access:ssid":null,"payment:upi":null,"contact:facebook":null,"services":null,"payment:wallets":null,"payment:cards":null,"operational_status_quality":null,"building:use":null,"building:levels:underground":null,"building:levels":null,"parking":null,"brand":null,"entrance":null,"air_conditioning":null,"addr:floor":null,"image":null,"not:operator:wikidata":null,"mobile":null,"name:es":null,"addr:city:ur":null,"ele":null,"locality":null,"addr:landmark":null,"power":null,"natural":null,"opening_hours:covid19":null,"closing_hours":null,"survey:date":null,"geometry":null,"name:pa":null,"operator:short":null,"contact:helpline":null,"contact:website":null,"addr:quarter":null,"addr:neighbourhood":null,"aeroway":null,"old_name":null,"contact:tollfree":null,"start_date":null,"internet_access:fee":null,"operator:wikidata":null,"level":null,"payment:debit_cards":null,"payment:credit_cards":null,"payment:cash":null,"motor_vehicle":null,"horse":null,"access":null,"addr:unit":null,"addr:locality":null,"shop":null,"highway":null,"emergency_telephone_code":null,"opening_hours":null,"operational_status":null,"building":null,"addr:housename":null,"addr":null,"place":null,"name:ur":null,"contact:email":null,"addr:suburb":null,"health_facility:type":null,"designation":null,"contact:mobile":null,"addr:block":null,"wheelchair":null,"medical_system":null,"operator":null,"addr:place":null,"speciality":null,"operator:type":null,"foot":null,"bicycle":null,"barrier":null,"fax":null,"email":null,"healthcare:speciality":null,"name:mr":null,"name:hi":null,"name:en":null,"wikipedia":null,"wikimedia_commons":null,"addr:housenumber":null,"phone":null,"description":"District Hospital","alias":null,"name:kn":null,"wikidata":null,"internet_access":null,"check_date":null,"addr:subdistrict":null,"addr:street":null,"website":null,"contact:phone":null,"addr:city":null,"addr:state":"Maharashtra","addr:postcode":"442401","addr:full":"Urban Primary Health Centre 2, Near Dr. Babasaheb Ambedkar College, Chandrapur, TB Hospital, Ram Nagar, Chandrapur","addr:district":"Chandrapur","name:etymology:wikidata":null,"healthcare":"hospital","emergency":null,"addr:country":null,"postal_code":null,"population":null,"name:te":null,"name":"District TB Hospital, Chandrapur","is_in":null,"alt_name":null,"AND_a_nosr_p":null},"geometry":{"type":"Point","coordinates":[79.2914735,19.9648425]}},
{"type":"Feature","properties":{"full_id":"n7229411051","osm_id":"7229411051","osm_type":"node","amenity":"hospital","ref":null,"phone:mobile":null,"loc_name:en":null,"medical_supply":null,"loc_name":null,"short_name:en":null,"short_name":null,"payment:google_pay":null,"payment:coins":null,"service":null,"payment:visa":null,"payment:mastercard":null,"payment:contactless":null,"payment:app":null,"internet_access:ssid":null,"payment:upi":null,"contact:facebook":null,"services":null,"payment:wallets":null,"payment:cards":null,"operational_status_quality":null,"building:use":null,"building:levels:underground":null,"building:levels":null,"parking":null,"brand":null,"entrance":null,"air_conditioning":null,"addr:floor":null,"image":null,"not:operator:wikidata":null,"mobile":null,"name:es":null,"addr:city:ur":null,"ele":null,"locality":null,"addr:landmark":null,"power":null,"natural":null,"opening_hours:covid19":null,"closing_hours":null,"survey:date":null,"geometry":null,"name:pa":null,"operator:short":null,"contact:helpline":null,"contact:website":null,"addr:quarter":null,"addr:neighbourhood":null,"aeroway":null,"old_name":null,"contact:tollfree":null,"start_date":null,"internet_access:fee":null,"operator:wikidata":null,"level":null,"payment:debit_cards":null,"payment:credit_cards":null,"payment:cash":null,"motor_vehicle":null,"horse":null,"access":null,"addr:unit":null,"addr:locality":null,"shop":null,"highway":null,"emergency_telephone_code":null,"opening_hours":null,"operational_status":null,"building":null,"addr:housename":null,"addr":null,"place":null,"name:ur":null,"contact:email":null,"addr:suburb":null,"health_facility:type":null,"designation":null,"contact:mobile":null,"addr:block":"Saoli","wheelchair":null,"medical_system":null,"operator":null,"addr:place":null,"speciality":null,"operator:type":null,"foot":null,"bicycle":null,"barrier":null,"fax":null,"email":null,"healthcare:speciality":null,"name:mr":null,"name:hi":null,"name:en":null,"wikipedia":null,"wikimedia_commons":null,"addr:housenumber":null,"phone":null,"description":null,"alias":null,"name:kn":null,"wikidata":null,"internet_access":null,"check_date":null,"addr:subdistrict":"Sawali","addr:street":null,"website":null,"contact:phone":null,"addr:city":null,"addr:state":"Maharashtra","addr:postcode":"441225","addr:full":"Near Vishvshanti School, Beside Ramabai High school, Saoli","addr:district":"Chandrapur","name:etymology:wikidata":null,"healthcare":null,"emergency":null,"addr:country":null,"postal_code":null,"population":null,"name:te":null,"name":"Rural Hospital, Saoli","is_in":null,"alt_name":null,"AND_a_nosr_p":null},"geometry":{"type":"Point","coordinates":[79.7921709,20.0829319]}},
{"type":"Feature","properties":{"full_id":"n7625613199","osm_id":"7625613199","osm_type":"node","amenity":"hospital","ref":null,"phone:mobile":null,"loc_name:en":null,"medical_supply":null,"loc_name":null,"short_name:en":null,"short_name":null,"payment:google_pay":null,"payment:coins":null,"service":null,"payment:visa":null,"payment:mastercard":null,"payment:contactless":null,"payment:app":null,"internet_access:ssid":null,"payment:upi":null,"contact:facebook":null,"services":null,"payment:wallets":null,"payment:cards":null,"operational_status_quality":null,"building:use":null,"building:levels:underground":null,"building:levels":null,"parking":null,"brand":null,"entrance":null,"air_conditioning":null,"addr:floor":null,"image":null,"not:operator:wikidata":null,"mobile":null,"name:es":null,"addr:city:ur":null,"ele":null,"locality":null,"addr:landmark":null,"power":null,"natural":null,"opening_hours:covid19":null,"closing_hours":null,"survey:date":null,"geometry":null,"name:pa":null,"operator:short":null,"contact:helpline":null,"contact:website":null,"addr:quarter":null,"addr:neighbourhood":null,"aeroway":null,"old_name":null,"contact:tollfree":null,"start_date":null,"internet_access:fee":null,"operator:wikidata":null,"level":null,"payment:debit_cards":null,"payment:credit_cards":null,"payment:cash":null,"motor_vehicle":null,"horse":null,"access":null,"addr:unit":null,"addr:locality":null,"shop":null,"highway":null,"emergency_telephone_code":null,"opening_hours":null,"operational_status":null,"building":null,"addr:housename":null,"addr":null,"place":null,"name:ur":null,"contact:email":null,"addr:suburb":null,"health_facility:type":null,"designation":null,"contact:mobile":null,"addr:block":null,"wheelchair":null,"medical_system":null,"operator":null,"addr:place":null,"speciality":null,"operator:type":null,"foot":null,"bicycle":null,"barrier":null,"fax":null,"email":null,"healthcare:speciality":null,"name:mr":null,"name:hi":null,"name:en":null,"wikipedia":null,"wikimedia_commons":null,"addr:housenumber":null,"phone":null,"description":null,"alias":null,"name:kn":null,"wikidata":null,"internet_access":null,"check_date":null,"addr:subdistrict":null,"addr:street":null,"website":null,"contact:phone":null,"addr:city":null,"addr:state":"Maharastra","addr:postcode":"442402","addr:full":"Sushrusha Hospital, Ramnagar, Chandrapur","addr:district":"Chandrapur","name:etymology:wikidata":null,"healthcare":"hospital","emergency":null,"addr:country":null,"postal_code":null,"population":null,"name:te":null,"name":"Salphale Hospital","is_in":null,"alt_name":null,"AND_a_nosr_p":null},"geometry":{"type":"Point","coordinates":[79.2947922,19.9603176]}},
{"type":"Feature","properties":{"full_id":"n7625613200","osm_id":"7625613200","osm_type":"node","amenity":"hospital","ref":null,"phone:mobile":null,"loc_name:en":null,"medical_supply":null,"loc_name":null,"short_name:en":null,"short_name":null,"payment:google_pay":null,"payment:coins":null,"service":null,"payment:visa":null,"payment:mastercard":null,"payment:contactless":null,"payment:app":null,"internet_access:ssid":null,"payment:upi":null,"contact:facebook":null,"services":null,"payment:wallets":null,"payment:cards":null,"operational_status_quality":null,"building:use":null,"building:levels:underground":null,"building:levels":null,"parking":null,"brand":null,"entrance":null,"air_conditioning":null,"addr:floor":null,"image":null,"not:operator:wikidata":null,"mobile":null,"name:es":null,"addr:city:ur":null,"ele":null,"locality":null,"addr:landmark":null,"power":null,"natural":null,"opening_hours:covid19":null,"closing_hours":null,"survey:date":null,"geometry":null,"name:pa":null,"operator:short":null,"contact:helpline":null,"contact:website":null,"addr:quarter":null,"addr:neighbourhood":null,"aeroway":null,"old_name":null,"contact:tollfree":null,"start_date":null,"internet_access:fee":null,"operator:wikidata":null,"level":null,"payment:debit_cards":null,"payment:credit_cards":null,"payment:cash":null,"motor_vehicle":null,"horse":null,"access":null,"addr:unit":null,"addr:locality":null,"shop":null,"highway":null,"emergency_telephone_code":null,"opening_hours":null,"operational_status":null,"building":null,"addr:housename":null,"addr":null,"place":null,"name:ur":null,"contact:email":null,"addr:suburb":null,"health_facility:type":null,"designation":null,"contact:mobile":null,"addr:block":null,"wheelchair":null,"medical_system":null,"operator":null,"addr:place":null,"speciality":null,"operator:type":null,"foot":null,"bicycle":null,"barrier":null,"fax":null,"email":null,"healthcare:speciality":null,"name:mr":null,"name:hi":null,"name:en":null,"wikipedia":null,"wikimedia_commons":null,"addr:housenumber":null,"phone":null,"description":null,"alias":null,"name:kn":null,"wikidata":null,"internet_access":null,"check_date":null,"addr:subdistrict":null,"addr:street":null,"website":null,"contact:phone":null,"addr:city":null,"addr:state":"Maharastra","addr:postcode":"442402","addr:full":"Nagpur Road, Near Janata College, Civil Lines, Chandrapur","addr:district":"Chandrapur","name:etymology:wikidata":null,"healthcare":null,"emergency":null,"addr:country":null,"postal_code":null,"population":null,"name:te":null,"name":"Mehra Hospital","is_in":null,"alt_name":null,"AND_a_nosr_p":null},"geometry":{"type":"Point","coordinates":[79.28599,19.973556]}},
{"type":"Feature","properties":{"full_id":"n7625613201","osm_id":"7625613201","osm_type":"node","amenity":"hospital","ref":null,"phone:mobile":null,"loc_name:en":null,"medical_supply":null,"loc_name":null,"short_name:en":null,"short_name":null,"payment:google_pay":null,"payment:coins":null,"service":null,"payment:visa":null,"payment:mastercard":null,"payment:contactless":null,"payment:app":null,"internet_access:ssid":null,"payment:upi":null,"contact:facebook":null,"services":null,"payment:wallets":null,"payment:cards":null,"operational_status_quality":null,"building:use":null,"building:levels:underground":null,"building:levels":null,"parking":null,"brand":null,"entrance":null,"air_conditioning":null,"addr:floor":null,"image":null,"not:operator:wikidata":null,"mobile":null,"name:es":null,"addr:city:ur":null,"ele":null,"locality":null,"addr:landmark":null,"power":null,"natural":null,"opening_hours:covid19":null,"closing_hours":null,"survey:date":null,"geometry":null,"name:pa":null,"operator:short":null,"contact:helpline":null,"contact:website":null,"addr:quarter":null,"addr:neighbourhood":null,"aeroway":null,"old_name":null,"contact:tollfree":null,"start_date":null,"internet_access:fee":null,"operator:wikidata":null,"level":null,"payment:debit_cards":null,"payment:credit_cards":null,"payment:cash":null,"motor_vehicle":null,"horse":null,"access":null,"addr:unit":null,"addr:locality":null,"shop":null,"highway":null,"emergency_telephone_code":null,"opening_hours":null,"operational_status":null,"building":null,"addr:housename":null,"addr":null,"place":null,"name:ur":null,"contact:email":null,"addr:suburb":null,"health_facility:type":null,"designation":null,"contact:mobile":null,"addr:block":null,"wheelchair":null,"medical_system":null,"operator":null,"addr:place":null,"speciality":null,"operator:type":null,"foot":null,"bicycle":null,"barrier":null,"fax":null,"email":null,"healthcare:speciality":null,"name:mr":null,"name:hi":null,"name:en":null,"wikipedia":null,"wikimedia_commons":null,"addr:housenumber":null,"phone":null,"description":null,"alias":null,"name:kn":null,"wikidata":null,"internet_access":null,"check_date":null,"addr:subdistrict":null,"addr:street":null,"website":null,"contact:phone":null,"addr:city":null,"addr:state":"Maharastra","addr:postcode":"442401","addr:full":"Opposite Adarsh Petrol Pump, Sarkar Nagar, Tukum, Chandrapur","addr:district":"Chandrapur","name:etymology:wikidata":null,"healthcare":null,"emergency":null,"addr:country":null,"postal_code":null,"population":null,"name:te":null,"name":"CHL Multispeciality Hospital & Research Centre","is_in":null,"alt_name":null,"AND_a_nosr_p":null},"geometry":{"type":"Point","coordinates":[79.307799,19.969709]}},
{"type":"Feature","properties":{"full_id":"n7625613204","osm_id":"7625613204","osm_type":"node","amenity":"hospital","ref":null,"phone:mobile":null,"loc_name:en":null,"medical_supply":null,"loc_name":null,"short_name:en":null,"short_name":null,"payment:google_pay":null,"payment:coins":null,"service":null,"payment:visa":null,"payment:mastercard":null,"payment:contactless":null,"payment:app":null,"internet_access:ssid":null,"payment:upi":null,"contact:facebook":null,"services":null,"payment:wallets":null,"payment:cards":null,"operational_status_quality":null,"building:use":null,"building:levels:underground":null,"building:levels":null,"parking":null,"brand":null,"entrance":null,"air_conditioning":null,"addr:floor":null,"image":null,"not:operator:wikidata":null,"mobile":null,"name:es":null,"addr:city:ur":null,"ele":null,"locality":null,"addr:landmark":null,"power":null,"natural":null,"opening_hours:covid19":null,"closing_hours":null,"survey:date":null,"geometry":null,"name:pa":null,"operator:short":null,"contact:helpline":null,"contact:website":null,"addr:quarter":null,"addr:neighbourhood":null,"aeroway":null,"old_name":null,"contact:tollfree":null,"start_date":null,"internet_access:fee":null,"operator:wikidata":null,"level":null,"payment:debit_cards":null,"payment:credit_cards":null,"payment:cash":null,"motor_vehicle":null,"horse":null,"access":null,"addr:unit":null,"addr:locality":null,"shop":null,"highway":null,"emergency_telephone_code":null,"opening_hours":null,"operational_status":null,"building":null,"addr:housename":null,"addr":null,"place":null,"name:ur":null,"contact:email":null,"addr:suburb":null,"health_facility:type":null,"designation":null,"contact:mobile":null,"addr:block":null,"wheelchair":null,"medical_system":null,"operator":null,"addr:place":null,"speciality":null,"operator:type":null,"foot":null,"bicycle":null,"barrier":null,"fax":null,"email":null,"healthcare:speciality":null,"name:mr":null,"name:hi":null,"name:en":null,"wikipedia":null,"wikimedia_commons":null,"addr:housenumber":null,"phone":null,"description":null,"alias":null,"name:kn":null,"wikidata":null,"internet_access":null,"check_date":null,"addr:subdistrict":null,"addr:street":null,"website":null,"contact:phone":null,"addr:city":null,"addr:state":"Maharastra","addr:postcode":"442402","addr:full":"Gol Bazar, Tilak Maidan, Gandhi Chowk Road, Bazar Ward, Chandrapur","addr:district":"Chandrapur","name:etymology:wikidata":null,"healthcare":"hospital","emergency":null,"addr:country":null,"postal_code":null,"population":null,"name:te":null,"name":"Dr. Kolte Hospital","is_in":null,"alt_name":null,"AND_a_nosr_p":null},"geometry":{"type":"Point","coordinates":[79.2977036,19.9490317]}},
{"type":"Feature","properties":{"full_id":"n7625613206","osm_id":"7625613206","osm_type":"node","amenity":"hospital","ref":null,"phone:mobile":null,"loc_name:en":null,"medical_supply":null,"loc_name":null,"short_name:en":null,"short_name":null,"payment:google_pay":null,"payment:coins":null,"service":null,"payment:visa":null,"payment:mastercard":null,"payment:contactless":null,"payment:app":null,"internet_access:ssid":null,"payment:upi":null,"contact:facebook":null,"services":null,"payment:wallets":null,"payment:cards":null,"operational_status_quality":null,"building:use":null,"building:levels:underground":null,"building:levels":null,"parking":null,"brand":null,"entrance":null,"air_conditioning":null,"addr:floor":null,"image":null,"not:operator:wikidata":null,"mobile":null,"name:es":null,"addr:city:ur":null,"ele":null,"locality":null,"addr:landmark":null,"power":null,"natural":null,"opening_hours:covid19":null,"closing_hours":null,"survey:date":null,"geometry":null,"name:pa":null,"operator:short":null,"contact:helpline":null,"contact:website":null,"addr:quarter":null,"addr:neighbourhood":null,"aeroway":null,"old_name":null,"contact:tollfree":null,"start_date":null,"internet_access:fee":null,"operator:wikidata":null,"level":null,"payment:debit_cards":null,"payment:credit_cards":null,"payment:cash":null,"motor_vehicle":null,"horse":null,"access":null,"addr:unit":null,"addr:locality":null,"shop":null,"highway":null,"emergency_telephone_code":null,"opening_hours":null,"operational_status":null,"building":null,"addr:housename":null,"addr":null,"place":null,"name:ur":null,"contact:email":null,"addr:suburb":null,"health_facility:type":null,"designation":null,"contact:mobile":null,"addr:block":null,"wheelchair":null,"medical_system":null,"operator":null,"addr:place":null,"speciality":null,"operator:type":null,"foot":null,"bicycle":null,"barrier":null,"fax":null,"email":null,"healthcare:speciality":null,"name:mr":null,"name:hi":null,"name:en":null,"wikipedia":null,"wikimedia_commons":null,"addr:housenumber":null,"phone":null,"description":null,"alias":null,"name:kn":null,"wikidata":null,"internet_access":null,"check_date":null,"addr:subdistrict":null,"addr:street":null,"website":null,"contact:phone":null,"addr:city":null,"addr:state":"Maharastra","addr:postcode":"442402","addr:full":"Bapat Nagar, Postman Colony, Wadgaon, Chandrapur","addr:district":"Chandrapur","name:etymology:wikidata":null,"healthcare":null,"emergency":null,"addr:country":null,"postal_code":null,"population":null,"name:te":null,"name":"Pant Hospital","is_in":null,"alt_name":null,"AND_a_nosr_p":null},"geometry":{"type":"Point","coordinates":[79.28281,19.976379]}},
{"type":"Feature","properties":{"full_id":"n7625613207","osm_id":"7625613207","osm_type":"node","amenity":"hospital","ref":null,"phone:mobile":null,"loc_name:en":null,"medical_supply":null,"loc_name":null,"short_name:en":null,"short_name":null,"payment:google_pay":null,"payment:coins":null,"service":null,"payment:visa":null,"payment:mastercard":null,"payment:contactless":null,"payment:app":null,"internet_access:ssid":null,"payment:upi":null,"contact:facebook":null,"services":null,"payment:wallets":null,"payment:cards":null,"operational_status_quality":null,"building:use":null,"building:levels:underground":null,"building:levels":null,"parking":null,"brand":null,"entrance":null,"air_conditioning":null,"addr:floor":null,"image":null,"not:operator:wikidata":null,"mobile":null,"name:es":null,"addr:city:ur":null,"ele":null,"locality":null,"addr:landmark":null,"power":null,"natural":null,"opening_hours:covid19":null,"closing_hours":null,"survey:date":null,"geometry":null,"name:pa":null,"operator:short":null,"contact:helpline":null,"contact:website":null,"addr:quarter":null,"addr:neighbourhood":null,"aeroway":null,"old_name":null,"contact:tollfree":null,"start_date":null,"internet_access:fee":null,"operator:wikidata":null,"level":null,"payment:debit_cards":null,"payment:credit_cards":null,"payment:cash":null,"motor_vehicle":null,"horse":null,"access":null,"addr:unit":null,"addr:locality":null,"shop":null,"highway":null,"emergency_telephone_code":null,"opening_hours":null,"operational_status":null,"building":null,"addr:housename":null,"addr":null,"place":null,"name:ur":null,"contact:email":null,"addr:suburb":null,"health_facility:type":null,"designation":null,"contact:mobile":null,"addr:block":null,"wheelchair":null,"medical_system":null,"operator":null,"addr:place":null,"speciality":null,"operator:type":null,"foot":null,"bicycle":null,"barrier":null,"fax":null,"email":null,"healthcare:speciality":null,"name:mr":null,"name:hi":null,"name:en":null,"wikipedia":null,"wikimedia_commons":null,"addr:housenumber":null,"phone":null,"description":null,"alias":null,"name:kn":null,"wikidata":null,"internet_access":null,"check_date":null,"addr:subdistrict":null,"addr:street":null,"website":null,"contact:phone":null,"addr:city":null,"addr:state":"Maharastra","addr:postcode":"442403","addr:full":"Babupeth, Chandrapur","addr:district":"Chandrapur","name:etymology:wikidata":null,"healthcare":"hospital","emergency":null,"addr:country":null,"postal_code":null,"population":null,"name:te":null,"name":"Dr. Nakshine Hospital","is_in":null,"alt_name":null,"AND_a_nosr_p":null},"geometry":{"type":"Point","coordinates":[79.3139827,19.9354227]}},
{"type":"Feature","properties":{"full_id":"n7625613208","osm_id":"7625613208","osm_type":"node","amenity":"hospital","ref":null,"phone:mobile":null,"loc_name:en":null,"medical_supply":null,"loc_name":null,"short_name:en":null,"short_name":null,"payment:google_pay":null,"payment:coins":null,"service":null,"payment:visa":null,"payment:mastercard":null,"payment:contactless":null,"payment:app":null,"internet_access:ssid":null,"payment:upi":null,"contact:facebook":null,"services":null,"payment:wallets":null,"payment:cards":null,"operational_status_quality":null,"building:use":null,"building:levels:underground":null,"building:levels":null,"parking":null,"brand":null,"entrance":null,"air_conditioning":null,"addr:floor":null,"image":null,"not:operator:wikidata":null,"mobile":null,"name:es":null,"addr:city:ur":null,"ele":null,"locality":null,"addr:landmark":null,"power":null,"natural":null,"opening_hours:covid19":null,"closing_hours":null,"survey:date":null,"geometry":null,"name:pa":null,"operator:short":null,"contact:helpline":null,"contact:website":null,"addr:quarter":null,"addr:neighbourhood":null,"aeroway":null,"old_name":null,"contact:tollfree":null,"start_date":null,"internet_access:fee":null,"operator:wikidata":null,"level":null,"payment:debit_cards":null,"payment:credit_cards":null,"payment:cash":null,"motor_vehicle":null,"horse":null,"access":null,"addr:unit":null,"addr:locality":null,"shop":null,"highway":null,"emergency_telephone_code":null,"opening_hours":null,"operational_status":null,"building":null,"addr:housename":null,"addr":null,"place":null,"name:ur":null,"contact:email":null,"addr:suburb":null,"health_facility:type":null,"designation":null,"contact:mobile":null,"addr:block":null,"wheelchair":null,"medical_system":null,"operator":null,"addr:place":null,"speciality":null,"operator:type":null,"foot":null,"bicycle":null,"barrier":null,"fax":null,"email":null,"healthcare:speciality":null,"name:mr":null,"name:hi":null,"name:en":null,"wikipedia":null,"wikimedia_commons":null,"addr:housenumber":null,"phone":null,"description":null,"alias":null,"name:kn":null,"wikidata":null,"internet_access":null,"check_date":null,"addr:subdistrict":null,"addr:street":null,"website":null,"contact:phone":null,"addr:city":null,"addr:state":"Maharastra","addr:postcode":"442402","addr:full":"Patel Nagar ,Civil Lines, Opposite Hotel Tandoor, Chandrapur","addr:district":"Chandrapur","name:etymology:wikidata":null,"healthcare":null,"emergency":null,"addr:country":null,"postal_code":null,"population":null,"name:te":null,"name":"Musale Hospital","is_in":null,"alt_name":null,"AND_a_nosr_p":null},"geometry":{"type":"Point","coordinates":[79.2975075,19.9655761]}},
{"type":"Feature","properties":{"full_id":"n7625613209","osm_id":"7625613209","osm_type":"node","amenity":"hospital","ref":null,"phone:mobile":null,"loc_name:en":null,"medical_supply":null,"loc_name":null,"short_name:en":null,"short_name":null,"payment:google_pay":null,"payment:coins":null,"service":null,"payment:visa":null,"payment:mastercard":null,"payment:contactless":null,"payment:app":null,"internet_access:ssid":null,"payment:upi":null,"contact:facebook":null,"services":null,"payment:wallets":null,"payment:cards":null,"operational_status_quality":null,"building:use":null,"building:levels:underground":null,"building:levels":null,"parking":null,"brand":null,"entrance":null,"air_conditioning":null,"addr:floor":null,"image":null,"not:operator:wikidata":null,"mobile":null,"name:es":null,"addr:city:ur":null,"ele":null,"locality":null,"addr:landmark":null,"power":null,"natural":null,"opening_hours:covid19":null,"closing_hours":null,"survey:date":null,"geometry":null,"name:pa":null,"operator:short":null,"contact:helpline":null,"contact:website":null,"addr:quarter":null,"addr:neighbourhood":null,"aeroway":null,"old_name":null,"contact:tollfree":null,"start_date":null,"internet_access:fee":null,"operator:wikidata":null,"level":null,"payment:debit_cards":null,"payment:credit_cards":null,"payment:cash":null,"motor_vehicle":null,"horse":null,"access":null,"addr:unit":null,"addr:locality":null,"shop":null,"highway":null,"emergency_telephone_code":null,"opening_hours":null,"operational_status":null,"building":null,"addr:housename":null,"addr":null,"place":null,"name:ur":null,"contact:email":null,"addr:suburb":null,"health_facility:type":null,"designation":null,"contact:mobile":null,"addr:block":null,"wheelchair":null,"medical_system":null,"operator":null,"addr:place":null,"speciality":null,"operator:type":null,"foot":null,"bicycle":null,"barrier":null,"fax":null,"email":null,"healthcare:speciality":null,"name:mr":null,"name:hi":null,"name:en":null,"wikipedia":null,"wikimedia_commons":null,"addr:housenumber":null,"phone":null,"description":null,"alias":null,"name:kn":null,"wikidata":null,"internet_access":null,"check_date":null,"addr:subdistrict":null,"addr:street":null,"website":null,"contact:phone":null,"addr:city":null,"addr:state":"Maharastra","addr:postcode":"442502","addr:full":"Mul Road, Chandrapur","addr:district":"Chandrapur","name:etymology:wikidata":null,"healthcare":null,"emergency":null,"addr:country":null,"postal_code":null,"population":null,"name:te":null,"name":"Navjeevan Hospital","is_in":null,"alt_name":null,"AND_a_nosr_p":null},"geometry":{"type":"Point","coordinates":[79.3048763,19.9675903]}},
{"type":"Feature","properties":{"full_id":"n7625613210","osm_id":"7625613210","osm_type":"node","amenity":"hospital","ref":null,"phone:mobile":null,"loc_name:en":null,"medical_supply":null,"loc_name":null,"short_name:en":null,"short_name":null,"payment:google_pay":null,"payment:coins":null,"service":null,"payment:visa":null,"payment:mastercard":null,"payment:contactless":null,"payment:app":null,"internet_access:ssid":null,"payment:upi":null,"contact:facebook":null,"services":null,"payment:wallets":null,"payment:cards":null,"operational_status_quality":null,"building:use":null,"building:levels:underground":null,"building:levels":null,"parking":null,"brand":null,"entrance":null,"air_conditioning":null,"addr:floor":null,"image":null,"not:operator:wikidata":null,"mobile":null,"name:es":null,"addr:city:ur":null,"ele":null,"locality":null,"addr:landmark":null,"power":null,"natural":null,"opening_hours:covid19":null,"closing_hours":null,"survey:date":null,"geometry":null,"name:pa":null,"operator:short":null,"contact:helpline":null,"contact:website":null,"addr:quarter":null,"addr:neighbourhood":null,"aeroway":null,"old_name":null,"contact:tollfree":null,"start_date":null,"internet_access:fee":null,"operator:wikidata":null,"level":null,"payment:debit_cards":null,"payment:credit_cards":null,"payment:cash":null,"motor_vehicle":null,"horse":null,"access":null,"addr:unit":null,"addr:locality":null,"shop":null,"highway":null,"emergency_telephone_code":null,"opening_hours":null,"operational_status":null,"building":null,"addr:housename":null,"addr":null,"place":null,"name:ur":null,"contact:email":null,"addr:suburb":null,"health_facility:type":null,"designation":null,"contact:mobile":null,"addr:block":null,"wheelchair":null,"medical_system":null,"operator":null,"addr:place":null,"speciality":null,"operator:type":null,"foot":null,"bicycle":null,"barrier":null,"fax":null,"email":null,"healthcare:speciality":null,"name:mr":null,"name:hi":null,"name:en":null,"wikipedia":null,"wikimedia_commons":null,"addr:housenumber":null,"phone":null,"description":null,"alias":null,"name:kn":null,"wikidata":null,"internet_access":null,"check_date":null,"addr:subdistrict":null,"addr:street":null,"website":null,"contact:phone":null,"addr:city":null,"addr:state":"Maharastra","addr:postcode":"442403","addr:full":"Babupeth, Chandrapur","addr:district":"Chandrapur","name:etymology:wikidata":null,"healthcare":null,"emergency":null,"addr:country":null,"postal_code":null,"population":null,"name:te":null,"name":"Pazare Nursing Home","is_in":null,"alt_name":null,"AND_a_nosr_p":null},"geometry":{"type":"Point","coordinates":[79.312022,19.93821]}},
{"type":"Feature","properties":{"full_id":"n7625613212","osm_id":"7625613212","osm_type":"node","amenity":"hospital","ref":null,"phone:mobile":null,"loc_name:en":null,"medical_supply":null,"loc_name":null,"short_name:en":null,"short_name":null,"payment:google_pay":null,"payment:coins":null,"service":null,"payment:visa":null,"payment:mastercard":null,"payment:contactless":null,"payment:app":null,"internet_access:ssid":null,"payment:upi":null,"contact:facebook":null,"services":null,"payment:wallets":null,"payment:cards":null,"operational_status_quality":null,"building:use":null,"building:levels:underground":null,"building:levels":null,"parking":null,"brand":null,"entrance":null,"air_conditioning":null,"addr:floor":null,"image":null,"not:operator:wikidata":null,"mobile":null,"name:es":null,"addr:city:ur":null,"ele":null,"locality":null,"addr:landmark":null,"power":null,"natural":null,"opening_hours:covid19":null,"closing_hours":null,"survey:date":null,"geometry":null,"name:pa":null,"operator:short":null,"contact:helpline":null,"contact:website":null,"addr:quarter":null,"addr:neighbourhood":null,"aeroway":null,"old_name":null,"contact:tollfree":null,"start_date":null,"internet_access:fee":null,"operator:wikidata":null,"level":null,"payment:debit_cards":null,"payment:credit_cards":null,"payment:cash":null,"motor_vehicle":null,"horse":null,"access":null,"addr:unit":null,"addr:locality":null,"shop":null,"highway":null,"emergency_telephone_code":null,"opening_hours":null,"operational_status":null,"building":null,"addr:housename":null,"addr":null,"place":null,"name:ur":null,"contact:email":null,"addr:suburb":null,"health_facility:type":null,"designation":null,"contact:mobile":null,"addr:block":null,"wheelchair":null,"medical_system":null,"operator":null,"addr:place":null,"speciality":null,"operator:type":null,"foot":null,"bicycle":null,"barrier":null,"fax":null,"email":null,"healthcare:speciality":null,"name:mr":null,"name:hi":null,"name:en":null,"wikipedia":null,"wikimedia_commons":null,"addr:housenumber":null,"phone":null,"description":null,"alias":null,"name:kn":null,"wikidata":null,"internet_access":null,"check_date":null,"addr:subdistrict":null,"addr:street":null,"website":null,"contact:phone":null,"addr:city":null,"addr:state":"Maharastra","addr:postcode":"442402","addr:full":"Sanjay Gandhi Market, Nagpur Road, Civil Lines, Chandrapur","addr:district":"Chandrapur","name:etymology:wikidata":null,"healthcare":null,"emergency":null,"addr:country":null,"postal_code":null,"population":null,"name:te":null,"name":"Dr. Shardul Wargantiwar Hospital","is_in":null,"alt_name":null,"AND_a_nosr_p":null},"geometry":{"type":"Point","coordinates":[79.2942234,19.965081]}},
{"type":"Feature","properties":{"full_id":"n7625613213","osm_id":"7625613213","osm_type":"node","amenity":"hospital","ref":null,"phone:mobile":null,"loc_name:en":null,"medical_supply":null,"loc_name":null,"short_name:en":null,"short_name":null,"payment:google_pay":null,"payment:coins":null,"service":null,"payment:visa":null,"payment:mastercard":null,"payment:contactless":null,"payment:app":null,"internet_access:ssid":null,"payment:upi":null,"contact:facebook":null,"services":null,"payment:wallets":null,"payment:cards":null,"operational_status_quality":null,"building:use":null,"building:levels:underground":null,"building:levels":null,"parking":null,"brand":null,"entrance":null,"air_conditioning":null,"addr:floor":null,"image":null,"not:operator:wikidata":null,"mobile":null,"name:es":null,"addr:city:ur":null,"ele":null,"locality":null,"addr:landmark":null,"power":null,"natural":null,"opening_hours:covid19":null,"closing_hours":null,"survey:date":null,"geometry":null,"name:pa":null,"operator:short":null,"contact:helpline":null,"contact:website":null,"addr:quarter":null,"addr:neighbourhood":null,"aeroway":null,"old_name":null,"contact:tollfree":null,"start_date":null,"internet_access:fee":null,"operator:wikidata":null,"level":null,"payment:debit_cards":null,"payment:credit_cards":null,"payment:cash":null,"motor_vehicle":null,"horse":null,"access":null,"addr:unit":null,"addr:locality":null,"shop":null,"highway":null,"emergency_telephone_code":null,"opening_hours":null,"operational_status":null,"building":null,"addr:housename":null,"addr":null,"place":null,"name:ur":null,"contact:email":null,"addr:suburb":null,"health_facility:type":null,"designation":null,"contact:mobile":null,"addr:block":null,"wheelchair":null,"medical_system":null,"operator":null,"addr:place":null,"speciality":null,"operator:type":null,"foot":null,"bicycle":null,"barrier":null,"fax":null,"email":null,"healthcare:speciality":null,"name:mr":null,"name:hi":null,"name:en":null,"wikipedia":null,"wikimedia_commons":null,"addr:housenumber":null,"phone":null,"description":null,"alias":null,"name:kn":null,"wikidata":null,"internet_access":null,"check_date":null,"addr:subdistrict":null,"addr:street":null,"website":null,"contact:phone":null,"addr:city":null,"addr:state":"Maharastra","addr:postcode":"442402","addr:full":"Bapat Nagar, Postman Colony, Wadgaon, Chandrapur","addr:district":"Chandrapur","name:etymology:wikidata":null,"healthcare":null,"emergency":null,"addr:country":null,"postal_code":null,"population":null,"name:te":null,"name":"Mamidwar Eye Hospital","is_in":null,"alt_name":null,"AND_a_nosr_p":null},"geometry":{"type":"Point","coordinates":[79.281451,19.975691]}},
{"type":"Feature","properties":{"full_id":"n7625613215","osm_id":"7625613215","osm_type":"node","amenity":"hospital","ref":null,"phone:mobile":null,"loc_name:en":null,"medical_supply":null,"loc_name":null,"short_name:en":null,"short_name":null,"payment:google_pay":null,"payment:coins":null,"service":null,"payment:visa":null,"payment:mastercard":null,"payment:contactless":null,"payment:app":null,"internet_access:ssid":null,"payment:upi":null,"contact:facebook":null,"services":null,"payment:wallets":null,"payment:cards":null,"operational_status_quality":null,"building:use":null,"building:levels:underground":null,"building:levels":null,"parking":null,"brand":null,"entrance":null,"air_conditioning":null,"addr:floor":null,"image":null,"not:operator:wikidata":null,"mobile":null,"name:es":null,"addr:city:ur":null,"ele":null,"locality":null,"addr:landmark":null,"power":null,"natural":null,"opening_hours:covid19":null,"closing_hours":null,"survey:date":null,"geometry":null,"name:pa":null,"operator:short":null,"contact:helpline":null,"contact:website":null,"addr:quarter":null,"addr:neighbourhood":null,"aeroway":null,"old_name":null,"contact:tollfree":null,"start_date":null,"internet_access:fee":null,"operator:wikidata":null,"level":null,"payment:debit_cards":null,"payment:credit_cards":null,"payment:cash":null,"motor_vehicle":null,"horse":null,"access":null,"addr:unit":null,"addr:locality":null,"shop":null,"highway":null,"emergency_telephone_code":null,"opening_hours":null,"operational_status":null,"building":null,"addr:housename":null,"addr":null,"place":null,"name:ur":null,"contact:email":null,"addr:suburb":null,"health_facility:type":null,"designation":null,"contact:mobile":null,"addr:block":null,"wheelchair":null,"medical_system":null,"operator":null,"addr:place":null,"speciality":null,"operator:type":null,"foot":null,"bicycle":null,"barrier":null,"fax":null,"email":null,"healthcare:speciality":null,"name:mr":null,"name:hi":null,"name:en":null,"wikipedia":null,"wikimedia_commons":null,"addr:housenumber":null,"phone":null,"description":null,"alias":null,"name:kn":null,"wikidata":null,"internet_access":null,"check_date":null,"addr:subdistrict":null,"addr:street":null,"website":null,"contact:phone":null,"addr:city":null,"addr:state":"Maharastra","addr:postcode":"441224","addr:full":"Mul","addr:district":"Chandrapur","name:etymology:wikidata":null,"healthcare":null,"emergency":null,"addr:country":null,"postal_code":null,"population":null,"name:te":null,"name":"Dr. Varhade Hospital","is_in":null,"alt_name":null,"AND_a_nosr_p":null},"geometry":{"type":"Point","coordinates":[79.6779999,20.0703049]}},
{"type":"Feature","properties":{"full_id":"n7625613216","osm_id":"7625613216","osm_type":"node","amenity":"hospital","ref":null,"phone:mobile":null,"loc_name:en":null,"medical_supply":null,"loc_name":null,"short_name:en":null,"short_name":null,"payment:google_pay":null,"payment:coins":null,"service":null,"payment:visa":null,"payment:mastercard":null,"payment:contactless":null,"payment:app":null,"internet_access:ssid":null,"payment:upi":null,"contact:facebook":null,"services":null,"payment:wallets":null,"payment:cards":null,"operational_status_quality":null,"building:use":null,"building:levels:underground":null,"building:levels":null,"parking":null,"brand":null,"entrance":null,"air_conditioning":null,"addr:floor":null,"image":null,"not:operator:wikidata":null,"mobile":null,"name:es":null,"addr:city:ur":null,"ele":null,"locality":null,"addr:landmark":null,"power":null,"natural":null,"opening_hours:covid19":null,"closing_hours":null,"survey:date":null,"geometry":null,"name:pa":null,"operator:short":null,"contact:helpline":null,"contact:website":null,"addr:quarter":null,"addr:neighbourhood":null,"aeroway":null,"old_name":null,"contact:tollfree":null,"start_date":null,"internet_access:fee":null,"operator:wikidata":null,"level":null,"payment:debit_cards":null,"payment:credit_cards":null,"payment:cash":null,"motor_vehicle":null,"horse":null,"access":null,"addr:unit":null,"addr:locality":null,"shop":null,"highway":null,"emergency_telephone_code":null,"opening_hours":null,"operational_status":null,"building":null,"addr:housename":null,"addr":null,"place":null,"name:ur":null,"contact:email":null,"addr:suburb":null,"health_facility:type":null,"designation":null,"contact:mobile":null,"addr:block":null,"wheelchair":null,"medical_system":null,"operator":null,"addr:place":null,"speciality":null,"operator:type":null,"foot":null,"bicycle":null,"barrier":null,"fax":null,"email":null,"healthcare:speciality":null,"name:mr":null,"name:hi":null,"name:en":null,"wikipedia":null,"wikimedia_commons":null,"addr:housenumber":null,"phone":null,"description":null,"alias":null,"name:kn":null,"wikidata":null,"internet_access":null,"check_date":null,"addr:subdistrict":null,"addr:street":null,"website":null,"contact:phone":null,"addr:city":null,"addr:state":"Maharastra","addr:postcode":"442908","addr:full":"Police Station Road, Shanti Colony, Nanda Fata","addr:district":"Chandrapur","name:etymology:wikidata":null,"healthcare":null,"emergency":null,"addr:country":null,"postal_code":null,"population":null,"name:te":null,"name":"Loader Hospital","is_in":null,"alt_name":null,"AND_a_nosr_p":null},"geometry":{"type":"Point","coordinates":[79.140032,19.7715934]}},
{"type":"Feature","properties":{"full_id":"n7625613218","osm_id":"7625613218","osm_type":"node","amenity":"hospital","ref":null,"phone:mobile":null,"loc_name:en":null,"medical_supply":null,"loc_name":null,"short_name:en":null,"short_name":null,"payment:google_pay":null,"payment:coins":null,"service":null,"payment:visa":null,"payment:mastercard":null,"payment:contactless":null,"payment:app":null,"internet_access:ssid":null,"payment:upi":null,"contact:facebook":null,"services":null,"payment:wallets":null,"payment:cards":null,"operational_status_quality":null,"building:use":null,"building:levels:underground":null,"building:levels":null,"parking":null,"brand":null,"entrance":null,"air_conditioning":null,"addr:floor":null,"image":null,"not:operator:wikidata":null,"mobile":null,"name:es":null,"addr:city:ur":null,"ele":null,"locality":null,"addr:landmark":null,"power":null,"natural":null,"opening_hours:covid19":null,"closing_hours":null,"survey:date":null,"geometry":null,"name:pa":null,"operator:short":null,"contact:helpline":null,"contact:website":null,"addr:quarter":null,"addr:neighbourhood":null,"aeroway":null,"old_name":null,"contact:tollfree":null,"start_date":null,"internet_access:fee":null,"operator:wikidata":null,"level":null,"payment:debit_cards":null,"payment:credit_cards":null,"payment:cash":null,"motor_vehicle":null,"horse":null,"access":null,"addr:unit":null,"addr:locality":null,"shop":null,"highway":null,"emergency_telephone_code":null,"opening_hours":null,"operational_status":null,"building":null,"addr:housename":null,"addr":null,"place":null,"name:ur":null,"contact:email":null,"addr:suburb":null,"health_facility:type":null,"designation":null,"contact:mobile":null,"addr:block":null,"wheelchair":null,"medical_system":null,"operator":null,"addr:place":null,"speciality":null,"operator:type":null,"foot":null,"bicycle":null,"barrier":null,"fax":null,"email":null,"healthcare:speciality":null,"name:mr":null,"name:hi":null,"name:en":null,"wikipedia":null,"wikimedia_commons":null,"addr:housenumber":null,"phone":null,"description":null,"alias":null,"name:kn":null,"wikidata":null,"internet_access":null,"check_date":null,"addr:subdistrict":null,"addr:street":null,"website":null,"contact:phone":null,"addr:city":null,"addr:state":"Maharastra","addr:postcode":"442402","addr:full":"Bazar Ward, Chandrapur","addr:district":"Chandrapur","name:etymology:wikidata":null,"healthcare":"hospital","emergency":null,"addr:country":null,"postal_code":null,"population":null,"name:te":null,"name":"Bendle Hospital","is_in":null,"alt_name":null,"AND_a_nosr_p":null},"geometry":{"type":"Point","coordinates":[79.295729,19.952469]}},
{"type":"Feature","properties":{"full_id":"n7625613219","osm_id":"7625613219","osm_type":"node","amenity":"hospital","ref":null,"phone:mobile":null,"loc_name:en":null,"medical_supply":null,"loc_name":null,"short_name:en":null,"short_name":null,"payment:google_pay":null,"payment:coins":null,"service":null,"payment:visa":null,"payment:mastercard":null,"payment:contactless":null,"payment:app":null,"internet_access:ssid":null,"payment:upi":null,"contact:facebook":null,"services":null,"payment:wallets":null,"payment:cards":null,"operational_status_quality":null,"building:use":null,"building:levels:underground":null,"building:levels":null,"parking":null,"brand":null,"entrance":null,"air_conditioning":null,"addr:floor":null,"image":null,"not:operator:wikidata":null,"mobile":null,"name:es":null,"addr:city:ur":null,"ele":null,"locality":null,"addr:landmark":null,"power":null,"natural":null,"opening_hours:covid19":null,"closing_hours":null,"survey:date":null,"geometry":null,"name:pa":null,"operator:short":null,"contact:helpline":null,"contact:website":null,"addr:quarter":null,"addr:neighbourhood":null,"aeroway":null,"old_name":null,"contact:tollfree":null,"start_date":null,"internet_access:fee":null,"operator:wikidata":null,"level":null,"payment:debit_cards":null,"payment:credit_cards":null,"payment:cash":null,"motor_vehicle":null,"horse":null,"access":null,"addr:unit":null,"addr:locality":null,"shop":null,"highway":null,"emergency_telephone_code":null,"opening_hours":null,"operational_status":null,"building":null,"addr:housename":null,"addr":null,"place":null,"name:ur":null,"contact:email":null,"addr:suburb":null,"health_facility:type":null,"designation":null,"contact:mobile":null,"addr:block":null,"wheelchair":null,"medical_system":null,"operator":null,"addr:place":null,"speciality":null,"operator:type":null,"foot":null,"bicycle":null,"barrier":null,"fax":null,"email":null,"healthcare:speciality":null,"name:mr":null,"name:hi":null,"name:en":null,"wikipedia":null,"wikimedia_commons":null,"addr:housenumber":null,"phone":null,"description":null,"alias":null,"name:kn":null,"wikidata":null,"internet_access":null,"check_date":null,"addr:subdistrict":null,"addr:street":null,"website":null,"contact:phone":null,"addr:city":null,"addr:state":"Maharastra","addr:postcode":"442402","addr:full":"Chandrapur - Anchaleshwar Gate Road, Bazar Ward, Chandrapur","addr:district":"Chandrapur","name:etymology:wikidata":null,"healthcare":"hospital","emergency":null,"addr:country":null,"postal_code":null,"population":null,"name:te":null,"name":"Shri Sai Gajanan Hospital","is_in":null,"alt_name":null,"AND_a_nosr_p":null},"geometry":{"type":"Point","coordinates":[79.2981808,19.9484446]}},
{"type":"Feature","properties":{"full_id":"n7625613223","osm_id":"7625613223","osm_type":"node","amenity":"hospital","ref":null,"phone:mobile":null,"loc_name:en":null,"medical_supply":null,"loc_name":null,"short_name:en":null,"short_name":null,"payment:google_pay":null,"payment:coins":null,"service":null,"payment:visa":null,"payment:mastercard":null,"payment:contactless":null,"payment:app":null,"internet_access:ssid":null,"payment:upi":null,"contact:facebook":null,"services":null,"payment:wallets":null,"payment:cards":null,"operational_status_quality":null,"building:use":null,"building:levels:underground":null,"building:levels":null,"parking":null,"brand":null,"entrance":null,"air_conditioning":null,"addr:floor":null,"image":null,"not:operator:wikidata":null,"mobile":null,"name:es":null,"addr:city:ur":null,"ele":null,"locality":null,"addr:landmark":null,"power":null,"natural":null,"opening_hours:covid19":null,"closing_hours":null,"survey:date":null,"geometry":null,"name:pa":null,"operator:short":null,"contact:helpline":null,"contact:website":null,"addr:quarter":null,"addr:neighbourhood":null,"aeroway":null,"old_name":null,"contact:tollfree":null,"start_date":null,"internet_access:fee":null,"operator:wikidata":null,"level":null,"payment:debit_cards":null,"payment:credit_cards":null,"payment:cash":null,"motor_vehicle":null,"horse":null,"access":null,"addr:unit":null,"addr:locality":null,"shop":null,"highway":null,"emergency_telephone_code":null,"opening_hours":null,"operational_status":null,"building":null,"addr:housename":null,"addr":null,"place":null,"name:ur":null,"contact:email":null,"addr:suburb":null,"health_facility:type":null,"designation":null,"contact:mobile":null,"addr:block":null,"wheelchair":null,"medical_system":null,"operator":null,"addr:place":null,"speciality":null,"operator:type":null,"foot":null,"bicycle":null,"barrier":null,"fax":null,"email":null,"healthcare:speciality":null,"name:mr":null,"name:hi":null,"name:en":null,"wikipedia":null,"wikimedia_commons":null,"addr:housenumber":null,"phone":null,"description":null,"alias":null,"name:kn":null,"wikidata":null,"internet_access":null,"check_date":null,"addr:subdistrict":null,"addr:street":null,"website":null,"contact:phone":null,"addr:city":null,"addr:state":"Maharastra","addr:postcode":"442401","addr:full":"Sarkar Nagar, Tukum, Chandrapur","addr:district":"Chandrapur","name:etymology:wikidata":null,"healthcare":null,"emergency":null,"addr:country":null,"postal_code":null,"population":null,"name:te":null,"name":"Khandare Hospital","is_in":null,"alt_name":null,"AND_a_nosr_p":null},"geometry":{"type":"Point","coordinates":[79.3110565,19.969295]}},
{"type":"Feature","properties":{"full_id":"n7625613224","osm_id":"7625613224","osm_type":"node","amenity":"hospital","ref":null,"phone:mobile":null,"loc_name:en":null,"medical_supply":null,"loc_name":null,"short_name:en":null,"short_name":null,"payment:google_pay":null,"payment:coins":null,"service":null,"payment:visa":null,"payment:mastercard":null,"payment:contactless":null,"payment:app":null,"internet_access:ssid":null,"payment:upi":null,"contact:facebook":null,"services":null,"payment:wallets":null,"payment:cards":null,"operational_status_quality":null,"building:use":null,"building:levels:underground":null,"building:levels":null,"parking":null,"brand":null,"entrance":null,"air_conditioning":null,"addr:floor":null,"image":null,"not:operator:wikidata":null,"mobile":null,"name:es":null,"addr:city:ur":null,"ele":null,"locality":null,"addr:landmark":null,"power":null,"natural":null,"opening_hours:covid19":null,"closing_hours":null,"survey:date":null,"geometry":null,"name:pa":null,"operator:short":null,"contact:helpline":null,"contact:website":null,"addr:quarter":null,"addr:neighbourhood":null,"aeroway":null,"old_name":null,"contact:tollfree":null,"start_date":null,"internet_access:fee":null,"operator:wikidata":null,"level":null,"payment:debit_cards":null,"payment:credit_cards":null,"payment:cash":null,"motor_vehicle":null,"horse":null,"access":null,"addr:unit":null,"addr:locality":null,"shop":null,"highway":null,"emergency_telephone_code":null,"opening_hours":null,"operational_status":null,"building":null,"addr:housename":null,"addr":null,"place":null,"name:ur":null,"contact:email":null,"addr:suburb":null,"health_facility:type":null,"designation":null,"contact:mobile":null,"addr:block":null,"wheelchair":null,"medical_system":null,"operator":null,"addr:place":null,"speciality":null,"operator:type":null,"foot":null,"bicycle":null,"barrier":null,"fax":null,"email":null,"healthcare:speciality":null,"name:mr":null,"name:hi":null,"name:en":null,"wikipedia":null,"wikimedia_commons":null,"addr:housenumber":null,"phone":null,"description":null,"alias":null,"name:kn":null,"wikidata":null,"internet_access":null,"check_date":null,"addr:subdistrict":null,"addr:street":null,"website":null,"contact:phone":null,"addr:city":null,"addr:state":"Maharastra","addr:postcode":"442402","addr:full":"Tukum, Chandrapur","addr:district":"Chandrapur","name:etymology:wikidata":null,"healthcare":null,"emergency":null,"addr:country":null,"postal_code":null,"population":null,"name:te":null,"name":"Ambatkar Hospital","is_in":null,"alt_name":null,"AND_a_nosr_p":null},"geometry":{"type":"Point","coordinates":[79.298194,19.9654113]}},
{"type":"Feature","properties":{"full_id":"n7625613225","osm_id":"7625613225","osm_type":"node","amenity":"hospital","ref":null,"phone:mobile":null,"loc_name:en":null,"medical_supply":null,"loc_name":null,"short_name:en":null,"short_name":null,"payment:google_pay":null,"payment:coins":null,"service":null,"payment:visa":null,"payment:mastercard":null,"payment:contactless":null,"payment:app":null,"internet_access:ssid":null,"payment:upi":null,"contact:facebook":null,"services":null,"payment:wallets":null,"payment:cards":null,"operational_status_quality":null,"building:use":null,"building:levels:underground":null,"building:levels":null,"parking":null,"brand":null,"entrance":null,"air_conditioning":null,"addr:floor":null,"image":null,"not:operator:wikidata":null,"mobile":null,"name:es":null,"addr:city:ur":null,"ele":null,"locality":null,"addr:landmark":null,"power":null,"natural":null,"opening_hours:covid19":null,"closing_hours":null,"survey:date":null,"geometry":null,"name:pa":null,"operator:short":null,"contact:helpline":null,"contact:website":null,"addr:quarter":null,"addr:neighbourhood":null,"aeroway":null,"old_name":null,"contact:tollfree":null,"start_date":null,"internet_access:fee":null,"operator:wikidata":null,"level":null,"payment:debit_cards":null,"payment:credit_cards":null,"payment:cash":null,"motor_vehicle":null,"horse":null,"access":null,"addr:unit":null,"addr:locality":null,"shop":null,"highway":null,"emergency_telephone_code":null,"opening_hours":null,"operational_status":null,"building":null,"addr:housename":null,"addr":null,"place":null,"name:ur":null,"contact:email":null,"addr:suburb":null,"health_facility:type":null,"designation":null,"contact:mobile":null,"addr:block":null,"wheelchair":null,"medical_system":null,"operator":null,"addr:place":null,"speciality":null,"operator:type":null,"foot":null,"bicycle":null,"barrier":null,"fax":null,"email":null,"healthcare:speciality":null,"name:mr":null,"name:hi":null,"name:en":null,"wikipedia":null,"wikimedia_commons":null,"addr:housenumber":null,"phone":null,"description":null,"alias":null,"name:kn":null,"wikidata":null,"internet_access":null,"check_date":null,"addr:subdistrict":null,"addr:street":null,"website":null,"contact:phone":null,"addr:city":null,"addr:state":"Maharastra","addr:postcode":"442402","addr:full":"Chandrapur-Nagpur Highway, Kabir Nagar, Urja Nagar, Chandrapur","addr:district":"Chandrapur","name:etymology:wikidata":null,"healthcare":null,"emergency":null,"addr:country":null,"postal_code":null,"population":null,"name:te":null,"name":"Dr. Sadanand Patil Hospital","is_in":null,"alt_name":null,"AND_a_nosr_p":null},"geometry":{"type":"Point","coordinates":[79.3055464,19.9677943]}},
{"type":"Feature","properties":{"full_id":"n7625613226","osm_id":"7625613226","osm_type":"node","amenity":"hospital","ref":null,"phone:mobile":null,"loc_name:en":null,"medical_supply":null,"loc_name":null,"short_name:en":null,"short_name":null,"payment:google_pay":null,"payment:coins":null,"service":null,"payment:visa":null,"payment:mastercard":null,"payment:contactless":null,"payment:app":null,"internet_access:ssid":null,"payment:upi":null,"contact:facebook":null,"services":null,"payment:wallets":null,"payment:cards":null,"operational_status_quality":null,"building:use":null,"building:levels:underground":null,"building:levels":null,"parking":null,"brand":null,"entrance":null,"air_conditioning":null,"addr:floor":null,"image":null,"not:operator:wikidata":null,"mobile":null,"name:es":null,"addr:city:ur":null,"ele":null,"locality":null,"addr:landmark":null,"power":null,"natural":null,"opening_hours:covid19":null,"closing_hours":null,"survey:date":null,"geometry":null,"name:pa":null,"operator:short":null,"contact:helpline":null,"contact:website":null,"addr:quarter":null,"addr:neighbourhood":null,"aeroway":null,"old_name":null,"contact:tollfree":null,"start_date":null,"internet_access:fee":null,"operator:wikidata":null,"level":null,"payment:debit_cards":null,"payment:credit_cards":null,"payment:cash":null,"motor_vehicle":null,"horse":null,"access":null,"addr:unit":null,"addr:locality":null,"shop":null,"highway":null,"emergency_telephone_code":null,"opening_hours":null,"operational_status":null,"building":null,"addr:housename":null,"addr":null,"place":null,"name:ur":null,"contact:email":null,"addr:suburb":null,"health_facility:type":null,"designation":null,"contact:mobile":null,"addr:block":null,"wheelchair":null,"medical_system":null,"operator":null,"addr:place":null,"speciality":null,"operator:type":null,"foot":null,"bicycle":null,"barrier":null,"fax":null,"email":null,"healthcare:speciality":null,"name:mr":null,"name:hi":null,"name:en":null,"wikipedia":null,"wikimedia_commons":null,"addr:housenumber":null,"phone":null,"description":null,"alias":null,"name:kn":null,"wikidata":null,"internet_access":null,"check_date":null,"addr:subdistrict":null,"addr:street":null,"website":null,"contact:phone":null,"addr:city":null,"addr:state":"Maharastra","addr:postcode":"442502","addr:full":"Cement Nagar, Chandrapur","addr:district":"Chandrapur","name:etymology:wikidata":null,"healthcare":null,"emergency":null,"addr:country":null,"postal_code":null,"population":null,"name:te":null,"name":"Gadegone Hospital","is_in":null,"alt_name":null,"AND_a_nosr_p":null},"geometry":{"type":"Point","coordinates":[79.304544,19.968075]}},
{"type":"Feature","properties":{"full_id":"n7625613227","osm_id":"7625613227","osm_type":"node","amenity":"hospital","ref":null,"phone:mobile":null,"loc_name:en":null,"medical_supply":null,"loc_name":null,"short_name:en":null,"short_name":null,"payment:google_pay":null,"payment:coins":null,"service":null,"payment:visa":null,"payment:mastercard":null,"payment:contactless":null,"payment:app":null,"internet_access:ssid":null,"payment:upi":null,"contact:facebook":null,"services":null,"payment:wallets":null,"payment:cards":null,"operational_status_quality":null,"building:use":null,"building:levels:underground":null,"building:levels":null,"parking":null,"brand":null,"entrance":null,"air_conditioning":null,"addr:floor":null,"image":null,"not:operator:wikidata":null,"mobile":null,"name:es":null,"addr:city:ur":null,"ele":null,"locality":null,"addr:landmark":null,"power":null,"natural":null,"opening_hours:covid19":null,"closing_hours":null,"survey:date":null,"geometry":null,"name:pa":null,"operator:short":null,"contact:helpline":null,"contact:website":null,"addr:quarter":null,"addr:neighbourhood":null,"aeroway":null,"old_name":null,"contact:tollfree":null,"start_date":null,"internet_access:fee":null,"operator:wikidata":null,"level":null,"payment:debit_cards":null,"payment:credit_cards":null,"payment:cash":null,"motor_vehicle":null,"horse":null,"access":null,"addr:unit":null,"addr:locality":null,"shop":null,"highway":null,"emergency_telephone_code":null,"opening_hours":null,"operational_status":null,"building":null,"addr:housename":null,"addr":null,"place":null,"name:ur":null,"contact:email":null,"addr:suburb":null,"health_facility:type":null,"designation":null,"contact:mobile":null,"addr:block":null,"wheelchair":null,"medical_system":null,"operator":null,"addr:place":null,"speciality":null,"operator:type":null,"foot":null,"bicycle":null,"barrier":null,"fax":null,"email":null,"healthcare:speciality":null,"name:mr":null,"name:hi":null,"name:en":null,"wikipedia":null,"wikimedia_commons":null,"addr:housenumber":null,"phone":null,"description":null,"alias":null,"name:kn":null,"wikidata":null,"internet_access":null,"check_date":null,"addr:subdistrict":null,"addr:street":null,"website":null,"contact:phone":null,"addr:city":null,"addr:state":"Maharastra","addr:postcode":"442908","addr:full":"Bibee","addr:district":"Chandrapur","name:etymology:wikidata":null,"healthcare":null,"emergency":null,"addr:country":null,"postal_code":null,"population":null,"name:te":null,"name":"Dr. Giridhar Kale Hospital","is_in":null,"alt_name":null,"AND_a_nosr_p":null},"geometry":{"type":"Point","coordinates":[79.1406757,19.7635286]}},
{"type":"Feature","properties":{"full_id":"n7625613228","osm_id":"7625613228","osm_type":"node","amenity":"hospital","ref":null,"phone:mobile":null,"loc_name:en":null,"medical_supply":null,"loc_name":null,"short_name:en":null,"short_name":null,"payment:google_pay":null,"payment:coins":null,"service":null,"payment:visa":null,"payment:mastercard":null,"payment:contactless":null,"payment:app":null,"internet_access:ssid":null,"payment:upi":null,"contact:facebook":null,"services":null,"payment:wallets":null,"payment:cards":null,"operational_status_quality":null,"building:use":null,"building:levels:underground":null,"building:levels":null,"parking":null,"brand":null,"entrance":null,"air_conditioning":null,"addr:floor":null,"image":null,"not:operator:wikidata":null,"mobile":null,"name:es":null,"addr:city:ur":null,"ele":null,"locality":null,"addr:landmark":null,"power":null,"natural":null,"opening_hours:covid19":null,"closing_hours":null,"survey:date":null,"geometry":null,"name:pa":null,"operator:short":null,"contact:helpline":null,"contact:website":null,"addr:quarter":null,"addr:neighbourhood":null,"aeroway":null,"old_name":null,"contact:tollfree":null,"start_date":null,"internet_access:fee":null,"operator:wikidata":null,"level":null,"payment:debit_cards":null,"payment:credit_cards":null,"payment:cash":null,"motor_vehicle":null,"horse":null,"access":null,"addr:unit":null,"addr:locality":null,"shop":null,"highway":null,"emergency_telephone_code":null,"opening_hours":null,"operational_status":null,"building":null,"addr:housename":null,"addr":null,"place":null,"name:ur":null,"contact:email":null,"addr:suburb":null,"health_facility:type":null,"designation":null,"contact:mobile":null,"addr:block":null,"wheelchair":null,"medical_system":null,"operator":null,"addr:place":null,"speciality":null,"operator:type":null,"foot":null,"bicycle":null,"barrier":null,"fax":null,"email":null,"healthcare:speciality":null,"name:mr":null,"name:hi":null,"name:en":null,"wikipedia":null,"wikimedia_commons":null,"addr:housenumber":null,"phone":null,"description":null,"alias":null,"name:kn":null,"wikidata":null,"internet_access":null,"check_date":null,"addr:subdistrict":null,"addr:street":null,"website":null,"contact:phone":null,"addr:city":null,"addr:state":"Maharastra","addr:postcode":"442402","addr:full":"Azad Garden, Gandhi Chowk Road, Jal Nagar Ward, Bazar Ward, Chandrapur","addr:district":"Chandrapur","name:etymology:wikidata":null,"healthcare":"hospital","emergency":null,"addr:country":null,"postal_code":null,"population":null,"name:te":null,"name":"Arora Maternity Home","is_in":null,"alt_name":null,"AND_a_nosr_p":null},"geometry":{"type":"Point","coordinates":[79.2980324,19.951748]}},
{"type":"Feature","properties":{"full_id":"n7625613229","osm_id":"7625613229","osm_type":"node","amenity":"hospital","ref":null,"phone:mobile":null,"loc_name:en":null,"medical_supply":null,"loc_name":null,"short_name:en":null,"short_name":null,"payment:google_pay":null,"payment:coins":null,"service":null,"payment:visa":null,"payment:mastercard":null,"payment:contactless":null,"payment:app":null,"internet_access:ssid":null,"payment:upi":null,"contact:facebook":null,"services":null,"payment:wallets":null,"payment:cards":null,"operational_status_quality":null,"building:use":null,"building:levels:underground":null,"building:levels":null,"parking":null,"brand":null,"entrance":null,"air_conditioning":null,"addr:floor":null,"image":null,"not:operator:wikidata":null,"mobile":null,"name:es":null,"addr:city:ur":null,"ele":null,"locality":null,"addr:landmark":null,"power":null,"natural":null,"opening_hours:covid19":null,"closing_hours":null,"survey:date":null,"geometry":null,"name:pa":null,"operator:short":null,"contact:helpline":null,"contact:website":null,"addr:quarter":null,"addr:neighbourhood":null,"aeroway":null,"old_name":null,"contact:tollfree":null,"start_date":null,"internet_access:fee":null,"operator:wikidata":null,"level":null,"payment:debit_cards":null,"payment:credit_cards":null,"payment:cash":null,"motor_vehicle":null,"horse":null,"access":null,"addr:unit":null,"addr:locality":null,"shop":null,"highway":null,"emergency_telephone_code":null,"opening_hours":null,"operational_status":null,"building":null,"addr:housename":null,"addr":null,"place":null,"name:ur":null,"contact:email":null,"addr:suburb":null,"health_facility:type":null,"designation":null,"contact:mobile":null,"addr:block":null,"wheelchair":null,"medical_system":null,"operator":null,"addr:place":null,"speciality":null,"operator:type":null,"foot":null,"bicycle":null,"barrier":null,"fax":null,"email":null,"healthcare:speciality":null,"name:mr":null,"name:hi":null,"name:en":null,"wikipedia":null,"wikimedia_commons":null,"addr:housenumber":null,"phone":null,"description":null,"alias":null,"name:kn":null,"wikidata":null,"internet_access":null,"check_date":null,"addr:subdistrict":null,"addr:street":null,"website":null,"contact:phone":null,"addr:city":null,"addr:state":"Maharastra","addr:postcode":"442404","addr:full":"Tukum, Ranvendali","addr:district":"Chandrapur","name:etymology:wikidata":null,"healthcare":null,"emergency":null,"addr:country":null,"postal_code":null,"population":null,"name:te":null,"name":"Choyang Healthcare Hospital","is_in":null,"alt_name":null,"AND_a_nosr_p":null},"geometry":{"type":"Point","coordinates":[79.3024304,19.9919718]}},
{"type":"Feature","properties":{"full_id":"n7625613230","osm_id":"7625613230","osm_type":"node","amenity":"hospital","ref":null,"phone:mobile":null,"loc_name:en":null,"medical_supply":null,"loc_name":null,"short_name:en":null,"short_name":null,"payment:google_pay":null,"payment:coins":null,"service":null,"payment:visa":null,"payment:mastercard":null,"payment:contactless":null,"payment:app":null,"internet_access:ssid":null,"payment:upi":null,"contact:facebook":null,"services":null,"payment:wallets":null,"payment:cards":null,"operational_status_quality":null,"building:use":null,"building:levels:underground":null,"building:levels":null,"parking":null,"brand":null,"entrance":null,"air_conditioning":null,"addr:floor":null,"image":null,"not:operator:wikidata":null,"mobile":null,"name:es":null,"addr:city:ur":null,"ele":null,"locality":null,"addr:landmark":null,"power":null,"natural":null,"opening_hours:covid19":null,"closing_hours":null,"survey:date":null,"geometry":null,"name:pa":null,"operator:short":null,"contact:helpline":null,"contact:website":null,"addr:quarter":null,"addr:neighbourhood":null,"aeroway":null,"old_name":null,"contact:tollfree":null,"start_date":null,"internet_access:fee":null,"operator:wikidata":null,"level":null,"payment:debit_cards":null,"payment:credit_cards":null,"payment:cash":null,"motor_vehicle":null,"horse":null,"access":null,"addr:unit":null,"addr:locality":null,"shop":null,"highway":null,"emergency_telephone_code":null,"opening_hours":null,"operational_status":null,"building":null,"addr:housename":null,"addr":null,"place":null,"name:ur":null,"contact:email":null,"addr:suburb":null,"health_facility:type":null,"designation":null,"contact:mobile":null,"addr:block":null,"wheelchair":null,"medical_system":null,"operator":null,"addr:place":null,"speciality":null,"operator:type":null,"foot":null,"bicycle":null,"barrier":null,"fax":null,"email":null,"healthcare:speciality":null,"name:mr":null,"name:hi":null,"name:en":null,"wikipedia":null,"wikimedia_commons":null,"addr:housenumber":null,"phone":null,"description":null,"alias":null,"name:kn":null,"wikidata":null,"internet_access":null,"check_date":null,"addr:subdistrict":null,"addr:street":null,"website":null,"contact:phone":null,"addr:city":null,"addr:state":"Maharastra","addr:postcode":"442404","addr:full":"Urjanagar, CSTPS Colony, Residential Area, Chandrapur","addr:district":"Chandrapur","name:etymology:wikidata":null,"healthcare":null,"emergency":null,"addr:country":null,"postal_code":null,"population":null,"name:te":null,"name":"CSTPS Hospital","is_in":null,"alt_name":null,"AND_a_nosr_p":null},"geometry":{"type":"Point","coordinates":[79.2811714,20.0225415]}},
{"type":"Feature","properties":{"full_id":"n7625613231","osm_id":"7625613231","osm_type":"node","amenity":"hospital","ref":null,"phone:mobile":null,"loc_name:en":null,"medical_supply":null,"loc_name":null,"short_name:en":null,"short_name":null,"payment:google_pay":null,"payment:coins":null,"service":null,"payment:visa":null,"payment:mastercard":null,"payment:contactless":null,"payment:app":null,"internet_access:ssid":null,"payment:upi":null,"contact:facebook":null,"services":null,"payment:wallets":null,"payment:cards":null,"operational_status_quality":null,"building:use":null,"building:levels:underground":null,"building:levels":null,"parking":null,"brand":null,"entrance":null,"air_conditioning":null,"addr:floor":null,"image":null,"not:operator:wikidata":null,"mobile":null,"name:es":null,"addr:city:ur":null,"ele":null,"locality":null,"addr:landmark":null,"power":null,"natural":null,"opening_hours:covid19":null,"closing_hours":null,"survey:date":null,"geometry":null,"name:pa":null,"operator:short":null,"contact:helpline":null,"contact:website":null,"addr:quarter":null,"addr:neighbourhood":null,"aeroway":null,"old_name":null,"contact:tollfree":null,"start_date":null,"internet_access:fee":null,"operator:wikidata":null,"level":null,"payment:debit_cards":null,"payment:credit_cards":null,"payment:cash":null,"motor_vehicle":null,"horse":null,"access":null,"addr:unit":null,"addr:locality":null,"shop":null,"highway":null,"emergency_telephone_code":null,"opening_hours":null,"operational_status":null,"building":null,"addr:housename":null,"addr":null,"place":null,"name:ur":null,"contact:email":null,"addr:suburb":null,"health_facility:type":null,"designation":null,"contact:mobile":null,"addr:block":null,"wheelchair":null,"medical_system":null,"operator":null,"addr:place":null,"speciality":null,"operator:type":null,"foot":null,"bicycle":null,"barrier":null,"fax":null,"email":null,"healthcare:speciality":null,"name:mr":null,"name:hi":null,"name:en":null,"wikipedia":null,"wikimedia_commons":null,"addr:housenumber":null,"phone":null,"description":null,"alias":null,"name:kn":null,"wikidata":null,"internet_access":null,"check_date":null,"addr:subdistrict":null,"addr:street":null,"website":null,"contact:phone":null,"addr:city":null,"addr:state":"Maharastra","addr:postcode":"442402","addr:full":"Bazar Ward, Chandrapur","addr:district":"Chandrapur","name:etymology:wikidata":null,"healthcare":"hospital","emergency":null,"addr:country":null,"postal_code":null,"population":null,"name:te":null,"name":"Aalurwar MRI Centre & Hospital","is_in":null,"alt_name":null,"AND_a_nosr_p":null},"geometry":{"type":"Point","coordinates":[79.2957745,19.9571897]}},
{"type":"Feature","properties":{"full_id":"n7625613232","osm_id":"7625613232","osm_type":"node","amenity":"hospital","ref":null,"phone:mobile":null,"loc_name:en":null,"medical_supply":null,"loc_name":null,"short_name:en":null,"short_name":null,"payment:google_pay":null,"payment:coins":null,"service":null,"payment:visa":null,"payment:mastercard":null,"payment:contactless":null,"payment:app":null,"internet_access:ssid":null,"payment:upi":null,"contact:facebook":null,"services":null,"payment:wallets":null,"payment:cards":null,"operational_status_quality":null,"building:use":null,"building:levels:underground":null,"building:levels":null,"parking":null,"brand":null,"entrance":null,"air_conditioning":null,"addr:floor":null,"image":null,"not:operator:wikidata":null,"mobile":null,"name:es":null,"addr:city:ur":null,"ele":null,"locality":null,"addr:landmark":null,"power":null,"natural":null,"opening_hours:covid19":null,"closing_hours":null,"survey:date":null,"geometry":null,"name:pa":null,"operator:short":null,"contact:helpline":null,"contact:website":null,"addr:quarter":null,"addr:neighbourhood":null,"aeroway":null,"old_name":null,"contact:tollfree":null,"start_date":null,"internet_access:fee":null,"operator:wikidata":null,"level":null,"payment:debit_cards":null,"payment:credit_cards":null,"payment:cash":null,"motor_vehicle":null,"horse":null,"access":null,"addr:unit":null,"addr:locality":null,"shop":null,"highway":null,"emergency_telephone_code":null,"opening_hours":null,"operational_status":null,"building":null,"addr:housename":null,"addr":null,"place":null,"name:ur":null,"contact:email":null,"addr:suburb":null,"health_facility:type":null,"designation":null,"contact:mobile":null,"addr:block":null,"wheelchair":null,"medical_system":null,"operator":null,"addr:place":null,"speciality":null,"operator:type":null,"foot":null,"bicycle":null,"barrier":null,"fax":null,"email":null,"healthcare:speciality":null,"name:mr":null,"name:hi":null,"name:en":null,"wikipedia":null,"wikimedia_commons":null,"addr:housenumber":null,"phone":null,"description":null,"alias":null,"name:kn":null,"wikidata":null,"internet_access":null,"check_date":null,"addr:subdistrict":null,"addr:street":null,"website":null,"contact:phone":null,"addr:city":null,"addr:state":"Maharastra","addr:postcode":"442402","addr:full":"Azad Garden, Gandhi Chowk Road, Jal Nagar Ward, Bazar Ward, Chandrapur","addr:district":"Chandrapur","name:etymology:wikidata":null,"healthcare":"hospital","emergency":null,"addr:country":null,"postal_code":null,"population":null,"name:te":null,"name":"Potdukhe Hospital","is_in":null,"alt_name":null,"AND_a_nosr_p":null},"geometry":{"type":"Point","coordinates":[79.297977,19.95201]}},
{"type":"Feature","properties":{"full_id":"n7625613234","osm_id":"7625613234","osm_type":"node","amenity":"hospital","ref":null,"phone:mobile":null,"loc_name:en":null,"medical_supply":null,"loc_name":null,"short_name:en":null,"short_name":null,"payment:google_pay":null,"payment:coins":null,"service":null,"payment:visa":null,"payment:mastercard":null,"payment:contactless":null,"payment:app":null,"internet_access:ssid":null,"payment:upi":null,"contact:facebook":null,"services":null,"payment:wallets":null,"payment:cards":null,"operational_status_quality":null,"building:use":null,"building:levels:underground":null,"building:levels":null,"parking":null,"brand":null,"entrance":null,"air_conditioning":null,"addr:floor":null,"image":null,"not:operator:wikidata":null,"mobile":null,"name:es":null,"addr:city:ur":null,"ele":null,"locality":null,"addr:landmark":null,"power":null,"natural":null,"opening_hours:covid19":null,"closing_hours":null,"survey:date":null,"geometry":null,"name:pa":null,"operator:short":null,"contact:helpline":null,"contact:website":null,"addr:quarter":null,"addr:neighbourhood":null,"aeroway":null,"old_name":null,"contact:tollfree":null,"start_date":null,"internet_access:fee":null,"operator:wikidata":null,"level":null,"payment:debit_cards":null,"payment:credit_cards":null,"payment:cash":null,"motor_vehicle":null,"horse":null,"access":null,"addr:unit":null,"addr:locality":null,"shop":null,"highway":null,"emergency_telephone_code":null,"opening_hours":null,"operational_status":null,"building":null,"addr:housename":null,"addr":null,"place":null,"name:ur":null,"contact:email":null,"addr:suburb":null,"health_facility:type":null,"designation":null,"contact:mobile":null,"addr:block":null,"wheelchair":null,"medical_system":null,"operator":null,"addr:place":null,"speciality":null,"operator:type":null,"foot":null,"bicycle":null,"barrier":null,"fax":null,"email":null,"healthcare:speciality":null,"name:mr":null,"name:hi":null,"name:en":null,"wikipedia":null,"wikimedia_commons":null,"addr:housenumber":null,"phone":null,"description":null,"alias":null,"name:kn":null,"wikidata":null,"internet_access":null,"check_date":null,"addr:subdistrict":null,"addr:street":null,"website":null,"contact:phone":null,"addr:city":null,"addr:state":"Maharastra","addr:postcode":"442402","addr:full":"Kasturba Road, Bazar Ward, Chandrapur","addr:district":"Chandrapur","name:etymology:wikidata":null,"healthcare":"hospital","emergency":null,"addr:country":null,"postal_code":null,"population":null,"name:te":null,"name":"Mehra Hospital","is_in":null,"alt_name":null,"AND_a_nosr_p":null},"geometry":{"type":"Point","coordinates":[79.298142,19.947675]}},
{"type":"Feature","properties":{"full_id":"n7625613235","osm_id":"7625613235","osm_type":"node","amenity":"hospital","ref":null,"phone:mobile":null,"loc_name:en":null,"medical_supply":null,"loc_name":null,"short_name:en":null,"short_name":null,"payment:google_pay":null,"payment:coins":null,"service":null,"payment:visa":null,"payment:mastercard":null,"payment:contactless":null,"payment:app":null,"internet_access:ssid":null,"payment:upi":null,"contact:facebook":null,"services":null,"payment:wallets":null,"payment:cards":null,"operational_status_quality":null,"building:use":null,"building:levels:underground":null,"building:levels":null,"parking":null,"brand":null,"entrance":null,"air_conditioning":null,"addr:floor":null,"image":null,"not:operator:wikidata":null,"mobile":null,"name:es":null,"addr:city:ur":null,"ele":null,"locality":null,"addr:landmark":null,"power":null,"natural":null,"opening_hours:covid19":null,"closing_hours":null,"survey:date":null,"geometry":null,"name:pa":null,"operator:short":null,"contact:helpline":null,"contact:website":null,"addr:quarter":null,"addr:neighbourhood":null,"aeroway":null,"old_name":null,"contact:tollfree":null,"start_date":null,"internet_access:fee":null,"operator:wikidata":null,"level":null,"payment:debit_cards":null,"payment:credit_cards":null,"payment:cash":null,"motor_vehicle":null,"horse":null,"access":null,"addr:unit":null,"addr:locality":null,"shop":null,"highway":null,"emergency_telephone_code":null,"opening_hours":null,"operational_status":null,"building":null,"addr:housename":null,"addr":null,"place":null,"name:ur":null,"contact:email":null,"addr:suburb":null,"health_facility:type":null,"designation":null,"contact:mobile":null,"addr:block":null,"wheelchair":null,"medical_system":null,"operator":null,"addr:place":null,"speciality":null,"operator:type":null,"foot":null,"bicycle":null,"barrier":null,"fax":null,"email":null,"healthcare:speciality":null,"name:mr":null,"name:hi":null,"name:en":null,"wikipedia":null,"wikimedia_commons":null,"addr:housenumber":null,"phone":null,"description":null,"alias":null,"name:kn":null,"wikidata":null,"internet_access":null,"check_date":null,"addr:subdistrict":null,"addr:street":null,"website":null,"contact:phone":null,"addr:city":null,"addr:state":"Maharastra","addr:postcode":"442402","addr:full":"Civil Lines, Chandrapur","addr:district":"Chandrapur","name:etymology:wikidata":null,"healthcare":"hospital","emergency":null,"addr:country":null,"postal_code":null,"population":null,"name:te":null,"name":"Khan Child Hospital","is_in":null,"alt_name":null,"AND_a_nosr_p":null},"geometry":{"type":"Point","coordinates":[79.2952641,19.9601749]}},
{"type":"Feature","properties":{"full_id":"n7625613237","osm_id":"7625613237","osm_type":"node","amenity":"hospital","ref":null,"phone:mobile":null,"loc_name:en":null,"medical_supply":null,"loc_name":null,"short_name:en":null,"short_name":null,"payment:google_pay":null,"payment:coins":null,"service":null,"payment:visa":null,"payment:mastercard":null,"payment:contactless":null,"payment:app":null,"internet_access:ssid":null,"payment:upi":null,"contact:facebook":null,"services":null,"payment:wallets":null,"payment:cards":null,"operational_status_quality":null,"building:use":null,"building:levels:underground":null,"building:levels":null,"parking":null,"brand":null,"entrance":null,"air_conditioning":null,"addr:floor":null,"image":null,"not:operator:wikidata":null,"mobile":null,"name:es":null,"addr:city:ur":null,"ele":null,"locality":null,"addr:landmark":null,"power":null,"natural":null,"opening_hours:covid19":null,"closing_hours":null,"survey:date":null,"geometry":null,"name:pa":null,"operator:short":null,"contact:helpline":null,"contact:website":null,"addr:quarter":null,"addr:neighbourhood":null,"aeroway":null,"old_name":null,"contact:tollfree":null,"start_date":null,"internet_access:fee":null,"operator:wikidata":null,"level":null,"payment:debit_cards":null,"payment:credit_cards":null,"payment:cash":null,"motor_vehicle":null,"horse":null,"access":null,"addr:unit":null,"addr:locality":null,"shop":null,"highway":null,"emergency_telephone_code":null,"opening_hours":null,"operational_status":null,"building":null,"addr:housename":null,"addr":null,"place":null,"name:ur":null,"contact:email":null,"addr:suburb":null,"health_facility:type":null,"designation":null,"contact:mobile":null,"addr:block":null,"wheelchair":null,"medical_system":null,"operator":null,"addr:place":null,"speciality":null,"operator:type":null,"foot":null,"bicycle":null,"barrier":null,"fax":null,"email":null,"healthcare:speciality":null,"name:mr":null,"name:hi":null,"name:en":null,"wikipedia":null,"wikimedia_commons":null,"addr:housenumber":null,"phone":null,"description":null,"alias":null,"name:kn":null,"wikidata":null,"internet_access":null,"check_date":null,"addr:subdistrict":null,"addr:street":null,"website":null,"contact:phone":null,"addr:city":null,"addr:state":"Maharastra","addr:postcode":"442401","addr:full":"Shivaji Nagar, D.G.Tukum, Jairaj Nagar, Tukum, Chandrapur","addr:district":"Chandrapur","name:etymology:wikidata":null,"healthcare":null,"emergency":null,"addr:country":null,"postal_code":null,"population":null,"name:te":null,"name":"Dr. Anil Kontamwar Hospital","is_in":null,"alt_name":null,"AND_a_nosr_p":null},"geometry":{"type":"Point","coordinates":[79.3029976,19.9745676]}},
{"type":"Feature","properties":{"full_id":"n7625613238","osm_id":"7625613238","osm_type":"node","amenity":"hospital","ref":null,"phone:mobile":null,"loc_name:en":null,"medical_supply":null,"loc_name":null,"short_name:en":null,"short_name":null,"payment:google_pay":null,"payment:coins":null,"service":null,"payment:visa":null,"payment:mastercard":null,"payment:contactless":null,"payment:app":null,"internet_access:ssid":null,"payment:upi":null,"contact:facebook":null,"services":null,"payment:wallets":null,"payment:cards":null,"operational_status_quality":null,"building:use":null,"building:levels:underground":null,"building:levels":null,"parking":null,"brand":null,"entrance":null,"air_conditioning":null,"addr:floor":null,"image":null,"not:operator:wikidata":null,"mobile":null,"name:es":null,"addr:city:ur":null,"ele":null,"locality":null,"addr:landmark":null,"power":null,"natural":null,"opening_hours:covid19":null,"closing_hours":null,"survey:date":null,"geometry":null,"name:pa":null,"operator:short":null,"contact:helpline":null,"contact:website":null,"addr:quarter":null,"addr:neighbourhood":null,"aeroway":null,"old_name":null,"contact:tollfree":null,"start_date":null,"internet_access:fee":null,"operator:wikidata":null,"level":null,"payment:debit_cards":null,"payment:credit_cards":null,"payment:cash":null,"motor_vehicle":null,"horse":null,"access":null,"addr:unit":null,"addr:locality":null,"shop":null,"highway":null,"emergency_telephone_code":null,"opening_hours":null,"operational_status":null,"building":null,"addr:housename":null,"addr":null,"place":null,"name:ur":null,"contact:email":null,"addr:suburb":null,"health_facility:type":null,"designation":null,"contact:mobile":null,"addr:block":null,"wheelchair":null,"medical_system":null,"operator":null,"addr:place":null,"speciality":null,"operator:type":null,"foot":null,"bicycle":null,"barrier":null,"fax":null,"email":null,"healthcare:speciality":null,"name:mr":null,"name:hi":null,"name:en":null,"wikipedia":null,"wikimedia_commons":null,"addr:housenumber":null,"phone":null,"description":null,"alias":null,"name:kn":null,"wikidata":null,"internet_access":null,"check_date":null,"addr:subdistrict":null,"addr:street":null,"website":null,"contact:phone":null,"addr:city":null,"addr:state":"Maharastra","addr:postcode":"442402","addr:full":"Ramnagar, Chandrapur","addr:district":"Chandrapur","name:etymology:wikidata":null,"healthcare":"hospital","emergency":null,"addr:country":null,"postal_code":null,"population":null,"name:te":null,"name":"Murkhe Hospital","is_in":null,"alt_name":null,"AND_a_nosr_p":null},"geometry":{"type":"Point","coordinates":[79.28972,19.962579]}},
{"type":"Feature","properties":{"full_id":"n7625613240","osm_id":"7625613240","osm_type":"node","amenity":"hospital","ref":null,"phone:mobile":null,"loc_name:en":null,"medical_supply":null,"loc_name":null,"short_name:en":null,"short_name":null,"payment:google_pay":null,"payment:coins":null,"service":null,"payment:visa":null,"payment:mastercard":null,"payment:contactless":null,"payment:app":null,"internet_access:ssid":null,"payment:upi":null,"contact:facebook":null,"services":null,"payment:wallets":null,"payment:cards":null,"operational_status_quality":null,"building:use":null,"building:levels:underground":null,"building:levels":null,"parking":null,"brand":null,"entrance":null,"air_conditioning":null,"addr:floor":null,"image":null,"not:operator:wikidata":null,"mobile":null,"name:es":null,"addr:city:ur":null,"ele":null,"locality":null,"addr:landmark":null,"power":null,"natural":null,"opening_hours:covid19":null,"closing_hours":null,"survey:date":null,"geometry":null,"name:pa":null,"operator:short":null,"contact:helpline":null,"contact:website":null,"addr:quarter":null,"addr:neighbourhood":null,"aeroway":null,"old_name":null,"contact:tollfree":null,"start_date":null,"internet_access:fee":null,"operator:wikidata":null,"level":null,"payment:debit_cards":null,"payment:credit_cards":null,"payment:cash":null,"motor_vehicle":null,"horse":null,"access":null,"addr:unit":null,"addr:locality":null,"shop":null,"highway":null,"emergency_telephone_code":null,"opening_hours":null,"operational_status":null,"building":null,"addr:housename":null,"addr":null,"place":null,"name:ur":null,"contact:email":null,"addr:suburb":null,"health_facility:type":null,"designation":null,"contact:mobile":null,"addr:block":null,"wheelchair":null,"medical_system":null,"operator":null,"addr:place":null,"speciality":null,"operator:type":null,"foot":null,"bicycle":null,"barrier":null,"fax":null,"email":null,"healthcare:speciality":null,"name:mr":null,"name:hi":null,"name:en":null,"wikipedia":null,"wikimedia_commons":null,"addr:housenumber":null,"phone":null,"description":null,"alias":null,"name:kn":null,"wikidata":null,"internet_access":null,"check_date":null,"addr:subdistrict":null,"addr:street":null,"website":null,"contact:phone":null,"addr:city":null,"addr:state":"Maharastra","addr:postcode":"441222","addr:full":"Sindewahi","addr:district":"Chandrapur","name:etymology:wikidata":null,"healthcare":null,"emergency":null,"addr:country":null,"postal_code":null,"population":null,"name:te":null,"name":"Vyankatesh Hospital","is_in":null,"alt_name":null,"AND_a_nosr_p":null},"geometry":{"type":"Point","coordinates":[79.654073,20.289031]}},
{"type":"Feature","properties":{"full_id":"n7625613242","osm_id":"7625613242","osm_type":"node","amenity":"hospital","ref":null,"phone:mobile":null,"loc_name:en":null,"medical_supply":null,"loc_name":null,"short_name:en":null,"short_name":null,"payment:google_pay":null,"payment:coins":null,"service":null,"payment:visa":null,"payment:mastercard":null,"payment:contactless":null,"payment:app":null,"internet_access:ssid":null,"payment:upi":null,"contact:facebook":null,"services":null,"payment:wallets":null,"payment:cards":null,"operational_status_quality":null,"building:use":null,"building:levels:underground":null,"building:levels":null,"parking":null,"brand":null,"entrance":null,"air_conditioning":null,"addr:floor":null,"image":null,"not:operator:wikidata":null,"mobile":null,"name:es":null,"addr:city:ur":null,"ele":null,"locality":null,"addr:landmark":null,"power":null,"natural":null,"opening_hours:covid19":null,"closing_hours":null,"survey:date":null,"geometry":null,"name:pa":null,"operator:short":null,"contact:helpline":null,"contact:website":null,"addr:quarter":null,"addr:neighbourhood":null,"aeroway":null,"old_name":null,"contact:tollfree":null,"start_date":null,"internet_access:fee":null,"operator:wikidata":null,"level":null,"payment:debit_cards":null,"payment:credit_cards":null,"payment:cash":null,"motor_vehicle":null,"horse":null,"access":null,"addr:unit":null,"addr:locality":null,"shop":null,"highway":null,"emergency_telephone_code":null,"opening_hours":null,"operational_status":null,"building":null,"addr:housename":null,"addr":null,"place":null,"name:ur":null,"contact:email":null,"addr:suburb":null,"health_facility:type":null,"designation":null,"contact:mobile":null,"addr:block":null,"wheelchair":null,"medical_system":null,"operator":null,"addr:place":null,"speciality":null,"operator:type":null,"foot":null,"bicycle":null,"barrier":null,"fax":null,"email":null,"healthcare:speciality":null,"name:mr":null,"name:hi":null,"name:en":null,"wikipedia":null,"wikimedia_commons":null,"addr:housenumber":null,"phone":null,"description":null,"alias":null,"name:kn":null,"wikidata":null,"internet_access":null,"check_date":null,"addr:subdistrict":null,"addr:street":null,"website":null,"contact:phone":null,"addr:city":null,"addr:state":"Maharastra","addr:postcode":"442402","addr:full":"Pawar Road, Bodke Wada, Model Colony, Shivajinagar, Pune","addr:district":"Chandrapur","name:etymology:wikidata":null,"healthcare":"hospital","emergency":null,"addr:country":null,"postal_code":null,"population":null,"name:te":null,"name":"Bharati Hospital","is_in":null,"alt_name":null,"AND_a_nosr_p":null},"geometry":{"type":"Point","coordinates":[79.294268,19.956005]}},
{"type":"Feature","properties":{"full_id":"n7625613246","osm_id":"7625613246","osm_type":"node","amenity":"hospital","ref":null,"phone:mobile":null,"loc_name:en":null,"medical_supply":null,"loc_name":null,"short_name:en":null,"short_name":null,"payment:google_pay":null,"payment:coins":null,"service":null,"payment:visa":null,"payment:mastercard":null,"payment:contactless":null,"payment:app":null,"internet_access:ssid":null,"payment:upi":null,"contact:facebook":null,"services":null,"payment:wallets":null,"payment:cards":null,"operational_status_quality":null,"building:use":null,"building:levels:underground":null,"building:levels":null,"parking":null,"brand":null,"entrance":null,"air_conditioning":null,"addr:floor":null,"image":null,"not:operator:wikidata":null,"mobile":null,"name:es":null,"addr:city:ur":null,"ele":null,"locality":null,"addr:landmark":null,"power":null,"natural":null,"opening_hours:covid19":null,"closing_hours":null,"survey:date":null,"geometry":null,"name:pa":null,"operator:short":null,"contact:helpline":null,"contact:website":null,"addr:quarter":null,"addr:neighbourhood":null,"aeroway":null,"old_name":null,"contact:tollfree":null,"start_date":null,"internet_access:fee":null,"operator:wikidata":null,"level":null,"payment:debit_cards":null,"payment:credit_cards":null,"payment:cash":null,"motor_vehicle":null,"horse":null,"access":null,"addr:unit":null,"addr:locality":null,"shop":null,"highway":null,"emergency_telephone_code":null,"opening_hours":null,"operational_status":null,"building":null,"addr:housename":null,"addr":null,"place":null,"name:ur":null,"contact:email":null,"addr:suburb":null,"health_facility:type":null,"designation":null,"contact:mobile":null,"addr:block":null,"wheelchair":null,"medical_system":null,"operator":null,"addr:place":null,"speciality":null,"operator:type":null,"foot":null,"bicycle":null,"barrier":null,"fax":null,"email":null,"healthcare:speciality":null,"name:mr":null,"name:hi":null,"name:en":null,"wikipedia":null,"wikimedia_commons":null,"addr:housenumber":null,"phone":null,"description":null,"alias":null,"name:kn":null,"wikidata":null,"internet_access":null,"check_date":null,"addr:subdistrict":null,"addr:street":null,"website":null,"contact:phone":null,"addr:city":null,"addr:state":"Maharastra","addr:postcode":"442404","addr:full":"Durgapur, Chandrapur","addr:district":"Chandrapur","name:etymology:wikidata":null,"healthcare":null,"emergency":null,"addr:country":null,"postal_code":null,"population":null,"name:te":null,"name":"Apollo Hospital","is_in":null,"alt_name":null,"AND_a_nosr_p":null},"geometry":{"type":"Point","coordinates":[79.3013176,20.0051202]}},
{"type":"Feature","properties":{"full_id":"n7625613247","osm_id":"7625613247","osm_type":"node","amenity":"hospital","ref":null,"phone:mobile":null,"loc_name:en":null,"medical_supply":null,"loc_name":null,"short_name:en":null,"short_name":null,"payment:google_pay":null,"payment:coins":null,"service":null,"payment:visa":null,"payment:mastercard":null,"payment:contactless":null,"payment:app":null,"internet_access:ssid":null,"payment:upi":null,"contact:facebook":null,"services":null,"payment:wallets":null,"payment:cards":null,"operational_status_quality":null,"building:use":null,"building:levels:underground":null,"building:levels":null,"parking":null,"brand":null,"entrance":null,"air_conditioning":null,"addr:floor":null,"image":null,"not:operator:wikidata":null,"mobile":null,"name:es":null,"addr:city:ur":null,"ele":null,"locality":null,"addr:landmark":null,"power":null,"natural":null,"opening_hours:covid19":null,"closing_hours":null,"survey:date":null,"geometry":null,"name:pa":null,"operator:short":null,"contact:helpline":null,"contact:website":null,"addr:quarter":null,"addr:neighbourhood":null,"aeroway":null,"old_name":null,"contact:tollfree":null,"start_date":null,"internet_access:fee":null,"operator:wikidata":null,"level":null,"payment:debit_cards":null,"payment:credit_cards":null,"payment:cash":null,"motor_vehicle":null,"horse":null,"access":null,"addr:unit":null,"addr:locality":null,"shop":null,"highway":null,"emergency_telephone_code":null,"opening_hours":null,"operational_status":null,"building":null,"addr:housename":null,"addr":null,"place":null,"name:ur":null,"contact:email":null,"addr:suburb":null,"health_facility:type":null,"designation":null,"contact:mobile":null,"addr:block":null,"wheelchair":null,"medical_system":null,"operator":null,"addr:place":null,"speciality":null,"operator:type":null,"foot":null,"bicycle":null,"barrier":null,"fax":null,"email":null,"healthcare:speciality":null,"name:mr":null,"name:hi":null,"name:en":null,"wikipedia":null,"wikimedia_commons":null,"addr:housenumber":null,"phone":null,"description":null,"alias":null,"name:kn":null,"wikidata":null,"internet_access":null,"check_date":null,"addr:subdistrict":null,"addr:street":null,"website":null,"contact:phone":null,"addr:city":null,"addr:state":"Maharastra","addr:postcode":"442402","addr:full":"Behind Axis Bank, Near Janata College, Civil Lines, Chandrapur","addr:district":"Chandrapur","name:etymology:wikidata":null,"healthcare":null,"emergency":null,"addr:country":null,"postal_code":null,"population":null,"name:te":null,"name":"Wasade Orthopaedic Hospital","is_in":null,"alt_name":null,"AND_a_nosr_p":null},"geometry":{"type":"Point","coordinates":[79.2887476,19.9717458]}},
{"type":"Feature","properties":{"full_id":"n7625613248","osm_id":"7625613248","osm_type":"node","amenity":"hospital","ref":null,"phone:mobile":null,"loc_name:en":null,"medical_supply":null,"loc_name":null,"short_name:en":null,"short_name":null,"payment:google_pay":null,"payment:coins":null,"service":null,"payment:visa":null,"payment:mastercard":null,"payment:contactless":null,"payment:app":null,"internet_access:ssid":null,"payment:upi":null,"contact:facebook":null,"services":null,"payment:wallets":null,"payment:cards":null,"operational_status_quality":null,"building:use":null,"building:levels:underground":null,"building:levels":null,"parking":null,"brand":null,"entrance":null,"air_conditioning":null,"addr:floor":null,"image":null,"not:operator:wikidata":null,"mobile":null,"name:es":null,"addr:city:ur":null,"ele":null,"locality":null,"addr:landmark":null,"power":null,"natural":null,"opening_hours:covid19":null,"closing_hours":null,"survey:date":null,"geometry":null,"name:pa":null,"operator:short":null,"contact:helpline":null,"contact:website":null,"addr:quarter":null,"addr:neighbourhood":null,"aeroway":null,"old_name":null,"contact:tollfree":null,"start_date":null,"internet_access:fee":null,"operator:wikidata":null,"level":null,"payment:debit_cards":null,"payment:credit_cards":null,"payment:cash":null,"motor_vehicle":null,"horse":null,"access":null,"addr:unit":null,"addr:locality":null,"shop":null,"highway":null,"emergency_telephone_code":null,"opening_hours":null,"operational_status":null,"building":null,"addr:housename":null,"addr":null,"place":null,"name:ur":null,"contact:email":null,"addr:suburb":null,"health_facility:type":null,"designation":null,"contact:mobile":null,"addr:block":null,"wheelchair":null,"medical_system":null,"operator":null,"addr:place":null,"speciality":null,"operator:type":null,"foot":null,"bicycle":null,"barrier":null,"fax":null,"email":null,"healthcare:speciality":null,"name:mr":null,"name:hi":null,"name:en":null,"wikipedia":null,"wikimedia_commons":null,"addr:housenumber":null,"phone":null,"description":null,"alias":null,"name:kn":null,"wikidata":null,"internet_access":null,"check_date":null,"addr:subdistrict":null,"addr:street":null,"website":null,"contact:phone":null,"addr:city":null,"addr:state":"Maharastra","addr:postcode":"442401","addr:full":"Swastik Nagar, Mul Road, Chandrapur","addr:district":"Chandrapur","name:etymology:wikidata":null,"healthcare":null,"emergency":null,"addr:country":null,"postal_code":null,"population":null,"name:te":null,"name":"Raut Hospital","is_in":null,"alt_name":null,"AND_a_nosr_p":null},"geometry":{"type":"Point","coordinates":[79.3032697,19.968893]}},
{"type":"Feature","properties":{"full_id":"n7625613249","osm_id":"7625613249","osm_type":"node","amenity":"hospital","ref":null,"phone:mobile":null,"loc_name:en":null,"medical_supply":null,"loc_name":null,"short_name:en":null,"short_name":null,"payment:google_pay":null,"payment:coins":null,"service":null,"payment:visa":null,"payment:mastercard":null,"payment:contactless":null,"payment:app":null,"internet_access:ssid":null,"payment:upi":null,"contact:facebook":null,"services":null,"payment:wallets":null,"payment:cards":null,"operational_status_quality":null,"building:use":null,"building:levels:underground":null,"building:levels":null,"parking":null,"brand":null,"entrance":null,"air_conditioning":null,"addr:floor":null,"image":null,"not:operator:wikidata":null,"mobile":null,"name:es":null,"addr:city:ur":null,"ele":null,"locality":null,"addr:landmark":null,"power":null,"natural":null,"opening_hours:covid19":null,"closing_hours":null,"survey:date":null,"geometry":null,"name:pa":null,"operator:short":null,"contact:helpline":null,"contact:website":null,"addr:quarter":null,"addr:neighbourhood":null,"aeroway":null,"old_name":null,"contact:tollfree":null,"start_date":null,"internet_access:fee":null,"operator:wikidata":null,"level":null,"payment:debit_cards":null,"payment:credit_cards":null,"payment:cash":null,"motor_vehicle":null,"horse":null,"access":null,"addr:unit":null,"addr:locality":null,"shop":null,"highway":null,"emergency_telephone_code":null,"opening_hours":null,"operational_status":null,"building":null,"addr:housename":null,"addr":null,"place":null,"name:ur":null,"contact:email":null,"addr:suburb":null,"health_facility:type":null,"designation":null,"contact:mobile":null,"addr:block":null,"wheelchair":null,"medical_system":null,"operator":null,"addr:place":null,"speciality":null,"operator:type":null,"foot":null,"bicycle":null,"barrier":null,"fax":null,"email":null,"healthcare:speciality":null,"name:mr":null,"name:hi":null,"name:en":null,"wikipedia":null,"wikimedia_commons":null,"addr:housenumber":null,"phone":null,"description":null,"alias":null,"name:kn":null,"wikidata":null,"internet_access":null,"check_date":null,"addr:subdistrict":null,"addr:street":null,"website":null,"contact:phone":null,"addr:city":null,"addr:state":"Maharastra","addr:postcode":"442402","addr:full":"Datala Road, Ramnagar, Chandrapur","addr:district":"Chandrapur","name:etymology:wikidata":null,"healthcare":"hospital","emergency":null,"addr:country":null,"postal_code":null,"population":null,"name:te":null,"name":"Chiddarwar Hospital","is_in":null,"alt_name":null,"AND_a_nosr_p":null},"geometry":{"type":"Point","coordinates":[79.289828,19.962218]}},
{"type":"Feature","properties":{"full_id":"n7625613250","osm_id":"7625613250","osm_type":"node","amenity":"hospital","ref":null,"phone:mobile":null,"loc_name:en":null,"medical_supply":null,"loc_name":null,"short_name:en":null,"short_name":null,"payment:google_pay":null,"payment:coins":null,"service":null,"payment:visa":null,"payment:mastercard":null,"payment:contactless":null,"payment:app":null,"internet_access:ssid":null,"payment:upi":null,"contact:facebook":null,"services":null,"payment:wallets":null,"payment:cards":null,"operational_status_quality":null,"building:use":null,"building:levels:underground":null,"building:levels":null,"parking":null,"brand":null,"entrance":null,"air_conditioning":null,"addr:floor":null,"image":null,"not:operator:wikidata":null,"mobile":null,"name:es":null,"addr:city:ur":null,"ele":null,"locality":null,"addr:landmark":null,"power":null,"natural":null,"opening_hours:covid19":null,"closing_hours":null,"survey:date":null,"geometry":null,"name:pa":null,"operator:short":null,"contact:helpline":null,"contact:website":null,"addr:quarter":null,"addr:neighbourhood":null,"aeroway":null,"old_name":null,"contact:tollfree":null,"start_date":null,"internet_access:fee":null,"operator:wikidata":null,"level":null,"payment:debit_cards":null,"payment:credit_cards":null,"payment:cash":null,"motor_vehicle":null,"horse":null,"access":null,"addr:unit":null,"addr:locality":null,"shop":null,"highway":null,"emergency_telephone_code":null,"opening_hours":null,"operational_status":null,"building":null,"addr:housename":null,"addr":null,"place":null,"name:ur":null,"contact:email":null,"addr:suburb":null,"health_facility:type":null,"designation":null,"contact:mobile":null,"addr:block":null,"wheelchair":null,"medical_system":null,"operator":null,"addr:place":null,"speciality":null,"operator:type":null,"foot":null,"bicycle":null,"barrier":null,"fax":null,"email":null,"healthcare:speciality":null,"name:mr":null,"name:hi":null,"name:en":null,"wikipedia":null,"wikimedia_commons":null,"addr:housenumber":null,"phone":null,"description":null,"alias":null,"name:kn":null,"wikidata":null,"internet_access":null,"check_date":null,"addr:subdistrict":null,"addr:street":null,"website":null,"contact:phone":null,"addr:city":null,"addr:state":"Maharastra","addr:postcode":"442402","addr:full":"Balaji Ward, Bazar Ward, Babupeth, Chandrapur","addr:district":"Chandrapur","name:etymology:wikidata":null,"healthcare":"hospital","emergency":null,"addr:country":null,"postal_code":null,"population":null,"name:te":null,"name":"Gokhare Hospital","is_in":null,"alt_name":null,"AND_a_nosr_p":null},"geometry":{"type":"Point","coordinates":[79.2919375,19.9451821]}},
{"type":"Feature","properties":{"full_id":"n7625613251","osm_id":"7625613251","osm_type":"node","amenity":"hospital","ref":null,"phone:mobile":null,"loc_name:en":null,"medical_supply":null,"loc_name":null,"short_name:en":null,"short_name":null,"payment:google_pay":null,"payment:coins":null,"service":null,"payment:visa":null,"payment:mastercard":null,"payment:contactless":null,"payment:app":null,"internet_access:ssid":null,"payment:upi":null,"contact:facebook":null,"services":null,"payment:wallets":null,"payment:cards":null,"operational_status_quality":null,"building:use":null,"building:levels:underground":null,"building:levels":null,"parking":null,"brand":null,"entrance":null,"air_conditioning":null,"addr:floor":null,"image":null,"not:operator:wikidata":null,"mobile":null,"name:es":null,"addr:city:ur":null,"ele":null,"locality":null,"addr:landmark":null,"power":null,"natural":null,"opening_hours:covid19":null,"closing_hours":null,"survey:date":null,"geometry":null,"name:pa":null,"operator:short":null,"contact:helpline":null,"contact:website":null,"addr:quarter":null,"addr:neighbourhood":null,"aeroway":null,"old_name":null,"contact:tollfree":null,"start_date":null,"internet_access:fee":null,"operator:wikidata":null,"level":null,"payment:debit_cards":null,"payment:credit_cards":null,"payment:cash":null,"motor_vehicle":null,"horse":null,"access":null,"addr:unit":null,"addr:locality":null,"shop":null,"highway":null,"emergency_telephone_code":null,"opening_hours":null,"operational_status":null,"building":null,"addr:housename":null,"addr":null,"place":null,"name:ur":null,"contact:email":null,"addr:suburb":null,"health_facility:type":null,"designation":null,"contact:mobile":null,"addr:block":null,"wheelchair":null,"medical_system":null,"operator":null,"addr:place":null,"speciality":null,"operator:type":null,"foot":null,"bicycle":null,"barrier":null,"fax":null,"email":null,"healthcare:speciality":null,"name:mr":null,"name:hi":null,"name:en":null,"wikipedia":null,"wikimedia_commons":null,"addr:housenumber":null,"phone":null,"description":null,"alias":null,"name:kn":null,"wikidata":null,"internet_access":null,"check_date":null,"addr:subdistrict":null,"addr:street":null,"website":null,"contact:phone":null,"addr:city":null,"addr:state":"Maharastra","addr:postcode":"442402","addr:full":"Gandhi Chowk Road, Hospital Ward, Behind District General Hospital","addr:district":"Chandrapur","name:etymology:wikidata":null,"healthcare":"hospital","emergency":null,"addr:country":null,"postal_code":null,"population":null,"name:te":null,"name":"Dr. Indu Agrawal Hospital","is_in":null,"alt_name":null,"AND_a_nosr_p":null},"geometry":{"type":"Point","coordinates":[79.29702,19.954088]}},
{"type":"Feature","properties":{"full_id":"n7625613252","osm_id":"7625613252","osm_type":"node","amenity":"hospital","ref":null,"phone:mobile":null,"loc_name:en":null,"medical_supply":null,"loc_name":null,"short_name:en":null,"short_name":null,"payment:google_pay":null,"payment:coins":null,"service":null,"payment:visa":null,"payment:mastercard":null,"payment:contactless":null,"payment:app":null,"internet_access:ssid":null,"payment:upi":null,"contact:facebook":null,"services":null,"payment:wallets":null,"payment:cards":null,"operational_status_quality":null,"building:use":null,"building:levels:underground":null,"building:levels":null,"parking":null,"brand":null,"entrance":null,"air_conditioning":null,"addr:floor":null,"image":null,"not:operator:wikidata":null,"mobile":null,"name:es":null,"addr:city:ur":null,"ele":null,"locality":null,"addr:landmark":null,"power":null,"natural":null,"opening_hours:covid19":null,"closing_hours":null,"survey:date":null,"geometry":null,"name:pa":null,"operator:short":null,"contact:helpline":null,"contact:website":null,"addr:quarter":null,"addr:neighbourhood":null,"aeroway":null,"old_name":null,"contact:tollfree":null,"start_date":null,"internet_access:fee":null,"operator:wikidata":null,"level":null,"payment:debit_cards":null,"payment:credit_cards":null,"payment:cash":null,"motor_vehicle":null,"horse":null,"access":null,"addr:unit":null,"addr:locality":null,"shop":null,"highway":null,"emergency_telephone_code":null,"opening_hours":null,"operational_status":null,"building":null,"addr:housename":null,"addr":null,"place":null,"name:ur":null,"contact:email":null,"addr:suburb":null,"health_facility:type":null,"designation":null,"contact:mobile":null,"addr:block":null,"wheelchair":null,"medical_system":null,"operator":null,"addr:place":null,"speciality":null,"operator:type":null,"foot":null,"bicycle":null,"barrier":null,"fax":null,"email":null,"healthcare:speciality":null,"name:mr":null,"name:hi":null,"name:en":null,"wikipedia":null,"wikimedia_commons":null,"addr:housenumber":null,"phone":null,"description":null,"alias":null,"name:kn":null,"wikidata":null,"internet_access":null,"check_date":null,"addr:subdistrict":null,"addr:street":null,"website":null,"contact:phone":null,"addr:city":null,"addr:state":"Maharastra","addr:postcode":"442402","addr:full":"Civil Lines, Chandrapur","addr:district":"Chandrapur","name:etymology:wikidata":null,"healthcare":null,"emergency":null,"addr:country":null,"postal_code":null,"population":null,"name:te":null,"name":"Ingle Hospital","is_in":null,"alt_name":null,"AND_a_nosr_p":null},"geometry":{"type":"Point","coordinates":[79.285572,19.972332]}},
{"type":"Feature","properties":{"full_id":"n7625613253","osm_id":"7625613253","osm_type":"node","amenity":"hospital","ref":null,"phone:mobile":null,"loc_name:en":null,"medical_supply":null,"loc_name":null,"short_name:en":null,"short_name":null,"payment:google_pay":null,"payment:coins":null,"service":null,"payment:visa":null,"payment:mastercard":null,"payment:contactless":null,"payment:app":null,"internet_access:ssid":null,"payment:upi":null,"contact:facebook":null,"services":null,"payment:wallets":null,"payment:cards":null,"operational_status_quality":null,"building:use":null,"building:levels:underground":null,"building:levels":null,"parking":null,"brand":null,"entrance":null,"air_conditioning":null,"addr:floor":null,"image":null,"not:operator:wikidata":null,"mobile":null,"name:es":null,"addr:city:ur":null,"ele":null,"locality":null,"addr:landmark":null,"power":null,"natural":null,"opening_hours:covid19":null,"closing_hours":null,"survey:date":null,"geometry":null,"name:pa":null,"operator:short":null,"contact:helpline":null,"contact:website":null,"addr:quarter":null,"addr:neighbourhood":null,"aeroway":null,"old_name":null,"contact:tollfree":null,"start_date":null,"internet_access:fee":null,"operator:wikidata":null,"level":null,"payment:debit_cards":null,"payment:credit_cards":null,"payment:cash":null,"motor_vehicle":null,"horse":null,"access":null,"addr:unit":null,"addr:locality":null,"shop":null,"highway":null,"emergency_telephone_code":null,"opening_hours":null,"operational_status":null,"building":null,"addr:housename":null,"addr":null,"place":null,"name:ur":"شریف آئی ہسپتال","contact:email":null,"addr:suburb":null,"health_facility:type":null,"designation":null,"contact:mobile":null,"addr:block":null,"wheelchair":null,"medical_system":null,"operator":null,"addr:place":null,"speciality":null,"operator:type":null,"foot":null,"bicycle":null,"barrier":null,"fax":null,"email":null,"healthcare:speciality":null,"name:mr":null,"name:hi":null,"name:en":null,"wikipedia":null,"wikimedia_commons":null,"addr:housenumber":null,"phone":null,"description":null,"alias":null,"name:kn":null,"wikidata":null,"internet_access":null,"check_date":null,"addr:subdistrict":null,"addr:street":null,"website":null,"contact:phone":null,"addr:city":null,"addr:state":"Maharastra","addr:postcode":"442402","addr:full":"Jal Nagar Ward, Bazar Ward, Chandrapur","addr:district":"Chandrapur","name:etymology:wikidata":null,"healthcare":"hospital","emergency":null,"addr:country":null,"postal_code":null,"population":null,"name:te":null,"name":"Sharif Eye Hospital","is_in":null,"alt_name":null,"AND_a_nosr_p":null},"geometry":{"type":"Point","coordinates":[79.2982731,19.9513812]}},
{"type":"Feature","properties":{"full_id":"n7625613255","osm_id":"7625613255","osm_type":"node","amenity":"hospital","ref":null,"phone:mobile":null,"loc_name:en":null,"medical_supply":null,"loc_name":null,"short_name:en":null,"short_name":null,"payment:google_pay":null,"payment:coins":null,"service":null,"payment:visa":null,"payment:mastercard":null,"payment:contactless":null,"payment:app":null,"internet_access:ssid":null,"payment:upi":null,"contact:facebook":null,"services":null,"payment:wallets":null,"payment:cards":null,"operational_status_quality":null,"building:use":null,"building:levels:underground":null,"building:levels":null,"parking":null,"brand":null,"entrance":null,"air_conditioning":null,"addr:floor":null,"image":null,"not:operator:wikidata":null,"mobile":null,"name:es":null,"addr:city:ur":null,"ele":null,"locality":null,"addr:landmark":null,"power":null,"natural":null,"opening_hours:covid19":null,"closing_hours":null,"survey:date":null,"geometry":null,"name:pa":null,"operator:short":null,"contact:helpline":null,"contact:website":null,"addr:quarter":null,"addr:neighbourhood":null,"aeroway":null,"old_name":null,"contact:tollfree":null,"start_date":null,"internet_access:fee":null,"operator:wikidata":null,"level":null,"payment:debit_cards":null,"payment:credit_cards":null,"payment:cash":null,"motor_vehicle":null,"horse":null,"access":null,"addr:unit":null,"addr:locality":null,"shop":null,"highway":null,"emergency_telephone_code":null,"opening_hours":null,"operational_status":null,"building":null,"addr:housename":null,"addr":null,"place":null,"name:ur":null,"contact:email":null,"addr:suburb":null,"health_facility:type":null,"designation":null,"contact:mobile":null,"addr:block":null,"wheelchair":null,"medical_system":null,"operator":null,"addr:place":null,"speciality":null,"operator:type":null,"foot":null,"bicycle":null,"barrier":null,"fax":null,"email":null,"healthcare:speciality":null,"name:mr":null,"name:hi":null,"name:en":null,"wikipedia":null,"wikimedia_commons":null,"addr:housenumber":null,"phone":null,"description":null,"alias":null,"name:kn":null,"wikidata":null,"internet_access":null,"check_date":null,"addr:subdistrict":null,"addr:street":null,"website":null,"contact:phone":null,"addr:city":null,"addr:state":"Maharastra","addr:postcode":"441223","addr:full":"Vyankatesh Nagar, Ratnapur Road, Navargaon","addr:district":"Chandrapur","name:etymology:wikidata":null,"healthcare":null,"emergency":null,"addr:country":null,"postal_code":null,"population":null,"name:te":null,"name":"Dr. Balbuddhe Hospital","is_in":null,"alt_name":null,"AND_a_nosr_p":null},"geometry":{"type":"Point","coordinates":[79.5811322,20.3623169]}},
{"type":"Feature","properties":{"full_id":"n7625613256","osm_id":"7625613256","osm_type":"node","amenity":"hospital","ref":null,"phone:mobile":null,"loc_name:en":null,"medical_supply":null,"loc_name":null,"short_name:en":null,"short_name":null,"payment:google_pay":null,"payment:coins":null,"service":null,"payment:visa":null,"payment:mastercard":null,"payment:contactless":null,"payment:app":null,"internet_access:ssid":null,"payment:upi":null,"contact:facebook":null,"services":null,"payment:wallets":null,"payment:cards":null,"operational_status_quality":null,"building:use":null,"building:levels:underground":null,"building:levels":null,"parking":null,"brand":null,"entrance":null,"air_conditioning":null,"addr:floor":null,"image":null,"not:operator:wikidata":null,"mobile":null,"name:es":null,"addr:city:ur":null,"ele":null,"locality":null,"addr:landmark":null,"power":null,"natural":null,"opening_hours:covid19":null,"closing_hours":null,"survey:date":null,"geometry":null,"name:pa":null,"operator:short":null,"contact:helpline":null,"contact:website":null,"addr:quarter":null,"addr:neighbourhood":null,"aeroway":null,"old_name":null,"contact:tollfree":null,"start_date":null,"internet_access:fee":null,"operator:wikidata":null,"level":null,"payment:debit_cards":null,"payment:credit_cards":null,"payment:cash":null,"motor_vehicle":null,"horse":null,"access":null,"addr:unit":null,"addr:locality":null,"shop":null,"highway":null,"emergency_telephone_code":null,"opening_hours":null,"operational_status":null,"building":null,"addr:housename":null,"addr":null,"place":null,"name:ur":null,"contact:email":null,"addr:suburb":null,"health_facility:type":null,"designation":null,"contact:mobile":null,"addr:block":null,"wheelchair":null,"medical_system":null,"operator":null,"addr:place":null,"speciality":null,"operator:type":null,"foot":null,"bicycle":null,"barrier":null,"fax":null,"email":null,"healthcare:speciality":null,"name:mr":null,"name:hi":null,"name:en":null,"wikipedia":null,"wikimedia_commons":null,"addr:housenumber":null,"phone":null,"description":null,"alias":null,"name:kn":null,"wikidata":null,"internet_access":null,"check_date":null,"addr:subdistrict":null,"addr:street":null,"website":null,"contact:phone":null,"addr:city":null,"addr:state":"Maharastra","addr:postcode":"442401","addr:full":"Tadoba Road, D.G.Tukum, Sharda Nagar, Tukum, Chandrapur","addr:district":"Chandrapur","name:etymology:wikidata":null,"healthcare":null,"emergency":null,"addr:country":null,"postal_code":null,"population":null,"name:te":null,"name":"Dhande Hospital","is_in":null,"alt_name":null,"AND_a_nosr_p":null},"geometry":{"type":"Point","coordinates":[79.2988823,19.9710798]}},
{"type":"Feature","properties":{"full_id":"n7625613258","osm_id":"7625613258","osm_type":"node","amenity":"hospital","ref":null,"phone:mobile":null,"loc_name:en":null,"medical_supply":null,"loc_name":null,"short_name:en":null,"short_name":null,"payment:google_pay":null,"payment:coins":null,"service":null,"payment:visa":null,"payment:mastercard":null,"payment:contactless":null,"payment:app":null,"internet_access:ssid":null,"payment:upi":null,"contact:facebook":null,"services":null,"payment:wallets":null,"payment:cards":null,"operational_status_quality":null,"building:use":null,"building:levels:underground":null,"building:levels":null,"parking":null,"brand":null,"entrance":null,"air_conditioning":null,"addr:floor":null,"image":null,"not:operator:wikidata":null,"mobile":null,"name:es":null,"addr:city:ur":null,"ele":null,"locality":null,"addr:landmark":null,"power":null,"natural":null,"opening_hours:covid19":null,"closing_hours":null,"survey:date":null,"geometry":null,"name:pa":null,"operator:short":null,"contact:helpline":null,"contact:website":null,"addr:quarter":null,"addr:neighbourhood":null,"aeroway":null,"old_name":null,"contact:tollfree":null,"start_date":null,"internet_access:fee":null,"operator:wikidata":null,"level":null,"payment:debit_cards":null,"payment:credit_cards":null,"payment:cash":null,"motor_vehicle":null,"horse":null,"access":null,"addr:unit":null,"addr:locality":null,"shop":null,"highway":null,"emergency_telephone_code":null,"opening_hours":null,"operational_status":null,"building":null,"addr:housename":null,"addr":null,"place":null,"name:ur":null,"contact:email":null,"addr:suburb":null,"health_facility:type":null,"designation":null,"contact:mobile":null,"addr:block":null,"wheelchair":null,"medical_system":null,"operator":null,"addr:place":null,"speciality":null,"operator:type":null,"foot":null,"bicycle":null,"barrier":null,"fax":null,"email":null,"healthcare:speciality":null,"name:mr":null,"name:hi":null,"name:en":null,"wikipedia":null,"wikimedia_commons":null,"addr:housenumber":null,"phone":null,"description":null,"alias":null,"name:kn":null,"wikidata":null,"internet_access":null,"check_date":null,"addr:subdistrict":null,"addr:street":null,"website":null,"contact:phone":null,"addr:city":null,"addr:state":"Maharastra","addr:postcode":"442401","addr:full":"Jetpura Gate, Jalnagar Road, Chandrapur","addr:district":"Chandrapur","name:etymology:wikidata":null,"healthcare":"hospital","emergency":null,"addr:country":null,"postal_code":null,"population":null,"name:te":null,"name":"Shivji Hospital","is_in":null,"alt_name":null,"AND_a_nosr_p":null},"geometry":{"type":"Point","coordinates":[79.296318,19.957721]}},
{"type":"Feature","properties":{"full_id":"n7625613260","osm_id":"7625613260","osm_type":"node","amenity":"hospital","ref":null,"phone:mobile":null,"loc_name:en":null,"medical_supply":null,"loc_name":null,"short_name:en":null,"short_name":null,"payment:google_pay":null,"payment:coins":null,"service":null,"payment:visa":null,"payment:mastercard":null,"payment:contactless":null,"payment:app":null,"internet_access:ssid":null,"payment:upi":null,"contact:facebook":null,"services":null,"payment:wallets":null,"payment:cards":null,"operational_status_quality":null,"building:use":null,"building:levels:underground":null,"building:levels":null,"parking":null,"brand":null,"entrance":null,"air_conditioning":null,"addr:floor":null,"image":null,"not:operator:wikidata":null,"mobile":null,"name:es":null,"addr:city:ur":null,"ele":null,"locality":null,"addr:landmark":null,"power":null,"natural":null,"opening_hours:covid19":null,"closing_hours":null,"survey:date":null,"geometry":null,"name:pa":null,"operator:short":null,"contact:helpline":null,"contact:website":null,"addr:quarter":null,"addr:neighbourhood":null,"aeroway":null,"old_name":null,"contact:tollfree":null,"start_date":null,"internet_access:fee":null,"operator:wikidata":null,"level":null,"payment:debit_cards":null,"payment:credit_cards":null,"payment:cash":null,"motor_vehicle":null,"horse":null,"access":null,"addr:unit":null,"addr:locality":null,"shop":null,"highway":null,"emergency_telephone_code":null,"opening_hours":null,"operational_status":null,"building":null,"addr:housename":null,"addr":null,"place":null,"name:ur":null,"contact:email":null,"addr:suburb":null,"health_facility:type":null,"designation":null,"contact:mobile":null,"addr:block":null,"wheelchair":null,"medical_system":null,"operator":null,"addr:place":null,"speciality":null,"operator:type":null,"foot":null,"bicycle":null,"barrier":null,"fax":null,"email":null,"healthcare:speciality":null,"name:mr":null,"name:hi":null,"name:en":null,"wikipedia":null,"wikimedia_commons":null,"addr:housenumber":null,"phone":null,"description":null,"alias":null,"name:kn":null,"wikidata":null,"internet_access":null,"check_date":null,"addr:subdistrict":null,"addr:street":null,"website":null,"contact:phone":null,"addr:city":null,"addr:state":"Maharastra","addr:postcode":"442402","addr:full":"Bazar Ward, Chandrapur","addr:district":"Chandrapur","name:etymology:wikidata":null,"healthcare":"hospital","emergency":null,"addr:country":null,"postal_code":null,"population":null,"name:te":null,"name":"Bhalme Hospital","is_in":null,"alt_name":null,"AND_a_nosr_p":null},"geometry":{"type":"Point","coordinates":[79.304427,19.949954]}},
{"type":"Feature","properties":{"full_id":"n7625613261","osm_id":"7625613261","osm_type":"node","amenity":"hospital","ref":null,"phone:mobile":null,"loc_name:en":null,"medical_supply":null,"loc_name":null,"short_name:en":null,"short_name":null,"payment:google_pay":null,"payment:coins":null,"service":null,"payment:visa":null,"payment:mastercard":null,"payment:contactless":null,"payment:app":null,"internet_access:ssid":null,"payment:upi":null,"contact:facebook":null,"services":null,"payment:wallets":null,"payment:cards":null,"operational_status_quality":null,"building:use":null,"building:levels:underground":null,"building:levels":null,"parking":null,"brand":null,"entrance":null,"air_conditioning":null,"addr:floor":null,"image":null,"not:operator:wikidata":null,"mobile":null,"name:es":null,"addr:city:ur":null,"ele":null,"locality":null,"addr:landmark":null,"power":null,"natural":null,"opening_hours:covid19":null,"closing_hours":null,"survey:date":null,"geometry":null,"name:pa":null,"operator:short":null,"contact:helpline":null,"contact:website":null,"addr:quarter":null,"addr:neighbourhood":null,"aeroway":null,"old_name":null,"contact:tollfree":null,"start_date":null,"internet_access:fee":null,"operator:wikidata":null,"level":null,"payment:debit_cards":null,"payment:credit_cards":null,"payment:cash":null,"motor_vehicle":null,"horse":null,"access":null,"addr:unit":null,"addr:locality":null,"shop":null,"highway":null,"emergency_telephone_code":null,"opening_hours":null,"operational_status":null,"building":null,"addr:housename":null,"addr":null,"place":null,"name:ur":null,"contact:email":null,"addr:suburb":null,"health_facility:type":null,"designation":null,"contact:mobile":null,"addr:block":null,"wheelchair":null,"medical_system":null,"operator":null,"addr:place":null,"speciality":null,"operator:type":null,"foot":null,"bicycle":null,"barrier":null,"fax":null,"email":null,"healthcare:speciality":null,"name:mr":null,"name:hi":null,"name:en":null,"wikipedia":null,"wikimedia_commons":null,"addr:housenumber":null,"phone":null,"description":null,"alias":null,"name:kn":null,"wikidata":null,"internet_access":null,"check_date":null,"addr:subdistrict":null,"addr:street":null,"website":null,"contact:phone":null,"addr:city":null,"addr:state":"Maharastra","addr:postcode":"442401","addr:full":"Chandrapur","addr:district":"Chandrapur","name:etymology:wikidata":null,"healthcare":"hospital","emergency":null,"addr:country":null,"postal_code":null,"population":null,"name:te":null,"name":"Nagrale Hospital","is_in":null,"alt_name":null,"AND_a_nosr_p":null},"geometry":{"type":"Point","coordinates":[79.294257,19.950609]}},
{"type":"Feature","properties":{"full_id":"n7625613262","osm_id":"7625613262","osm_type":"node","amenity":"hospital","ref":null,"phone:mobile":null,"loc_name:en":null,"medical_supply":null,"loc_name":null,"short_name:en":null,"short_name":null,"payment:google_pay":null,"payment:coins":null,"service":null,"payment:visa":null,"payment:mastercard":null,"payment:contactless":null,"payment:app":null,"internet_access:ssid":null,"payment:upi":null,"contact:facebook":null,"services":null,"payment:wallets":null,"payment:cards":null,"operational_status_quality":null,"building:use":null,"building:levels:underground":null,"building:levels":null,"parking":null,"brand":null,"entrance":null,"air_conditioning":null,"addr:floor":null,"image":null,"not:operator:wikidata":null,"mobile":null,"name:es":null,"addr:city:ur":null,"ele":null,"locality":null,"addr:landmark":null,"power":null,"natural":null,"opening_hours:covid19":null,"closing_hours":null,"survey:date":null,"geometry":null,"name:pa":null,"operator:short":null,"contact:helpline":null,"contact:website":null,"addr:quarter":null,"addr:neighbourhood":null,"aeroway":null,"old_name":null,"contact:tollfree":null,"start_date":null,"internet_access:fee":null,"operator:wikidata":null,"level":null,"payment:debit_cards":null,"payment:credit_cards":null,"payment:cash":null,"motor_vehicle":null,"horse":null,"access":null,"addr:unit":null,"addr:locality":null,"shop":null,"highway":null,"emergency_telephone_code":null,"opening_hours":null,"operational_status":null,"building":null,"addr:housename":null,"addr":null,"place":null,"name:ur":null,"contact:email":null,"addr:suburb":null,"health_facility:type":null,"designation":null,"contact:mobile":null,"addr:block":null,"wheelchair":null,"medical_system":null,"operator":null,"addr:place":null,"speciality":null,"operator:type":null,"foot":null,"bicycle":null,"barrier":null,"fax":null,"email":null,"healthcare:speciality":null,"name:mr":null,"name:hi":null,"name:en":null,"wikipedia":null,"wikimedia_commons":null,"addr:housenumber":null,"phone":null,"description":null,"alias":null,"name:kn":null,"wikidata":null,"internet_access":null,"check_date":null,"addr:subdistrict":null,"addr:street":null,"website":null,"contact:phone":null,"addr:city":null,"addr:state":"Maharastra","addr:postcode":"442402","addr:full":"Bazar Ward, Chandrapur","addr:district":"Chandrapur","name:etymology:wikidata":null,"healthcare":"hospital","emergency":null,"addr:country":null,"postal_code":null,"population":null,"name:te":null,"name":"Kilbil Hospital","is_in":null,"alt_name":null,"AND_a_nosr_p":null},"geometry":{"type":"Point","coordinates":[79.2978948,19.9536264]}},
{"type":"Feature","properties":{"full_id":"n7625613263","osm_id":"7625613263","osm_type":"node","amenity":"hospital","ref":null,"phone:mobile":null,"loc_name:en":null,"medical_supply":null,"loc_name":null,"short_name:en":null,"short_name":null,"payment:google_pay":null,"payment:coins":null,"service":null,"payment:visa":null,"payment:mastercard":null,"payment:contactless":null,"payment:app":null,"internet_access:ssid":null,"payment:upi":null,"contact:facebook":null,"services":null,"payment:wallets":null,"payment:cards":null,"operational_status_quality":null,"building:use":null,"building:levels:underground":null,"building:levels":null,"parking":null,"brand":null,"entrance":null,"air_conditioning":null,"addr:floor":null,"image":null,"not:operator:wikidata":null,"mobile":null,"name:es":null,"addr:city:ur":null,"ele":null,"locality":null,"addr:landmark":null,"power":null,"natural":null,"opening_hours:covid19":null,"closing_hours":null,"survey:date":null,"geometry":null,"name:pa":null,"operator:short":null,"contact:helpline":null,"contact:website":null,"addr:quarter":null,"addr:neighbourhood":null,"aeroway":null,"old_name":null,"contact:tollfree":null,"start_date":null,"internet_access:fee":null,"operator:wikidata":null,"level":null,"payment:debit_cards":null,"payment:credit_cards":null,"payment:cash":null,"motor_vehicle":null,"horse":null,"access":null,"addr:unit":null,"addr:locality":null,"shop":null,"highway":null,"emergency_telephone_code":null,"opening_hours":null,"operational_status":null,"building":null,"addr:housename":null,"addr":null,"place":null,"name:ur":null,"contact:email":null,"addr:suburb":null,"health_facility:type":null,"designation":null,"contact:mobile":null,"addr:block":null,"wheelchair":null,"medical_system":null,"operator":"Mrs. Prajakta Aswar","addr:place":null,"speciality":null,"operator:type":"private","foot":null,"bicycle":null,"barrier":null,"fax":null,"email":null,"healthcare:speciality":"gynaecology","name:mr":null,"name:hi":null,"name:en":null,"wikipedia":null,"wikimedia_commons":null,"addr:housenumber":null,"phone":null,"description":null,"alias":null,"name:kn":null,"wikidata":null,"internet_access":null,"check_date":null,"addr:subdistrict":null,"addr:street":null,"website":null,"contact:phone":null,"addr:city":null,"addr:state":"Maharastra","addr:postcode":"442402","addr:full":"Ramnagar Road, Revenue Colony, Chandrapur","addr:district":"Chandrapur","name:etymology:wikidata":null,"healthcare":"hospital","emergency":null,"addr:country":null,"postal_code":null,"population":null,"name:te":null,"name":"Aswar Hospital","is_in":null,"alt_name":null,"AND_a_nosr_p":null},"geometry":{"type":"Point","coordinates":[79.288501,19.964021]}},
{"type":"Feature","properties":{"full_id":"n7625613264","osm_id":"7625613264","osm_type":"node","amenity":"hospital","ref":null,"phone:mobile":null,"loc_name:en":null,"medical_supply":null,"loc_name":null,"short_name:en":null,"short_name":null,"payment:google_pay":null,"payment:coins":null,"service":null,"payment:visa":null,"payment:mastercard":null,"payment:contactless":null,"payment:app":null,"internet_access:ssid":null,"payment:upi":null,"contact:facebook":null,"services":null,"payment:wallets":null,"payment:cards":null,"operational_status_quality":null,"building:use":null,"building:levels:underground":null,"building:levels":null,"parking":null,"brand":null,"entrance":null,"air_conditioning":null,"addr:floor":null,"image":null,"not:operator:wikidata":null,"mobile":null,"name:es":null,"addr:city:ur":null,"ele":null,"locality":null,"addr:landmark":null,"power":null,"natural":null,"opening_hours:covid19":null,"closing_hours":null,"survey:date":null,"geometry":null,"name:pa":null,"operator:short":null,"contact:helpline":null,"contact:website":null,"addr:quarter":null,"addr:neighbourhood":null,"aeroway":null,"old_name":null,"contact:tollfree":null,"start_date":null,"internet_access:fee":null,"operator:wikidata":null,"level":null,"payment:debit_cards":null,"payment:credit_cards":null,"payment:cash":null,"motor_vehicle":null,"horse":null,"access":null,"addr:unit":null,"addr:locality":null,"shop":null,"highway":null,"emergency_telephone_code":null,"opening_hours":null,"operational_status":null,"building":null,"addr:housename":null,"addr":null,"place":null,"name:ur":null,"contact:email":null,"addr:suburb":null,"health_facility:type":null,"designation":null,"contact:mobile":null,"addr:block":null,"wheelchair":null,"medical_system":null,"operator":null,"addr:place":null,"speciality":null,"operator:type":null,"foot":null,"bicycle":null,"barrier":null,"fax":null,"email":null,"healthcare:speciality":null,"name:mr":null,"name:hi":null,"name:en":null,"wikipedia":null,"wikimedia_commons":null,"addr:housenumber":null,"phone":null,"description":null,"alias":null,"name:kn":null,"wikidata":null,"internet_access":null,"check_date":null,"addr:subdistrict":null,"addr:street":null,"website":null,"contact:phone":null,"addr:city":null,"addr:state":"Maharastra","addr:postcode":"442402","addr:full":"Janta High School, Civil Lines, Ramnagar Road, Nawargoan, Bazar Ward, Chandrapur","addr:district":"Chandrapur","name:etymology:wikidata":null,"healthcare":"hospital","emergency":null,"addr:country":null,"postal_code":null,"population":null,"name:te":null,"name":"Dr. Wasalwar Hospital","is_in":null,"alt_name":null,"AND_a_nosr_p":null},"geometry":{"type":"Point","coordinates":[79.3000695,19.9499779]}},
{"type":"Feature","properties":{"full_id":"n7625613265","osm_id":"7625613265","osm_type":"node","amenity":"hospital","ref":null,"phone:mobile":null,"loc_name:en":null,"medical_supply":null,"loc_name":null,"short_name:en":null,"short_name":null,"payment:google_pay":null,"payment:coins":null,"service":null,"payment:visa":null,"payment:mastercard":null,"payment:contactless":null,"payment:app":null,"internet_access:ssid":null,"payment:upi":null,"contact:facebook":null,"services":null,"payment:wallets":null,"payment:cards":null,"operational_status_quality":null,"building:use":null,"building:levels:underground":null,"building:levels":null,"parking":null,"brand":null,"entrance":null,"air_conditioning":null,"addr:floor":null,"image":null,"not:operator:wikidata":null,"mobile":null,"name:es":null,"addr:city:ur":null,"ele":null,"locality":null,"addr:landmark":null,"power":null,"natural":null,"opening_hours:covid19":null,"closing_hours":null,"survey:date":null,"geometry":null,"name:pa":null,"operator:short":null,"contact:helpline":null,"contact:website":null,"addr:quarter":null,"addr:neighbourhood":null,"aeroway":null,"old_name":null,"contact:tollfree":null,"start_date":null,"internet_access:fee":null,"operator:wikidata":null,"level":null,"payment:debit_cards":null,"payment:credit_cards":null,"payment:cash":null,"motor_vehicle":null,"horse":null,"access":null,"addr:unit":null,"addr:locality":null,"shop":null,"highway":null,"emergency_telephone_code":null,"opening_hours":null,"operational_status":null,"building":null,"addr:housename":null,"addr":null,"place":null,"name:ur":null,"contact:email":null,"addr:suburb":null,"health_facility:type":null,"designation":null,"contact:mobile":null,"addr:block":null,"wheelchair":null,"medical_system":null,"operator":null,"addr:place":null,"speciality":null,"operator:type":null,"foot":null,"bicycle":null,"barrier":null,"fax":null,"email":null,"healthcare:speciality":null,"name:mr":null,"name:hi":null,"name:en":null,"wikipedia":null,"wikimedia_commons":null,"addr:housenumber":null,"phone":null,"description":null,"alias":null,"name:kn":null,"wikidata":null,"internet_access":null,"check_date":null,"addr:subdistrict":null,"addr:street":null,"website":null,"contact:phone":null,"addr:city":null,"addr:state":"Maharastra","addr:postcode":"441224","addr:full":"Bokare Wada, Mul","addr:district":"Chandrapur","name:etymology:wikidata":null,"healthcare":null,"emergency":null,"addr:country":null,"postal_code":null,"population":null,"name:te":null,"name":"Bokare Hospital","is_in":null,"alt_name":null,"AND_a_nosr_p":null},"geometry":{"type":"Point","coordinates":[79.6769129,20.0698544]}},
{"type":"Feature","properties":{"full_id":"n7625613266","osm_id":"7625613266","osm_type":"node","amenity":"hospital","ref":null,"phone:mobile":null,"loc_name:en":null,"medical_supply":null,"loc_name":null,"short_name:en":null,"short_name":null,"payment:google_pay":null,"payment:coins":null,"service":null,"payment:visa":null,"payment:mastercard":null,"payment:contactless":null,"payment:app":null,"internet_access:ssid":null,"payment:upi":null,"contact:facebook":null,"services":null,"payment:wallets":null,"payment:cards":null,"operational_status_quality":null,"building:use":null,"building:levels:underground":null,"building:levels":null,"parking":null,"brand":null,"entrance":null,"air_conditioning":null,"addr:floor":null,"image":null,"not:operator:wikidata":null,"mobile":null,"name:es":null,"addr:city:ur":null,"ele":null,"locality":null,"addr:landmark":null,"power":null,"natural":null,"opening_hours:covid19":null,"closing_hours":null,"survey:date":null,"geometry":null,"name:pa":null,"operator:short":null,"contact:helpline":null,"contact:website":null,"addr:quarter":null,"addr:neighbourhood":null,"aeroway":null,"old_name":null,"contact:tollfree":null,"start_date":null,"internet_access:fee":null,"operator:wikidata":null,"level":null,"payment:debit_cards":null,"payment:credit_cards":null,"payment:cash":null,"motor_vehicle":null,"horse":null,"access":null,"addr:unit":null,"addr:locality":null,"shop":null,"highway":null,"emergency_telephone_code":null,"opening_hours":null,"operational_status":null,"building":null,"addr:housename":null,"addr":null,"place":null,"name:ur":null,"contact:email":null,"addr:suburb":null,"health_facility:type":null,"designation":null,"contact:mobile":null,"addr:block":null,"wheelchair":null,"medical_system":null,"operator":null,"addr:place":null,"speciality":null,"operator:type":null,"foot":null,"bicycle":null,"barrier":null,"fax":null,"email":null,"healthcare:speciality":null,"name:mr":null,"name:hi":null,"name:en":null,"wikipedia":null,"wikimedia_commons":null,"addr:housenumber":null,"phone":null,"description":null,"alias":null,"name:kn":null,"wikidata":null,"internet_access":null,"check_date":null,"addr:subdistrict":null,"addr:street":null,"website":null,"contact:phone":null,"addr:city":null,"addr:state":"Maharastra","addr:postcode":"442502","addr:full":"Kabir Nagar, Vivek Nagar, Chandrapur","addr:district":"Chandrapur","name:etymology:wikidata":null,"healthcare":null,"emergency":null,"addr:country":null,"postal_code":null,"population":null,"name:te":null,"name":"Mogre Hospital","is_in":null,"alt_name":null,"AND_a_nosr_p":null},"geometry":{"type":"Point","coordinates":[79.305925,19.969165]}},
{"type":"Feature","properties":{"full_id":"n7625613267","osm_id":"7625613267","osm_type":"node","amenity":"hospital","ref":null,"phone:mobile":null,"loc_name:en":null,"medical_supply":null,"loc_name":null,"short_name:en":null,"short_name":null,"payment:google_pay":null,"payment:coins":null,"service":null,"payment:visa":null,"payment:mastercard":null,"payment:contactless":null,"payment:app":null,"internet_access:ssid":null,"payment:upi":null,"contact:facebook":null,"services":null,"payment:wallets":null,"payment:cards":null,"operational_status_quality":null,"building:use":null,"building:levels:underground":null,"building:levels":null,"parking":null,"brand":null,"entrance":null,"air_conditioning":null,"addr:floor":null,"image":null,"not:operator:wikidata":null,"mobile":null,"name:es":null,"addr:city:ur":null,"ele":null,"locality":null,"addr:landmark":null,"power":null,"natural":null,"opening_hours:covid19":null,"closing_hours":null,"survey:date":null,"geometry":null,"name:pa":null,"operator:short":null,"contact:helpline":null,"contact:website":null,"addr:quarter":null,"addr:neighbourhood":null,"aeroway":null,"old_name":null,"contact:tollfree":null,"start_date":null,"internet_access:fee":null,"operator:wikidata":null,"level":null,"payment:debit_cards":null,"payment:credit_cards":null,"payment:cash":null,"motor_vehicle":null,"horse":null,"access":null,"addr:unit":null,"addr:locality":null,"shop":null,"highway":null,"emergency_telephone_code":null,"opening_hours":null,"operational_status":null,"building":null,"addr:housename":null,"addr":null,"place":null,"name:ur":null,"contact:email":null,"addr:suburb":null,"health_facility:type":null,"designation":null,"contact:mobile":null,"addr:block":null,"wheelchair":null,"medical_system":null,"operator":null,"addr:place":null,"speciality":null,"operator:type":null,"foot":null,"bicycle":null,"barrier":null,"fax":null,"email":null,"healthcare:speciality":null,"name:mr":null,"name:hi":null,"name:en":null,"wikipedia":null,"wikimedia_commons":null,"addr:housenumber":null,"phone":null,"description":null,"alias":null,"name:kn":null,"wikidata":null,"internet_access":null,"check_date":null,"addr:subdistrict":null,"addr:street":null,"website":null,"contact:phone":null,"addr:city":null,"addr:state":"Maharastra","addr:postcode":"442402","addr:full":"Ramnagar, Chandrapur","addr:district":"Chandrapur","name:etymology:wikidata":null,"healthcare":"hospital","emergency":null,"addr:country":null,"postal_code":null,"population":null,"name:te":null,"name":"Wasudha Smruti - Zade Hospital","is_in":null,"alt_name":null,"AND_a_nosr_p":null},"geometry":{"type":"Point","coordinates":[79.293673,19.95211]}},
{"type":"Feature","properties":{"full_id":"n7625613268","osm_id":"7625613268","osm_type":"node","amenity":"hospital","ref":null,"phone:mobile":null,"loc_name:en":null,"medical_supply":null,"loc_name":null,"short_name:en":null,"short_name":null,"payment:google_pay":null,"payment:coins":null,"service":null,"payment:visa":null,"payment:mastercard":null,"payment:contactless":null,"payment:app":null,"internet_access:ssid":null,"payment:upi":null,"contact:facebook":null,"services":null,"payment:wallets":null,"payment:cards":null,"operational_status_quality":null,"building:use":null,"building:levels:underground":null,"building:levels":null,"parking":null,"brand":null,"entrance":null,"air_conditioning":null,"addr:floor":null,"image":null,"not:operator:wikidata":null,"mobile":null,"name:es":null,"addr:city:ur":null,"ele":null,"locality":null,"addr:landmark":null,"power":null,"natural":null,"opening_hours:covid19":null,"closing_hours":null,"survey:date":null,"geometry":null,"name:pa":null,"operator:short":null,"contact:helpline":null,"contact:website":null,"addr:quarter":null,"addr:neighbourhood":null,"aeroway":null,"old_name":null,"contact:tollfree":null,"start_date":null,"internet_access:fee":null,"operator:wikidata":null,"level":null,"payment:debit_cards":null,"payment:credit_cards":null,"payment:cash":null,"motor_vehicle":null,"horse":null,"access":null,"addr:unit":null,"addr:locality":null,"shop":null,"highway":null,"emergency_telephone_code":null,"opening_hours":null,"operational_status":null,"building":null,"addr:housename":null,"addr":null,"place":null,"name:ur":null,"contact:email":null,"addr:suburb":null,"health_facility:type":null,"designation":null,"contact:mobile":null,"addr:block":null,"wheelchair":null,"medical_system":null,"operator":null,"addr:place":null,"speciality":null,"operator:type":null,"foot":null,"bicycle":null,"barrier":null,"fax":null,"email":null,"healthcare:speciality":null,"name:mr":null,"name:hi":null,"name:en":null,"wikipedia":null,"wikimedia_commons":null,"addr:housenumber":null,"phone":null,"description":null,"alias":null,"name:kn":null,"wikidata":null,"internet_access":null,"check_date":null,"addr:subdistrict":null,"addr:street":null,"website":null,"contact:phone":null,"addr:city":null,"addr:state":"Maharastra","addr:postcode":"442402","addr:full":"Nagpur Road, Beside of CDCC Bank, Civil Lines, Chandrapur","addr:district":"Chandrapur","name:etymology:wikidata":null,"healthcare":null,"emergency":null,"addr:country":null,"postal_code":null,"population":null,"name:te":null,"name":"Dhande ENT Hospital & Pathology Centre","is_in":null,"alt_name":null,"AND_a_nosr_p":null},"geometry":{"type":"Point","coordinates":[79.288613,19.971913]}},
{"type":"Feature","properties":{"full_id":"n7625613269","osm_id":"7625613269","osm_type":"node","amenity":"hospital","ref":null,"phone:mobile":null,"loc_name:en":null,"medical_supply":null,"loc_name":null,"short_name:en":null,"short_name":null,"payment:google_pay":null,"payment:coins":null,"service":null,"payment:visa":null,"payment:mastercard":null,"payment:contactless":null,"payment:app":null,"internet_access:ssid":null,"payment:upi":null,"contact:facebook":null,"services":null,"payment:wallets":null,"payment:cards":null,"operational_status_quality":null,"building:use":null,"building:levels:underground":null,"building:levels":null,"parking":null,"brand":null,"entrance":null,"air_conditioning":null,"addr:floor":null,"image":null,"not:operator:wikidata":null,"mobile":null,"name:es":null,"addr:city:ur":null,"ele":null,"locality":null,"addr:landmark":null,"power":null,"natural":null,"opening_hours:covid19":null,"closing_hours":null,"survey:date":null,"geometry":null,"name:pa":null,"operator:short":null,"contact:helpline":null,"contact:website":null,"addr:quarter":null,"addr:neighbourhood":null,"aeroway":null,"old_name":null,"contact:tollfree":null,"start_date":null,"internet_access:fee":null,"operator:wikidata":null,"level":null,"payment:debit_cards":null,"payment:credit_cards":null,"payment:cash":null,"motor_vehicle":null,"horse":null,"access":null,"addr:unit":null,"addr:locality":null,"shop":null,"highway":null,"emergency_telephone_code":null,"opening_hours":null,"operational_status":null,"building":null,"addr:housename":null,"addr":null,"place":null,"name:ur":null,"contact:email":null,"addr:suburb":null,"health_facility:type":null,"designation":null,"contact:mobile":null,"addr:block":null,"wheelchair":null,"medical_system":null,"operator":null,"addr:place":null,"speciality":null,"operator:type":null,"foot":null,"bicycle":null,"barrier":null,"fax":null,"email":null,"healthcare:speciality":null,"name:mr":null,"name:hi":null,"name:en":null,"wikipedia":null,"wikimedia_commons":null,"addr:housenumber":null,"phone":null,"description":null,"alias":null,"name:kn":null,"wikidata":null,"internet_access":null,"check_date":null,"addr:subdistrict":null,"addr:street":null,"website":null,"contact:phone":null,"addr:city":null,"addr:state":"Maharastra","addr:postcode":"442502","addr:full":"Vivek Nagar, Chandrapur","addr:district":"Chandrapur","name:etymology:wikidata":null,"healthcare":null,"emergency":null,"addr:country":null,"postal_code":null,"population":null,"name:te":null,"name":"Dr. Sardeshpande Hospital","is_in":null,"alt_name":null,"AND_a_nosr_p":null},"geometry":{"type":"Point","coordinates":[79.305963,19.9679198]}},
{"type":"Feature","properties":{"full_id":"n7625613270","osm_id":"7625613270","osm_type":"node","amenity":"hospital","ref":null,"phone:mobile":null,"loc_name:en":null,"medical_supply":null,"loc_name":null,"short_name:en":null,"short_name":null,"payment:google_pay":null,"payment:coins":null,"service":null,"payment:visa":null,"payment:mastercard":null,"payment:contactless":null,"payment:app":null,"internet_access:ssid":null,"payment:upi":null,"contact:facebook":null,"services":null,"payment:wallets":null,"payment:cards":null,"operational_status_quality":null,"building:use":null,"building:levels:underground":null,"building:levels":null,"parking":null,"brand":null,"entrance":null,"air_conditioning":null,"addr:floor":null,"image":null,"not:operator:wikidata":null,"mobile":null,"name:es":null,"addr:city:ur":null,"ele":null,"locality":null,"addr:landmark":null,"power":null,"natural":null,"opening_hours:covid19":null,"closing_hours":null,"survey:date":null,"geometry":null,"name:pa":null,"operator:short":null,"contact:helpline":null,"contact:website":null,"addr:quarter":null,"addr:neighbourhood":null,"aeroway":null,"old_name":null,"contact:tollfree":null,"start_date":null,"internet_access:fee":null,"operator:wikidata":null,"level":null,"payment:debit_cards":null,"payment:credit_cards":null,"payment:cash":null,"motor_vehicle":null,"horse":null,"access":null,"addr:unit":null,"addr:locality":null,"shop":null,"highway":null,"emergency_telephone_code":null,"opening_hours":null,"operational_status":null,"building":null,"addr:housename":null,"addr":null,"place":null,"name:ur":null,"contact:email":null,"addr:suburb":null,"health_facility:type":null,"designation":null,"contact:mobile":null,"addr:block":null,"wheelchair":null,"medical_system":null,"operator":null,"addr:place":null,"speciality":null,"operator:type":null,"foot":null,"bicycle":null,"barrier":null,"fax":null,"email":null,"healthcare:speciality":null,"name:mr":null,"name:hi":null,"name:en":null,"wikipedia":null,"wikimedia_commons":null,"addr:housenumber":null,"phone":null,"description":null,"alias":null,"name:kn":null,"wikidata":null,"internet_access":null,"check_date":null,"addr:subdistrict":null,"addr:street":null,"website":null,"contact:phone":null,"addr:city":null,"addr:state":"Maharastra","addr:postcode":"442401","addr:full":"Tukum Road, Shivaji Nagar, D.G.Tukum, Jairaj Nagar, Tukum, Chandrapur","addr:district":"Chandrapur","name:etymology:wikidata":null,"healthcare":null,"emergency":null,"addr:country":null,"postal_code":null,"population":null,"name:te":null,"name":"Radhakrishna Homeopathic Hospital","is_in":null,"alt_name":null,"AND_a_nosr_p":null},"geometry":{"type":"Point","coordinates":[79.3013144,19.9723526]}},
{"type":"Feature","properties":{"full_id":"n7625613271","osm_id":"7625613271","osm_type":"node","amenity":"hospital","ref":null,"phone:mobile":null,"loc_name:en":null,"medical_supply":null,"loc_name":null,"short_name:en":null,"short_name":null,"payment:google_pay":null,"payment:coins":null,"service":null,"payment:visa":null,"payment:mastercard":null,"payment:contactless":null,"payment:app":null,"internet_access:ssid":null,"payment:upi":null,"contact:facebook":null,"services":null,"payment:wallets":null,"payment:cards":null,"operational_status_quality":null,"building:use":null,"building:levels:underground":null,"building:levels":null,"parking":null,"brand":null,"entrance":null,"air_conditioning":null,"addr:floor":null,"image":null,"not:operator:wikidata":null,"mobile":null,"name:es":null,"addr:city:ur":null,"ele":null,"locality":null,"addr:landmark":null,"power":null,"natural":null,"opening_hours:covid19":null,"closing_hours":null,"survey:date":null,"geometry":null,"name:pa":null,"operator:short":null,"contact:helpline":null,"contact:website":null,"addr:quarter":null,"addr:neighbourhood":null,"aeroway":null,"old_name":null,"contact:tollfree":null,"start_date":null,"internet_access:fee":null,"operator:wikidata":null,"level":null,"payment:debit_cards":null,"payment:credit_cards":null,"payment:cash":null,"motor_vehicle":null,"horse":null,"access":null,"addr:unit":null,"addr:locality":null,"shop":null,"highway":null,"emergency_telephone_code":null,"opening_hours":null,"operational_status":null,"building":null,"addr:housename":null,"addr":null,"place":null,"name:ur":null,"contact:email":null,"addr:suburb":null,"health_facility:type":null,"designation":null,"contact:mobile":null,"addr:block":null,"wheelchair":null,"medical_system":null,"operator":null,"addr:place":null,"speciality":null,"operator:type":null,"foot":null,"bicycle":null,"barrier":null,"fax":null,"email":null,"healthcare:speciality":null,"name:mr":null,"name:hi":null,"name:en":null,"wikipedia":null,"wikimedia_commons":null,"addr:housenumber":null,"phone":null,"description":null,"alias":null,"name:kn":null,"wikidata":null,"internet_access":null,"check_date":null,"addr:subdistrict":null,"addr:street":null,"website":null,"contact:phone":null,"addr:city":null,"addr:state":"Maharastra","addr:postcode":"442402","addr:full":"Near Azad Garden, Nawargoan, Bazar Ward, Chandrapur","addr:district":"Chandrapur","name:etymology:wikidata":null,"healthcare":"hospital","emergency":null,"addr:country":null,"postal_code":null,"population":null,"name:te":null,"name":"Dr. Punekar's Cardiology Hospital","is_in":null,"alt_name":null,"AND_a_nosr_p":null},"geometry":{"type":"Point","coordinates":[79.2988738,19.9506958]}},
{"type":"Feature","properties":{"full_id":"n7625613274","osm_id":"7625613274","osm_type":"node","amenity":"hospital","ref":null,"phone:mobile":null,"loc_name:en":null,"medical_supply":null,"loc_name":null,"short_name:en":null,"short_name":null,"payment:google_pay":null,"payment:coins":null,"service":null,"payment:visa":null,"payment:mastercard":null,"payment:contactless":null,"payment:app":null,"internet_access:ssid":null,"payment:upi":null,"contact:facebook":null,"services":null,"payment:wallets":null,"payment:cards":null,"operational_status_quality":null,"building:use":null,"building:levels:underground":null,"building:levels":null,"parking":null,"brand":null,"entrance":null,"air_conditioning":null,"addr:floor":null,"image":null,"not:operator:wikidata":null,"mobile":null,"name:es":null,"addr:city:ur":null,"ele":null,"locality":null,"addr:landmark":null,"power":null,"natural":null,"opening_hours:covid19":null,"closing_hours":null,"survey:date":null,"geometry":null,"name:pa":null,"operator:short":null,"contact:helpline":null,"contact:website":null,"addr:quarter":null,"addr:neighbourhood":null,"aeroway":null,"old_name":null,"contact:tollfree":null,"start_date":null,"internet_access:fee":null,"operator:wikidata":null,"level":null,"payment:debit_cards":null,"payment:credit_cards":null,"payment:cash":null,"motor_vehicle":null,"horse":null,"access":null,"addr:unit":null,"addr:locality":null,"shop":null,"highway":null,"emergency_telephone_code":null,"opening_hours":null,"operational_status":null,"building":null,"addr:housename":null,"addr":null,"place":null,"name:ur":null,"contact:email":null,"addr:suburb":null,"health_facility:type":null,"designation":null,"contact:mobile":null,"addr:block":null,"wheelchair":null,"medical_system":null,"operator":null,"addr:place":null,"speciality":null,"operator:type":null,"foot":null,"bicycle":null,"barrier":null,"fax":null,"email":null,"healthcare:speciality":null,"name:mr":null,"name:hi":null,"name:en":null,"wikipedia":null,"wikimedia_commons":null,"addr:housenumber":null,"phone":null,"description":null,"alias":null,"name:kn":null,"wikidata":null,"internet_access":null,"check_date":null,"addr:subdistrict":null,"addr:street":null,"website":null,"contact:phone":null,"addr:city":null,"addr:state":"Maharastra","addr:postcode":"442502","addr:full":"Kabir Nagar, Vivek Nagar, Chandrapur","addr:district":"Chandrapur","name:etymology:wikidata":null,"healthcare":null,"emergency":null,"addr:country":null,"postal_code":null,"population":null,"name:te":null,"name":"Bondgulwar Hospital","is_in":null,"alt_name":null,"AND_a_nosr_p":null},"geometry":{"type":"Point","coordinates":[79.307393,19.9702001]}},
{"type":"Feature","properties":{"full_id":"n7625613277","osm_id":"7625613277","osm_type":"node","amenity":"hospital","ref":null,"phone:mobile":null,"loc_name:en":null,"medical_supply":null,"loc_name":null,"short_name:en":null,"short_name":null,"payment:google_pay":null,"payment:coins":null,"service":null,"payment:visa":null,"payment:mastercard":null,"payment:contactless":null,"payment:app":null,"internet_access:ssid":null,"payment:upi":null,"contact:facebook":null,"services":null,"payment:wallets":null,"payment:cards":null,"operational_status_quality":null,"building:use":null,"building:levels:underground":null,"building:levels":null,"parking":null,"brand":null,"entrance":null,"air_conditioning":null,"addr:floor":null,"image":null,"not:operator:wikidata":null,"mobile":null,"name:es":null,"addr:city:ur":null,"ele":null,"locality":null,"addr:landmark":null,"power":null,"natural":null,"opening_hours:covid19":null,"closing_hours":null,"survey:date":null,"geometry":null,"name:pa":null,"operator:short":null,"contact:helpline":null,"contact:website":null,"addr:quarter":null,"addr:neighbourhood":null,"aeroway":null,"old_name":null,"contact:tollfree":null,"start_date":null,"internet_access:fee":null,"operator:wikidata":null,"level":null,"payment:debit_cards":null,"payment:credit_cards":null,"payment:cash":null,"motor_vehicle":null,"horse":null,"access":null,"addr:unit":null,"addr:locality":null,"shop":null,"highway":null,"emergency_telephone_code":null,"opening_hours":null,"operational_status":null,"building":null,"addr:housename":null,"addr":null,"place":null,"name:ur":null,"contact:email":null,"addr:suburb":null,"health_facility:type":null,"designation":null,"contact:mobile":null,"addr:block":null,"wheelchair":null,"medical_system":null,"operator":null,"addr:place":null,"speciality":null,"operator:type":null,"foot":null,"bicycle":null,"barrier":null,"fax":null,"email":null,"healthcare:speciality":null,"name:mr":null,"name:hi":null,"name:en":null,"wikipedia":null,"wikimedia_commons":null,"addr:housenumber":null,"phone":null,"description":null,"alias":null,"name:kn":null,"wikidata":null,"internet_access":null,"check_date":null,"addr:subdistrict":null,"addr:street":null,"website":null,"contact:phone":null,"addr:city":null,"addr:state":"Maharastra","addr:postcode":"442402","addr:full":"Pugalia Nagar, Civil Lines, Chandrapur","addr:district":"Chandrapur","name:etymology:wikidata":null,"healthcare":null,"emergency":null,"addr:country":null,"postal_code":null,"population":null,"name:te":null,"name":"Gandhi Hospital","is_in":null,"alt_name":null,"AND_a_nosr_p":null},"geometry":{"type":"Point","coordinates":[79.2871615,19.970467]}},
{"type":"Feature","properties":{"full_id":"n7625613278","osm_id":"7625613278","osm_type":"node","amenity":"hospital","ref":null,"phone:mobile":null,"loc_name:en":null,"medical_supply":null,"loc_name":null,"short_name:en":null,"short_name":null,"payment:google_pay":null,"payment:coins":null,"service":null,"payment:visa":null,"payment:mastercard":null,"payment:contactless":null,"payment:app":null,"internet_access:ssid":null,"payment:upi":null,"contact:facebook":null,"services":null,"payment:wallets":null,"payment:cards":null,"operational_status_quality":null,"building:use":null,"building:levels:underground":null,"building:levels":null,"parking":null,"brand":null,"entrance":null,"air_conditioning":null,"addr:floor":null,"image":null,"not:operator:wikidata":null,"mobile":null,"name:es":null,"addr:city:ur":null,"ele":null,"locality":null,"addr:landmark":null,"power":null,"natural":null,"opening_hours:covid19":null,"closing_hours":null,"survey:date":null,"geometry":null,"name:pa":null,"operator:short":null,"contact:helpline":null,"contact:website":null,"addr:quarter":null,"addr:neighbourhood":null,"aeroway":null,"old_name":null,"contact:tollfree":null,"start_date":null,"internet_access:fee":null,"operator:wikidata":null,"level":null,"payment:debit_cards":null,"payment:credit_cards":null,"payment:cash":null,"motor_vehicle":null,"horse":null,"access":null,"addr:unit":null,"addr:locality":null,"shop":null,"highway":null,"emergency_telephone_code":null,"opening_hours":null,"operational_status":null,"building":null,"addr:housename":null,"addr":null,"place":null,"name:ur":null,"contact:email":null,"addr:suburb":null,"health_facility:type":null,"designation":null,"contact:mobile":null,"addr:block":null,"wheelchair":null,"medical_system":null,"operator":null,"addr:place":null,"speciality":null,"operator:type":null,"foot":null,"bicycle":null,"barrier":null,"fax":null,"email":null,"healthcare:speciality":null,"name:mr":null,"name:hi":null,"name:en":null,"wikipedia":null,"wikimedia_commons":null,"addr:housenumber":null,"phone":null,"description":null,"alias":null,"name:kn":null,"wikidata":null,"internet_access":null,"check_date":null,"addr:subdistrict":null,"addr:street":null,"website":null,"contact:phone":null,"addr:city":null,"addr:state":"Maharastra","addr:postcode":"442402","addr:full":"Kasturba Road, Bazar Ward, Chandrapur","addr:district":"Chandrapur","name:etymology:wikidata":null,"healthcare":"hospital","emergency":null,"addr:country":null,"postal_code":null,"population":null,"name:te":null,"name":"Zullurwar Hospital","is_in":null,"alt_name":null,"AND_a_nosr_p":null},"geometry":{"type":"Point","coordinates":[79.298127,19.947725]}},
{"type":"Feature","properties":{"full_id":"n7625613279","osm_id":"7625613279","osm_type":"node","amenity":"hospital","ref":null,"phone:mobile":null,"loc_name:en":null,"medical_supply":null,"loc_name":null,"short_name:en":null,"short_name":null,"payment:google_pay":null,"payment:coins":null,"service":null,"payment:visa":null,"payment:mastercard":null,"payment:contactless":null,"payment:app":null,"internet_access:ssid":null,"payment:upi":null,"contact:facebook":null,"services":null,"payment:wallets":null,"payment:cards":null,"operational_status_quality":null,"building:use":null,"building:levels:underground":null,"building:levels":null,"parking":null,"brand":null,"entrance":null,"air_conditioning":null,"addr:floor":null,"image":null,"not:operator:wikidata":null,"mobile":null,"name:es":null,"addr:city:ur":null,"ele":null,"locality":null,"addr:landmark":null,"power":null,"natural":null,"opening_hours:covid19":null,"closing_hours":null,"survey:date":null,"geometry":null,"name:pa":null,"operator:short":null,"contact:helpline":null,"contact:website":null,"addr:quarter":null,"addr:neighbourhood":null,"aeroway":null,"old_name":null,"contact:tollfree":null,"start_date":null,"internet_access:fee":null,"operator:wikidata":null,"level":null,"payment:debit_cards":null,"payment:credit_cards":null,"payment:cash":null,"motor_vehicle":null,"horse":null,"access":null,"addr:unit":null,"addr:locality":null,"shop":null,"highway":null,"emergency_telephone_code":null,"opening_hours":null,"operational_status":null,"building":null,"addr:housename":null,"addr":null,"place":null,"name:ur":null,"contact:email":null,"addr:suburb":null,"health_facility:type":null,"designation":null,"contact:mobile":null,"addr:block":null,"wheelchair":null,"medical_system":null,"operator":null,"addr:place":null,"speciality":null,"operator:type":null,"foot":null,"bicycle":null,"barrier":null,"fax":null,"email":null,"healthcare:speciality":null,"name:mr":null,"name:hi":null,"name:en":null,"wikipedia":null,"wikimedia_commons":null,"addr:housenumber":null,"phone":null,"description":null,"alias":null,"name:kn":null,"wikidata":null,"internet_access":null,"check_date":null,"addr:subdistrict":null,"addr:street":null,"website":null,"contact:phone":null,"addr:city":null,"addr:state":"Maharastra","addr:postcode":"442404","addr:full":"S.T. Work Shop Square, Tadoba Road, Tukum, Chandrapur","addr:district":"Chandrapur","name:etymology:wikidata":null,"healthcare":null,"emergency":null,"addr:country":null,"postal_code":null,"population":null,"name:te":null,"name":"Sawalkar Hospital","is_in":null,"alt_name":null,"AND_a_nosr_p":null},"geometry":{"type":"Point","coordinates":[79.299731,19.982855]}},
{"type":"Feature","properties":{"full_id":"n7625613281","osm_id":"7625613281","osm_type":"node","amenity":"hospital","ref":null,"phone:mobile":null,"loc_name:en":null,"medical_supply":null,"loc_name":null,"short_name:en":null,"short_name":null,"payment:google_pay":null,"payment:coins":null,"service":null,"payment:visa":null,"payment:mastercard":null,"payment:contactless":null,"payment:app":null,"internet_access:ssid":null,"payment:upi":null,"contact:facebook":null,"services":null,"payment:wallets":null,"payment:cards":null,"operational_status_quality":null,"building:use":null,"building:levels:underground":null,"building:levels":null,"parking":null,"brand":null,"entrance":null,"air_conditioning":null,"addr:floor":null,"image":null,"not:operator:wikidata":null,"mobile":null,"name:es":null,"addr:city:ur":null,"ele":null,"locality":null,"addr:landmark":null,"power":null,"natural":null,"opening_hours:covid19":null,"closing_hours":null,"survey:date":null,"geometry":null,"name:pa":null,"operator:short":null,"contact:helpline":null,"contact:website":null,"addr:quarter":null,"addr:neighbourhood":null,"aeroway":null,"old_name":null,"contact:tollfree":null,"start_date":null,"internet_access:fee":null,"operator:wikidata":null,"level":null,"payment:debit_cards":null,"payment:credit_cards":null,"payment:cash":null,"motor_vehicle":null,"horse":null,"access":null,"addr:unit":null,"addr:locality":null,"shop":null,"highway":null,"emergency_telephone_code":null,"opening_hours":null,"operational_status":null,"building":null,"addr:housename":null,"addr":null,"place":null,"name:ur":null,"contact:email":null,"addr:suburb":null,"health_facility:type":null,"designation":null,"contact:mobile":null,"addr:block":null,"wheelchair":null,"medical_system":null,"operator":null,"addr:place":null,"speciality":null,"operator:type":null,"foot":null,"bicycle":null,"barrier":null,"fax":null,"email":null,"healthcare:speciality":null,"name:mr":null,"name:hi":null,"name:en":null,"wikipedia":null,"wikimedia_commons":null,"addr:housenumber":null,"phone":null,"description":null,"alias":null,"name:kn":null,"wikidata":null,"internet_access":null,"check_date":null,"addr:subdistrict":null,"addr:street":null,"website":null,"contact:phone":null,"addr:city":null,"addr:state":"Maharastra","addr:postcode":"442402","addr:full":"Bazar Ward, Chandrapur","addr:district":"Chandrapur","name:etymology:wikidata":null,"healthcare":"hospital","emergency":null,"addr:country":null,"postal_code":null,"population":null,"name:te":null,"name":"Chaudhary Hospital","is_in":null,"alt_name":null,"AND_a_nosr_p":null},"geometry":{"type":"Point","coordinates":[79.295934,19.952765]}},
{"type":"Feature","properties":{"full_id":"n7625613282","osm_id":"7625613282","osm_type":"node","amenity":"hospital","ref":null,"phone:mobile":null,"loc_name:en":null,"medical_supply":null,"loc_name":null,"short_name:en":null,"short_name":null,"payment:google_pay":null,"payment:coins":null,"service":null,"payment:visa":null,"payment:mastercard":null,"payment:contactless":null,"payment:app":null,"internet_access:ssid":null,"payment:upi":null,"contact:facebook":null,"services":null,"payment:wallets":null,"payment:cards":null,"operational_status_quality":null,"building:use":null,"building:levels:underground":null,"building:levels":null,"parking":null,"brand":null,"entrance":null,"air_conditioning":null,"addr:floor":null,"image":null,"not:operator:wikidata":null,"mobile":null,"name:es":null,"addr:city:ur":null,"ele":null,"locality":null,"addr:landmark":null,"power":null,"natural":null,"opening_hours:covid19":null,"closing_hours":null,"survey:date":null,"geometry":null,"name:pa":null,"operator:short":null,"contact:helpline":null,"contact:website":null,"addr:quarter":null,"addr:neighbourhood":null,"aeroway":null,"old_name":null,"contact:tollfree":null,"start_date":null,"internet_access:fee":null,"operator:wikidata":null,"level":null,"payment:debit_cards":null,"payment:credit_cards":null,"payment:cash":null,"motor_vehicle":null,"horse":null,"access":null,"addr:unit":null,"addr:locality":null,"shop":null,"highway":null,"emergency_telephone_code":null,"opening_hours":null,"operational_status":null,"building":null,"addr:housename":null,"addr":null,"place":null,"name:ur":null,"contact:email":null,"addr:suburb":null,"health_facility:type":null,"designation":null,"contact:mobile":null,"addr:block":null,"wheelchair":null,"medical_system":null,"operator":null,"addr:place":null,"speciality":null,"operator:type":null,"foot":null,"bicycle":null,"barrier":null,"fax":null,"email":null,"healthcare:speciality":null,"name:mr":null,"name:hi":null,"name:en":null,"wikipedia":null,"wikimedia_commons":null,"addr:housenumber":null,"phone":null,"description":null,"alias":null,"name:kn":null,"wikidata":null,"internet_access":null,"check_date":null,"addr:subdistrict":null,"addr:street":null,"website":null,"contact:phone":null,"addr:city":null,"addr:state":"Maharastra","addr:postcode":"442402","addr:full":"Civil Lines, Chandrapur","addr:district":"Chandrapur","name:etymology:wikidata":null,"healthcare":"hospital","emergency":null,"addr:country":null,"postal_code":null,"population":null,"name:te":null,"name":"Dr. Muthad Hospital","is_in":null,"alt_name":null,"AND_a_nosr_p":null},"geometry":{"type":"Point","coordinates":[79.2926772,19.962996]}},
{"type":"Feature","properties":{"full_id":"n7625613283","osm_id":"7625613283","osm_type":"node","amenity":"hospital","ref":null,"phone:mobile":null,"loc_name:en":null,"medical_supply":null,"loc_name":null,"short_name:en":null,"short_name":null,"payment:google_pay":null,"payment:coins":null,"service":null,"payment:visa":null,"payment:mastercard":null,"payment:contactless":null,"payment:app":null,"internet_access:ssid":null,"payment:upi":null,"contact:facebook":null,"services":null,"payment:wallets":null,"payment:cards":null,"operational_status_quality":null,"building:use":null,"building:levels:underground":null,"building:levels":null,"parking":null,"brand":null,"entrance":null,"air_conditioning":null,"addr:floor":null,"image":null,"not:operator:wikidata":null,"mobile":null,"name:es":null,"addr:city:ur":null,"ele":null,"locality":null,"addr:landmark":null,"power":null,"natural":null,"opening_hours:covid19":null,"closing_hours":null,"survey:date":null,"geometry":null,"name:pa":null,"operator:short":null,"contact:helpline":null,"contact:website":null,"addr:quarter":null,"addr:neighbourhood":null,"aeroway":null,"old_name":null,"contact:tollfree":null,"start_date":null,"internet_access:fee":null,"operator:wikidata":null,"level":null,"payment:debit_cards":null,"payment:credit_cards":null,"payment:cash":null,"motor_vehicle":null,"horse":null,"access":null,"addr:unit":null,"addr:locality":null,"shop":null,"highway":null,"emergency_telephone_code":null,"opening_hours":null,"operational_status":null,"building":null,"addr:housename":null,"addr":null,"place":null,"name:ur":null,"contact:email":null,"addr:suburb":null,"health_facility:type":null,"designation":null,"contact:mobile":null,"addr:block":null,"wheelchair":null,"medical_system":null,"operator":null,"addr:place":null,"speciality":null,"operator:type":null,"foot":null,"bicycle":null,"barrier":null,"fax":null,"email":null,"healthcare:speciality":null,"name:mr":null,"name:hi":null,"name:en":null,"wikipedia":null,"wikimedia_commons":null,"addr:housenumber":null,"phone":null,"description":null,"alias":null,"name:kn":null,"wikidata":null,"internet_access":null,"check_date":null,"addr:subdistrict":null,"addr:street":null,"website":null,"contact:phone":null,"addr:city":null,"addr:state":"Maharastra","addr:postcode":"442402","addr:full":"Datala Road, Revenue Colony, Civil Lines, Chandrapur","addr:district":"Chandrapur","name:etymology:wikidata":null,"healthcare":"hospital","emergency":null,"addr:country":null,"postal_code":null,"population":null,"name:te":null,"name":"Yerne Hospital","is_in":null,"alt_name":null,"AND_a_nosr_p":null},"geometry":{"type":"Point","coordinates":[79.288219,19.961411]}},
{"type":"Feature","properties":{"full_id":"n7625613284","osm_id":"7625613284","osm_type":"node","amenity":"hospital","ref":null,"phone:mobile":null,"loc_name:en":null,"medical_supply":null,"loc_name":null,"short_name:en":null,"short_name":null,"payment:google_pay":null,"payment:coins":null,"service":null,"payment:visa":null,"payment:mastercard":null,"payment:contactless":null,"payment:app":null,"internet_access:ssid":null,"payment:upi":null,"contact:facebook":null,"services":null,"payment:wallets":null,"payment:cards":null,"operational_status_quality":null,"building:use":null,"building:levels:underground":null,"building:levels":null,"parking":null,"brand":null,"entrance":null,"air_conditioning":null,"addr:floor":null,"image":null,"not:operator:wikidata":null,"mobile":null,"name:es":null,"addr:city:ur":null,"ele":null,"locality":null,"addr:landmark":null,"power":null,"natural":null,"opening_hours:covid19":null,"closing_hours":null,"survey:date":null,"geometry":null,"name:pa":null,"operator:short":null,"contact:helpline":null,"contact:website":null,"addr:quarter":null,"addr:neighbourhood":null,"aeroway":null,"old_name":null,"contact:tollfree":null,"start_date":null,"internet_access:fee":null,"operator:wikidata":null,"level":null,"payment:debit_cards":null,"payment:credit_cards":null,"payment:cash":null,"motor_vehicle":null,"horse":null,"access":null,"addr:unit":null,"addr:locality":null,"shop":null,"highway":null,"emergency_telephone_code":null,"opening_hours":null,"operational_status":null,"building":null,"addr:housename":null,"addr":null,"place":null,"name:ur":null,"contact:email":null,"addr:suburb":null,"health_facility:type":null,"designation":null,"contact:mobile":null,"addr:block":null,"wheelchair":null,"medical_system":null,"operator":null,"addr:place":null,"speciality":null,"operator:type":null,"foot":null,"bicycle":null,"barrier":null,"fax":null,"email":null,"healthcare:speciality":null,"name:mr":null,"name:hi":null,"name:en":null,"wikipedia":null,"wikimedia_commons":null,"addr:housenumber":null,"phone":null,"description":null,"alias":null,"name:kn":null,"wikidata":null,"internet_access":null,"check_date":null,"addr:subdistrict":null,"addr:street":null,"website":null,"contact:phone":null,"addr:city":null,"addr:state":"Maharastra","addr:postcode":"442401","addr:full":"Mul Road, Swastik Nagar, Chandrapur","addr:district":"Chandrapur","name:etymology:wikidata":null,"healthcare":null,"emergency":null,"addr:country":null,"postal_code":null,"population":null,"name:te":null,"name":"Bhukte Hospital","is_in":null,"alt_name":null,"AND_a_nosr_p":null},"geometry":{"type":"Point","coordinates":[79.3027928,19.9692112]}},
{"type":"Feature","properties":{"full_id":"n7725906062","osm_id":"7725906062","osm_type":"node","amenity":"hospital","ref":null,"phone:mobile":null,"loc_name:en":null,"medical_supply":null,"loc_name":null,"short_name:en":null,"short_name":null,"payment:google_pay":null,"payment:coins":null,"service":null,"payment:visa":null,"payment:mastercard":null,"payment:contactless":null,"payment:app":null,"internet_access:ssid":null,"payment:upi":null,"contact:facebook":null,"services":null,"payment:wallets":null,"payment:cards":null,"operational_status_quality":null,"building:use":null,"building:levels:underground":null,"building:levels":null,"parking":null,"brand":null,"entrance":null,"air_conditioning":null,"addr:floor":null,"image":null,"not:operator:wikidata":null,"mobile":null,"name:es":null,"addr:city:ur":null,"ele":null,"locality":null,"addr:landmark":null,"power":null,"natural":null,"opening_hours:covid19":null,"closing_hours":null,"survey:date":null,"geometry":null,"name:pa":null,"operator:short":null,"contact:helpline":null,"contact:website":null,"addr:quarter":null,"addr:neighbourhood":null,"aeroway":null,"old_name":null,"contact:tollfree":null,"start_date":null,"internet_access:fee":null,"operator:wikidata":null,"level":null,"payment:debit_cards":null,"payment:credit_cards":null,"payment:cash":null,"motor_vehicle":null,"horse":null,"access":null,"addr:unit":null,"addr:locality":null,"shop":null,"highway":null,"emergency_telephone_code":null,"opening_hours":null,"operational_status":null,"building":null,"addr:housename":null,"addr":null,"place":null,"name:ur":null,"contact:email":null,"addr:suburb":null,"health_facility:type":null,"designation":null,"contact:mobile":null,"addr:block":null,"wheelchair":null,"medical_system":null,"operator":null,"addr:place":null,"speciality":null,"operator:type":null,"foot":null,"bicycle":null,"barrier":null,"fax":null,"email":null,"healthcare:speciality":null,"name:mr":null,"name:hi":null,"name:en":null,"wikipedia":null,"wikimedia_commons":null,"addr:housenumber":null,"phone":null,"description":null,"alias":null,"name:kn":null,"wikidata":null,"internet_access":null,"check_date":null,"addr:subdistrict":null,"addr:street":null,"website":null,"contact:phone":null,"addr:city":null,"addr:state":"Maharashtra","addr:postcode":"442702","addr:full":"Bhangaram Talodhi","addr:district":"Chandrapur","name:etymology:wikidata":null,"healthcare":null,"emergency":null,"addr:country":null,"postal_code":null,"population":null,"name:te":null,"name":"Government Hospital, Bhangaram Talodhi","is_in":null,"alt_name":null,"AND_a_nosr_p":null},"geometry":{"type":"Point","coordinates":[79.7332241,19.6634589]}},
{"type":"Feature","properties":{"full_id":"n7726245485","osm_id":"7726245485","osm_type":"node","amenity":"hospital","ref":null,"phone:mobile":null,"loc_name:en":null,"medical_supply":null,"loc_name":null,"short_name:en":null,"short_name":null,"payment:google_pay":null,"payment:coins":null,"service":null,"payment:visa":null,"payment:mastercard":null,"payment:contactless":null,"payment:app":null,"internet_access:ssid":null,"payment:upi":null,"contact:facebook":null,"services":null,"payment:wallets":null,"payment:cards":null,"operational_status_quality":null,"building:use":null,"building:levels:underground":null,"building:levels":null,"parking":null,"brand":null,"entrance":null,"air_conditioning":null,"addr:floor":null,"image":null,"not:operator:wikidata":null,"mobile":null,"name:es":null,"addr:city:ur":null,"ele":null,"locality":null,"addr:landmark":null,"power":null,"natural":null,"opening_hours:covid19":null,"closing_hours":null,"survey:date":null,"geometry":null,"name:pa":null,"operator:short":null,"contact:helpline":null,"contact:website":null,"addr:quarter":null,"addr:neighbourhood":null,"aeroway":null,"old_name":null,"contact:tollfree":null,"start_date":null,"internet_access:fee":null,"operator:wikidata":null,"level":null,"payment:debit_cards":null,"payment:credit_cards":null,"payment:cash":null,"motor_vehicle":null,"horse":null,"access":null,"addr:unit":null,"addr:locality":null,"shop":null,"highway":null,"emergency_telephone_code":null,"opening_hours":null,"operational_status":null,"building":null,"addr:housename":null,"addr":null,"place":null,"name:ur":null,"contact:email":null,"addr:suburb":null,"health_facility:type":null,"designation":null,"contact:mobile":null,"addr:block":null,"wheelchair":null,"medical_system":null,"operator":null,"addr:place":null,"speciality":null,"operator:type":null,"foot":null,"bicycle":null,"barrier":null,"fax":null,"email":null,"healthcare:speciality":null,"name:mr":null,"name:hi":null,"name:en":null,"wikipedia":null,"wikimedia_commons":null,"addr:housenumber":null,"phone":null,"description":null,"alias":null,"name:kn":null,"wikidata":null,"internet_access":null,"check_date":null,"addr:subdistrict":null,"addr:street":null,"website":null,"contact:phone":null,"addr:city":null,"addr:state":"Maharashtra","addr:postcode":"441205","addr:full":"Kanpa","addr:district":"Chandrapur","name:etymology:wikidata":null,"healthcare":null,"emergency":null,"addr:country":null,"postal_code":null,"population":null,"name:te":null,"name":"Government Hospital, Kanpa","is_in":null,"alt_name":null,"AND_a_nosr_p":null},"geometry":{"type":"Point","coordinates":[79.6017725,20.6758568]}},
{"type":"Feature","properties":{"full_id":"n7726303618","osm_id":"7726303618","osm_type":"node","amenity":"hospital","ref":null,"phone:mobile":null,"loc_name:en":null,"medical_supply":null,"loc_name":null,"short_name:en":null,"short_name":null,"payment:google_pay":null,"payment:coins":null,"service":null,"payment:visa":null,"payment:mastercard":null,"payment:contactless":null,"payment:app":null,"internet_access:ssid":null,"payment:upi":null,"contact:facebook":null,"services":null,"payment:wallets":null,"payment:cards":null,"operational_status_quality":null,"building:use":null,"building:levels:underground":null,"building:levels":null,"parking":null,"brand":null,"entrance":null,"air_conditioning":null,"addr:floor":null,"image":null,"not:operator:wikidata":null,"mobile":null,"name:es":null,"addr:city:ur":null,"ele":null,"locality":null,"addr:landmark":null,"power":null,"natural":null,"opening_hours:covid19":null,"closing_hours":null,"survey:date":null,"geometry":null,"name:pa":null,"operator:short":null,"contact:helpline":null,"contact:website":null,"addr:quarter":null,"addr:neighbourhood":null,"aeroway":null,"old_name":null,"contact:tollfree":null,"start_date":null,"internet_access:fee":null,"operator:wikidata":null,"level":null,"payment:debit_cards":null,"payment:credit_cards":null,"payment:cash":null,"motor_vehicle":null,"horse":null,"access":null,"addr:unit":null,"addr:locality":null,"shop":null,"highway":null,"emergency_telephone_code":null,"opening_hours":null,"operational_status":null,"building":null,"addr:housename":null,"addr":null,"place":null,"name:ur":null,"contact:email":null,"addr:suburb":null,"health_facility:type":null,"designation":null,"contact:mobile":null,"addr:block":null,"wheelchair":null,"medical_system":null,"operator":null,"addr:place":null,"speciality":null,"operator:type":null,"foot":null,"bicycle":null,"barrier":null,"fax":null,"email":null,"healthcare:speciality":null,"name:mr":null,"name:hi":null,"name:en":null,"wikipedia":null,"wikimedia_commons":null,"addr:housenumber":null,"phone":null,"description":null,"alias":null,"name:kn":null,"wikidata":null,"internet_access":null,"check_date":null,"addr:subdistrict":null,"addr:street":null,"website":null,"contact:phone":null,"addr:city":null,"addr:state":"Maharashtra","addr:postcode":"442905","addr:full":"Wirur","addr:district":"Chandrapur","name:etymology:wikidata":null,"healthcare":null,"emergency":null,"addr:country":null,"postal_code":null,"population":null,"name:te":null,"name":"Rural Hospital, Wirur Station","is_in":null,"alt_name":null,"AND_a_nosr_p":null},"geometry":{"type":"Point","coordinates":[79.4321689,19.635206]}},
{"type":"Feature","properties":{"full_id":"n7732727598","osm_id":"7732727598","osm_type":"node","amenity":"hospital","ref":null,"phone:mobile":null,"loc_name:en":null,"medical_supply":null,"loc_name":null,"short_name:en":null,"short_name":null,"payment:google_pay":null,"payment:coins":null,"service":null,"payment:visa":null,"payment:mastercard":null,"payment:contactless":null,"payment:app":null,"internet_access:ssid":null,"payment:upi":null,"contact:facebook":null,"services":null,"payment:wallets":null,"payment:cards":null,"operational_status_quality":null,"building:use":null,"building:levels:underground":null,"building:levels":null,"parking":null,"brand":null,"entrance":null,"air_conditioning":null,"addr:floor":null,"image":null,"not:operator:wikidata":null,"mobile":null,"name:es":null,"addr:city:ur":null,"ele":null,"locality":null,"addr:landmark":null,"power":null,"natural":null,"opening_hours:covid19":null,"closing_hours":null,"survey:date":null,"geometry":null,"name:pa":null,"operator:short":null,"contact:helpline":null,"contact:website":null,"addr:quarter":null,"addr:neighbourhood":null,"aeroway":null,"old_name":null,"contact:tollfree":null,"start_date":null,"internet_access:fee":null,"operator:wikidata":null,"level":null,"payment:debit_cards":null,"payment:credit_cards":null,"payment:cash":null,"motor_vehicle":null,"horse":null,"access":null,"addr:unit":null,"addr:locality":null,"shop":null,"highway":null,"emergency_telephone_code":null,"opening_hours":null,"operational_status":null,"building":null,"addr:housename":null,"addr":null,"place":null,"name:ur":null,"contact:email":null,"addr:suburb":null,"health_facility:type":null,"designation":null,"contact:mobile":null,"addr:block":null,"wheelchair":null,"medical_system":null,"operator":null,"addr:place":null,"speciality":null,"operator:type":null,"foot":null,"bicycle":null,"barrier":null,"fax":null,"email":null,"healthcare:speciality":null,"name:mr":null,"name:hi":null,"name:en":null,"wikipedia":null,"wikimedia_commons":null,"addr:housenumber":null,"phone":null,"description":null,"alias":null,"name:kn":null,"wikidata":null,"internet_access":null,"check_date":null,"addr:subdistrict":null,"addr:street":null,"website":null,"contact:phone":null,"addr:city":null,"addr:state":"Maharashtra","addr:postcode":"442503","addr:full":"Patala","addr:district":"Chandrapur","name:etymology:wikidata":null,"healthcare":null,"emergency":null,"addr:country":null,"postal_code":null,"population":null,"name:te":null,"name":"Government Hospital, Patala","is_in":null,"alt_name":null,"AND_a_nosr_p":null},"geometry":{"type":"Point","coordinates":[79.0045651,20.129927]}},
{"type":"Feature","properties":{"full_id":"n7784441485","osm_id":"7784441485","osm_type":"node","amenity":"hospital","ref":null,"phone:mobile":null,"loc_name:en":null,"medical_supply":null,"loc_name":null,"short_name:en":null,"short_name":null,"payment:google_pay":null,"payment:coins":null,"service":null,"payment:visa":null,"payment:mastercard":null,"payment:contactless":null,"payment:app":null,"internet_access:ssid":null,"payment:upi":null,"contact:facebook":null,"services":null,"payment:wallets":null,"payment:cards":null,"operational_status_quality":null,"building:use":null,"building:levels:underground":null,"building:levels":null,"parking":null,"brand":null,"entrance":null,"air_conditioning":null,"addr:floor":null,"image":null,"not:operator:wikidata":null,"mobile":null,"name:es":null,"addr:city:ur":null,"ele":null,"locality":null,"addr:landmark":null,"power":null,"natural":null,"opening_hours:covid19":null,"closing_hours":null,"survey:date":"2020-08-04","geometry":null,"name:pa":null,"operator:short":null,"contact:helpline":null,"contact:website":null,"addr:quarter":null,"addr:neighbourhood":null,"aeroway":null,"old_name":null,"contact:tollfree":null,"start_date":null,"internet_access:fee":null,"operator:wikidata":null,"level":null,"payment:debit_cards":null,"payment:credit_cards":null,"payment:cash":null,"motor_vehicle":null,"horse":null,"access":null,"addr:unit":null,"addr:locality":null,"shop":null,"highway":null,"emergency_telephone_code":null,"opening_hours":null,"operational_status":null,"building":null,"addr:housename":null,"addr":null,"place":null,"name:ur":null,"contact:email":null,"addr:suburb":null,"health_facility:type":null,"designation":null,"contact:mobile":null,"addr:block":null,"wheelchair":null,"medical_system":null,"operator":null,"addr:place":null,"speciality":null,"operator:type":null,"foot":null,"bicycle":null,"barrier":null,"fax":null,"email":null,"healthcare:speciality":null,"name:mr":null,"name:hi":null,"name:en":null,"wikipedia":null,"wikimedia_commons":null,"addr:housenumber":null,"phone":null,"description":null,"alias":null,"name:kn":null,"wikidata":null,"internet_access":null,"check_date":null,"addr:subdistrict":null,"addr:street":null,"website":null,"contact:phone":null,"addr:city":null,"addr:state":null,"addr:postcode":null,"addr:full":null,"addr:district":null,"name:etymology:wikidata":null,"healthcare":"hospital","emergency":null,"addr:country":null,"postal_code":null,"population":null,"name:te":null,"name":"Parate Hospital","is_in":null,"alt_name":null,"AND_a_nosr_p":null},"geometry":{"type":"Point","coordinates":[79.0055864,20.2387513]}},
{"type":"Feature","properties":{"full_id":"n10708127128","osm_id":"10708127128","osm_type":"node","amenity":"hospital","ref":null,"phone:mobile":null,"loc_name:en":null,"medical_supply":null,"loc_name":null,"short_name:en":null,"short_name":null,"payment:google_pay":null,"payment:coins":null,"service":null,"payment:visa":null,"payment:mastercard":null,"payment:contactless":null,"payment:app":null,"internet_access:ssid":null,"payment:upi":null,"contact:facebook":null,"services":null,"payment:wallets":null,"payment:cards":null,"operational_status_quality":null,"building:use":null,"building:levels:underground":null,"building:levels":null,"parking":null,"brand":null,"entrance":null,"air_conditioning":null,"addr:floor":null,"image":null,"not:operator:wikidata":null,"mobile":null,"name:es":null,"addr:city:ur":null,"ele":null,"locality":null,"addr:landmark":null,"power":null,"natural":null,"opening_hours:covid19":null,"closing_hours":null,"survey:date":null,"geometry":null,"name:pa":null,"operator:short":null,"contact:helpline":null,"contact:website":null,"addr:quarter":null,"addr:neighbourhood":null,"aeroway":null,"old_name":null,"contact:tollfree":null,"start_date":null,"internet_access:fee":null,"operator:wikidata":null,"level":null,"payment:debit_cards":null,"payment:credit_cards":null,"payment:cash":null,"motor_vehicle":null,"horse":null,"access":null,"addr:unit":null,"addr:locality":null,"shop":null,"highway":null,"emergency_telephone_code":null,"opening_hours":null,"operational_status":null,"building":null,"addr:housename":null,"addr":null,"place":null,"name:ur":null,"contact:email":null,"addr:suburb":null,"health_facility:type":null,"designation":null,"contact:mobile":null,"addr:block":null,"wheelchair":null,"medical_system":null,"operator":null,"addr:place":null,"speciality":null,"operator:type":null,"foot":null,"bicycle":null,"barrier":null,"fax":null,"email":null,"healthcare:speciality":null,"name:mr":null,"name:hi":null,"name:en":null,"wikipedia":null,"wikimedia_commons":null,"addr:housenumber":null,"phone":null,"description":null,"alias":null,"name:kn":null,"wikidata":null,"internet_access":null,"check_date":null,"addr:subdistrict":null,"addr:street":null,"website":null,"contact:phone":null,"addr:city":null,"addr:state":null,"addr:postcode":null,"addr:full":null,"addr:district":null,"name:etymology:wikidata":null,"healthcare":"hospital","emergency":null,"addr:country":null,"postal_code":null,"population":null,"name:te":null,"name":"Saibaba Hospital","is_in":null,"alt_name":null,"AND_a_nosr_p":null},"geometry":{"type":"Point","coordinates":[79.0212277,20.2607962]}},
{"type":"Feature","properties":{"full_id":"n10727637489","osm_id":"10727637489","osm_type":"node","amenity":"hospital","ref":null,"phone:mobile":null,"loc_name:en":null,"medical_supply":null,"loc_name":null,"short_name:en":null,"short_name":null,"payment:google_pay":null,"payment:coins":null,"service":null,"payment:visa":null,"payment:mastercard":null,"payment:contactless":null,"payment:app":null,"internet_access:ssid":null,"payment:upi":null,"contact:facebook":null,"services":null,"payment:wallets":null,"payment:cards":null,"operational_status_quality":null,"building:use":null,"building:levels:underground":null,"building:levels":null,"parking":null,"brand":null,"entrance":null,"air_conditioning":null,"addr:floor":null,"image":null,"not:operator:wikidata":null,"mobile":null,"name:es":null,"addr:city:ur":null,"ele":null,"locality":null,"addr:landmark":null,"power":null,"natural":null,"opening_hours:covid19":null,"closing_hours":null,"survey:date":null,"geometry":null,"name:pa":null,"operator:short":null,"contact:helpline":null,"contact:website":null,"addr:quarter":null,"addr:neighbourhood":null,"aeroway":null,"old_name":null,"contact:tollfree":null,"start_date":null,"internet_access:fee":null,"operator:wikidata":null,"level":null,"payment:debit_cards":null,"payment:credit_cards":null,"payment:cash":null,"motor_vehicle":null,"horse":null,"access":null,"addr:unit":null,"addr:locality":null,"shop":null,"highway":null,"emergency_telephone_code":null,"opening_hours":null,"operational_status":null,"building":null,"addr:housename":null,"addr":null,"place":null,"name:ur":null,"contact:email":null,"addr:suburb":null,"health_facility:type":null,"designation":null,"contact:mobile":null,"addr:block":null,"wheelchair":null,"medical_system":null,"operator":null,"addr:place":null,"speciality":null,"operator:type":null,"foot":null,"bicycle":null,"barrier":null,"fax":null,"email":null,"healthcare:speciality":null,"name:mr":null,"name:hi":null,"name:en":null,"wikipedia":null,"wikimedia_commons":null,"addr:housenumber":null,"phone":null,"description":null,"alias":null,"name:kn":null,"wikidata":null,"internet_access":null,"check_date":null,"addr:subdistrict":null,"addr:street":null,"website":null,"contact:phone":null,"addr:city":null,"addr:state":null,"addr:postcode":null,"addr:full":null,"addr:district":null,"name:etymology:wikidata":null,"healthcare":"hospital","emergency":null,"addr:country":null,"postal_code":null,"population":null,"name:te":null,"name":"Saibaba Hospital","is_in":null,"alt_name":null,"AND_a_nosr_p":null},"geometry":{"type":"Point","coordinates":[79.02205,20.2602273]}},
{"type":"Feature","properties":{"full_id":"n4434001990","osm_id":"4434001990","osm_type":"node","amenity":"hospital","ref":null,"phone:mobile":null,"loc_name:en":null,"medical_supply":null,"loc_name":null,"short_name:en":null,"short_name":null,"payment:google_pay":null,"payment:coins":null,"service":null,"payment:visa":null,"payment:mastercard":null,"payment:contactless":null,"payment:app":null,"internet_access:ssid":null,"payment:upi":null,"contact:facebook":null,"services":null,"payment:wallets":null,"payment:cards":null,"operational_status_quality":null,"building:use":null,"building:levels:underground":null,"building:levels":null,"parking":null,"brand":null,"entrance":null,"air_conditioning":null,"addr:floor":null,"image":null,"not:operator:wikidata":null,"mobile":null,"name:es":null,"addr:city:ur":null,"ele":null,"locality":null,"addr:landmark":null,"power":null,"natural":null,"opening_hours:covid19":null,"closing_hours":null,"survey:date":null,"geometry":null,"name:pa":null,"operator:short":null,"contact:helpline":null,"contact:website":null,"addr:quarter":null,"addr:neighbourhood":null,"aeroway":null,"old_name":null,"contact:tollfree":null,"start_date":null,"internet_access:fee":null,"operator:wikidata":null,"level":null,"payment:debit_cards":null,"payment:credit_cards":null,"payment:cash":null,"motor_vehicle":null,"horse":null,"access":null,"addr:unit":null,"addr:locality":null,"shop":null,"highway":null,"emergency_telephone_code":null,"opening_hours":null,"operational_status":null,"building":null,"addr:housename":null,"addr":null,"place":null,"name:ur":null,"contact:email":null,"addr:suburb":null,"health_facility:type":null,"designation":null,"contact:mobile":null,"addr:block":null,"wheelchair":null,"medical_system":null,"operator":null,"addr:place":null,"speciality":null,"operator:type":null,"foot":null,"bicycle":null,"barrier":null,"fax":null,"email":null,"healthcare:speciality":null,"name:mr":null,"name:hi":null,"name:en":"555555555","wikipedia":null,"wikimedia_commons":null,"addr:housenumber":null,"phone":null,"description":null,"alias":null,"name:kn":null,"wikidata":null,"internet_access":null,"check_date":null,"addr:subdistrict":null,"addr:street":null,"website":null,"contact:phone":null,"addr:city":null,"addr:state":null,"addr:postcode":null,"addr:full":null,"addr:district":null,"name:etymology:wikidata":null,"healthcare":null,"emergency":null,"addr:country":null,"postal_code":null,"population":null,"name:te":null,"name":null,"is_in":null,"alt_name":null,"AND_a_nosr_p":null},"geometry":{"type":"Point","coordinates":[80.3209338,19.6746102]}},
{"type":"Feature","properties":{"full_id":"n5909789824","osm_id":"5909789824","osm_type":"node","amenity":"hospital","ref":null,"phone:mobile":null,"loc_name:en":null,"medical_supply":null,"loc_name":null,"short_name:en":null,"short_name":null,"payment:google_pay":null,"payment:coins":null,"service":null,"payment:visa":null,"payment:mastercard":null,"payment:contactless":null,"payment:app":null,"internet_access:ssid":null,"payment:upi":null,"contact:facebook":null,"services":null,"payment:wallets":null,"payment:cards":null,"operational_status_quality":null,"building:use":null,"building:levels:underground":null,"building:levels":null,"parking":null,"brand":null,"entrance":null,"air_conditioning":null,"addr:floor":null,"image":null,"not:operator:wikidata":null,"mobile":null,"name:es":null,"addr:city:ur":null,"ele":null,"locality":null,"addr:landmark":null,"power":null,"natural":null,"opening_hours:covid19":null,"closing_hours":null,"survey:date":null,"geometry":null,"name:pa":null,"operator:short":null,"contact:helpline":null,"contact:website":null,"addr:quarter":null,"addr:neighbourhood":null,"aeroway":null,"old_name":null,"contact:tollfree":null,"start_date":null,"internet_access:fee":null,"operator:wikidata":null,"level":null,"payment:debit_cards":null,"payment:credit_cards":null,"payment:cash":null,"motor_vehicle":null,"horse":null,"access":null,"addr:unit":null,"addr:locality":null,"shop":null,"highway":null,"emergency_telephone_code":null,"opening_hours":null,"operational_status":null,"building":null,"addr:housename":null,"addr":null,"place":null,"name:ur":null,"contact:email":null,"addr:suburb":null,"health_facility:type":null,"designation":null,"contact:mobile":null,"addr:block":null,"wheelchair":null,"medical_system":null,"operator":null,"addr:place":null,"speciality":null,"operator:type":null,"foot":null,"bicycle":null,"barrier":null,"fax":null,"email":null,"healthcare:speciality":null,"name:mr":null,"name:hi":null,"name:en":null,"wikipedia":null,"wikimedia_commons":null,"addr:housenumber":null,"phone":"9422137107","description":null,"alias":null,"name:kn":null,"wikidata":null,"internet_access":null,"check_date":null,"addr:subdistrict":null,"addr:street":null,"website":null,"contact:phone":null,"addr:city":null,"addr:state":null,"addr:postcode":null,"addr:full":null,"addr:district":null,"name:etymology:wikidata":null,"healthcare":null,"emergency":null,"addr:country":null,"postal_code":null,"population":null,"name:te":null,"name":"Balprabha Hospital","is_in":null,"alt_name":null,"AND_a_nosr_p":null},"geometry":{"type":"Point","coordinates":[79.8872772,19.9376216]}},
{"type":"Feature","properties":{"full_id":"n6139829475","osm_id":"6139829475","osm_type":"node","amenity":null,"ref":null,"phone:mobile":null,"loc_name:en":null,"medical_supply":null,"loc_name":null,"short_name:en":null,"short_name":null,"payment:google_pay":null,"payment:coins":null,"service":null,"payment:visa":null,"payment:mastercard":null,"payment:contactless":null,"payment:app":null,"internet_access:ssid":null,"payment:upi":null,"contact:facebook":null,"services":null,"payment:wallets":null,"payment:cards":null,"operational_status_quality":null,"building:use":null,"building:levels:underground":null,"building:levels":null,"parking":null,"brand":null,"entrance":null,"air_conditioning":null,"addr:floor":null,"image":null,"not:operator:wikidata":null,"mobile":null,"name:es":null,"addr:city:ur":null,"ele":null,"locality":null,"addr:landmark":null,"power":null,"natural":null,"opening_hours:covid19":null,"closing_hours":null,"survey:date":null,"geometry":null,"name:pa":null,"operator:short":null,"contact:helpline":null,"contact:website":null,"addr:quarter":null,"addr:neighbourhood":null,"aeroway":null,"old_name":null,"contact:tollfree":null,"start_date":null,"internet_access:fee":null,"operator:wikidata":null,"level":null,"payment:debit_cards":null,"payment:credit_cards":null,"payment:cash":null,"motor_vehicle":null,"horse":null,"access":null,"addr:unit":null,"addr:locality":null,"shop":null,"highway":null,"emergency_telephone_code":null,"opening_hours":null,"operational_status":null,"building":null,"addr:housename":null,"addr":null,"place":null,"name:ur":null,"contact:email":null,"addr:suburb":null,"health_facility:type":null,"designation":null,"contact:mobile":null,"addr:block":null,"wheelchair":null,"medical_system":null,"operator":null,"addr:place":null,"speciality":null,"operator:type":null,"foot":null,"bicycle":null,"barrier":"gate","fax":null,"email":null,"healthcare:speciality":null,"name:mr":null,"name:hi":null,"name:en":null,"wikipedia":null,"wikimedia_commons":null,"addr:housenumber":null,"phone":null,"description":null,"alias":null,"name:kn":null,"wikidata":null,"internet_access":null,"check_date":null,"addr:subdistrict":null,"addr:street":null,"website":null,"contact:phone":null,"addr:city":null,"addr:state":null,"addr:postcode":null,"addr:full":null,"addr:district":null,"name:etymology:wikidata":null,"healthcare":null,"emergency":null,"addr:country":null,"postal_code":null,"population":null,"name:te":null,"name":null,"is_in":null,"alt_name":null,"AND_a_nosr_p":null},"geometry":{"type":"Point","coordinates":[79.8873612,19.9256795]}},
{"type":"Feature","properties":{"full_id":"n7226635994","osm_id":"7226635994","osm_type":"node","amenity":"hospital","ref":null,"phone:mobile":null,"loc_name:en":null,"medical_supply":null,"loc_name":null,"short_name:en":null,"short_name":null,"payment:google_pay":null,"payment:coins":null,"service":null,"payment:visa":null,"payment:mastercard":null,"payment:contactless":null,"payment:app":null,"internet_access:ssid":null,"payment:upi":null,"contact:facebook":null,"services":null,"payment:wallets":null,"payment:cards":null,"operational_status_quality":null,"building:use":null,"building:levels:underground":null,"building:levels":null,"parking":null,"brand":null,"entrance":null,"air_conditioning":null,"addr:floor":null,"image":null,"not:operator:wikidata":null,"mobile":null,"name:es":null,"addr:city:ur":null,"ele":null,"locality":null,"addr:landmark":null,"power":null,"natural":null,"opening_hours:covid19":null,"closing_hours":null,"survey:date":null,"geometry":null,"name:pa":null,"operator:short":null,"contact:helpline":null,"contact:website":null,"addr:quarter":null,"addr:neighbourhood":null,"aeroway":null,"old_name":null,"contact:tollfree":null,"start_date":null,"internet_access:fee":null,"operator:wikidata":null,"level":null,"payment:debit_cards":null,"payment:credit_cards":null,"payment:cash":null,"motor_vehicle":null,"horse":null,"access":null,"addr:unit":null,"addr:locality":null,"shop":null,"highway":null,"emergency_telephone_code":null,"opening_hours":null,"operational_status":null,"building":null,"addr:housename":null,"addr":null,"place":null,"name:ur":null,"contact:email":null,"addr:suburb":null,"health_facility:type":null,"designation":null,"contact:mobile":null,"addr:block":null,"wheelchair":null,"medical_system":null,"operator":null,"addr:place":null,"speciality":null,"operator:type":null,"foot":null,"bicycle":null,"barrier":null,"fax":null,"email":null,"healthcare:speciality":null,"name:mr":null,"name:hi":null,"name:en":null,"wikipedia":null,"wikimedia_commons":null,"addr:housenumber":null,"phone":null,"description":null,"alias":null,"name:kn":null,"wikidata":null,"internet_access":null,"check_date":null,"addr:subdistrict":"Chamorshi","addr:street":null,"website":null,"contact:phone":null,"addr:city":null,"addr:state":"Maharashtra","addr:postcode":"442707","addr:full":"Borghat Rith","addr:district":"Gadchiroli","name:etymology:wikidata":null,"healthcare":null,"emergency":null,"addr:country":null,"postal_code":null,"population":null,"name:te":null,"name":"Rural Hospital, Asti","is_in":null,"alt_name":null,"AND_a_nosr_p":null},"geometry":{"type":"Point","coordinates":[79.803056,19.679739]}},
{"type":"Feature","properties":{"full_id":"n7226636027","osm_id":"7226636027","osm_type":"node","amenity":"hospital","ref":null,"phone:mobile":null,"loc_name:en":null,"medical_supply":null,"loc_name":null,"short_name:en":null,"short_name":null,"payment:google_pay":null,"payment:coins":null,"service":null,"payment:visa":null,"payment:mastercard":null,"payment:contactless":null,"payment:app":null,"internet_access:ssid":null,"payment:upi":null,"contact:facebook":null,"services":null,"payment:wallets":null,"payment:cards":null,"operational_status_quality":null,"building:use":null,"building:levels:underground":null,"building:levels":null,"parking":null,"brand":null,"entrance":null,"air_conditioning":null,"addr:floor":null,"image":null,"not:operator:wikidata":null,"mobile":null,"name:es":null,"addr:city:ur":null,"ele":null,"locality":null,"addr:landmark":null,"power":null,"natural":null,"opening_hours:covid19":null,"closing_hours":null,"survey:date":null,"geometry":null,"name:pa":null,"operator:short":null,"contact:helpline":null,"contact:website":null,"addr:quarter":null,"addr:neighbourhood":null,"aeroway":null,"old_name":null,"contact:tollfree":null,"start_date":null,"internet_access:fee":null,"operator:wikidata":null,"level":null,"payment:debit_cards":null,"payment:credit_cards":null,"payment:cash":null,"motor_vehicle":null,"horse":null,"access":null,"addr:unit":null,"addr:locality":null,"shop":null,"highway":null,"emergency_telephone_code":null,"opening_hours":null,"operational_status":null,"building":null,"addr:housename":null,"addr":null,"place":null,"name:ur":null,"contact:email":null,"addr:suburb":null,"health_facility:type":null,"designation":null,"contact:mobile":null,"addr:block":null,"wheelchair":null,"medical_system":null,"operator":null,"addr:place":null,"speciality":null,"operator:type":null,"foot":null,"bicycle":null,"barrier":null,"fax":null,"email":null,"healthcare:speciality":null,"name:mr":null,"name:hi":null,"name:en":null,"wikipedia":null,"wikimedia_commons":null,"addr:housenumber":null,"phone":null,"description":null,"alias":null,"name:kn":null,"wikidata":null,"internet_access":null,"check_date":null,"addr:subdistrict":"Mulchera","addr:street":null,"website":null,"contact:phone":null,"addr:city":null,"addr:state":"Maharashtra","addr:postcode":"442703","addr:full":"Allapalli Road, Near Panchayat Samiti, Mulchera, Deshbandhugram","addr:district":"Gadchiroli","name:etymology:wikidata":null,"healthcare":null,"emergency":null,"addr:country":null,"postal_code":null,"population":null,"name:te":null,"name":"Government Hospital, Mulchera","is_in":null,"alt_name":null,"AND_a_nosr_p":null},"geometry":{"type":"Point","coordinates":[80.0157071,19.6707015]}},
{"type":"Feature","properties":{"full_id":"n7226636049","osm_id":"7226636049","osm_type":"node","amenity":"hospital","ref":null,"phone:mobile":null,"loc_name:en":null,"medical_supply":null,"loc_name":null,"short_name:en":null,"short_name":null,"payment:google_pay":null,"payment:coins":null,"service":null,"payment:visa":null,"payment:mastercard":null,"payment:contactless":null,"payment:app":null,"internet_access:ssid":null,"payment:upi":null,"contact:facebook":null,"services":null,"payment:wallets":null,"payment:cards":null,"operational_status_quality":null,"building:use":null,"building:levels:underground":null,"building:levels":null,"parking":null,"brand":null,"entrance":null,"air_conditioning":null,"addr:floor":null,"image":null,"not:operator:wikidata":null,"mobile":null,"name:es":null,"addr:city:ur":null,"ele":null,"locality":null,"addr:landmark":null,"power":null,"natural":null,"opening_hours:covid19":null,"closing_hours":null,"survey:date":null,"geometry":null,"name:pa":null,"operator:short":null,"contact:helpline":null,"contact:website":null,"addr:quarter":null,"addr:neighbourhood":null,"aeroway":null,"old_name":null,"contact:tollfree":null,"start_date":null,"internet_access:fee":null,"operator:wikidata":null,"level":null,"payment:debit_cards":null,"payment:credit_cards":null,"payment:cash":null,"motor_vehicle":null,"horse":null,"access":null,"addr:unit":null,"addr:locality":null,"shop":null,"highway":null,"emergency_telephone_code":null,"opening_hours":null,"operational_status":null,"building":null,"addr:housename":null,"addr":null,"place":null,"name:ur":null,"contact:email":null,"addr:suburb":null,"health_facility:type":null,"designation":null,"contact:mobile":null,"addr:block":null,"wheelchair":null,"medical_system":null,"operator":null,"addr:place":null,"speciality":null,"operator:type":null,"foot":null,"bicycle":null,"barrier":null,"fax":null,"email":null,"healthcare:speciality":null,"name:mr":null,"name:hi":null,"name:en":null,"wikipedia":null,"wikimedia_commons":null,"addr:housenumber":null,"phone":null,"description":"Sub District Hospital","alias":null,"name:kn":null,"wikidata":null,"internet_access":null,"check_date":null,"addr:subdistrict":"Aheri","addr:street":null,"website":null,"contact:phone":null,"addr:city":null,"addr:state":"Maharashtra","addr:postcode":"442705","addr:full":"Khamancheru Road, Aheri","addr:district":"Gadchiroli","name:etymology:wikidata":null,"healthcare":null,"emergency":null,"addr:country":null,"postal_code":null,"population":null,"name:te":null,"name":"SDH AHERI","is_in":null,"alt_name":null,"AND_a_nosr_p":null},"geometry":{"type":"Point","coordinates":[80.0037854,19.41481]}},
{"type":"Feature","properties":{"full_id":"n7226636085","osm_id":"7226636085","osm_type":"node","amenity":"hospital","ref":null,"phone:mobile":null,"loc_name:en":null,"medical_supply":null,"loc_name":null,"short_name:en":null,"short_name":null,"payment:google_pay":null,"payment:coins":null,"service":null,"payment:visa":null,"payment:mastercard":null,"payment:contactless":null,"payment:app":null,"internet_access:ssid":null,"payment:upi":null,"contact:facebook":null,"services":null,"payment:wallets":null,"payment:cards":null,"operational_status_quality":null,"building:use":null,"building:levels:underground":null,"building:levels":null,"parking":null,"brand":null,"entrance":null,"air_conditioning":null,"addr:floor":null,"image":null,"not:operator:wikidata":null,"mobile":null,"name:es":null,"addr:city:ur":null,"ele":null,"locality":null,"addr:landmark":null,"power":null,"natural":null,"opening_hours:covid19":null,"closing_hours":null,"survey:date":null,"geometry":null,"name:pa":null,"operator:short":null,"contact:helpline":null,"contact:website":null,"addr:quarter":null,"addr:neighbourhood":null,"aeroway":null,"old_name":null,"contact:tollfree":null,"start_date":null,"internet_access:fee":null,"operator:wikidata":null,"level":null,"payment:debit_cards":null,"payment:credit_cards":null,"payment:cash":null,"motor_vehicle":null,"horse":null,"access":null,"addr:unit":null,"addr:locality":null,"shop":null,"highway":null,"emergency_telephone_code":null,"opening_hours":null,"operational_status":null,"building":null,"addr:housename":null,"addr":null,"place":null,"name:ur":null,"contact:email":null,"addr:suburb":null,"health_facility:type":null,"designation":null,"contact:mobile":null,"addr:block":null,"wheelchair":null,"medical_system":null,"operator":null,"addr:place":null,"speciality":null,"operator:type":null,"foot":null,"bicycle":null,"barrier":null,"fax":null,"email":null,"healthcare:speciality":null,"name:mr":null,"name:hi":null,"name:en":null,"wikipedia":null,"wikimedia_commons":null,"addr:housenumber":null,"phone":null,"description":null,"alias":null,"name:kn":null,"wikidata":null,"internet_access":null,"check_date":null,"addr:subdistrict":"Bhamragad","addr:street":null,"website":null,"contact:phone":null,"addr:city":null,"addr:state":"Maharashtra","addr:postcode":"442710","addr:full":"Behind Police Station, Bhamragarh","addr:district":"Gadchiroli","name:etymology:wikidata":null,"healthcare":null,"emergency":null,"addr:country":null,"postal_code":null,"population":null,"name:te":null,"name":"Government Hospital, Bhamragarh","is_in":null,"alt_name":null,"AND_a_nosr_p":null},"geometry":{"type":"Point","coordinates":[80.593356,19.416737]}},
{"type":"Feature","properties":{"full_id":"n7226636090","osm_id":"7226636090","osm_type":"node","amenity":"hospital","ref":null,"phone:mobile":null,"loc_name:en":null,"medical_supply":null,"loc_name":null,"short_name:en":null,"short_name":null,"payment:google_pay":null,"payment:coins":null,"service":null,"payment:visa":null,"payment:mastercard":null,"payment:contactless":null,"payment:app":null,"internet_access:ssid":null,"payment:upi":null,"contact:facebook":null,"services":null,"payment:wallets":null,"payment:cards":null,"operational_status_quality":null,"building:use":null,"building:levels:underground":null,"building:levels":null,"parking":null,"brand":null,"entrance":null,"air_conditioning":null,"addr:floor":null,"image":null,"not:operator:wikidata":null,"mobile":null,"name:es":null,"addr:city:ur":null,"ele":null,"locality":null,"addr:landmark":null,"power":null,"natural":null,"opening_hours:covid19":null,"closing_hours":null,"survey:date":null,"geometry":null,"name:pa":null,"operator:short":null,"contact:helpline":null,"contact:website":null,"addr:quarter":null,"addr:neighbourhood":null,"aeroway":null,"old_name":null,"contact:tollfree":null,"start_date":null,"internet_access:fee":null,"operator:wikidata":null,"level":null,"payment:debit_cards":null,"payment:credit_cards":null,"payment:cash":null,"motor_vehicle":null,"horse":null,"access":null,"addr:unit":null,"addr:locality":null,"shop":null,"highway":null,"emergency_telephone_code":null,"opening_hours":null,"operational_status":null,"building":null,"addr:housename":null,"addr":null,"place":null,"name:ur":null,"contact:email":null,"addr:suburb":null,"health_facility:type":null,"designation":null,"contact:mobile":null,"addr:block":null,"wheelchair":null,"medical_system":null,"operator":null,"addr:place":null,"speciality":null,"operator:type":null,"foot":null,"bicycle":null,"barrier":null,"fax":null,"email":null,"healthcare:speciality":null,"name:mr":null,"name:hi":null,"name:en":null,"wikipedia":null,"wikimedia_commons":null,"addr:housenumber":null,"phone":null,"description":null,"alias":null,"name:kn":null,"wikidata":null,"internet_access":null,"check_date":null,"addr:subdistrict":"Etapalli","addr:street":null,"website":null,"contact:phone":null,"addr:city":null,"addr:state":"Maharashtra","addr:postcode":"442704","addr:full":"RH Etapalli, Etapalli","addr:district":"Gadchiroli","name:etymology:wikidata":null,"healthcare":null,"emergency":null,"addr:country":null,"postal_code":null,"population":null,"name:te":null,"name":"Rural Hospital Etapalli","is_in":null,"alt_name":null,"AND_a_nosr_p":null},"geometry":{"type":"Point","coordinates":[80.229383,19.602676]}},
{"type":"Feature","properties":{"full_id":"n7226727338","osm_id":"7226727338","osm_type":"node","amenity":"hospital","ref":null,"phone:mobile":null,"loc_name:en":null,"medical_supply":null,"loc_name":null,"short_name:en":null,"short_name":null,"payment:google_pay":null,"payment:coins":null,"service":null,"payment:visa":null,"payment:mastercard":null,"payment:contactless":null,"payment:app":null,"internet_access:ssid":null,"payment:upi":null,"contact:facebook":null,"services":null,"payment:wallets":null,"payment:cards":null,"operational_status_quality":null,"building:use":null,"building:levels:underground":null,"building:levels":null,"parking":null,"brand":null,"entrance":null,"air_conditioning":null,"addr:floor":null,"image":null,"not:operator:wikidata":null,"mobile":null,"name:es":null,"addr:city:ur":null,"ele":null,"locality":null,"addr:landmark":null,"power":null,"natural":null,"opening_hours:covid19":null,"closing_hours":null,"survey:date":null,"geometry":null,"name:pa":null,"operator:short":null,"contact:helpline":null,"contact:website":null,"addr:quarter":null,"addr:neighbourhood":null,"aeroway":null,"old_name":null,"contact:tollfree":null,"start_date":null,"internet_access:fee":null,"operator:wikidata":null,"level":null,"payment:debit_cards":null,"payment:credit_cards":null,"payment:cash":null,"motor_vehicle":null,"horse":null,"access":null,"addr:unit":null,"addr:locality":null,"shop":null,"highway":null,"emergency_telephone_code":null,"opening_hours":null,"operational_status":null,"building":null,"addr:housename":null,"addr":null,"place":null,"name:ur":null,"contact:email":null,"addr:suburb":null,"health_facility:type":null,"designation":null,"contact:mobile":null,"addr:block":null,"wheelchair":null,"medical_system":null,"operator":null,"addr:place":null,"speciality":null,"operator:type":null,"foot":null,"bicycle":null,"barrier":null,"fax":null,"email":null,"healthcare:speciality":null,"name:mr":null,"name:hi":null,"name:en":null,"wikipedia":null,"wikimedia_commons":null,"addr:housenumber":null,"phone":null,"description":null,"alias":null,"name:kn":null,"wikidata":null,"internet_access":null,"check_date":null,"addr:subdistrict":"Sironcha","addr:street":null,"website":null,"contact:phone":null,"addr:city":null,"addr:state":"Maharashtra","addr:postcode":"442504","addr:full":"Near Forest Office, Po. Sironcha","addr:district":"Gadchiroli","name:etymology:wikidata":null,"healthcare":null,"emergency":null,"addr:country":null,"postal_code":null,"population":null,"name:te":null,"name":"Rural Hospital, Sironcha","is_in":null,"alt_name":null,"AND_a_nosr_p":null},"geometry":{"type":"Point","coordinates":[79.964452,18.8488143]}},
{"type":"Feature","properties":{"full_id":"n7226872236","osm_id":"7226872236","osm_type":"node","amenity":"hospital","ref":null,"phone:mobile":null,"loc_name:en":null,"medical_supply":null,"loc_name":null,"short_name:en":null,"short_name":null,"payment:google_pay":null,"payment:coins":null,"service":null,"payment:visa":null,"payment:mastercard":null,"payment:contactless":null,"payment:app":null,"internet_access:ssid":null,"payment:upi":null,"contact:facebook":null,"services":null,"payment:wallets":null,"payment:cards":null,"operational_status_quality":null,"building:use":null,"building:levels:underground":null,"building:levels":null,"parking":null,"brand":null,"entrance":null,"air_conditioning":null,"addr:floor":null,"image":null,"not:operator:wikidata":null,"mobile":null,"name:es":null,"addr:city:ur":null,"ele":null,"locality":null,"addr:landmark":null,"power":null,"natural":null,"opening_hours:covid19":null,"closing_hours":null,"survey:date":null,"geometry":null,"name:pa":null,"operator:short":null,"contact:helpline":null,"contact:website":null,"addr:quarter":null,"addr:neighbourhood":null,"aeroway":null,"old_name":null,"contact:tollfree":null,"start_date":null,"internet_access:fee":null,"operator:wikidata":null,"level":null,"payment:debit_cards":null,"payment:credit_cards":null,"payment:cash":null,"motor_vehicle":null,"horse":null,"access":null,"addr:unit":null,"addr:locality":null,"shop":null,"highway":null,"emergency_telephone_code":null,"opening_hours":null,"operational_status":null,"building":null,"addr:housename":null,"addr":null,"place":null,"name:ur":null,"contact:email":null,"addr:suburb":null,"health_facility:type":null,"designation":null,"contact:mobile":null,"addr:block":null,"wheelchair":null,"medical_system":null,"operator":null,"addr:place":null,"speciality":null,"operator:type":null,"foot":null,"bicycle":null,"barrier":null,"fax":null,"email":null,"healthcare:speciality":null,"name:mr":null,"name:hi":null,"name:en":null,"wikipedia":null,"wikimedia_commons":null,"addr:housenumber":null,"phone":null,"description":null,"alias":null,"name:kn":null,"wikidata":null,"internet_access":null,"check_date":null,"addr:subdistrict":"Korchi","addr:street":null,"website":null,"contact:phone":null,"addr:city":null,"addr:state":"Maharashtra","addr:postcode":"441209","addr:full":"Rural Hospital Korchi, Panchayat Samiti, Tahshil Korchi","addr:district":"Gadchiroli","name:etymology:wikidata":null,"healthcare":null,"emergency":null,"addr:country":null,"postal_code":null,"population":null,"name:te":null,"name":"Rural Hospital, Korchi","is_in":null,"alt_name":null,"AND_a_nosr_p":null},"geometry":{"type":"Point","coordinates":[80.481277,20.721105]}},
{"type":"Feature","properties":{"full_id":"n7226872300","osm_id":"7226872300","osm_type":"node","amenity":"hospital","ref":null,"phone:mobile":null,"loc_name:en":null,"medical_supply":null,"loc_name":null,"short_name:en":null,"short_name":null,"payment:google_pay":null,"payment:coins":null,"service":null,"payment:visa":null,"payment:mastercard":null,"payment:contactless":null,"payment:app":null,"internet_access:ssid":null,"payment:upi":null,"contact:facebook":null,"services":null,"payment:wallets":null,"payment:cards":null,"operational_status_quality":null,"building:use":null,"building:levels:underground":null,"building:levels":null,"parking":null,"brand":null,"entrance":null,"air_conditioning":null,"addr:floor":null,"image":null,"not:operator:wikidata":null,"mobile":null,"name:es":null,"addr:city:ur":null,"ele":null,"locality":null,"addr:landmark":null,"power":null,"natural":null,"opening_hours:covid19":null,"closing_hours":null,"survey:date":null,"geometry":null,"name:pa":null,"operator:short":null,"contact:helpline":null,"contact:website":null,"addr:quarter":null,"addr:neighbourhood":null,"aeroway":null,"old_name":null,"contact:tollfree":null,"start_date":null,"internet_access:fee":null,"operator:wikidata":null,"level":null,"payment:debit_cards":null,"payment:credit_cards":null,"payment:cash":null,"motor_vehicle":null,"horse":null,"access":null,"addr:unit":null,"addr:locality":null,"shop":null,"highway":null,"emergency_telephone_code":null,"opening_hours":null,"operational_status":null,"building":null,"addr:housename":null,"addr":null,"place":null,"name:ur":null,"contact:email":null,"addr:suburb":null,"health_facility:type":null,"designation":null,"contact:mobile":null,"addr:block":null,"wheelchair":null,"medical_system":null,"operator":null,"addr:place":null,"speciality":null,"operator:type":null,"foot":null,"bicycle":null,"barrier":null,"fax":null,"email":null,"healthcare:speciality":null,"name:mr":null,"name:hi":null,"name:en":null,"wikipedia":null,"wikimedia_commons":null,"addr:housenumber":null,"phone":null,"description":"Sub District Hospital","alias":null,"name:kn":null,"wikidata":null,"internet_access":null,"check_date":null,"addr:subdistrict":"Kurkheda","addr:street":null,"website":null,"contact:phone":null,"addr:city":null,"addr:state":"Maharashtra","addr:postcode":"441209","addr:full":"Near the Old Bus stop, Sub district hospital","addr:district":"Gadchiroli","name:etymology:wikidata":null,"healthcare":null,"emergency":null,"addr:country":null,"postal_code":null,"population":null,"name:te":null,"name":"SDH Kurkheda","is_in":null,"alt_name":null,"AND_a_nosr_p":null},"geometry":{"type":"Point","coordinates":[80.20586,20.620608]}},
{"type":"Feature","properties":{"full_id":"n7229288462","osm_id":"7229288462","osm_type":"node","amenity":"hospital","ref":null,"phone:mobile":null,"loc_name:en":null,"medical_supply":null,"loc_name":null,"short_name:en":null,"short_name":null,"payment:google_pay":null,"payment:coins":null,"service":null,"payment:visa":null,"payment:mastercard":null,"payment:contactless":null,"payment:app":null,"internet_access:ssid":null,"payment:upi":null,"contact:facebook":null,"services":null,"payment:wallets":null,"payment:cards":null,"operational_status_quality":null,"building:use":null,"building:levels:underground":null,"building:levels":null,"parking":null,"brand":null,"entrance":null,"air_conditioning":null,"addr:floor":null,"image":null,"not:operator:wikidata":null,"mobile":null,"name:es":null,"addr:city:ur":null,"ele":null,"locality":null,"addr:landmark":null,"power":null,"natural":null,"opening_hours:covid19":null,"closing_hours":null,"survey:date":null,"geometry":null,"name:pa":null,"operator:short":null,"contact:helpline":null,"contact:website":null,"addr:quarter":null,"addr:neighbourhood":null,"aeroway":null,"old_name":null,"contact:tollfree":null,"start_date":null,"internet_access:fee":null,"operator:wikidata":null,"level":null,"payment:debit_cards":null,"payment:credit_cards":null,"payment:cash":null,"motor_vehicle":null,"horse":null,"access":null,"addr:unit":null,"addr:locality":null,"shop":null,"highway":null,"emergency_telephone_code":null,"opening_hours":null,"operational_status":null,"building":null,"addr:housename":null,"addr":null,"place":null,"name:ur":null,"contact:email":null,"addr:suburb":null,"health_facility:type":null,"designation":null,"contact:mobile":null,"addr:block":null,"wheelchair":null,"medical_system":null,"operator":null,"addr:place":null,"speciality":null,"operator:type":null,"foot":null,"bicycle":null,"barrier":null,"fax":null,"email":null,"healthcare:speciality":null,"name:mr":null,"name:hi":null,"name:en":null,"wikipedia":null,"wikimedia_commons":null,"addr:housenumber":null,"phone":null,"description":"Sub District Hospital","alias":null,"name:kn":null,"wikidata":null,"internet_access":null,"check_date":null,"addr:subdistrict":"Armori","addr:street":null,"website":null,"contact:phone":null,"addr:city":null,"addr:state":"Maharashtra","addr:postcode":"441208","addr:full":"Armori, Back of Panchayat Samiti","addr:district":"Gadchiroli","name:etymology:wikidata":null,"healthcare":null,"emergency":null,"addr:country":null,"postal_code":null,"population":null,"name:te":null,"name":"SDH Armori","is_in":null,"alt_name":null,"AND_a_nosr_p":null},"geometry":{"type":"Point","coordinates":[79.985509,20.4697606]}},
{"type":"Feature","properties":{"full_id":"n7229312444","osm_id":"7229312444","osm_type":"node","amenity":"hospital","ref":null,"phone:mobile":null,"loc_name:en":null,"medical_supply":null,"loc_name":null,"short_name:en":null,"short_name":null,"payment:google_pay":null,"payment:coins":null,"service":null,"payment:visa":null,"payment:mastercard":null,"payment:contactless":null,"payment:app":null,"internet_access:ssid":null,"payment:upi":null,"contact:facebook":null,"services":null,"payment:wallets":null,"payment:cards":null,"operational_status_quality":null,"building:use":null,"building:levels:underground":null,"building:levels":null,"parking":null,"brand":null,"entrance":null,"air_conditioning":null,"addr:floor":null,"image":null,"not:operator:wikidata":null,"mobile":null,"name:es":null,"addr:city:ur":null,"ele":null,"locality":null,"addr:landmark":null,"power":null,"natural":null,"opening_hours:covid19":null,"closing_hours":null,"survey:date":null,"geometry":null,"name:pa":null,"operator:short":null,"contact:helpline":null,"contact:website":null,"addr:quarter":null,"addr:neighbourhood":null,"aeroway":null,"old_name":null,"contact:tollfree":null,"start_date":null,"internet_access:fee":null,"operator:wikidata":null,"level":null,"payment:debit_cards":null,"payment:credit_cards":null,"payment:cash":null,"motor_vehicle":null,"horse":null,"access":null,"addr:unit":null,"addr:locality":null,"shop":null,"highway":null,"emergency_telephone_code":null,"opening_hours":null,"operational_status":null,"building":null,"addr:housename":null,"addr":null,"place":null,"name:ur":null,"contact:email":null,"addr:suburb":null,"health_facility:type":null,"designation":null,"contact:mobile":null,"addr:block":null,"wheelchair":null,"medical_system":null,"operator":null,"addr:place":null,"speciality":null,"operator:type":null,"foot":null,"bicycle":null,"barrier":null,"fax":null,"email":null,"healthcare:speciality":null,"name:mr":null,"name:hi":null,"name:en":null,"wikipedia":null,"wikimedia_commons":null,"addr:housenumber":null,"phone":null,"description":null,"alias":null,"name:kn":null,"wikidata":null,"internet_access":null,"check_date":null,"addr:subdistrict":"Chamorshi","addr:street":null,"website":null,"contact:phone":null,"addr:city":null,"addr:state":"Maharashtra","addr:postcode":"442604","addr:full":"Bhadbhidi alias Bilaspur, chamorshi","addr:district":"Gadchiroli","name:etymology:wikidata":null,"healthcare":null,"emergency":null,"addr:country":null,"postal_code":null,"population":null,"name:te":null,"name":"General Hospital, Chamorshi","is_in":null,"alt_name":null,"AND_a_nosr_p":null},"geometry":{"type":"Point","coordinates":[80.003132,19.8702455]}},
{"type":"Feature","properties":{"full_id":"n7229316307","osm_id":"7229316307","osm_type":"node","amenity":"hospital","ref":null,"phone:mobile":null,"loc_name:en":null,"medical_supply":null,"loc_name":null,"short_name:en":null,"short_name":null,"payment:google_pay":null,"payment:coins":null,"service":null,"payment:visa":null,"payment:mastercard":null,"payment:contactless":null,"payment:app":null,"internet_access:ssid":null,"payment:upi":null,"contact:facebook":null,"services":null,"payment:wallets":null,"payment:cards":null,"operational_status_quality":null,"building:use":null,"building:levels:underground":null,"building:levels":null,"parking":null,"brand":null,"entrance":null,"air_conditioning":null,"addr:floor":null,"image":null,"not:operator:wikidata":null,"mobile":null,"name:es":null,"addr:city:ur":null,"ele":null,"locality":null,"addr:landmark":null,"power":null,"natural":null,"opening_hours:covid19":null,"closing_hours":null,"survey:date":null,"geometry":null,"name:pa":null,"operator:short":null,"contact:helpline":null,"contact:website":null,"addr:quarter":null,"addr:neighbourhood":null,"aeroway":null,"old_name":null,"contact:tollfree":null,"start_date":null,"internet_access:fee":null,"operator:wikidata":null,"level":null,"payment:debit_cards":null,"payment:credit_cards":null,"payment:cash":null,"motor_vehicle":null,"horse":null,"access":null,"addr:unit":null,"addr:locality":null,"shop":null,"highway":null,"emergency_telephone_code":null,"opening_hours":null,"operational_status":null,"building":null,"addr:housename":null,"addr":null,"place":null,"name:ur":null,"contact:email":null,"addr:suburb":null,"health_facility:type":null,"designation":null,"contact:mobile":null,"addr:block":null,"wheelchair":null,"medical_system":null,"operator":null,"addr:place":null,"speciality":null,"operator:type":null,"foot":null,"bicycle":null,"barrier":null,"fax":null,"email":null,"healthcare:speciality":null,"name:mr":null,"name:hi":null,"name:en":null,"wikipedia":null,"wikimedia_commons":null,"addr:housenumber":null,"phone":null,"description":null,"alias":null,"name:kn":null,"wikidata":null,"internet_access":null,"check_date":null,"addr:subdistrict":"Ambejogai","addr:street":null,"website":null,"contact:phone":null,"addr:city":null,"addr:state":"Maharashtra","addr:postcode":"442606","addr:full":"Pachayat Samithi Dhanora","addr:district":"Beed","name:etymology:wikidata":null,"healthcare":null,"emergency":null,"addr:country":null,"postal_code":null,"population":null,"name:te":null,"name":"Rural Hospital, Dhanora","is_in":null,"alt_name":null,"AND_a_nosr_p":null},"geometry":{"type":"Point","coordinates":[80.310896,20.274865]}},
{"type":"Feature","properties":{"full_id":"n7625491627","osm_id":"7625491627","osm_type":"node","amenity":"hospital","ref":null,"phone:mobile":null,"loc_name:en":null,"medical_supply":null,"loc_name":null,"short_name:en":null,"short_name":null,"payment:google_pay":null,"payment:coins":null,"service":null,"payment:visa":null,"payment:mastercard":null,"payment:contactless":null,"payment:app":null,"internet_access:ssid":null,"payment:upi":null,"contact:facebook":null,"services":null,"payment:wallets":null,"payment:cards":null,"operational_status_quality":null,"building:use":null,"building:levels:underground":null,"building:levels":null,"parking":null,"brand":null,"entrance":null,"air_conditioning":null,"addr:floor":null,"image":null,"not:operator:wikidata":null,"mobile":null,"name:es":null,"addr:city:ur":null,"ele":null,"locality":null,"addr:landmark":null,"power":null,"natural":null,"opening_hours:covid19":null,"closing_hours":null,"survey:date":null,"geometry":null,"name:pa":null,"operator:short":null,"contact:helpline":null,"contact:website":null,"addr:quarter":null,"addr:neighbourhood":null,"aeroway":null,"old_name":null,"contact:tollfree":null,"start_date":null,"internet_access:fee":null,"operator:wikidata":null,"level":null,"payment:debit_cards":null,"payment:credit_cards":null,"payment:cash":null,"motor_vehicle":null,"horse":null,"access":null,"addr:unit":null,"addr:locality":null,"shop":null,"highway":null,"emergency_telephone_code":null,"opening_hours":null,"operational_status":null,"building":null,"addr:housename":null,"addr":null,"place":null,"name:ur":null,"contact:email":null,"addr:suburb":null,"health_facility:type":null,"designation":null,"contact:mobile":null,"addr:block":null,"wheelchair":null,"medical_system":null,"operator":null,"addr:place":null,"speciality":null,"operator:type":null,"foot":null,"bicycle":null,"barrier":null,"fax":null,"email":null,"healthcare:speciality":null,"name:mr":null,"name:hi":null,"name:en":null,"wikipedia":null,"wikimedia_commons":null,"addr:housenumber":null,"phone":null,"description":null,"alias":null,"name:kn":null,"wikidata":null,"internet_access":null,"check_date":null,"addr:subdistrict":null,"addr:street":null,"website":null,"contact:phone":null,"addr:city":null,"addr:state":"Maharastra","addr:postcode":"442605","addr:full":"Mahadwadi","addr:district":"Gadchiroli","name:etymology:wikidata":null,"healthcare":null,"emergency":null,"addr:country":null,"postal_code":null,"population":null,"name:te":null,"name":"Janatal Hospital","is_in":null,"alt_name":null,"AND_a_nosr_p":null},"geometry":{"type":"Point","coordinates":[80.0155217,20.2288979]}},
{"type":"Feature","properties":{"full_id":"n7625491630","osm_id":"7625491630","osm_type":"node","amenity":"hospital","ref":null,"phone:mobile":null,"loc_name:en":null,"medical_supply":null,"loc_name":null,"short_name:en":null,"short_name":null,"payment:google_pay":null,"payment:coins":null,"service":null,"payment:visa":null,"payment:mastercard":null,"payment:contactless":null,"payment:app":null,"internet_access:ssid":null,"payment:upi":null,"contact:facebook":null,"services":null,"payment:wallets":null,"payment:cards":null,"operational_status_quality":null,"building:use":null,"building:levels:underground":null,"building:levels":null,"parking":null,"brand":null,"entrance":null,"air_conditioning":null,"addr:floor":null,"image":null,"not:operator:wikidata":null,"mobile":null,"name:es":null,"addr:city:ur":null,"ele":null,"locality":null,"addr:landmark":null,"power":null,"natural":null,"opening_hours:covid19":null,"closing_hours":null,"survey:date":null,"geometry":null,"name:pa":null,"operator:short":null,"contact:helpline":null,"contact:website":null,"addr:quarter":null,"addr:neighbourhood":null,"aeroway":null,"old_name":null,"contact:tollfree":null,"start_date":null,"internet_access:fee":null,"operator:wikidata":null,"level":null,"payment:debit_cards":null,"payment:credit_cards":null,"payment:cash":null,"motor_vehicle":null,"horse":null,"access":null,"addr:unit":null,"addr:locality":null,"shop":null,"highway":null,"emergency_telephone_code":null,"opening_hours":null,"operational_status":null,"building":null,"addr:housename":null,"addr":null,"place":null,"name:ur":null,"contact:email":null,"addr:suburb":null,"health_facility:type":null,"designation":null,"contact:mobile":null,"addr:block":null,"wheelchair":null,"medical_system":null,"operator":null,"addr:place":null,"speciality":null,"operator:type":null,"foot":null,"bicycle":null,"barrier":null,"fax":null,"email":null,"healthcare:speciality":null,"name:mr":null,"name:hi":null,"name:en":null,"wikipedia":null,"wikimedia_commons":null,"addr:housenumber":null,"phone":null,"description":null,"alias":null,"name:kn":null,"wikidata":null,"internet_access":null,"check_date":null,"addr:subdistrict":null,"addr:street":null,"website":null,"contact:phone":null,"addr:city":null,"addr:state":"Maharastra","addr:postcode":"442605","addr:full":"Mull Road, Gadchiroli","addr:district":"Gadchiroli","name:etymology:wikidata":null,"healthcare":null,"emergency":null,"addr:country":null,"postal_code":null,"population":null,"name:te":null,"name":"Dr. Kilnake Hospital","is_in":null,"alt_name":null,"AND_a_nosr_p":null},"geometry":{"type":"Point","coordinates":[79.9905088,20.1820225]}},
{"type":"Feature","properties":{"full_id":"n7625491633","osm_id":"7625491633","osm_type":"node","amenity":"hospital","ref":null,"phone:mobile":null,"loc_name:en":null,"medical_supply":null,"loc_name":null,"short_name:en":null,"short_name":null,"payment:google_pay":null,"payment:coins":null,"service":null,"payment:visa":null,"payment:mastercard":null,"payment:contactless":null,"payment:app":null,"internet_access:ssid":null,"payment:upi":null,"contact:facebook":null,"services":null,"payment:wallets":null,"payment:cards":null,"operational_status_quality":null,"building:use":null,"building:levels:underground":null,"building:levels":null,"parking":null,"brand":null,"entrance":null,"air_conditioning":null,"addr:floor":null,"image":null,"not:operator:wikidata":null,"mobile":null,"name:es":null,"addr:city:ur":null,"ele":null,"locality":null,"addr:landmark":null,"power":null,"natural":null,"opening_hours:covid19":null,"closing_hours":null,"survey:date":null,"geometry":null,"name:pa":null,"operator:short":null,"contact:helpline":null,"contact:website":null,"addr:quarter":null,"addr:neighbourhood":null,"aeroway":null,"old_name":null,"contact:tollfree":null,"start_date":null,"internet_access:fee":null,"operator:wikidata":null,"level":null,"payment:debit_cards":null,"payment:credit_cards":null,"payment:cash":null,"motor_vehicle":null,"horse":null,"access":null,"addr:unit":null,"addr:locality":null,"shop":null,"highway":null,"emergency_telephone_code":null,"opening_hours":null,"operational_status":null,"building":null,"addr:housename":null,"addr":null,"place":null,"name:ur":null,"contact:email":null,"addr:suburb":null,"health_facility:type":null,"designation":null,"contact:mobile":null,"addr:block":null,"wheelchair":null,"medical_system":null,"operator":null,"addr:place":null,"speciality":null,"operator:type":null,"foot":null,"bicycle":null,"barrier":null,"fax":null,"email":null,"healthcare:speciality":null,"name:mr":null,"name:hi":null,"name:en":null,"wikipedia":null,"wikimedia_commons":null,"addr:housenumber":null,"phone":null,"description":null,"alias":null,"name:kn":null,"wikidata":null,"internet_access":null,"check_date":null,"addr:subdistrict":null,"addr:street":null,"website":null,"contact:phone":null,"addr:city":null,"addr:state":"Maharastra","addr:postcode":"442605","addr:full":"Chamorshi Road, Ashirwad Nagar, Gadchiroli","addr:district":"Gadchiroli","name:etymology:wikidata":null,"healthcare":null,"emergency":null,"addr:country":null,"postal_code":null,"population":null,"name:te":null,"name":"Spandan Hospital","is_in":null,"alt_name":null,"AND_a_nosr_p":null},"geometry":{"type":"Point","coordinates":[80.0059256,20.1824148]}},
{"type":"Feature","properties":{"full_id":"n7625491639","osm_id":"7625491639","osm_type":"node","amenity":"hospital","ref":null,"phone:mobile":null,"loc_name:en":null,"medical_supply":null,"loc_name":null,"short_name:en":null,"short_name":null,"payment:google_pay":null,"payment:coins":null,"service":null,"payment:visa":null,"payment:mastercard":null,"payment:contactless":null,"payment:app":null,"internet_access:ssid":null,"payment:upi":null,"contact:facebook":null,"services":null,"payment:wallets":null,"payment:cards":null,"operational_status_quality":null,"building:use":null,"building:levels:underground":null,"building:levels":null,"parking":null,"brand":null,"entrance":null,"air_conditioning":null,"addr:floor":null,"image":null,"not:operator:wikidata":null,"mobile":null,"name:es":null,"addr:city:ur":null,"ele":null,"locality":null,"addr:landmark":null,"power":null,"natural":null,"opening_hours:covid19":null,"closing_hours":null,"survey:date":null,"geometry":null,"name:pa":null,"operator:short":null,"contact:helpline":null,"contact:website":null,"addr:quarter":null,"addr:neighbourhood":null,"aeroway":null,"old_name":null,"contact:tollfree":null,"start_date":null,"internet_access:fee":null,"operator:wikidata":null,"level":null,"payment:debit_cards":null,"payment:credit_cards":null,"payment:cash":null,"motor_vehicle":null,"horse":null,"access":null,"addr:unit":null,"addr:locality":null,"shop":null,"highway":null,"emergency_telephone_code":null,"opening_hours":null,"operational_status":null,"building":null,"addr:housename":null,"addr":null,"place":null,"name:ur":null,"contact:email":null,"addr:suburb":null,"health_facility:type":null,"designation":null,"contact:mobile":null,"addr:block":null,"wheelchair":null,"medical_system":null,"operator":null,"addr:place":null,"speciality":null,"operator:type":null,"foot":null,"bicycle":null,"barrier":null,"fax":null,"email":null,"healthcare:speciality":null,"name:mr":null,"name:hi":null,"name:en":null,"wikipedia":null,"wikimedia_commons":null,"addr:housenumber":null,"phone":null,"description":null,"alias":null,"name:kn":null,"wikidata":null,"internet_access":null,"check_date":null,"addr:subdistrict":null,"addr:street":null,"website":null,"contact:phone":null,"addr:city":null,"addr:state":"Maharastra","addr:postcode":"442605","addr:full":"Gokul Nagar, Gadchiroli","addr:district":"Gadchiroli","name:etymology:wikidata":null,"healthcare":null,"emergency":null,"addr:country":null,"postal_code":null,"population":null,"name:te":null,"name":"Nobel Multispeciality Hospital","is_in":null,"alt_name":null,"AND_a_nosr_p":null},"geometry":{"type":"Point","coordinates":[79.9891038,20.1784636]}},
{"type":"Feature","properties":{"full_id":"n7625491649","osm_id":"7625491649","osm_type":"node","amenity":"hospital","ref":null,"phone:mobile":null,"loc_name:en":null,"medical_supply":null,"loc_name":null,"short_name:en":null,"short_name":null,"payment:google_pay":null,"payment:coins":null,"service":null,"payment:visa":null,"payment:mastercard":null,"payment:contactless":null,"payment:app":null,"internet_access:ssid":null,"payment:upi":null,"contact:facebook":null,"services":null,"payment:wallets":null,"payment:cards":null,"operational_status_quality":null,"building:use":null,"building:levels:underground":null,"building:levels":null,"parking":null,"brand":null,"entrance":null,"air_conditioning":null,"addr:floor":null,"image":null,"not:operator:wikidata":null,"mobile":null,"name:es":null,"addr:city:ur":null,"ele":null,"locality":null,"addr:landmark":null,"power":null,"natural":null,"opening_hours:covid19":null,"closing_hours":null,"survey:date":null,"geometry":null,"name:pa":null,"operator:short":null,"contact:helpline":null,"contact:website":null,"addr:quarter":null,"addr:neighbourhood":null,"aeroway":null,"old_name":null,"contact:tollfree":null,"start_date":null,"internet_access:fee":null,"operator:wikidata":null,"level":null,"payment:debit_cards":null,"payment:credit_cards":null,"payment:cash":null,"motor_vehicle":null,"horse":null,"access":null,"addr:unit":null,"addr:locality":null,"shop":null,"highway":null,"emergency_telephone_code":null,"opening_hours":null,"operational_status":null,"building":null,"addr:housename":null,"addr":null,"place":null,"name:ur":null,"contact:email":null,"addr:suburb":null,"health_facility:type":null,"designation":null,"contact:mobile":null,"addr:block":null,"wheelchair":null,"medical_system":null,"operator":null,"addr:place":null,"speciality":null,"operator:type":null,"foot":null,"bicycle":null,"barrier":null,"fax":null,"email":null,"healthcare:speciality":null,"name:mr":null,"name:hi":null,"name:en":null,"wikipedia":null,"wikimedia_commons":null,"addr:housenumber":null,"phone":null,"description":null,"alias":null,"name:kn":null,"wikidata":null,"internet_access":null,"check_date":null,"addr:subdistrict":null,"addr:street":null,"website":null,"contact:phone":null,"addr:city":null,"addr:state":"Maharastra","addr:postcode":"442703","addr:full":"Allapalli","addr:district":"Gadchiroli","name:etymology:wikidata":null,"healthcare":null,"emergency":null,"addr:country":null,"postal_code":null,"population":null,"name:te":null,"name":"Assisi Sevasadan Hospital","is_in":null,"alt_name":null,"AND_a_nosr_p":null},"geometry":{"type":"Point","coordinates":[80.049295,19.4335478]}},
{"type":"Feature","properties":{"full_id":"n7625491651","osm_id":"7625491651","osm_type":"node","amenity":"hospital","ref":null,"phone:mobile":null,"loc_name:en":null,"medical_supply":null,"loc_name":null,"short_name:en":null,"short_name":null,"payment:google_pay":null,"payment:coins":null,"service":null,"payment:visa":null,"payment:mastercard":null,"payment:contactless":null,"payment:app":null,"internet_access:ssid":null,"payment:upi":null,"contact:facebook":null,"services":null,"payment:wallets":null,"payment:cards":null,"operational_status_quality":null,"building:use":null,"building:levels:underground":null,"building:levels":null,"parking":null,"brand":null,"entrance":null,"air_conditioning":null,"addr:floor":null,"image":null,"not:operator:wikidata":null,"mobile":null,"name:es":null,"addr:city:ur":null,"ele":null,"locality":null,"addr:landmark":null,"power":null,"natural":null,"opening_hours:covid19":null,"closing_hours":null,"survey:date":null,"geometry":null,"name:pa":null,"operator:short":null,"contact:helpline":null,"contact:website":null,"addr:quarter":null,"addr:neighbourhood":null,"aeroway":null,"old_name":null,"contact:tollfree":null,"start_date":null,"internet_access:fee":null,"operator:wikidata":null,"level":null,"payment:debit_cards":null,"payment:credit_cards":null,"payment:cash":null,"motor_vehicle":null,"horse":null,"access":null,"addr:unit":null,"addr:locality":null,"shop":null,"highway":null,"emergency_telephone_code":null,"opening_hours":null,"operational_status":null,"building":null,"addr:housename":null,"addr":null,"place":null,"name:ur":null,"contact:email":null,"addr:suburb":null,"health_facility:type":null,"designation":null,"contact:mobile":null,"addr:block":null,"wheelchair":null,"medical_system":null,"operator":null,"addr:place":null,"speciality":null,"operator:type":null,"foot":null,"bicycle":null,"barrier":null,"fax":null,"email":null,"healthcare:speciality":null,"name:mr":null,"name:hi":null,"name:en":null,"wikipedia":null,"wikimedia_commons":null,"addr:housenumber":null,"phone":null,"description":null,"alias":null,"name:kn":null,"wikidata":null,"internet_access":null,"check_date":null,"addr:subdistrict":null,"addr:street":null,"website":null,"contact:phone":null,"addr:city":null,"addr:state":"Maharastra","addr:postcode":"442605","addr:full":"Dhanora Road, Dhanora Taluka, Gadchiroli","addr:district":"Gadchiroli","name:etymology:wikidata":null,"healthcare":null,"emergency":null,"addr:country":null,"postal_code":null,"population":null,"name:te":null,"name":"Appalwar Eye Hospital","is_in":null,"alt_name":null,"AND_a_nosr_p":null},"geometry":{"type":"Point","coordinates":[80.0091968,20.1859254]}},
{"type":"Feature","properties":{"full_id":"n7625491655","osm_id":"7625491655","osm_type":"node","amenity":"hospital","ref":null,"phone:mobile":null,"loc_name:en":null,"medical_supply":null,"loc_name":null,"short_name:en":null,"short_name":null,"payment:google_pay":null,"payment:coins":null,"service":null,"payment:visa":null,"payment:mastercard":null,"payment:contactless":null,"payment:app":null,"internet_access:ssid":null,"payment:upi":null,"contact:facebook":null,"services":null,"payment:wallets":null,"payment:cards":null,"operational_status_quality":null,"building:use":null,"building:levels:underground":null,"building:levels":null,"parking":null,"brand":null,"entrance":null,"air_conditioning":null,"addr:floor":null,"image":null,"not:operator:wikidata":null,"mobile":null,"name:es":null,"addr:city:ur":null,"ele":null,"locality":null,"addr:landmark":null,"power":null,"natural":null,"opening_hours:covid19":null,"closing_hours":null,"survey:date":null,"geometry":null,"name:pa":null,"operator:short":null,"contact:helpline":null,"contact:website":null,"addr:quarter":null,"addr:neighbourhood":null,"aeroway":null,"old_name":null,"contact:tollfree":null,"start_date":null,"internet_access:fee":null,"operator:wikidata":null,"level":null,"payment:debit_cards":null,"payment:credit_cards":null,"payment:cash":null,"motor_vehicle":null,"horse":null,"access":null,"addr:unit":null,"addr:locality":null,"shop":null,"highway":null,"emergency_telephone_code":null,"opening_hours":null,"operational_status":null,"building":null,"addr:housename":null,"addr":null,"place":null,"name:ur":null,"contact:email":null,"addr:suburb":null,"health_facility:type":null,"designation":null,"contact:mobile":null,"addr:block":null,"wheelchair":null,"medical_system":null,"operator":null,"addr:place":null,"speciality":null,"operator:type":null,"foot":null,"bicycle":null,"barrier":null,"fax":null,"email":null,"healthcare:speciality":null,"name:mr":null,"name:hi":null,"name:en":null,"wikipedia":null,"wikimedia_commons":null,"addr:housenumber":null,"phone":null,"description":null,"alias":null,"name:kn":null,"wikidata":null,"internet_access":null,"check_date":null,"addr:subdistrict":null,"addr:street":null,"website":null,"contact:phone":null,"addr:city":null,"addr:state":"Maharastra","addr:postcode":"442605","addr:full":"Chamorshi Road, Ashirwad Nagar, Gadchiroli","addr:district":"Gadchiroli","name:etymology:wikidata":null,"healthcare":null,"emergency":null,"addr:country":null,"postal_code":null,"population":null,"name:te":null,"name":"Dhanwantari Hospital","is_in":null,"alt_name":null,"AND_a_nosr_p":null},"geometry":{"type":"Point","coordinates":[80.0055955,20.1832303]}},
{"type":"Feature","properties":{"full_id":"n7625491657","osm_id":"7625491657","osm_type":"node","amenity":"hospital","ref":null,"phone:mobile":null,"loc_name:en":null,"medical_supply":null,"loc_name":null,"short_name:en":null,"short_name":null,"payment:google_pay":null,"payment:coins":null,"service":null,"payment:visa":null,"payment:mastercard":null,"payment:contactless":null,"payment:app":null,"internet_access:ssid":null,"payment:upi":null,"contact:facebook":null,"services":null,"payment:wallets":null,"payment:cards":null,"operational_status_quality":null,"building:use":null,"building:levels:underground":null,"building:levels":null,"parking":null,"brand":null,"entrance":null,"air_conditioning":null,"addr:floor":null,"image":null,"not:operator:wikidata":null,"mobile":null,"name:es":null,"addr:city:ur":null,"ele":null,"locality":null,"addr:landmark":null,"power":null,"natural":null,"opening_hours:covid19":null,"closing_hours":null,"survey:date":null,"geometry":null,"name:pa":null,"operator:short":null,"contact:helpline":null,"contact:website":null,"addr:quarter":null,"addr:neighbourhood":null,"aeroway":null,"old_name":null,"contact:tollfree":null,"start_date":null,"internet_access:fee":null,"operator:wikidata":null,"level":null,"payment:debit_cards":null,"payment:credit_cards":null,"payment:cash":null,"motor_vehicle":null,"horse":null,"access":null,"addr:unit":null,"addr:locality":null,"shop":null,"highway":null,"emergency_telephone_code":null,"opening_hours":null,"operational_status":null,"building":null,"addr:housename":null,"addr":null,"place":null,"name:ur":null,"contact:email":null,"addr:suburb":null,"health_facility:type":null,"designation":null,"contact:mobile":null,"addr:block":null,"wheelchair":null,"medical_system":null,"operator":null,"addr:place":null,"speciality":null,"operator:type":null,"foot":null,"bicycle":null,"barrier":null,"fax":null,"email":null,"healthcare:speciality":null,"name:mr":null,"name:hi":null,"name:en":null,"wikipedia":null,"wikimedia_commons":null,"addr:housenumber":null,"phone":null,"description":null,"alias":null,"name:kn":null,"wikidata":null,"internet_access":null,"check_date":null,"addr:subdistrict":null,"addr:street":null,"website":null,"contact:phone":null,"addr:city":null,"addr:state":"Maharastra","addr:postcode":"442605","addr:full":"Chandrapur Road, Near Bharat Gas Agency, Revenue Colony, Ashirwad Nagar, Gadchiroli","addr:district":"Gadchiroli","name:etymology:wikidata":null,"healthcare":null,"emergency":null,"addr:country":null,"postal_code":null,"population":null,"name:te":null,"name":"Sindhu Hospital","is_in":null,"alt_name":null,"AND_a_nosr_p":null},"geometry":{"type":"Point","coordinates":[79.996613,20.1888808]}},
{"type":"Feature","properties":{"full_id":"n7625491659","osm_id":"7625491659","osm_type":"node","amenity":"hospital","ref":null,"phone:mobile":null,"loc_name:en":null,"medical_supply":null,"loc_name":null,"short_name:en":null,"short_name":null,"payment:google_pay":null,"payment:coins":null,"service":null,"payment:visa":null,"payment:mastercard":null,"payment:contactless":null,"payment:app":null,"internet_access:ssid":null,"payment:upi":null,"contact:facebook":null,"services":null,"payment:wallets":null,"payment:cards":null,"operational_status_quality":null,"building:use":null,"building:levels:underground":null,"building:levels":null,"parking":null,"brand":null,"entrance":null,"air_conditioning":null,"addr:floor":null,"image":null,"not:operator:wikidata":null,"mobile":null,"name:es":null,"addr:city:ur":null,"ele":null,"locality":null,"addr:landmark":null,"power":null,"natural":null,"opening_hours:covid19":null,"closing_hours":null,"survey:date":null,"geometry":null,"name:pa":null,"operator:short":null,"contact:helpline":null,"contact:website":null,"addr:quarter":null,"addr:neighbourhood":null,"aeroway":null,"old_name":null,"contact:tollfree":null,"start_date":null,"internet_access:fee":null,"operator:wikidata":null,"level":null,"payment:debit_cards":null,"payment:credit_cards":null,"payment:cash":null,"motor_vehicle":null,"horse":null,"access":null,"addr:unit":null,"addr:locality":null,"shop":null,"highway":null,"emergency_telephone_code":null,"opening_hours":null,"operational_status":null,"building":null,"addr:housename":null,"addr":null,"place":null,"name:ur":null,"contact:email":null,"addr:suburb":null,"health_facility:type":null,"designation":null,"contact:mobile":null,"addr:block":null,"wheelchair":null,"medical_system":null,"operator":null,"addr:place":null,"speciality":null,"operator:type":null,"foot":null,"bicycle":null,"barrier":null,"fax":null,"email":null,"healthcare:speciality":null,"name:mr":null,"name:hi":null,"name:en":null,"wikipedia":null,"wikimedia_commons":null,"addr:housenumber":null,"phone":null,"description":null,"alias":null,"name:kn":null,"wikidata":null,"internet_access":null,"check_date":null,"addr:subdistrict":null,"addr:street":null,"website":null,"contact:phone":null,"addr:city":null,"addr:state":"Maharastra","addr:postcode":"442605","addr:full":"Ashirwad Nagar, Gadchiroli","addr:district":"Gadchiroli","name:etymology:wikidata":null,"healthcare":null,"emergency":null,"addr:country":null,"postal_code":null,"population":null,"name:te":null,"name":"Khumbhare Hospital","is_in":null,"alt_name":null,"AND_a_nosr_p":null},"geometry":{"type":"Point","coordinates":[80.0051691,20.1832989]}},
{"type":"Feature","properties":{"full_id":"n7625491661","osm_id":"7625491661","osm_type":"node","amenity":"hospital","ref":null,"phone:mobile":null,"loc_name:en":null,"medical_supply":null,"loc_name":null,"short_name:en":null,"short_name":null,"payment:google_pay":null,"payment:coins":null,"service":null,"payment:visa":null,"payment:mastercard":null,"payment:contactless":null,"payment:app":null,"internet_access:ssid":null,"payment:upi":null,"contact:facebook":null,"services":null,"payment:wallets":null,"payment:cards":null,"operational_status_quality":null,"building:use":null,"building:levels:underground":null,"building:levels":null,"parking":null,"brand":null,"entrance":null,"air_conditioning":null,"addr:floor":null,"image":null,"not:operator:wikidata":null,"mobile":null,"name:es":null,"addr:city:ur":null,"ele":null,"locality":null,"addr:landmark":null,"power":null,"natural":null,"opening_hours:covid19":null,"closing_hours":null,"survey:date":null,"geometry":null,"name:pa":null,"operator:short":null,"contact:helpline":null,"contact:website":null,"addr:quarter":null,"addr:neighbourhood":null,"aeroway":null,"old_name":null,"contact:tollfree":null,"start_date":null,"internet_access:fee":null,"operator:wikidata":null,"level":null,"payment:debit_cards":null,"payment:credit_cards":null,"payment:cash":null,"motor_vehicle":null,"horse":null,"access":null,"addr:unit":null,"addr:locality":null,"shop":null,"highway":null,"emergency_telephone_code":null,"opening_hours":null,"operational_status":null,"building":null,"addr:housename":null,"addr":null,"place":null,"name:ur":null,"contact:email":null,"addr:suburb":null,"health_facility:type":null,"designation":null,"contact:mobile":null,"addr:block":null,"wheelchair":null,"medical_system":null,"operator":null,"addr:place":null,"speciality":null,"operator:type":null,"foot":null,"bicycle":null,"barrier":null,"fax":null,"email":null,"healthcare:speciality":null,"name:mr":null,"name:hi":null,"name:en":null,"wikipedia":null,"wikimedia_commons":null,"addr:housenumber":null,"phone":null,"description":null,"alias":null,"name:kn":null,"wikidata":null,"internet_access":null,"check_date":null,"addr:subdistrict":null,"addr:street":null,"website":null,"contact:phone":null,"addr:city":null,"addr:state":"Maharastra","addr:postcode":"442504","addr:full":"Mancherial-Chennor-Jagdalpur Road, Sironcha","addr:district":"Gadchiroli","name:etymology:wikidata":null,"healthcare":null,"emergency":null,"addr:country":null,"postal_code":null,"population":null,"name:te":null,"name":"Sironcha Mission Hospital","is_in":null,"alt_name":null,"AND_a_nosr_p":null},"geometry":{"type":"Point","coordinates":[79.961826,18.847475]}},
{"type":"Feature","properties":{"full_id":"n7625491662","osm_id":"7625491662","osm_type":"node","amenity":"hospital","ref":null,"phone:mobile":null,"loc_name:en":null,"medical_supply":null,"loc_name":null,"short_name:en":null,"short_name":null,"payment:google_pay":null,"payment:coins":null,"service":null,"payment:visa":null,"payment:mastercard":null,"payment:contactless":null,"payment:app":null,"internet_access:ssid":null,"payment:upi":null,"contact:facebook":null,"services":null,"payment:wallets":null,"payment:cards":null,"operational_status_quality":null,"building:use":null,"building:levels:underground":null,"building:levels":null,"parking":null,"brand":null,"entrance":null,"air_conditioning":null,"addr:floor":null,"image":null,"not:operator:wikidata":null,"mobile":null,"name:es":null,"addr:city:ur":null,"ele":null,"locality":null,"addr:landmark":null,"power":null,"natural":null,"opening_hours:covid19":null,"closing_hours":null,"survey:date":null,"geometry":null,"name:pa":null,"operator:short":null,"contact:helpline":null,"contact:website":null,"addr:quarter":null,"addr:neighbourhood":null,"aeroway":null,"old_name":null,"contact:tollfree":null,"start_date":null,"internet_access:fee":null,"operator:wikidata":null,"level":null,"payment:debit_cards":null,"payment:credit_cards":null,"payment:cash":null,"motor_vehicle":null,"horse":null,"access":null,"addr:unit":null,"addr:locality":null,"shop":null,"highway":null,"emergency_telephone_code":null,"opening_hours":null,"operational_status":null,"building":null,"addr:housename":null,"addr":null,"place":null,"name:ur":null,"contact:email":null,"addr:suburb":null,"health_facility:type":null,"designation":null,"contact:mobile":null,"addr:block":null,"wheelchair":null,"medical_system":null,"operator":null,"addr:place":null,"speciality":null,"operator:type":null,"foot":null,"bicycle":null,"barrier":null,"fax":null,"email":null,"healthcare:speciality":null,"name:mr":null,"name:hi":null,"name:en":null,"wikipedia":null,"wikimedia_commons":null,"addr:housenumber":null,"phone":null,"description":null,"alias":null,"name:kn":null,"wikidata":null,"internet_access":null,"check_date":null,"addr:subdistrict":null,"addr:street":null,"website":null,"contact:phone":null,"addr:city":null,"addr:state":"Maharastra","addr:postcode":"442705","addr:full":"Opp to Tahsil Office, Aheri","addr:district":"Gadchiroli","name:etymology:wikidata":null,"healthcare":null,"emergency":null,"addr:country":null,"postal_code":null,"population":null,"name:te":null,"name":"Chaitanya Hospital","is_in":null,"alt_name":null,"AND_a_nosr_p":null},"geometry":{"type":"Point","coordinates":[80.0067715,19.4168281]}},
{"type":"Feature","properties":{"full_id":"n7625491664","osm_id":"7625491664","osm_type":"node","amenity":"hospital","ref":null,"phone:mobile":null,"loc_name:en":null,"medical_supply":null,"loc_name":null,"short_name:en":null,"short_name":null,"payment:google_pay":null,"payment:coins":null,"service":null,"payment:visa":null,"payment:mastercard":null,"payment:contactless":null,"payment:app":null,"internet_access:ssid":null,"payment:upi":null,"contact:facebook":null,"services":null,"payment:wallets":null,"payment:cards":null,"operational_status_quality":null,"building:use":null,"building:levels:underground":null,"building:levels":null,"parking":null,"brand":null,"entrance":null,"air_conditioning":null,"addr:floor":null,"image":null,"not:operator:wikidata":null,"mobile":null,"name:es":null,"addr:city:ur":null,"ele":null,"locality":null,"addr:landmark":null,"power":null,"natural":null,"opening_hours:covid19":null,"closing_hours":null,"survey:date":null,"geometry":null,"name:pa":null,"operator:short":null,"contact:helpline":null,"contact:website":null,"addr:quarter":null,"addr:neighbourhood":null,"aeroway":null,"old_name":null,"contact:tollfree":null,"start_date":null,"internet_access:fee":null,"operator:wikidata":null,"level":null,"payment:debit_cards":null,"payment:credit_cards":null,"payment:cash":null,"motor_vehicle":null,"horse":null,"access":null,"addr:unit":null,"addr:locality":null,"shop":null,"highway":null,"emergency_telephone_code":null,"opening_hours":null,"operational_status":null,"building":null,"addr:housename":null,"addr":null,"place":null,"name:ur":null,"contact:email":null,"addr:suburb":null,"health_facility:type":null,"designation":null,"contact:mobile":null,"addr:block":null,"wheelchair":null,"medical_system":null,"operator":null,"addr:place":null,"speciality":null,"operator:type":null,"foot":null,"bicycle":null,"barrier":null,"fax":null,"email":null,"healthcare:speciality":null,"name:mr":null,"name:hi":null,"name:en":null,"wikipedia":null,"wikimedia_commons":null,"addr:housenumber":null,"phone":null,"description":null,"alias":null,"name:kn":null,"wikidata":null,"internet_access":null,"check_date":null,"addr:subdistrict":null,"addr:street":null,"website":null,"contact:phone":null,"addr:city":null,"addr:state":"Maharastra","addr:postcode":"441207","addr:full":"Wadsa Bypass, Desaiganj","addr:district":"Gadchiroli","name:etymology:wikidata":null,"healthcare":null,"emergency":null,"addr:country":null,"postal_code":null,"population":null,"name:te":null,"name":"Bansod Hospital","is_in":null,"alt_name":null,"AND_a_nosr_p":null},"geometry":{"type":"Point","coordinates":[79.9544919,20.6225771]}},
{"type":"Feature","properties":{"full_id":"n7625491667","osm_id":"7625491667","osm_type":"node","amenity":"hospital","ref":null,"phone:mobile":null,"loc_name:en":null,"medical_supply":null,"loc_name":null,"short_name:en":null,"short_name":null,"payment:google_pay":null,"payment:coins":null,"service":null,"payment:visa":null,"payment:mastercard":null,"payment:contactless":null,"payment:app":null,"internet_access:ssid":null,"payment:upi":null,"contact:facebook":null,"services":null,"payment:wallets":null,"payment:cards":null,"operational_status_quality":null,"building:use":null,"building:levels:underground":null,"building:levels":null,"parking":null,"brand":null,"entrance":null,"air_conditioning":null,"addr:floor":null,"image":null,"not:operator:wikidata":null,"mobile":null,"name:es":null,"addr:city:ur":null,"ele":null,"locality":null,"addr:landmark":null,"power":null,"natural":null,"opening_hours:covid19":null,"closing_hours":null,"survey:date":null,"geometry":null,"name:pa":null,"operator:short":null,"contact:helpline":null,"contact:website":null,"addr:quarter":null,"addr:neighbourhood":null,"aeroway":null,"old_name":null,"contact:tollfree":null,"start_date":null,"internet_access:fee":null,"operator:wikidata":null,"level":null,"payment:debit_cards":null,"payment:credit_cards":null,"payment:cash":null,"motor_vehicle":null,"horse":null,"access":null,"addr:unit":null,"addr:locality":null,"shop":null,"highway":null,"emergency_telephone_code":null,"opening_hours":null,"operational_status":null,"building":null,"addr:housename":null,"addr":null,"place":null,"name:ur":null,"contact:email":null,"addr:suburb":null,"health_facility:type":null,"designation":null,"contact:mobile":null,"addr:block":null,"wheelchair":null,"medical_system":null,"operator":null,"addr:place":null,"speciality":null,"operator:type":null,"foot":null,"bicycle":null,"barrier":null,"fax":null,"email":null,"healthcare:speciality":null,"name:mr":null,"name:hi":null,"name:en":null,"wikipedia":null,"wikimedia_commons":null,"addr:housenumber":null,"phone":null,"description":null,"alias":null,"name:kn":null,"wikidata":null,"internet_access":null,"check_date":null,"addr:subdistrict":null,"addr:street":null,"website":null,"contact:phone":null,"addr:city":null,"addr:state":"Maharastra","addr:postcode":"441207","addr:full":"Vaishnav Nagar, Wads","addr:district":"Gadchiroli","name:etymology:wikidata":null,"healthcare":null,"emergency":null,"addr:country":null,"postal_code":null,"population":null,"name:te":null,"name":"Sparsh Child care and General Hospital","is_in":null,"alt_name":null,"AND_a_nosr_p":null},"geometry":{"type":"Point","coordinates":[79.9558837,20.6226818]}},
{"type":"Feature","properties":{"full_id":"n7625491673","osm_id":"7625491673","osm_type":"node","amenity":"hospital","ref":null,"phone:mobile":null,"loc_name:en":null,"medical_supply":null,"loc_name":null,"short_name:en":null,"short_name":null,"payment:google_pay":null,"payment:coins":null,"service":null,"payment:visa":null,"payment:mastercard":null,"payment:contactless":null,"payment:app":null,"internet_access:ssid":null,"payment:upi":null,"contact:facebook":null,"services":null,"payment:wallets":null,"payment:cards":null,"operational_status_quality":null,"building:use":null,"building:levels:underground":null,"building:levels":null,"parking":null,"brand":null,"entrance":null,"air_conditioning":null,"addr:floor":null,"image":null,"not:operator:wikidata":null,"mobile":null,"name:es":null,"addr:city:ur":null,"ele":null,"locality":null,"addr:landmark":null,"power":null,"natural":null,"opening_hours:covid19":null,"closing_hours":null,"survey:date":null,"geometry":null,"name:pa":null,"operator:short":null,"contact:helpline":null,"contact:website":null,"addr:quarter":null,"addr:neighbourhood":null,"aeroway":null,"old_name":null,"contact:tollfree":null,"start_date":null,"internet_access:fee":null,"operator:wikidata":null,"level":null,"payment:debit_cards":null,"payment:credit_cards":null,"payment:cash":null,"motor_vehicle":null,"horse":null,"access":null,"addr:unit":null,"addr:locality":null,"shop":null,"highway":null,"emergency_telephone_code":null,"opening_hours":null,"operational_status":null,"building":null,"addr:housename":null,"addr":null,"place":null,"name:ur":null,"contact:email":null,"addr:suburb":null,"health_facility:type":null,"designation":null,"contact:mobile":null,"addr:block":null,"wheelchair":null,"medical_system":null,"operator":null,"addr:place":null,"speciality":null,"operator:type":null,"foot":null,"bicycle":null,"barrier":null,"fax":null,"email":null,"healthcare:speciality":null,"name:mr":null,"name:hi":null,"name:en":null,"wikipedia":null,"wikimedia_commons":null,"addr:housenumber":null,"phone":null,"description":null,"alias":null,"name:kn":null,"wikidata":null,"internet_access":null,"check_date":null,"addr:subdistrict":null,"addr:street":null,"website":null,"contact:phone":null,"addr:city":null,"addr:state":"Maharastra","addr:postcode":"442605","addr:full":"Trimurti Square, Front Of Arun Electricals","addr:district":"Gadchiroli","name:etymology:wikidata":null,"healthcare":null,"emergency":null,"addr:country":null,"postal_code":null,"population":null,"name:te":null,"name":"Dr. Jain Hospital","is_in":null,"alt_name":null,"AND_a_nosr_p":null},"geometry":{"type":"Point","coordinates":[80.0018696,20.1879943]}},
{"type":"Feature","properties":{"full_id":"n7625491674","osm_id":"7625491674","osm_type":"node","amenity":"hospital","ref":null,"phone:mobile":null,"loc_name:en":null,"medical_supply":null,"loc_name":null,"short_name:en":null,"short_name":null,"payment:google_pay":null,"payment:coins":null,"service":null,"payment:visa":null,"payment:mastercard":null,"payment:contactless":null,"payment:app":null,"internet_access:ssid":null,"payment:upi":null,"contact:facebook":null,"services":null,"payment:wallets":null,"payment:cards":null,"operational_status_quality":null,"building:use":null,"building:levels:underground":null,"building:levels":null,"parking":null,"brand":null,"entrance":null,"air_conditioning":null,"addr:floor":null,"image":null,"not:operator:wikidata":null,"mobile":null,"name:es":null,"addr:city:ur":null,"ele":null,"locality":null,"addr:landmark":null,"power":null,"natural":null,"opening_hours:covid19":null,"closing_hours":null,"survey:date":null,"geometry":null,"name:pa":null,"operator:short":null,"contact:helpline":null,"contact:website":null,"addr:quarter":null,"addr:neighbourhood":null,"aeroway":null,"old_name":null,"contact:tollfree":null,"start_date":null,"internet_access:fee":null,"operator:wikidata":null,"level":null,"payment:debit_cards":null,"payment:credit_cards":null,"payment:cash":null,"motor_vehicle":null,"horse":null,"access":null,"addr:unit":null,"addr:locality":null,"shop":null,"highway":null,"emergency_telephone_code":null,"opening_hours":null,"operational_status":null,"building":null,"addr:housename":null,"addr":null,"place":null,"name:ur":null,"contact:email":null,"addr:suburb":null,"health_facility:type":null,"designation":null,"contact:mobile":null,"addr:block":null,"wheelchair":null,"medical_system":null,"operator":null,"addr:place":null,"speciality":null,"operator:type":null,"foot":null,"bicycle":null,"barrier":null,"fax":null,"email":null,"healthcare:speciality":null,"name:mr":null,"name:hi":null,"name:en":null,"wikipedia":null,"wikimedia_commons":null,"addr:housenumber":null,"phone":null,"description":null,"alias":null,"name:kn":null,"wikidata":null,"internet_access":null,"check_date":null,"addr:subdistrict":null,"addr:street":null,"website":null,"contact:phone":null,"addr:city":null,"addr:state":"Maharastra","addr:postcode":"442605","addr:full":"Ashirwad Nagar, Gadchiroli","addr:district":"Gadchiroli","name:etymology:wikidata":null,"healthcare":null,"emergency":null,"addr:country":null,"postal_code":null,"population":null,"name:te":null,"name":"Chalakh Hospital","is_in":null,"alt_name":null,"AND_a_nosr_p":null},"geometry":{"type":"Point","coordinates":[80.0054316,20.1820502]}},
{"type":"Feature","properties":{"full_id":"n7625491677","osm_id":"7625491677","osm_type":"node","amenity":"hospital","ref":null,"phone:mobile":null,"loc_name:en":null,"medical_supply":null,"loc_name":null,"short_name:en":null,"short_name":null,"payment:google_pay":null,"payment:coins":null,"service":null,"payment:visa":null,"payment:mastercard":null,"payment:contactless":null,"payment:app":null,"internet_access:ssid":null,"payment:upi":null,"contact:facebook":null,"services":null,"payment:wallets":null,"payment:cards":null,"operational_status_quality":null,"building:use":null,"building:levels:underground":null,"building:levels":null,"parking":null,"brand":null,"entrance":null,"air_conditioning":null,"addr:floor":null,"image":null,"not:operator:wikidata":null,"mobile":null,"name:es":null,"addr:city:ur":null,"ele":null,"locality":null,"addr:landmark":null,"power":null,"natural":null,"opening_hours:covid19":null,"closing_hours":null,"survey:date":null,"geometry":null,"name:pa":null,"operator:short":null,"contact:helpline":null,"contact:website":null,"addr:quarter":null,"addr:neighbourhood":null,"aeroway":null,"old_name":null,"contact:tollfree":null,"start_date":null,"internet_access:fee":null,"operator:wikidata":null,"level":null,"payment:debit_cards":null,"payment:credit_cards":null,"payment:cash":null,"motor_vehicle":null,"horse":null,"access":null,"addr:unit":null,"addr:locality":null,"shop":null,"highway":null,"emergency_telephone_code":null,"opening_hours":null,"operational_status":null,"building":null,"addr:housename":null,"addr":null,"place":null,"name:ur":null,"contact:email":null,"addr:suburb":null,"health_facility:type":null,"designation":null,"contact:mobile":null,"addr:block":null,"wheelchair":null,"medical_system":null,"operator":null,"addr:place":null,"speciality":null,"operator:type":null,"foot":null,"bicycle":null,"barrier":null,"fax":null,"email":null,"healthcare:speciality":null,"name:mr":null,"name:hi":null,"name:en":null,"wikipedia":null,"wikimedia_commons":null,"addr:housenumber":null,"phone":null,"description":null,"alias":null,"name:kn":null,"wikidata":null,"internet_access":null,"check_date":null,"addr:subdistrict":null,"addr:street":null,"website":null,"contact:phone":null,"addr:city":null,"addr:state":"Maharastra","addr:postcode":"442605","addr:full":"Chamorshi Road, Ashirwad Nagar, Gadchiroli","addr:district":"Gadchiroli","name:etymology:wikidata":null,"healthcare":null,"emergency":null,"addr:country":null,"postal_code":null,"population":null,"name:te":null,"name":"Shri Markandey Hospital","is_in":null,"alt_name":null,"AND_a_nosr_p":null},"geometry":{"type":"Point","coordinates":[80.0057407,20.1821387]}},
{"type":"Feature","properties":{"full_id":"n7625491678","osm_id":"7625491678","osm_type":"node","amenity":"hospital","ref":null,"phone:mobile":null,"loc_name:en":null,"medical_supply":null,"loc_name":null,"short_name:en":null,"short_name":null,"payment:google_pay":null,"payment:coins":null,"service":null,"payment:visa":null,"payment:mastercard":null,"payment:contactless":null,"payment:app":null,"internet_access:ssid":null,"payment:upi":null,"contact:facebook":null,"services":null,"payment:wallets":null,"payment:cards":null,"operational_status_quality":null,"building:use":null,"building:levels:underground":null,"building:levels":null,"parking":null,"brand":null,"entrance":null,"air_conditioning":null,"addr:floor":null,"image":null,"not:operator:wikidata":null,"mobile":null,"name:es":null,"addr:city:ur":null,"ele":null,"locality":null,"addr:landmark":null,"power":null,"natural":null,"opening_hours:covid19":null,"closing_hours":null,"survey:date":null,"geometry":null,"name:pa":null,"operator:short":null,"contact:helpline":null,"contact:website":null,"addr:quarter":null,"addr:neighbourhood":null,"aeroway":null,"old_name":null,"contact:tollfree":null,"start_date":null,"internet_access:fee":null,"operator:wikidata":null,"level":null,"payment:debit_cards":null,"payment:credit_cards":null,"payment:cash":null,"motor_vehicle":null,"horse":null,"access":null,"addr:unit":null,"addr:locality":null,"shop":null,"highway":null,"emergency_telephone_code":null,"opening_hours":null,"operational_status":null,"building":null,"addr:housename":null,"addr":null,"place":null,"name:ur":null,"contact:email":null,"addr:suburb":null,"health_facility:type":null,"designation":null,"contact:mobile":null,"addr:block":null,"wheelchair":null,"medical_system":null,"operator":null,"addr:place":null,"speciality":null,"operator:type":null,"foot":null,"bicycle":null,"barrier":null,"fax":null,"email":null,"healthcare:speciality":null,"name:mr":null,"name:hi":null,"name:en":null,"wikipedia":null,"wikimedia_commons":null,"addr:housenumber":null,"phone":null,"description":null,"alias":null,"name:kn":null,"wikidata":null,"internet_access":null,"check_date":null,"addr:subdistrict":null,"addr:street":null,"website":null,"contact:phone":null,"addr:city":null,"addr:state":"Maharastra","addr:postcode":"442605","addr:full":"Ashirwad Nagar, Gadchiroli","addr:district":"Gadchiroli","name:etymology:wikidata":null,"healthcare":null,"emergency":null,"addr:country":null,"postal_code":null,"population":null,"name:te":null,"name":"Dr. Thaware Hospital","is_in":null,"alt_name":null,"AND_a_nosr_p":null},"geometry":{"type":"Point","coordinates":[79.995492,20.18628]}},
{"type":"Feature","properties":{"full_id":"n7625491681","osm_id":"7625491681","osm_type":"node","amenity":"hospital","ref":null,"phone:mobile":null,"loc_name:en":null,"medical_supply":null,"loc_name":null,"short_name:en":null,"short_name":null,"payment:google_pay":null,"payment:coins":null,"service":null,"payment:visa":null,"payment:mastercard":null,"payment:contactless":null,"payment:app":null,"internet_access:ssid":null,"payment:upi":null,"contact:facebook":null,"services":null,"payment:wallets":null,"payment:cards":null,"operational_status_quality":null,"building:use":null,"building:levels:underground":null,"building:levels":null,"parking":null,"brand":null,"entrance":null,"air_conditioning":null,"addr:floor":null,"image":null,"not:operator:wikidata":null,"mobile":null,"name:es":null,"addr:city:ur":null,"ele":null,"locality":null,"addr:landmark":null,"power":null,"natural":null,"opening_hours:covid19":null,"closing_hours":null,"survey:date":null,"geometry":null,"name:pa":null,"operator:short":null,"contact:helpline":null,"contact:website":null,"addr:quarter":null,"addr:neighbourhood":null,"aeroway":null,"old_name":null,"contact:tollfree":null,"start_date":null,"internet_access:fee":null,"operator:wikidata":null,"level":null,"payment:debit_cards":null,"payment:credit_cards":null,"payment:cash":null,"motor_vehicle":null,"horse":null,"access":null,"addr:unit":null,"addr:locality":null,"shop":null,"highway":null,"emergency_telephone_code":null,"opening_hours":null,"operational_status":null,"building":null,"addr:housename":null,"addr":null,"place":null,"name:ur":null,"contact:email":null,"addr:suburb":null,"health_facility:type":null,"designation":null,"contact:mobile":null,"addr:block":null,"wheelchair":null,"medical_system":null,"operator":null,"addr:place":null,"speciality":null,"operator:type":null,"foot":null,"bicycle":null,"barrier":null,"fax":null,"email":null,"healthcare:speciality":null,"name:mr":null,"name:hi":null,"name:en":null,"wikipedia":null,"wikimedia_commons":null,"addr:housenumber":null,"phone":null,"description":null,"alias":null,"name:kn":null,"wikidata":null,"internet_access":null,"check_date":null,"addr:subdistrict":null,"addr:street":null,"website":null,"contact:phone":null,"addr:city":null,"addr:state":"Maharastra","addr:postcode":"442605","addr:full":"Ashirwad Nagar, Gadchiroli","addr:district":"Gadchiroli","name:etymology:wikidata":null,"healthcare":null,"emergency":null,"addr:country":null,"postal_code":null,"population":null,"name:te":null,"name":"Seva Surgical and Multispeciality Hospital","is_in":null,"alt_name":null,"AND_a_nosr_p":null},"geometry":{"type":"Point","coordinates":[80.00087,20.187709]}},
{"type":"Feature","properties":{"full_id":"n7625491685","osm_id":"7625491685","osm_type":"node","amenity":"hospital","ref":null,"phone:mobile":null,"loc_name:en":null,"medical_supply":null,"loc_name":null,"short_name:en":null,"short_name":null,"payment:google_pay":null,"payment:coins":null,"service":null,"payment:visa":null,"payment:mastercard":null,"payment:contactless":null,"payment:app":null,"internet_access:ssid":null,"payment:upi":null,"contact:facebook":null,"services":null,"payment:wallets":null,"payment:cards":null,"operational_status_quality":null,"building:use":null,"building:levels:underground":null,"building:levels":null,"parking":null,"brand":null,"entrance":null,"air_conditioning":null,"addr:floor":null,"image":null,"not:operator:wikidata":null,"mobile":null,"name:es":null,"addr:city:ur":null,"ele":null,"locality":null,"addr:landmark":null,"power":null,"natural":null,"opening_hours:covid19":null,"closing_hours":null,"survey:date":null,"geometry":null,"name:pa":null,"operator:short":null,"contact:helpline":null,"contact:website":null,"addr:quarter":null,"addr:neighbourhood":null,"aeroway":null,"old_name":null,"contact:tollfree":null,"start_date":null,"internet_access:fee":null,"operator:wikidata":null,"level":null,"payment:debit_cards":null,"payment:credit_cards":null,"payment:cash":null,"motor_vehicle":null,"horse":null,"access":null,"addr:unit":null,"addr:locality":null,"shop":null,"highway":null,"emergency_telephone_code":null,"opening_hours":null,"operational_status":null,"building":null,"addr:housename":null,"addr":null,"place":null,"name:ur":null,"contact:email":null,"addr:suburb":null,"health_facility:type":null,"designation":null,"contact:mobile":null,"addr:block":null,"wheelchair":null,"medical_system":null,"operator":null,"addr:place":null,"speciality":null,"operator:type":null,"foot":null,"bicycle":null,"barrier":null,"fax":null,"email":null,"healthcare:speciality":null,"name:mr":null,"name:hi":null,"name:en":null,"wikipedia":null,"wikimedia_commons":null,"addr:housenumber":null,"phone":null,"description":null,"alias":null,"name:kn":null,"wikidata":null,"internet_access":null,"check_date":null,"addr:subdistrict":null,"addr:street":null,"website":null,"contact:phone":null,"addr:city":null,"addr:state":"Maharastra","addr:postcode":"442605","addr:full":"Gokul Nagar, Gadchiroli","addr:district":"Gadchiroli","name:etymology:wikidata":null,"healthcare":null,"emergency":null,"addr:country":null,"postal_code":null,"population":null,"name:te":null,"name":"Dr. Mallick Hospital","is_in":null,"alt_name":null,"AND_a_nosr_p":null},"geometry":{"type":"Point","coordinates":[79.989989,20.176683]}},
{"type":"Feature","properties":{"full_id":"n7625491687","osm_id":"7625491687","osm_type":"node","amenity":"hospital","ref":null,"phone:mobile":null,"loc_name:en":null,"medical_supply":null,"loc_name":null,"short_name:en":null,"short_name":null,"payment:google_pay":null,"payment:coins":null,"service":null,"payment:visa":null,"payment:mastercard":null,"payment:contactless":null,"payment:app":null,"internet_access:ssid":null,"payment:upi":null,"contact:facebook":null,"services":null,"payment:wallets":null,"payment:cards":null,"operational_status_quality":null,"building:use":null,"building:levels:underground":null,"building:levels":null,"parking":null,"brand":null,"entrance":null,"air_conditioning":null,"addr:floor":null,"image":null,"not:operator:wikidata":null,"mobile":null,"name:es":null,"addr:city:ur":null,"ele":null,"locality":null,"addr:landmark":null,"power":null,"natural":null,"opening_hours:covid19":null,"closing_hours":null,"survey:date":null,"geometry":null,"name:pa":null,"operator:short":null,"contact:helpline":null,"contact:website":null,"addr:quarter":null,"addr:neighbourhood":null,"aeroway":null,"old_name":null,"contact:tollfree":null,"start_date":null,"internet_access:fee":null,"operator:wikidata":null,"level":null,"payment:debit_cards":null,"payment:credit_cards":null,"payment:cash":null,"motor_vehicle":null,"horse":null,"access":null,"addr:unit":null,"addr:locality":null,"shop":null,"highway":null,"emergency_telephone_code":null,"opening_hours":null,"operational_status":null,"building":null,"addr:housename":null,"addr":null,"place":null,"name:ur":null,"contact:email":null,"addr:suburb":null,"health_facility:type":null,"designation":null,"contact:mobile":null,"addr:block":null,"wheelchair":null,"medical_system":null,"operator":null,"addr:place":null,"speciality":null,"operator:type":null,"foot":null,"bicycle":null,"barrier":null,"fax":null,"email":null,"healthcare:speciality":null,"name:mr":null,"name:hi":null,"name:en":null,"wikipedia":null,"wikimedia_commons":null,"addr:housenumber":null,"phone":null,"description":null,"alias":null,"name:kn":null,"wikidata":null,"internet_access":null,"check_date":null,"addr:subdistrict":null,"addr:street":null,"website":null,"contact:phone":null,"addr:city":null,"addr:state":"Maharastra","addr:postcode":"441207","addr:full":"Brahmapuri - Wadsa Road, Desaiganj","addr:district":"Gadchiroli","name:etymology:wikidata":null,"healthcare":null,"emergency":null,"addr:country":null,"postal_code":null,"population":null,"name:te":null,"name":"Sahare Hospital & Pathology Centre","is_in":null,"alt_name":null,"AND_a_nosr_p":null},"geometry":{"type":"Point","coordinates":[79.954487,20.6236941]}},
{"type":"Feature","properties":{"full_id":"n7625491693","osm_id":"7625491693","osm_type":"node","amenity":"hospital","ref":null,"phone:mobile":null,"loc_name:en":null,"medical_supply":null,"loc_name":null,"short_name:en":null,"short_name":null,"payment:google_pay":null,"payment:coins":null,"service":null,"payment:visa":null,"payment:mastercard":null,"payment:contactless":null,"payment:app":null,"internet_access:ssid":null,"payment:upi":null,"contact:facebook":null,"services":null,"payment:wallets":null,"payment:cards":null,"operational_status_quality":null,"building:use":null,"building:levels:underground":null,"building:levels":null,"parking":null,"brand":null,"entrance":null,"air_conditioning":null,"addr:floor":null,"image":null,"not:operator:wikidata":null,"mobile":null,"name:es":null,"addr:city:ur":null,"ele":null,"locality":null,"addr:landmark":null,"power":null,"natural":null,"opening_hours:covid19":null,"closing_hours":null,"survey:date":null,"geometry":null,"name:pa":null,"operator:short":null,"contact:helpline":null,"contact:website":null,"addr:quarter":null,"addr:neighbourhood":null,"aeroway":null,"old_name":null,"contact:tollfree":null,"start_date":null,"internet_access:fee":null,"operator:wikidata":null,"level":null,"payment:debit_cards":null,"payment:credit_cards":null,"payment:cash":null,"motor_vehicle":null,"horse":null,"access":null,"addr:unit":null,"addr:locality":null,"shop":null,"highway":null,"emergency_telephone_code":null,"opening_hours":null,"operational_status":null,"building":null,"addr:housename":null,"addr":null,"place":null,"name:ur":null,"contact:email":null,"addr:suburb":null,"health_facility:type":null,"designation":null,"contact:mobile":null,"addr:block":null,"wheelchair":null,"medical_system":null,"operator":null,"addr:place":null,"speciality":null,"operator:type":null,"foot":null,"bicycle":null,"barrier":null,"fax":null,"email":null,"healthcare:speciality":null,"name:mr":null,"name:hi":null,"name:en":null,"wikipedia":null,"wikimedia_commons":null,"addr:housenumber":null,"phone":null,"description":null,"alias":null,"name:kn":null,"wikidata":null,"internet_access":null,"check_date":null,"addr:subdistrict":null,"addr:street":null,"website":null,"contact:phone":null,"addr:city":null,"addr:state":"Maharastra","addr:postcode":"441207","addr:full":"Desaiganj","addr:district":"Gadchiroli","name:etymology:wikidata":null,"healthcare":null,"emergency":null,"addr:country":null,"postal_code":null,"population":null,"name:te":null,"name":"Dr. Paapadkar Hospital","is_in":null,"alt_name":null,"AND_a_nosr_p":null},"geometry":{"type":"Point","coordinates":[79.9594289,20.6287999]}},
{"type":"Feature","properties":{"full_id":"n7625491696","osm_id":"7625491696","osm_type":"node","amenity":"hospital","ref":null,"phone:mobile":null,"loc_name:en":null,"medical_supply":null,"loc_name":null,"short_name:en":null,"short_name":null,"payment:google_pay":null,"payment:coins":null,"service":null,"payment:visa":null,"payment:mastercard":null,"payment:contactless":null,"payment:app":null,"internet_access:ssid":null,"payment:upi":null,"contact:facebook":null,"services":null,"payment:wallets":null,"payment:cards":null,"operational_status_quality":null,"building:use":null,"building:levels:underground":null,"building:levels":null,"parking":null,"brand":null,"entrance":null,"air_conditioning":null,"addr:floor":null,"image":null,"not:operator:wikidata":null,"mobile":null,"name:es":null,"addr:city:ur":null,"ele":null,"locality":null,"addr:landmark":null,"power":null,"natural":null,"opening_hours:covid19":null,"closing_hours":null,"survey:date":null,"geometry":null,"name:pa":null,"operator:short":null,"contact:helpline":null,"contact:website":null,"addr:quarter":null,"addr:neighbourhood":null,"aeroway":null,"old_name":null,"contact:tollfree":null,"start_date":null,"internet_access:fee":null,"operator:wikidata":null,"level":null,"payment:debit_cards":null,"payment:credit_cards":null,"payment:cash":null,"motor_vehicle":null,"horse":null,"access":null,"addr:unit":null,"addr:locality":null,"shop":null,"highway":null,"emergency_telephone_code":null,"opening_hours":null,"operational_status":null,"building":null,"addr:housename":null,"addr":null,"place":null,"name:ur":null,"contact:email":null,"addr:suburb":null,"health_facility:type":null,"designation":null,"contact:mobile":null,"addr:block":null,"wheelchair":null,"medical_system":null,"operator":null,"addr:place":null,"speciality":null,"operator:type":null,"foot":null,"bicycle":null,"barrier":null,"fax":null,"email":null,"healthcare:speciality":null,"name:mr":null,"name:hi":null,"name:en":null,"wikipedia":null,"wikimedia_commons":null,"addr:housenumber":null,"phone":null,"description":null,"alias":null,"name:kn":null,"wikidata":null,"internet_access":null,"check_date":null,"addr:subdistrict":null,"addr:street":null,"website":null,"contact:phone":null,"addr:city":null,"addr:state":"Maharastra","addr:postcode":"442605","addr:full":"Pottegaon Bypass Road, Shahu Nagar, Saiprem Nagar, Gadchiroli","addr:district":"Gadchiroli","name:etymology:wikidata":null,"healthcare":null,"emergency":null,"addr:country":null,"postal_code":null,"population":null,"name:te":null,"name":"Lifeline Hospital & Ayurvedic Panchakarma Centre","is_in":null,"alt_name":null,"AND_a_nosr_p":null},"geometry":{"type":"Point","coordinates":[80.01218,20.176169]}},
{"type":"Feature","properties":{"full_id":"n7755262352","osm_id":"7755262352","osm_type":"node","amenity":"hospital","ref":null,"phone:mobile":null,"loc_name:en":null,"medical_supply":null,"loc_name":null,"short_name:en":null,"short_name":null,"payment:google_pay":null,"payment:coins":null,"service":null,"payment:visa":null,"payment:mastercard":null,"payment:contactless":null,"payment:app":null,"internet_access:ssid":null,"payment:upi":null,"contact:facebook":null,"services":null,"payment:wallets":null,"payment:cards":null,"operational_status_quality":null,"building:use":null,"building:levels:underground":null,"building:levels":null,"parking":null,"brand":null,"entrance":null,"air_conditioning":null,"addr:floor":null,"image":null,"not:operator:wikidata":null,"mobile":null,"name:es":null,"addr:city:ur":null,"ele":null,"locality":null,"addr:landmark":null,"power":null,"natural":null,"opening_hours:covid19":null,"closing_hours":null,"survey:date":null,"geometry":null,"name:pa":null,"operator:short":null,"contact:helpline":null,"contact:website":null,"addr:quarter":null,"addr:neighbourhood":null,"aeroway":null,"old_name":null,"contact:tollfree":null,"start_date":null,"internet_access:fee":null,"operator:wikidata":null,"level":null,"payment:debit_cards":null,"payment:credit_cards":null,"payment:cash":null,"motor_vehicle":null,"horse":null,"access":null,"addr:unit":null,"addr:locality":null,"shop":null,"highway":null,"emergency_telephone_code":null,"opening_hours":null,"operational_status":null,"building":null,"addr:housename":null,"addr":null,"place":null,"name:ur":null,"contact:email":null,"addr:suburb":null,"health_facility:type":null,"designation":null,"contact:mobile":null,"addr:block":null,"wheelchair":null,"medical_system":null,"operator":null,"addr:place":null,"speciality":null,"operator:type":null,"foot":null,"bicycle":null,"barrier":null,"fax":null,"email":null,"healthcare:speciality":null,"name:mr":null,"name:hi":null,"name:en":null,"wikipedia":null,"wikimedia_commons":null,"addr:housenumber":null,"phone":null,"description":null,"alias":null,"name:kn":null,"wikidata":null,"internet_access":null,"check_date":null,"addr:subdistrict":null,"addr:street":null,"website":null,"contact:phone":null,"addr:city":null,"addr:state":"Maharashtra","addr:postcode":"442703","addr:full":"Nagepalli","addr:district":"Gadchiroli","name:etymology:wikidata":null,"healthcare":"hospital","emergency":null,"addr:country":null,"postal_code":null,"population":null,"name:te":null,"name":"Government Hospital, Nagepalli","is_in":null,"alt_name":null,"AND_a_nosr_p":null},"geometry":{"type":"Point","coordinates":[80.0602266,19.431903]}},
{"type":"Feature","properties":{"full_id":"n7764026092","osm_id":"7764026092","osm_type":"node","amenity":"hospital","ref":null,"phone:mobile":null,"loc_name:en":null,"medical_supply":null,"loc_name":null,"short_name:en":null,"short_name":null,"payment:google_pay":null,"payment:coins":null,"service":null,"payment:visa":null,"payment:mastercard":null,"payment:contactless":null,"payment:app":null,"internet_access:ssid":null,"payment:upi":null,"contact:facebook":null,"services":null,"payment:wallets":null,"payment:cards":null,"operational_status_quality":null,"building:use":null,"building:levels:underground":null,"building:levels":null,"parking":null,"brand":null,"entrance":null,"air_conditioning":null,"addr:floor":null,"image":null,"not:operator:wikidata":null,"mobile":null,"name:es":null,"addr:city:ur":null,"ele":null,"locality":null,"addr:landmark":null,"power":null,"natural":null,"opening_hours:covid19":null,"closing_hours":null,"survey:date":null,"geometry":null,"name:pa":null,"operator:short":null,"contact:helpline":null,"contact:website":null,"addr:quarter":null,"addr:neighbourhood":null,"aeroway":null,"old_name":null,"contact:tollfree":null,"start_date":null,"internet_access:fee":null,"operator:wikidata":null,"level":null,"payment:debit_cards":null,"payment:credit_cards":null,"payment:cash":null,"motor_vehicle":null,"horse":null,"access":null,"addr:unit":null,"addr:locality":null,"shop":null,"highway":null,"emergency_telephone_code":null,"opening_hours":null,"operational_status":null,"building":null,"addr:housename":null,"addr":null,"place":null,"name:ur":null,"contact:email":null,"addr:suburb":null,"health_facility:type":null,"designation":null,"contact:mobile":null,"addr:block":null,"wheelchair":null,"medical_system":null,"operator":null,"addr:place":null,"speciality":null,"operator:type":null,"foot":null,"bicycle":null,"barrier":null,"fax":null,"email":null,"healthcare:speciality":null,"name:mr":null,"name:hi":null,"name:en":null,"wikipedia":null,"wikimedia_commons":null,"addr:housenumber":null,"phone":null,"description":null,"alias":null,"name:kn":null,"wikidata":null,"internet_access":null,"check_date":null,"addr:subdistrict":null,"addr:street":null,"website":null,"contact:phone":null,"addr:city":null,"addr:state":"Maharashtra","addr:postcode":"442709","addr:full":"Metigudam","addr:district":"Gadchiroli","name:etymology:wikidata":null,"healthcare":null,"emergency":null,"addr:country":null,"postal_code":null,"population":null,"name:te":null,"name":"Government Hospital, Metigudam","is_in":null,"alt_name":null,"AND_a_nosr_p":null},"geometry":{"type":"Point","coordinates":[80.2738575,19.0112446]}},
{"type":"Feature","properties":{"full_id":"n7768636504","osm_id":"7768636504","osm_type":"node","amenity":"hospital","ref":null,"phone:mobile":null,"loc_name:en":null,"medical_supply":null,"loc_name":null,"short_name:en":null,"short_name":null,"payment:google_pay":null,"payment:coins":null,"service":null,"payment:visa":null,"payment:mastercard":null,"payment:contactless":null,"payment:app":null,"internet_access:ssid":null,"payment:upi":null,"contact:facebook":null,"services":null,"payment:wallets":null,"payment:cards":null,"operational_status_quality":null,"building:use":null,"building:levels:underground":null,"building:levels":null,"parking":null,"brand":null,"entrance":null,"air_conditioning":null,"addr:floor":null,"image":null,"not:operator:wikidata":null,"mobile":null,"name:es":null,"addr:city:ur":null,"ele":null,"locality":null,"addr:landmark":null,"power":null,"natural":null,"opening_hours:covid19":null,"closing_hours":null,"survey:date":null,"geometry":null,"name:pa":null,"operator:short":null,"contact:helpline":null,"contact:website":null,"addr:quarter":null,"addr:neighbourhood":null,"aeroway":null,"old_name":null,"contact:tollfree":null,"start_date":null,"internet_access:fee":null,"operator:wikidata":null,"level":null,"payment:debit_cards":null,"payment:credit_cards":null,"payment:cash":null,"motor_vehicle":null,"horse":null,"access":null,"addr:unit":null,"addr:locality":null,"shop":null,"highway":null,"emergency_telephone_code":null,"opening_hours":null,"operational_status":null,"building":null,"addr:housename":null,"addr":null,"place":null,"name:ur":null,"contact:email":null,"addr:suburb":null,"health_facility:type":null,"designation":null,"contact:mobile":null,"addr:block":null,"wheelchair":null,"medical_system":null,"operator":null,"addr:place":null,"speciality":null,"operator:type":null,"foot":null,"bicycle":null,"barrier":null,"fax":null,"email":null,"healthcare:speciality":null,"name:mr":null,"name:hi":null,"name:en":null,"wikipedia":null,"wikimedia_commons":null,"addr:housenumber":null,"phone":null,"description":null,"alias":null,"name:kn":null,"wikidata":null,"internet_access":null,"check_date":null,"addr:subdistrict":null,"addr:street":null,"website":null,"contact:phone":null,"addr:city":null,"addr:state":"Maharashtra","addr:postcode":"442504","addr:full":"Asaralli","addr:district":"Gadchiroli","name:etymology:wikidata":null,"healthcare":null,"emergency":null,"addr:country":null,"postal_code":null,"population":null,"name:te":null,"name":"Government Hospital, Asaralli","is_in":null,"alt_name":null,"AND_a_nosr_p":null},"geometry":{"type":"Point","coordinates":[80.1963118,18.7290667]}},
{"type":"Feature","properties":{"full_id":"n13587061091","osm_id":"13587061091","osm_type":"node","amenity":"hospital","ref":null,"phone:mobile":null,"loc_name:en":null,"medical_supply":null,"loc_name":null,"short_name:en":null,"short_name":null,"payment:google_pay":null,"payment:coins":null,"service":null,"payment:visa":null,"payment:mastercard":null,"payment:contactless":null,"payment:app":null,"internet_access:ssid":null,"payment:upi":null,"contact:facebook":null,"services":null,"payment:wallets":null,"payment:cards":null,"operational_status_quality":null,"building:use":null,"building:levels:underground":null,"building:levels":null,"parking":null,"brand":null,"entrance":null,"air_conditioning":null,"addr:floor":null,"image":null,"not:operator:wikidata":null,"mobile":null,"name:es":null,"addr:city:ur":null,"ele":null,"locality":null,"addr:landmark":null,"power":null,"natural":null,"opening_hours:covid19":null,"closing_hours":null,"survey:date":null,"geometry":null,"name:pa":null,"operator:short":null,"contact:helpline":null,"contact:website":null,"addr:quarter":null,"addr:neighbourhood":null,"aeroway":null,"old_name":null,"contact:tollfree":null,"start_date":null,"internet_access:fee":null,"operator:wikidata":null,"level":null,"payment:debit_cards":null,"payment:credit_cards":null,"payment:cash":null,"motor_vehicle":null,"horse":null,"access":null,"addr:unit":null,"addr:locality":null,"shop":null,"highway":null,"emergency_telephone_code":null,"opening_hours":null,"operational_status":null,"building":null,"addr:housename":null,"addr":null,"place":null,"name:ur":null,"contact:email":null,"addr:suburb":null,"health_facility:type":null,"designation":null,"contact:mobile":null,"addr:block":null,"wheelchair":null,"medical_system":null,"operator":null,"addr:place":null,"speciality":null,"operator:type":null,"foot":null,"bicycle":null,"barrier":null,"fax":null,"email":null,"healthcare:speciality":"physiotherapy","name:mr":null,"name:hi":null,"name:en":null,"wikipedia":null,"wikimedia_commons":null,"addr:housenumber":null,"phone":null,"description":null,"alias":null,"name:kn":null,"wikidata":null,"internet_access":null,"check_date":null,"addr:subdistrict":null,"addr:street":null,"website":null,"contact:phone":null,"addr:city":null,"addr:state":null,"addr:postcode":null,"addr:full":null,"addr:district":null,"name:etymology:wikidata":null,"healthcare":"hospital","emergency":null,"addr:country":null,"postal_code":null,"population":null,"name:te":null,"name":"Vikttubaba physiotherapy clinic, wadsa","is_in":null,"alt_name":null,"AND_a_nosr_p":null},"geometry":{"type":"Point","coordinates":[79.9513204,20.6224526]}}
]
}
