{
"type": "FeatureCollection",
"name": "river_network_in_district",
"crs": { "type": "name", "properties": { "name": "urn:ogc:def:crs:OGC:1.3:CRS84" } },
"features": [
{"type":"Feature","properties":{"fid":1,"id":null,"Name":null,"description":null,"timestamp":null,"begin":null,"end":null,"altitudeMode":null,"tessellate":-1,"extrude":0,"visibility":-1,"drawOrder":null,"icon":null,"OBJECTID":506.0,"rivname":"Wainganga River","sub_basin":"Weinganga","ba_name":"Godavari","length_km":634.29831799,"origin":"Origin In Seoni District In Madhya Pradesh","major_trib":"Penganga, Vena","st_pt_lat":21.9204080359,"st_pt_long":79.5322372137,"st_loc_ste":"Madhya Pradesh","st_loc_dst":"Seoni","st_loc_sb_":"Kurai","st_loc_vil":"Mohgaon","en_pt_lat":19.5740228234,"en_pt_long":79.816888218800003,"en_loc_ste":"Maharashtra","en_loc_dst":"Gadchiroli","en_loc_sb_":"Chamorshi","en_loc_vil":"Chaparala","lat":21.55951794,"long":79.96843094,"UID_River":"6541","state_al":"Maharashtra,Madhya Pradesh","Confluence":"Pranhitha","remark":null,"Shape_Leng":634298.31799000001},"geometry":{"type":"MultiLineString","coordinates":[[[79.921591038979088,21.52174348080829],[79.921591138484501,21.521738614687099],[79.921873681904202,21.520750183688701],[79.922176404625603,21.520276139892001],[79.922821985249698,21.519539292197074]],[[79.923436145943057,21.518502673081258],[79.923450956257,21.5184595083918],[79.922984861544705,21.517207372728201],[79.922954417369297,21.516440303691098],[79.923095738859601,21.515130856808799],[79.923707011613601,21.513856422281499],[79.924339928325793,21.512163062189099],[79.925113737403507,21.5110646720197],[79.926030092385005,21.510067984622602],[79.926480078212805,21.509676152255299],[79.926987272663155,21.509349297235975]],[[79.902326103577153,21.466515943907542],[79.902248852075303,21.4665136057795],[79.900701231267803,21.466839055091601],[79.900293963195296,21.466839054559401],[79.899784877967207,21.466737352048899],[79.899418337866905,21.466533946240698],[79.898990704279797,21.4661881568619],[79.897419848221006,21.464598222943099],[79.896542846414903,21.463413528572399],[79.896115215697293,21.462660928776],[79.895911579972505,21.461969350432302],[79.895816498404528,21.460879573811464]],[[79.891091130800419,21.456783902047633],[79.890977729884199,21.456815618441301],[79.890037424145703,21.456607388709099],[79.889624068877396,21.4563850677131],[79.8887178876532,21.456258037825599],[79.887938888302202,21.456019828560098],[79.887684478369593,21.4558927803632],[79.887223457483699,21.455352864720201],[79.887111179093395,21.454824457328002],[79.887127127924899,21.453088577566],[79.887047610272504,21.4520404861636],[79.886697688346004,21.451068045109199],[79.886268428846904,21.4504487278741],[79.886125344220503,21.450035841562901],[79.886475130526406,21.4477933306921],[79.886475130457626,21.447685718481438]],[[79.881749750565504,21.441960120233947],[79.880556481774406,21.4409199878165],[79.880063608774506,21.4403483160152],[79.880031847740895,21.4401895086054],[79.880086040031273,21.439824230066531]],[[79.855812613673905,21.415508027302579],[79.852778554906195,21.415807342638601],[79.851334789767705,21.415784812578199],[79.850567832083101,21.4156946750829],[79.8497782906732,21.415401747546401],[79.845639925867999,21.413252336390499],[79.840695935007901,21.410313850404499],[79.839771033305794,21.409570284429702],[79.838710314964104,21.408216878139498],[79.838394470950703,21.407585962314499],[79.8366548090506,21.404921859772799],[79.835932971785198,21.4034121794271],[79.835705668908986,21.402756036057312]],[[79.800613032165359,21.381320079164986],[79.799705514068506,21.381337852133601],[79.799344595207998,21.381427990954901],[79.799065237682299,21.381585558646801],[79.798253114386398,21.382622052649701],[79.797644056230297,21.3831402995575],[79.797283136777594,21.3833430882793],[79.796245455241106,21.3834332273576],[79.795771713000704,21.3834106964432],[79.794937051343894,21.383230437454099],[79.794099255568099,21.382860961252501],[79.793625511597099,21.3824553648886],[79.792362000706504,21.381055498326099],[79.791955917085005,21.380131655171802],[79.791798019486393,21.379050101671801],[79.791753260475105,21.377940649293301],[79.791956279670501,21.3758000530791],[79.792181837009693,21.375056487350399],[79.792520218216893,21.374380493457998],[79.794709995953099,21.371874459672298],[79.795183737193199,21.371018224624599],[79.795431878476407,21.369508526636199],[79.795206230474804,21.368284341457102],[79.795273933682296,21.366436672153],[79.795476952833098,21.3656930883873],[79.795882991812704,21.364881912865901],[79.796268402414,21.364332428853501],[79.797441399464901,21.363025538222399],[79.797824900893602,21.362146773135301],[79.798231439722201,21.3608333473714],[79.798412331950999,21.359025317007301],[79.798683009288197,21.3577409552279],[79.798683007920303,21.356817113437199],[79.798592813395601,21.356298865272201],[79.798141653757,21.355375022230401],[79.797779780288394,21.354960665598099],[79.796358597916296,21.353676303624901],[79.794777471659998,21.351959453567101],[79.794506749234799,21.351553858029899],[79.794100390091401,21.350153812126901],[79.793468749099304,21.349094787772099],[79.792904265074995,21.347130662719199],[79.792475643763794,21.3460716378715],[79.792069604415104,21.345102735074001],[79.7914587736134,21.344124873954399],[79.789924812700306,21.342570114158701],[79.788638990425497,21.3417138785452],[79.788097590305497,21.341128024260701],[79.787442593338895,21.3400204566627],[79.787420055235103,21.339727528799902],[79.787691051133294,21.338165517797101],[79.787894070783196,21.3374670112179],[79.787894071471399,21.336069981845],[79.787803829377395,21.335551735250299],[79.787487485996294,21.334600029916501],[79.786855889878595,21.331648258378301],[79.786268596935003,21.327740367032401],[79.785455836029101,21.319769330452001],[79.784913253683797,21.316880446801001],[79.784371852895504,21.316069271145299],[79.7827919537784,21.314734123190899],[79.781776810844207,21.313089226559701],[79.780828598084298,21.3105598188613],[79.779699403054806,21.305344550118701],[79.779451263312296,21.304758695266798],[79.778817213675396,21.303559588883498],[79.775854117251001,21.3004464634089],[79.774375046002802,21.2980739947435],[79.773609361210603,21.296437679694002],[79.773538113095299,21.295921874049899],[79.773555925127695,21.294463429456599],[79.773323597068796,21.293425911588301],[79.7726825499375,21.2922876098907],[79.772218622075599,21.2910552746335],[79.771506371451693,21.289739102182502],[79.770400260577503,21.2882750560393],[79.769438734970905,21.286834383658],[79.768904512355903,21.286211870576999],[79.767958435718697,21.285334864775901],[79.767584475752201,21.284890220568698],[79.766818836089001,21.28428549901],[79.763682937554705,21.282791005614399],[79.762899440637796,21.282524216634101],[79.762507713847,21.282470862626699],[79.761635202622003,21.282453071012501],[79.760459979055398,21.282666506766599],[79.759373814327006,21.282559780130899],[79.758679376870106,21.282257427098799],[79.757984938515307,21.281794994403199],[79.757500835983606,21.281396937876],[79.757144687564093,21.280845569542301],[79.757020050251498,21.280560989190899],[79.756966614422495,21.280134119658801],[79.756930854638995,21.279005978743399],[79.756806216412201,21.278098884792499],[79.756448841700902,21.2771548273188],[79.755896853987593,21.2763366687341],[79.755879042098101,21.2760876711096],[79.755914665485406,21.275874235899501],[79.756591292239307,21.2750205146789],[79.757465302541902,21.273395365307099],[79.758017291280794,21.271847965819099],[79.758231215847104,21.270987423403199],[79.758284651908696,21.270347119046001],[79.758266840581896,21.269528960675402],[79.758017564363001,21.268604093315599],[79.757410321894596,21.267211264713101],[79.756466563141601,21.265806156421199],[79.755843372891206,21.265059142949301],[79.7539786641956,21.2632999968937],[79.751129891835504,21.2610619555503],[79.748725190646397,21.258588559661799],[79.748213052203894,21.258013063259099],[79.747892937731606,21.257501512240101],[79.747668880295194,21.257021916868101],[79.746868433658605,21.2537848121836],[79.746868433720906,21.253113396569699],[79.747412606122396,21.2505556246388],[79.747476629431105,21.2497883065782],[79.747412606077305,21.2487332140165],[79.746322988225899,21.246870825599],[79.745010632333404,21.244089259976999],[79.744562516763196,21.243449817289701],[79.743794332256897,21.2425865810525],[79.743026102330205,21.242106985224702],[79.739344859867799,21.2409674537687],[79.738467218867797,21.240923591550999],[79.737131211133402,21.241038697018599],[79.731546645782402,21.241864055453],[79.727242724978595,21.242627476549199],[79.725863150278499,21.242528618550701],[79.725476988510593,21.242397035942702],[79.724274282521094,21.241703894555101],[79.723071915176703,21.240589819042299],[79.722229375142504,21.239440652295599],[79.720270649556696,21.236242859321901],[79.719399227043297,21.235248004423099],[79.718301991515105,21.234398065029001],[79.714656793859504,21.2320700634322],[79.713769815237697,21.231367146545502],[79.713567958292103,21.231139069842101],[79.713285960305299,21.229584462355799],[79.713110094794501,21.2291103816647],[79.712372875762696,21.228496322695001],[79.709078911247303,21.2270023195466],[79.698766177222396,21.2228570159293],[79.697967523624598,21.222778064308301],[79.697212748703194,21.222865788156],[79.693532320511096,21.223751437449799],[79.692795104402407,21.223760209036399],[79.6918121419627,21.2235935360229],[79.689969096425997,21.222698766958501],[79.689310860587895,21.222470688233201],[79.689082674684499,21.2223040150987],[79.688273286082193,21.2209748208546],[79.687816913763299,21.219808111582001],[79.686771487024103,21.215268042638701],[79.686612755576306,21.210164783885201],[79.685953913627003,21.205659299598999],[79.686032901130204,21.205299635457202],[79.686278645177296,21.204817163559099],[79.687561232979206,21.203287941267099],[79.687745542019499,21.2029107345518],[79.687745542336501,21.2026212510116],[79.688078945838598,21.201276507947],[79.688377343333798,21.200662450630698],[79.691688012136197,21.197781642200599],[79.693234351095796,21.1962256121666],[79.693515195409006,21.1954624238832],[79.693412770585894,21.193161814614999],[79.692672456301906,21.191345543802001],[79.688818510254805,21.1861247597543],[79.688608257291506,21.185549598956801],[79.688563828919399,21.184541336042699],[79.688242916551005,21.183855567139801],[79.688373230424105,21.182768428292398],[79.688187634128298,21.182070054043901],[79.6887277282638,21.180736182332002],[79.688815925583796,21.1802562220841],[79.688512134882401,21.179119991790699],[79.688202161100406,21.1741697055493],[79.686018510116298,21.166458205343801],[79.685771379946402,21.163375688357601],[79.685893872942103,21.161419553457598],[79.685700346531206,21.159907254979299],[79.685224374072803,21.1583225000198],[79.684362307060994,21.1565816000263],[79.683113187380002,21.155051718334501],[79.681739540041903,21.153994508848001],[79.680859878086906,21.153414210046598],[79.679151547351594,21.1529903980332],[79.677427410473697,21.1527442117806],[79.675140294147397,21.152726624898499],[79.673891178215996,21.152585946173801],[79.673064298471502,21.1523749281628],[79.672307787944703,21.152075987429299],[79.669257265701205,21.150242403425501],[79.665668251648398,21.148220147140101],[79.664647845150796,21.147850865292401],[79.663820965916003,21.147657431563299],[79.662870931667797,21.147622263940601],[79.661252358114496,21.147428829032599],[79.658930054729893,21.1470595490722],[79.656335326537302,21.1463497969294],[79.652500008186195,21.144450634038002],[79.650192231148296,21.1429882380883],[79.649119047784296,21.1417572979929],[79.648292166807494,21.141036319919799],[79.645547628826606,21.139348176598102],[79.644456849598797,21.139014062996299],[79.642398442331199,21.138890969457002],[79.639347804129201,21.1391186222363],[79.637359772215405,21.138520735562999],[79.635055060054796,21.137483231013601],[79.632790685657298,21.135942704201],[79.630002503030894,21.1336053390235],[79.6285587079431,21.132160736916401],[79.627427374544894,21.130386938857299],[79.626249498709399,21.127764149430899],[79.6236877558255,21.122862573278901],[79.622935752266002,21.1219630262345],[79.622064182940505,21.1210023983962],[79.621460101622205,21.120542388588099],[79.619984765186004,21.118943988423901],[79.616013039204105,21.115144938797499],[79.612495702990898,21.111420179245901],[79.6107983812079,21.109741136216599],[79.605667832286898,21.105627957289901],[79.604326949877603,21.104203313579902],[79.603070935789404,21.103033072112598],[79.601332924910395,21.101630297877399],[79.6006051051464,21.100821011588099],[79.600150328873397,21.098936136343202],[79.600116380418001,21.096833091738201],[79.600404927652804,21.096002051856601],[79.601745810257199,21.094492607225199],[79.602458681294607,21.093373244811801],[79.6028516959515,21.0909020949675],[79.602987483371905,21.0891212906517],[79.602885764304304,21.084087794286901],[79.603106415586197,21.083019312904401],[79.603683505211194,21.081899949684299],[79.603853238729002,21.080865386655098],[79.603853239204099,21.079372903151199],[79.603458903096495,21.075559106556501],[79.602790575823406,21.073520393058299],[79.601476904163505,21.070823155876599],[79.599676336989006,21.0681429051957],[79.599978106651406,21.067435945564799],[79.6004522213819,21.065935589207101],[79.601401738565698,21.061666412732901],[79.601757322293395,21.060442436171599],[79.603180483382204,21.057251326528476]],[[79.606996279524495,21.049764226006737],[79.607502548342595,21.0487814252559],[79.608543889653504,21.046510544015099],[79.609755501981496,21.043575634867199],[79.614038827071298,21.032254362767102],[79.615553893766105,21.029023621877201],[79.617674221730795,21.025628080057601],[79.6210613831838,21.019658286603299],[79.623366909432093,21.015098329801098],[79.624552181255197,21.013163659803901],[79.624742563416689,21.012893460753347]],[[79.63422541762408,20.998106490876864],[79.635876588866594,20.994482635553901],[79.637157744708801,20.990608029119901],[79.637436766807568,20.989910933157613]],[[79.655051419823536,20.971621611606967],[79.655826585476902,20.969958946216799],[79.656821024363296,20.966764654972302],[79.657128825522804,20.964942728023701],[79.657129537554994,20.962185961806099],[79.656798060611905,20.959228285411001],[79.656700051398829,20.958716799144995]],[[79.640967556104656,20.919175087863852],[79.639318137430394,20.917375661871102],[79.638554661869321,20.91681768696888]],[[79.627078591433644,20.91111445549403],[79.623967111319004,20.909980634871399],[79.617574296306501,20.9073305572349],[79.615632778580604,20.906265794176001],[79.614606083402606,20.9055191956611],[79.6129013333709,20.903531636579601],[79.611930571525903,20.901780693669402],[79.611032314722891,20.899594075154425]],[[79.610939152451138,20.899248902116533],[79.61032161082035,20.896670723359211]],[[79.608334320264518,20.879248330680095],[79.608492621379796,20.8778821040558],[79.609712550755106,20.873720447804601],[79.611899105248099,20.867802813438701],[79.612178139908863,20.867178433549086]],[[79.612896894701549,20.865953275210703],[79.613845835067195,20.864619239564899],[79.614551084568106,20.862929298382699],[79.6164133177423,20.860675923346299],[79.616848180312303,20.860431981335999],[79.617733155137898,20.8601346760436],[79.617977290229305,20.859883110440901],[79.620214031822101,20.856392141277901],[79.621030345530599,20.8547836442524],[79.622878952397798,20.851482463579899],[79.624740459631198,20.849363211107001],[79.625555334422202,20.8480111992384],[79.625662907422097,20.8476457388632],[79.625652149572204,20.847355520247199],[79.625082015957901,20.846581604172101],[79.624974447070599,20.8459366731343],[79.624350528971902,20.844872536107101],[79.623952514467206,20.843765404455699],[79.623823427976504,20.8429054977838],[79.623823428235497,20.842464794376699],[79.623941755365493,20.841873607703],[79.627557279460206,20.8367374258928],[79.629399982014505,20.8339111611226],[79.629830270483694,20.833072750543199],[79.629970112590797,20.8324493173028],[79.630335857384907,20.831836633633198],[79.630949016824701,20.8312991918576],[79.631691263751307,20.830879985267401],[79.632143064975097,20.830374789671399],[79.632465779920906,20.829869594653999],[79.633157418556394,20.828257542658999],[79.633243477637393,20.827967324352301],[79.633264990101694,20.826548477420999],[79.633211204189493,20.826107774449302],[79.633039089884804,20.825828303111098],[79.632920758963905,20.825290861216999],[79.632565110516794,20.8212298726176],[79.632704953486694,20.820703180033199],[79.632715711382204,20.8200797469928],[79.632360724762805,20.819434815686002],[79.631758322947206,20.818693144455001],[79.631586205623194,20.818241691573299],[79.631692012778899,20.813719979936099],[79.632522802442296,20.8110024683285],[79.633125207615706,20.809852340125399],[79.633845937233104,20.8089816837687],[79.634469855635004,20.8077455664186],[79.635061500960404,20.806025750732999],[79.635590175225701,20.804060772565499],[79.635654716931001,20.803372846172699],[79.636353936445602,20.802373203572401],[79.638763544838,20.7998794709717],[79.639574551359701,20.799258534778399],[79.642059459927296,20.797990168913699],[79.643006092678206,20.797398982934599],[79.645404946608593,20.795421193995001],[79.650649067773102,20.791854458881399],[79.652201526948701,20.791011672437499],[79.653470878078807,20.790141015654701],[79.6546649256112,20.789055381379999],[79.656388124529002,20.787762179206201],[79.657377784558903,20.787149494791802],[79.658378203235301,20.786762536616699],[79.659249536658393,20.786655048342901],[79.660873871427199,20.786644299544101],[79.6621217047784,20.786386326737201],[79.663337266576605,20.785655404608601],[79.664068754827895,20.784752501732299],[79.665677464626896,20.782358801013999],[79.666559552924099,20.7811764273421],[79.668130100448494,20.779972556403202],[79.673117479930198,20.7771689254471],[79.675591632298307,20.775470605639299],[79.6790380009584,20.772797905994199],[79.680006147928594,20.771045843441701],[79.680705363072306,20.770454656251299],[79.682017742345494,20.769734485545801],[79.683308603118505,20.768681096340099],[79.684796509943595,20.766954537585399],[79.685366643173296,20.766632071781],[79.687098549453196,20.766546081807402],[79.687856528535505,20.7663852681417],[79.6887467950245,20.765978174434199],[79.6895314379681,20.7654504599235],[79.691455319310805,20.764915205412098],[79.692764790437494,20.764860158712501],[79.693142023709598,20.764686767542301],[79.693390994661698,20.7644606025653],[79.694500055823099,20.763156394307899],[79.694771662513602,20.763028235360199],[79.696687999136302,20.7628548431227],[79.698129025177806,20.762312050020402],[79.700230249631304,20.7611011487644],[79.701097880337301,20.760460351774899],[79.702018326611196,20.759917559764499],[79.702659619183507,20.7593596898942],[79.703008909741897,20.758594043907799],[79.703099445844401,20.7580587909505],[79.703310692161494,20.757546153937199],[79.704065156639501,20.757101364937],[79.706049395912203,20.757199369577499],[79.706924574159899,20.757161673856199],[79.708116626941603,20.756762118341999],[79.709125159163307,20.755807253264901],[79.709509937057604,20.7551363007804],[79.709616420177397,20.754448521298901],[79.709918206466696,20.753770029731001],[79.710507641343497,20.7529228106239],[79.711118754435503,20.752372478659101],[79.711631790950094,20.751317049684399],[79.712212728669797,20.7509174944243],[79.712635226082497,20.7507214863206],[79.713872546418699,20.7505782496969],[79.716769685449805,20.749944989928],[79.718729199771104,20.749896732747899],[79.721173660360705,20.749647952419998],[79.725992092999704,20.7496930377227],[79.727790632455196,20.749428113216801],[79.730242636818204,20.748221907435202],[79.732423036130498,20.747965586933301],[79.733240563746193,20.7476980139819],[79.734568415985905,20.7470119851295],[79.7352474343258,20.7463787272128],[79.735873639435098,20.7456173093716],[79.736744187192699,20.744209161340901],[79.737249676412503,20.7436362129407],[79.737755165785103,20.743191425326899],[79.7402599863901,20.741502737187901],[79.741047745571507,20.741061111314899],[79.745204837707007,20.739809673337401],[79.745740505870302,20.7394251941781],[79.747781690541501,20.737633136619301],[79.750776909110698,20.736276155093101],[79.7529723992632,20.735507198623999],[79.756351040810202,20.7339058836743],[79.758282466523795,20.733219854864402],[79.760349697211794,20.732903224999301],[79.7699166843245,20.7304705409198],[79.779051876143996,20.728588848645799],[79.779969867046603,20.727885775430199],[79.782753837300504,20.727116819604401],[79.785054949039903,20.727071586851601],[79.785982938460705,20.726543870996],[79.790635258139702,20.722279228435202],[79.792915456365506,20.7206542280388],[79.795852078439495,20.716397100702199],[79.797036583283798,20.715123047198698],[79.797846337301394,20.713766725619799],[79.798034955000603,20.7132540890915],[79.798208482311296,20.712108193759601],[79.7982084821424,20.710246114459999],[79.798064912377896,20.706876481339901],[79.798094974194498,20.7017408542909],[79.798276045273994,20.7009191254052],[79.799282014584193,20.698731349042902],[79.800121405610696,20.697681161631799],[79.800784457101201,20.697208930451801],[79.801948317983005,20.696546394419101],[79.802787707528594,20.696201030207799],[79.806565735148098,20.695132484119402],[79.812602318426997,20.6925761436359],[79.819794062585402,20.687792333178901],[79.823607494135103,20.684783502304001],[79.825794142611997,20.683662831916301],[79.827555330771105,20.6825100300956],[79.832604873280204,20.6794830609565],[79.835040714048901,20.678577333391701],[79.837533203411098,20.678067861613499],[79.841300261801393,20.6777282140308],[79.842574826665,20.677331958202199],[79.843707778979393,20.677133829087101],[79.845208931973005,20.676992309939099],[79.848126276933797,20.677303654727101],[79.851978303167201,20.6759733660748],[79.855122236226094,20.675888456183799],[79.857048249917099,20.6762564079032],[79.859115884901399,20.677275349576199],[79.860362129364006,20.678067862172998],[79.861778314914304,20.678775459931899],[79.864902699744206,20.681013935057901],[79.865900803896395,20.681823045450201],[79.866179797630707,20.6823323460269],[79.867887549017695,20.684486678014501],[79.868708431714495,20.685247949962701],[79.869835128308296,20.686100361594601],[79.871700071759705,20.6881539809579],[79.8757263961718,20.691959894152198],[79.876364859544694,20.6924370297892],[79.879137912218695,20.692981488574599],[79.880382645663303,20.692976127794701],[79.881986019637594,20.6924915006201],[79.883111444685596,20.692280045084299],[79.884958297446502,20.6922415999747],[79.885958678046606,20.6923761610079],[79.8870167711341,20.6929624682476],[79.887699724811199,20.6932027567406],[79.888353816172,20.693327708117302],[79.889007910521201,20.6933373192891],[79.8896235306959,20.693250814061599],[79.893151477418101,20.691594117044101],[79.894151857546703,20.691084703051899],[79.8960564252437,20.6897775278319],[79.898311669513205,20.6872429438043],[79.898840716569296,20.686224115749798],[79.899267301781407,20.6838492012002],[79.899283041296002,20.683366846734799],[79.899440453298993,20.682748174824901],[79.899597863948998,20.682454568573998],[79.899849723007804,20.682250091831101],[79.900895570412501,20.681944639569998],[79.902739370275597,20.681841241165799],[79.903397870416896,20.681568647065799],[79.904310362403507,20.680901257795899],[79.904978270735796,20.6806756617015],[79.905533291804801,20.6806474623992],[79.905815506366196,20.680562863189799],[79.906568076340307,20.679923673315201],[79.910012414552398,20.6789980439973],[79.910771308914505,20.678725240284599],[79.911386751139005,20.678295225146599],[79.912043841048003,20.677990054072598],[79.9135477460852,20.677934569444702],[79.914090814604407,20.678055274074801],[79.914527210009794,20.678380862214599],[79.915289446586499,20.6791890217748],[79.915528012421206,20.679334374640899],[79.916703371609302,20.679369258844002],[79.918064922083502,20.678857616856],[79.919333379836402,20.6780843435489],[79.922031939234799,20.6766681948437],[79.926858373672999,20.673750878304499],[79.927592241909906,20.673167574621601],[79.928893185393306,20.6717009808761],[79.929343511317498,20.6709843475466],[79.929843873586407,20.669967732268699],[79.930327557349301,20.6685844681041],[79.930662692713497,20.666873021962399],[79.9330059137354,20.664566642155101],[79.933728262161594,20.6635278912375],[79.934027772054705,20.662788441408701],[79.934098245654596,20.660728544205099],[79.934256809040207,20.659953881571798],[79.935174102384906,20.658094599112498],[79.935808358419294,20.657249514228301],[79.936601179714501,20.656474852688302],[79.937693511873803,20.655735401841401],[79.938169204336106,20.6549959512482],[79.938609655122306,20.6515627934258],[79.9393514679319,20.6470076164013],[79.939827159948706,20.645264627343899],[79.940073815876303,20.643715303579],[79.941044085679806,20.640112417752199],[79.942013089619095,20.6387391532806],[79.942664963959004,20.637647586403698],[79.943052566446397,20.636379955730298],[79.9432463662544,20.634883452456499],[79.943774913679803,20.63301722041],[79.943828598235697,20.6299784253913],[79.9435995609266,20.628587555195899],[79.942030495011196,20.621728531551501],[79.940726744874397,20.6190348218068],[79.940092487339101,20.618084101739701],[79.940081457027915,20.618042837605788]],[[79.940081457027915,20.618042837605788],[79.939405375298406,20.615513631806099],[79.939282048196304,20.6145453047247],[79.939263611326396,20.613022042651401],[79.938981718171306,20.6122825924223],[79.938347462430599,20.611472718382299],[79.937995096513404,20.610557207973699],[79.937713204739296,20.609483245284601],[79.937589877357496,20.6083564645572],[79.937447478416104,20.6038036908121],[79.937253677690606,20.602571275284699],[79.936830839613094,20.601215616284801],[79.936424475518805,20.597456529996698],[79.936424475881196,20.596206506233901],[79.936248292942295,20.592984617248899],[79.936899871209903,20.589454910576301],[79.936987962323599,20.5881696755735],[79.936899870569206,20.586655564251501],[79.936600360406999,20.585581601346501],[79.937110033395399,20.583266419230199],[79.936810523091197,20.582139638144199],[79.936105794156603,20.581012859823399],[79.933604009015397,20.5783895714364],[79.932916896379993,20.5770163085947],[79.931804968432004,20.5717414920816],[79.931593548669795,20.570227378835099],[79.931558312025203,20.568695663138399],[79.930852236157705,20.565532753253201],[79.930834618137098,20.564617243567],[79.930676054089105,20.563543279944],[79.928595824476602,20.557514073694499],[79.928120130667907,20.556616170023201],[79.926182129802697,20.554256972904899],[79.925935474858306,20.5536583711514],[79.925935473825604,20.5531301917718],[79.925949064134358,20.553067720386025]],[[79.925949064134358,20.553067720386025],[79.926111657380503,20.552320318278898],[79.928931666745797,20.546976696003998],[79.929442595811494,20.546219641075702],[79.930358744441904,20.545656249645699],[79.933851663747205,20.5437987557935],[79.935120177666207,20.5435346677395],[79.936406309443498,20.543481851991501],[79.937604345401994,20.5433233971494],[79.939119514457502,20.542760006398801],[79.940388028954104,20.542055767573999],[79.945485984809494,20.5388114064401],[79.9468073539541,20.537578986185899],[79.9474416105855,20.536804324945301],[79.949269848258666,20.535669296150996]],[[79.949269848258666,20.535669296150996],[79.949892941732301,20.5352824596666],[79.950509579957398,20.534560616385999],[79.951108600230796,20.533609893727299],[79.951566674093598,20.532518326794602],[79.951866185152596,20.5303527922615],[79.952554216678806,20.5287085824516],[79.952765636035096,20.527599407624699],[79.952818490303301,20.525697964906801],[79.952607071811499,20.524835272129401],[79.950558151651194,20.5206139092233],[79.950376333806901,20.519419917970701],[79.9502984115841,20.518096144291199],[79.949502324129128,20.515883568703892]],[[79.949502324129128,20.515883568703892],[79.949467230033804,20.515786031256098],[79.949430015155173,20.515552274244449]],[[79.949430015155173,20.515552274244449],[79.949103584804902,20.513501874350901],[79.948815918853398,20.508920714303699],[79.948844043415491,20.508707117771902]],[[79.948844043415491,20.508707117771902],[79.949075664647495,20.506948032895401],[79.949595155430799,20.505131090566401],[79.949647105919794,20.503495841935202],[79.949446831545202,20.501582487019078]],[[79.949446831545202,20.501582487019078],[79.949343364535594,20.500593997543501],[79.949369979793104,20.498842465659699],[79.9492171137978,20.495043935141702],[79.948824215373804,20.492916750803499],[79.948562284965206,20.491934973099799],[79.947580040581997,20.489382353568999],[79.946499571301899,20.487189717891201],[79.944960721951404,20.485226165638998],[79.942607230042299,20.481764748748699],[79.940386581611193,20.479028969667901],[79.939431185328502,20.477635270066202],[79.939095505420596,20.476835184034002],[79.938940579241006,20.475802815719401],[79.938888936274793,20.473609029326301],[79.9389922226582,20.469840883400199],[79.939280525992899,20.468525980144801],[79.939484168444395,20.4679764121604],[79.940930018541806,20.465676362948901],[79.941296571062296,20.4646586422644],[79.941479849038899,20.463844465432999],[79.942235063663801,20.462504357613799],[79.94286409154239,20.461545545966889]],[[79.94286409154239,20.461545545966889],[79.943049627695899,20.4612627377942],[79.943416183446999,20.4601432460327],[79.9436605500007,20.458820209013702],[79.943721645186699,20.457090082916999],[79.943212542761003,20.455136059416599],[79.9426830758634,20.453813024836901],[79.942214699744596,20.452937784693201],[79.941807419341302,20.451777580563999],[79.941542686346196,20.4501492301825],[79.940786231920796,20.447852686261498],[79.940120146702967,20.446556191982722]],[[79.940120146702967,20.446556191982722],[79.940012394989907,20.446346459840701],[79.939706933947704,20.4454508659244],[79.938953464750796,20.4407897054516],[79.938770187534004,20.438978163698401],[79.938831278142402,20.437736543267],[79.939160218421705,20.4369275993608],[79.939689684942095,20.436215196253499],[79.940565340664307,20.435685979184399],[79.940870802442305,20.435401019338201],[79.942459198015499,20.4331009713916],[79.947814958041505,20.428358392158401],[79.948894252558006,20.427645986821801],[79.951521223118604,20.4263025960541],[79.952478333736096,20.4256512543048],[79.952865249916002,20.425162749428701],[79.953516903574695,20.424531761595201],[79.955003481110396,20.423432624114199],[79.956746957571596,20.422823572102899],[79.957602248611707,20.4223757748507],[79.958090988328095,20.421887269361498],[79.958396449465397,20.421358054330302],[79.9587019104452,20.420523522561599],[79.959170285149099,20.419566865234],[79.960229220025397,20.418080993362899],[79.9606568625465,20.417592487288399],[79.961125238322396,20.416798663573701],[79.961919438619901,20.414926060022299],[79.9628765495289,20.413379122292099],[79.962978368836303,20.4128499094086],[79.963222737751494,20.412300338134798],[79.963894755516904,20.410183480597201],[79.963894755404596,20.409491431121001],[79.963752205936999,20.408962217448099],[79.963528200005101,20.408575480408199],[79.963406016806601,20.408066620439602],[79.9625133250142,20.406587810241],[79.962228227646307,20.405142647819002],[79.962106040680297,20.4032089791625],[79.961454391188994,20.400542551893299],[79.961311844882104,20.399646953562499],[79.96132740762782,20.395706716226801]],[[79.96132740762782,20.395706716226801],[79.961328085705702,20.395535037792801],[79.961108731882305,20.392319368930199],[79.960670023025997,20.390492284683599],[79.960231314681806,20.387970907299898],[79.959829161812905,20.3840609454417],[79.959792602675094,20.382014610772899],[79.959427012798997,20.3799317316269],[79.959371059179631,20.377504633025708]],[[79.959371059179631,20.377504633025708],[79.959360254054701,20.377035939420399],[79.959421002552602,20.376287045759099],[79.959643753401494,20.3758012784286],[79.960879001315107,20.374040368110101],[79.961729500737604,20.373068830592199],[79.963638518814406,20.3713311020121],[79.964327017655705,20.370906054165602],[79.964732018569904,20.370521486219602],[79.966048265243899,20.368962979576601],[79.967000012605396,20.3676068779553],[79.967445510684698,20.367181831444402],[79.968822510939603,20.366372215553199],[79.969126259626506,20.3660686120019],[79.969288257699105,20.365744767149],[79.969551507693396,20.364732748842901],[79.9700780073955,20.364145780657299],[79.970233095518864,20.363807567293328]],[[79.970233095518864,20.363807567293328],[79.970300757421001,20.3636600114455],[79.970364205775311,20.363374627946843]],[[79.970364205775311,20.363374627946843],[79.970422256403097,20.363113522809702],[79.970454865917191,20.363075260366497]],[[79.970454865917191,20.363075260366497],[79.970888007392603,20.362567032888698],[79.971394254283993,20.362141986676001],[79.972082755643598,20.3613323712731],[79.972508003153393,20.360785882547699],[79.972730753751406,20.360340594253501],[79.973378753637704,20.358620167336799],[79.973641002487,20.357492841563399],[79.973730666029297,20.356058910072701],[79.973676869659698,20.355413639275199],[79.973300279605098,20.353603296132],[79.973300278906194,20.3525636952381],[79.973156819943,20.350771276293599],[79.972959559971102,20.349426964166199],[79.972124160740805,20.3460206018454],[79.9706332854457,20.342896983399001],[79.967924037646895,20.3406181662472],[79.964772727314894,20.3384206206761],[79.958396822237304,20.3329267616968],[79.956538361621654,20.331772054771637]],[[79.956538361621654,20.331772054771637],[79.955685227005901,20.3312419814192],[79.953120208085494,20.329850201301799],[79.951214764760607,20.328971186394099],[79.9498223269579,20.327652659311301],[79.948869605717903,20.326627138430901],[79.947477167604205,20.3247226005427],[79.946451157481604,20.322378555824201],[79.945278579615902,20.319228742627899],[79.943299847440599,20.311830346672402],[79.942565156399795,20.307057109687999],[79.942668100222505,20.305205010718598],[79.943131344565501,20.3030442262558],[79.942925458647693,20.299751606549801],[79.942513687564897,20.298208188809799],[79.941947497637202,20.2967162190937],[79.941432780366696,20.294967014839301],[79.941123950033301,20.293629388715999],[79.940918063009207,20.291674395637699],[79.940969536924797,20.2902853200832],[79.941175422797301,20.289102035824701],[79.941947497853107,20.287661512252399],[79.942101910800105,20.2864267789456],[79.942513687533804,20.285243491580498],[79.942822514549405,20.283957312849001],[79.942925459591805,20.283082712376299],[79.943697535020704,20.281539295041501],[79.944624023940094,20.280253115449],[79.944932854661602,20.2796357491479],[79.945601985545906,20.278606804995999],[79.9463740614827,20.277732200876301],[79.9477200849539,20.276870826693902],[79.9502421966925,20.275584647158901],[79.956212911022504,20.271674659257201],[79.957882722167554,20.270730346307992]],[[79.957882722167554,20.270730346307992],[79.960124756641207,20.269462429159201],[79.961360077009004,20.2685363797106],[79.962080679109107,20.267713224568901],[79.962955700697194,20.266272701722801],[79.962965883944293,20.266120024720237]],[[79.962965883944293,20.266120024720237],[79.963007171933896,20.265500995600298],[79.963315999083903,20.2644206023793],[79.963315998522603,20.263751788397101],[79.963470417078,20.262722846268399],[79.963985134481902,20.2614881123387],[79.965168981526205,20.260201933448698],[79.9658381118183,20.259121539802202],[79.966919018418906,20.25577747082],[79.9674337350108,20.25505721144],[79.969132298887203,20.253308006621499],[79.970830864255603,20.251610247702001],[79.975566257721198,20.248317627329101],[79.978139842686005,20.246825657898199],[79.981663004014294,20.244575778908999],[79.984144570165199,20.243600583671373]],[[79.984144570165199,20.243600583671373],[79.9876851899987,20.242209206053399],[79.988714624331493,20.241437497130299],[79.989435226979197,20.240562895863999],[79.990001412003707,20.2393281622643],[79.990310243107402,20.237784746856999],[79.991288205345896,20.235572517167501],[79.992574997179901,20.233926207688299],[79.993141187197907,20.232331344445701],[79.995405940267602,20.225437415559199],[79.995663299595194,20.223842553064099],[79.995714768002799,20.222350584269599],[79.995302996086807,20.220447039103099],[79.994685338186301,20.218389149400402],[79.9940162039223,20.2168971804332],[79.993192659609704,20.215662449012601],[79.989371252327601,20.2118645311138],[79.986077064181899,20.209497961004999],[79.984429972808798,20.208417569219701],[79.983400538635294,20.207954543649802],[79.982216691267695,20.207594412571598],[79.980157823701404,20.207337178332399],[79.979540165514507,20.2070799428712],[79.976424949602105,20.206529675693702],[79.975383968210707,20.205920609059099],[79.974292207090301,20.205489186569999],[79.973885969807597,20.205413054799099],[79.973175053867493,20.205489187596498],[79.972261021076903,20.205945987446899],[79.971368922688967,20.206079737956745]],[[79.971368922688967,20.206079737956745],[79.969722040594803,20.206326651663499],[79.969087296916001,20.206504296401601],[79.967843194896204,20.206605808677701],[79.966091298108296,20.206301275842801],[79.965177265866501,20.206225141957201],[79.964288623997902,20.2063520311365],[79.963120690346301,20.206275896303499],[79.962181269382995,20.2059713645484],[79.960497511953804,20.205597002455601],[79.959392099888305,20.205533865900399],[79.958665685369596,20.205407593296499],[79.958081395304305,20.2051708328685],[79.957591857242406,20.2049340714244],[79.957307608121795,20.204571036826],[79.957386564838401,20.204002808721501],[79.957718189527,20.203245172872698],[79.957719745595384,20.203194626308889]],[[79.957719745595384,20.203194626308889],[79.957749773754202,20.202219206290401],[79.957655022268398,20.2019824439367],[79.9572602322705,20.2013984323073],[79.956707526208803,20.200972262381299],[79.9563285286835,20.200451388096401],[79.955838987105807,20.1999936472284],[79.9546546180446,20.199125522148901],[79.953817664,20.198652001039498],[79.953028084376797,20.1980522048739],[79.952506962765895,20.198004851334201],[79.950864636898004,20.1981784776866],[79.949659112288103,20.198587559424499],[79.948364868518695,20.1988661852156],[79.947946730245903,20.1988064793976],[79.947687880797304,20.198647264746999],[79.946951158592299,20.1976720704392],[79.945398068552706,20.196597364781699],[79.944581702813096,20.195880894890202],[79.944024184991903,20.195582367420101],[79.942809586341099,20.1955226600023],[79.942550740633905,20.1952440340715],[79.942331713604503,20.194507661595999],[79.941614902595305,20.193691681765799],[79.940957829342395,20.1931941337984],[79.938165057720099,20.191712204262998],[79.937495005813105,20.1911658461798],[79.937124719530402,20.190654734540701],[79.936243073093905,20.1897382606343],[79.935573026069605,20.189244775023699],[79.934779544226899,20.188716041332299],[79.932610702553205,20.187799567042301],[79.931799588408097,20.187165085454598],[79.929340766669796,20.1846974657578],[79.928740474629805,20.1842974619152],[79.927072995351494,20.183541896651299],[79.926606104031507,20.1830085570428],[79.926472704798996,20.1826307769003],[79.926317074331607,20.181652985554599],[79.926050275016493,20.181030756733399],[79.925561148316305,20.180430750274201],[79.924204934664502,20.179564076160698],[79.923671341129506,20.178830733247999],[79.923293378597506,20.177319604317699],[79.922415322962706,20.175787417754499],[79.921770553276502,20.175142956452099],[79.920761354692203,20.174330376275599],[79.917145057925097,20.169426875570501],[79.916920789089303,20.168978557277299],[79.916696524977596,20.168165976058798],[79.916640457614406,20.1672132965423],[79.916948823781993,20.1652238752452],[79.916715146292603,20.160401817979398],[79.916302632437294,20.159408511292799],[79.915946372066998,20.158883744551499],[79.915477609091994,20.158433944400201],[79.913902559085003,20.157721761701598],[79.913302540937394,20.157328186303701],[79.912721274660498,20.1567846776579],[79.911727489525305,20.1551354122211],[79.911202477222204,20.154460712568799],[79.910771212460602,20.153167539429798],[79.910714959700698,20.152511578130699],[79.910995671529705,20.1489987384114],[79.910785122151594,20.1467679860651],[79.910448243554299,20.145694696758898],[79.910427823405897,20.144794458013301],[79.910763441936197,20.143657623001101],[79.911304163324402,20.142334423564801],[79.911751653689507,20.141626230421402],[79.912777155580201,20.140880766559601],[79.913355166313394,20.140619852777299],[79.914660352166393,20.1397625697725],[79.915312944264997,20.139520293592199],[79.916767291714095,20.139408471972601],[79.917235900953088,20.139296467661307]],[[79.917235900953088,20.139296467661307],[79.917624983260296,20.139203471424299],[79.918669133412394,20.138830735966501],[79.919937025601996,20.138215728747401],[79.920347227614897,20.137637993186299],[79.920570970644306,20.137022984565501],[79.920658095472191,20.136413405481616]],[[79.920658095472191,20.136413405481616],[79.920776072916595,20.135587962445101],[79.921115731591797,20.134831940838399],[79.921491887584196,20.1343384702426],[79.923819361184499,20.132811056711802],[79.927134247460302,20.130907665388801],[79.928638879457907,20.129756231711699],[79.932682569736301,20.126889395039601],[79.9336934923993,20.126489917093298],[79.934671552378603,20.126312438598401],[79.935525128192893,20.1263487445671],[79.936832737552393,20.126748102264699],[79.937577348148693,20.1267844063929],[79.940324824308206,20.127290871675303]],[[79.940324824308206,20.127290871675303],[79.942008684084101,20.127601271645101],[79.944133546792202,20.127710187971701],[79.945023445731493,20.127673883545999],[79.946349216025695,20.127165611073501],[79.947257274233607,20.126693642189899],[79.948044330954218,20.126415591808097]],[[79.948044330954218,20.126415591808097],[79.949363977853196,20.125949388655901],[79.950235716023499,20.125767861066599],[79.9511046120667,20.125764041596401],[79.951958189530998,20.125509904599198],[79.953247636304894,20.124983480409],[79.9546823723106,20.1246385802988],[79.957297586844405,20.1243844442448],[79.958296455399406,20.1238398670381],[79.960766379902694,20.122151676915401],[79.962400890412297,20.121371114548701],[79.965252202055197,20.119755536719399],[79.966014970363901,20.119083890722699],[79.967249931707101,20.117649834910999],[79.968865728970201,20.116095121439301],[79.969701334653294,20.114517502318801],[79.970815478934,20.113450289234901],[79.970985993682234,20.113237247262994]],[[79.970985993682234,20.113237247262994],[79.971186858097099,20.112986286267098],[79.971330630060763,20.112591101448867]],[[79.971330630060763,20.112591101448867],[79.971743930485403,20.1114550659589],[79.972049212199551,20.110912602721086]],[[79.972049212199551,20.110912602721086],[79.972161735339697,20.110712657345701],[79.9727188039748,20.1092742402945],[79.972761009597548,20.109042224225906]],[[79.972761009597548,20.109042224225906],[79.972811650812403,20.1087638353569],[79.972811650615299,20.1076502205458],[79.973060679311999,20.106242507599902],[79.973647559180307,20.105395196546699],[79.974528865412154,20.104396858132198]],[[79.974528865412154,20.104396858132198],[79.975603817882202,20.1031791584203],[79.976549342811794,20.101647483323202],[79.976907991429101,20.100604641006399],[79.977005805484694,20.099626976213301],[79.976973198359403,20.099105554259101],[79.976803498475647,20.098321064607905]],[[79.976803498475647,20.098321064607905],[79.976712363894606,20.097899767114299],[79.976744971408394,20.096824337069599],[79.977143054439395,20.094357087431199],[79.977990765843998,20.092662469412002],[79.978907970626295,20.09124911649355]],[[79.978907970626295,20.09124911649355],[79.979555772475095,20.090250895974801],[79.980794738896805,20.087578612692798],[79.981740264053997,20.0829509985514],[79.982098908604797,20.0792358731224],[79.982135060829904,20.077919522306701],[79.981935668142,20.077634806426101],[79.981903968013256,20.077607815504706]],[[79.981903968013256,20.077607815504706],[79.981551116869895,20.077307382104198],[79.981494148201605,20.076752188397101],[79.981665057399596,20.075841097901399],[79.981736270814807,20.074858830975899],[79.981778998942801,20.071470715740801],[79.981741564093198,20.0697991110912],[79.981595940024206,20.068853005305801],[79.981595941248898,20.0681616224316],[79.981668750585698,20.0675794036549],[79.981996404738993,20.0664513553068],[79.982142028898593,20.065650806962701],[79.982142028718499,20.064013317675201],[79.982396869580398,20.0633583208913],[79.982688116560496,20.0629216585703],[79.983853106644503,20.061793610080699],[79.984508415303395,20.0606291744425],[79.984981693523096,20.059428351430899],[79.985527599194498,20.058471062601299],[79.985705597558905,20.0579768521341],[79.985764931812,20.056691905586199],[79.985844044940507,20.056454684121601],[79.987070270202693,20.054319694944802],[79.987129604917698,20.053983630821801],[79.987030714264407,20.0532917374506],[79.987062182580289,20.052924788491566]],[[79.987062182580289,20.052924788491566],[79.987090049082894,20.052599839925598],[79.987569221390856,20.051755382000017]],[[79.987569221390856,20.051755382000017],[79.9878416036224,20.051275355649601],[79.990618602629695,20.0445340281616],[79.990967727752206,20.0432877411703],[79.990992667565493,20.0425150437542],[79.990867978319201,20.041343533168],[79.990668478173902,20.040720391432199],[79.988848034355499,20.038427221757502],[79.987825594558402,20.037255713735998],[79.986503902219596,20.0362586851688],[79.985855524104807,20.0353613590155],[79.984622778569801,20.0316108002474],[79.983805247567304,20.0294422322795],[79.982641840584705,20.026770809543201],[79.981698539205794,20.025325096572999],[79.980786678776994,20.024162243420701],[79.980157808456894,20.023093673712001],[79.979686157391896,20.022590818128698],[79.978082540153807,20.021522248823999],[79.977202126673504,20.020485107447101],[79.976478924915597,20.019762253834202],[79.975472735025605,20.019290824136501],[79.974987390943369,20.019164272867481]],[[79.974987390943369,20.019164272867481],[79.974749537291402,20.0191022536061],[79.974403655984005,20.018882253409402],[79.972305335836396,20.015681017829401],[79.971972870120396,20.015394544606313]],[[79.971972870120396,20.015394544606313],[79.9711555866499,20.0146903221295],[79.969767955691395,20.013699630296902],[79.967745978524604,20.0118371253646],[79.966318699537197,20.010291641952701],[79.965327533701796,20.009340575752599],[79.964058841479499,20.0083498815418],[79.962472978530997,20.006408120597801],[79.961680048133402,20.0056948219497],[79.959856303823003,20.002564226749399],[79.958984078774805,20.000780976964599],[79.957091585294194,19.997663197370901],[79.953692626428506,19.9930856625489],[79.951549808292697,19.991018391574801],[79.948298624518699,19.9888034565802],[79.944825777658707,19.986883847735101],[79.940466237755501,19.982970793429999],[79.935367803288699,19.9795745589206],[79.928395118543605,19.9744641764078],[79.924478921953096,19.971363268678498],[79.9212277466698,19.9695174891162],[79.916868214387804,19.968483851982398],[79.914060374128894,19.967893204842099],[79.910809199346303,19.967081058042002],[79.907779687651896,19.966564243364001],[79.904824071429999,19.966564243186699],[79.896622237905405,19.968631513990399],[79.892041033127796,19.969517489252699],[79.889233193058104,19.970920280454301],[79.887533717962697,19.972396905382901],[79.885608394227802,19.9748486997855],[79.884352261273094,19.975882335194399],[79.881322750415904,19.976842141162901],[79.875189846608507,19.979795387425298],[79.872234230049301,19.982379477559199],[79.8699436284641,19.9861448669987],[79.868687487966994,19.9906485689547],[79.867431354798995,20.000000001617899],[79.867559196902405,20.0010948655943],[79.867559197282006,20.0020262348797],[79.867520370461605,20.002802376778799],[79.867248592704996,20.0043158522803],[79.867248593288593,20.005868134217401],[79.867287418850495,20.006489046450699],[79.867714499883306,20.007769680556201],[79.867830978574204,20.008390592966599],[79.867830979016205,20.008933892815801],[79.866976816537601,20.011339929351099],[79.866627386468394,20.012814598425699],[79.866316779981403,20.0136683529599],[79.865656746556596,20.0161520040242],[79.864026074713493,20.019877481363899],[79.863598996570303,20.0206536244315],[79.863055438596007,20.0214297638218],[79.8615024180245,20.0242238722441],[79.860803559602104,20.025116435059999],[79.857884588456898,20.027784476706401],[79.856603345314397,20.028754652853301],[79.855244454218095,20.029569599563999],[79.853613781912003,20.030345743417399],[79.851905461236598,20.0308890406817],[79.849808881294607,20.031315918563202],[79.848061735853605,20.031509954909399],[79.843713276656203,20.031587568393199],[79.840995492017697,20.031277112339801],[79.839791899709397,20.0310442689482],[79.837617672681802,20.030306933856899],[79.835326967561898,20.029647214155599],[79.833673458349494,20.029254083780899],[79.832663997194601,20.029564540875],[79.831809833516303,20.029719769656602],[79.829713259898597,20.029952610228399],[79.826974415527587,20.029884737724927]],[[79.826974415527587,20.029884737724927],[79.825015371768401,20.029836189802399],[79.823578825591497,20.030069032702901],[79.822064630566999,20.030069032636099],[79.820977516051101,20.029874997080299],[79.819269196519102,20.029137664428401],[79.817211442941499,20.028710785619801],[79.815464296965303,20.028439135266499],[79.811698219849703,20.026848047740099],[79.806146173608695,20.0228509188311],[79.804243723557803,20.021259831630399],[79.798624069929005,20.017280366056902],[79.797653434458994,20.016426610545199],[79.796139235274197,20.0145638724379],[79.795362729401901,20.014020572922401],[79.793848530123597,20.013554887195301],[79.792994371729804,20.013011588894599],[79.791441351734704,20.011381693588898],[79.790082457114707,20.0104503239262],[79.787325845124599,20.009402532718202],[79.786238731516704,20.008742813725899],[79.784530410843999,20.005521827727499],[79.783326820450398,20.003891929861901],[79.782899738001305,20.002921754983198],[79.782395005576006,20.001369471445798],[79.782006750705705,20.000632137645599],[79.781169278895902,20.000340154055898],[79.780946305209895,20.000016730170501],[79.777913223439398,19.994860365236299],[79.776440019583006,19.991656540371501],[79.774620171417496,19.987327045917599],[79.771583852642493,19.978132192673399],[79.770803919077906,19.9751881377234],[79.770736912448939,19.971907376836214]],[[79.770736912448939,19.971907376836214],[79.770717261564897,19.970945235436702],[79.770370624266405,19.967308457541201],[79.770543942336602,19.964104632807199],[79.771225261533061,19.961977214979054]],[[79.771225261533061,19.961977214979054],[79.771930490519594,19.959775138879198],[79.773983056889605,19.9554247895693],[79.774038743155216,19.955351199004593]],[[79.774038743155216,19.955351199004593],[79.778279843130505,19.949746496683499],[79.783685480363403,19.9462841239271],[79.785625965879603,19.943652720191601],[79.787012029629494,19.941159811808902],[79.787705057082803,19.939082385636301],[79.788536696813395,19.935897004624],[79.788536696933619,19.932166254920837]],[[79.788536696933619,19.932166254920837],[79.788536697054397,19.928418276422899],[79.788952511111702,19.926202357757699],[79.790214042916602,19.923951345948499],[79.793263375718695,19.919796496603901],[79.793586605481622,19.919400123423475]],[[79.793586605481622,19.919400123423475],[79.796312708129093,19.916057133078901],[79.798530405290407,19.9127332553239],[79.798833528550105,19.911862473273619]],[[79.798833528550105,19.911862473273619],[79.799639252219905,19.9095478712538],[79.800609497654406,19.906085496772],[79.801995557808795,19.9022076379905],[79.802828755234501,19.8965021919301],[79.802967362045607,19.8935937963786],[79.802967361929532,19.892455056675001]],[[79.802967361929532,19.892455056675001],[79.802967361791502,19.891100889383399],[79.802551543061298,19.888884968151501],[79.801165482537101,19.886669051122698],[79.798809178004205,19.885145606317899],[79.7918788746762,19.881406243226301],[79.789938388678195,19.880159788987001],[79.788520969580432,19.878649086956109]],[[79.788520969580432,19.878649086956109],[79.787859297472494,19.8779438690013],[79.786889057063703,19.875589456409799],[79.786611844045396,19.871988586938102],[79.784809964448797,19.866864273819999],[79.782176446712697,19.862709424854099],[79.780790387446999,19.8614629710938],[79.779542934197906,19.860493506220799],[79.776770810056703,19.859662534662501],[79.768300591141497,19.857821576820601],[79.765805679238696,19.856436626782699],[79.763310773427605,19.8543592044308],[79.760954468740493,19.8520047865496],[79.756934891283095,19.8471574649563],[79.755022350795457,19.844577604644144]],[[79.755022350795457,19.844577604644144],[79.754162771569398,19.843418102743499],[79.747495403920595,19.837421041828399],[79.745853988952462,19.835325357710648]],[[79.745853988952462,19.835325357710648],[79.745000496229295,19.834235656946799],[79.7449756859085,19.834198471334297]],[[79.7449756859085,19.834198471334297],[79.742782798158402,19.830911779687298],[79.740980919825404,19.826756930573801],[79.740565099741602,19.822463587382199],[79.740565100002001,19.819555193074201],[79.741119526042596,19.814430880555499],[79.741536509962003,19.804414332627601],[79.741536510052399,19.800259486041401],[79.742368149124601,19.795550658578701],[79.742701873258596,19.793049745177999],[79.742713464075194,19.792423629440201],[79.743485583105766,19.790461344270337]],[[79.743485583105766,19.790461344270337],[79.747568041490482,19.780086068920617]],[[79.747568041490482,19.780086068920617],[79.748122797890304,19.778676195296001],[79.748272419825099,19.7785025769698],[79.749068378982301,19.776116621316401],[79.749357818251795,19.773947568594298],[79.7500814156666,19.771055500543198],[79.751296204971752,19.766425983694198]],[[79.751296204971752,19.766425983694198],[79.751603671714506,19.765254239375999],[79.752471991061199,19.762868281346002],[79.753702107855801,19.7604823259318],[79.755004579141499,19.758240972381099],[79.755945260316693,19.756433429179602],[79.757030653554807,19.754698187991799],[79.759056727753503,19.7524568333587],[79.760520402993237,19.750274730119017]],[[79.760520402993237,19.750274730119017],[79.760852571846158,19.749779520040729]],[[79.760852571846158,19.749779520040729],[79.762462734908198,19.7473790271317],[79.763191643118958,19.746050908123543]],[[79.763191643118958,19.746050908123543],[79.763692850373005,19.7451376753306],[79.764054651681903,19.743113224662501],[79.7647058882159,19.7407272698787],[79.765646568645295,19.738919724408198],[79.771295679058298,19.731671013653699],[79.772815234360394,19.729357360735602],[79.775203104301099,19.7274052119019],[79.780268285426004,19.724730048589102],[79.781142318216794,19.723548249680899],[79.781721193997697,19.7223191214492],[79.781865914862706,19.720656182445001],[79.783666394640377,19.718222192087627]],[[79.783666394640377,19.718222192087627],[79.784326146636204,19.717330302039201],[79.784470864563303,19.7156673619474],[79.784470864850476,19.713982787505365]],[[79.784470864850476,19.713982787505365],[79.784470864896093,19.713715216440399],[79.784977533367098,19.703649351844],[79.785049894532406,19.699745060232001],[79.785239611717259,19.697179198273862]],[[79.785239611717259,19.697179198273862],[79.785992557577899,19.686995855411102],[79.786499075980601,19.681211716555801],[79.786499075622203,19.679331873023202],[79.786354359362804,19.677090517133198],[79.785703217659204,19.671498094358501],[79.785385310012273,19.669433344255296]],[[79.785385310012273,19.669433344255296],[79.785269060916207,19.668678328339801],[79.785486140691305,19.661231249320199],[79.785849977927199,19.6551254068759],[79.786284135407399,19.652667148280301],[79.787586612807104,19.650281189546401],[79.788382570610295,19.647750632223602],[79.788599649391102,19.645364673547899],[79.788599648925597,19.6416049837628],[79.788310359753297,19.6385384324387],[79.7883103609377,19.634128026732299],[79.788816878842596,19.631380561142699],[79.78951991157561,19.625922912736197]],[[79.78951991157561,19.625922912736197],[79.789757554836299,19.624078086311901],[79.790920922382597,19.619997455776598],[79.792512833560195,19.617322291591901],[79.793887672818698,19.613851808595498],[79.794134898769499,19.611196258918699],[79.794538908709896,19.608646084867999],[79.797216217899205,19.603801868402002],[79.799103540104596,19.601822458864198],[79.802504447164097,19.598858087570299],[79.803010966084102,19.597339751810299],[79.803517485431101,19.595315302892001],[79.803589845996299,19.591772519421799],[79.804385805012302,19.589820371884901],[79.806050077824096,19.5880851314237],[79.807859068626101,19.586349890433301],[79.810246943328593,19.583602424626399],[79.815022684065099,19.578469001373701],[79.816888218807406,19.574022823406199]]]}},
{"type":"Feature","properties":{"fid":2,"id":null,"Name":null,"description":null,"timestamp":null,"begin":null,"end":null,"altitudeMode":null,"tessellate":-1,"extrude":0,"visibility":-1,"drawOrder":null,"icon":null,"OBJECTID":6478.0,"rivname":"Chulband","sub_basin":"Weinganga","ba_name":"Godavari","length_km":131.09866470099999,"origin":null,"major_trib":null,"st_pt_lat":21.177239933399999,"st_pt_long":80.3215002516,"st_loc_ste":"Maharashtra","st_loc_dst":"Gondia","st_loc_sb_":"Deori","st_loc_vil":"Alezari","en_pt_lat":20.679357238200001,"en_pt_long":79.915665297700002,"en_loc_ste":"Maharashtra","en_loc_dst":"Bhandara","en_loc_sb_":"Lakhandur","en_loc_vil":"Soni","lat":21.06991137,"long":79.96966742,"UID_River":"4646","state_al":"Maharashtra","Confluence":"Wainganga River","remark":null,"Shape_Leng":131098.664701},"geometry":{"type":"MultiLineString","coordinates":[[[80.079526666961058,21.046037067922036],[80.079216236263903,21.045906588779001],[80.078640549057297,21.0454271281986],[80.078081041891295,21.044700944297499],[80.077705974211796,21.043933807650198],[80.077601303232001,21.043619979935102],[80.077601303979307,21.043332303093901],[80.077684539132491,21.042803967477326]],[[80.076735284107556,21.039662974992286],[80.076560944437404,21.039373681678398],[80.076497160587536,21.038809767102428]],[[80.072454466126473,21.036196932491929],[80.071911990619995,21.0364933653054],[80.071657961078301,21.0365419803565],[80.069542309022694,21.036255224928599],[80.068640226922895,21.0356479041507],[80.068162551840302,21.035496349108701],[80.0677644924059,21.035136409859799],[80.066137998084301,21.0330975357979],[80.06585621255779,21.032610496545047]],[[80.064976665111203,21.031517029065032],[80.064529883693695,21.0312522761003],[80.063636874083798,21.030875308171201],[80.062866531177605,21.030851060084501],[80.062138647874903,21.031014737427899],[80.060625010087094,21.0318578750272],[80.059741846917802,21.0322555538153],[80.058887799369998,21.032498039088299],[80.056830321350702,21.0329151157026],[80.0554804489025,21.033006822271101],[80.054515569687297,21.032813941876402],[80.053305064620801,21.032796401560301],[80.052120951781305,21.033033130262901],[80.051541947895302,21.032778915344299],[80.050647288681006,21.0327964030697],[80.049638582205404,21.033059439774199],[80.049338170818302,21.0332341096045],[80.048706669345805,21.033400680100399],[80.047925962486005,21.0334708368636],[80.047162786544703,21.034075732865801],[80.046732988366699,21.034215994670099],[80.045776875571804,21.034093271557399],[80.044180494021901,21.0334708372792],[80.043264683710504,21.032611519233701],[80.041773489985701,21.032304686018399],[80.040598046940005,21.0323397648833],[80.039843733243401,21.032594031363399],[80.038835025776194,21.0332252371275],[80.037332303289702,21.034690637395801],[80.0366217218983,21.035128962977499],[80.036332266384505,21.0355410297779],[80.0360955013942,21.036049512130699],[80.036034047149101,21.036593020555799],[80.0359365781664,21.036788583802402],[80.035243622262399,21.037682825386401],[80.034997995890606,21.038208847204899],[80.034954167372604,21.0393397647161],[80.035155490563099,21.039641284428001],[80.035058973969399,21.040053351795098],[80.034251970410196,21.041613824583902],[80.033513948104897,21.0432915523246],[80.033364838518807,21.043861370901698],[80.032996493973002,21.044185742254701],[80.032189490924594,21.044562732452999],[80.031496534399494,21.0447029941515],[80.030873703586096,21.0446854545695],[80.029861280082201,21.044563969923299],[80.029527903283295,21.044423707802299],[80.029115636812904,21.0441519027904],[80.028475369088895,21.043345356042799],[80.027808709621397,21.041881297814601],[80.027685896817701,21.041372815755999],[80.027650833981994,21.040452316769201],[80.026964928334806,21.0389032443505],[80.026377254707896,21.037307641351301],[80.025964987709202,21.036632588054001],[80.025596548074503,21.035817272947298],[80.025456203582806,21.034984419330002],[80.024604515737906,21.0333215484393],[80.023797512146899,21.032795525806499],[80.023139713339603,21.0322168872734],[80.020012884676504,21.031390996737102],[80.018039298704394,21.0313208393836],[80.016390230228794,21.0319170179724],[80.015565695455905,21.032819977717502],[80.015074538181395,21.033740527894],[80.013783237678595,21.0349547555697],[80.013397266287299,21.035533395151301],[80.013072749974398,21.036629234713899],[80.011947994997499,21.038649957356601],[80.0118691055673,21.039228596566598],[80.011930464392805,21.040000063451799],[80.0118866374889,21.040526084623799],[80.011623479193503,21.041034567345601],[80.011088398709404,21.041402786544101],[80.010141050416493,21.0418498817087],[80.008735892825399,21.042765788570801],[80.006797369207206,21.0438703982812],[80.006446461732693,21.044396419220401],[80.006323648414394,21.044852283992199],[80.006472186092793,21.047233333627599],[80.006401966301198,21.0479697234213],[80.005664516298395,21.050349380547701],[80.0046908713596,21.0513137262352],[80.003611944809606,21.051962470307799],[80.001454091558003,21.053014513326801],[80.0003155874995,21.053204451710801]],[[79.973261069428602,21.068661904292899],[79.969173383196406,21.0700734378471],[79.967379412008796,21.070513547593698],[79.966377933205294,21.070611460623901],[79.965333600019406,21.070352680458399],[79.964067615706298,21.070323938117301],[79.963528130927202,21.0700796524292],[79.962920745051306,21.0696453615686],[79.962143889878007,21.068833469601302],[79.961237566865094,21.068495776071099],[79.960467588250907,21.068107332360601],[79.960352499438301,21.067920521728901],[79.959963531840501,21.066609647340201],[79.959725918339402,21.0661635765554],[79.959661175949094,21.065847439311],[79.959711596741101,21.0652426882694],[79.959510183856693,21.064833147058],[79.958192902960207,21.0635369245494],[79.955334583714702,21.061355124690099],[79.955010898978699,21.0610102468573],[79.954823548042398,21.060606430566899],[79.954204560460994,21.057655039760199],[79.954377282128107,21.055653683556201],[79.954211819534905,21.053105705596199],[79.954348563046906,21.0506716658616],[79.954305400931702,21.049967544679699],[79.954045862815804,21.048799825381099],[79.952908805485194,21.046268080570702],[79.952498543724403,21.045158637790198],[79.9524336339678,21.044790501835401],[79.952498376224199,21.0438923870013],[79.952837296054099,21.0431274436203],[79.953528434116706,21.0421629474273],[79.954902556726907,21.0409324842981],[79.956040210806293,21.039578620622802],[79.957011676719006,21.037995149003901],[79.957381440229597,21.037225092916],[79.957635878888297,21.036092367208301],[79.958196425304806,21.034320605541701],[79.9581951775927,21.033413382792499],[79.957510365852499,21.0303113584385],[79.957181692043207,21.0296081936911],[79.9568292968127,21.029082360925798],[79.956099476767207,21.028625246457899],[79.954112012102797,21.027836254012399],[79.952999591337601,21.026924451973599],[79.952109557041396,21.026069885974799],[79.950779500415607,21.024651224775301],[79.950132534247302,21.023825411789801],[79.949615659882099,21.023033906907202],[79.949449593807998,21.022476175306501],[79.949510730843102,21.0220383219472],[79.950525038127793,21.020766270055699],[79.950757905220499,21.0203823302061],[79.951065276223304,21.019544152258501],[79.951273138816802,21.018221563427801],[79.951356147941993,21.015643923884902],[79.951647188323804,21.014047138631],[79.951671854481901,21.0123185659474],[79.951779867330899,21.011561571291899],[79.952461458743102,21.0097829297484],[79.953159719226704,21.008369143115701],[79.953595346044096,21.006870948579699],[79.953529007764999,21.0062470193071],[79.952916987262697,21.0055942588316],[79.952132995383394,21.005195936383501],[79.951468413712206,21.005063207160699],[79.951002169171502,21.004701174733398],[79.950536945414399,21.0039843024074],[79.950337077782706,21.002812115570901],[79.950350344921304,21.001670443200499],[79.950523166977902,21.000285889891],[79.951600411521994,20.994915222554098],[79.951826474885195,20.992653849302101],[79.951706724222603,20.991229108614299],[79.950841935480497,20.9871186641256],[79.950350175086697,20.985538949422999],[79.948714321298098,20.9826641993408],[79.948274272126199,20.981704312298898],[79.9478622890841,20.980111291821],[79.947490110841699,20.979155505792299],[79.947277485684495,20.978943071851202],[79.946812430514996,20.9787572496518],[79.945084214380003,20.978755838628899],[79.944858320746604,20.9787027468875],[79.943446148945895,20.977688223710601],[79.941371777571604,20.976013750756501],[79.939471248774893,20.974659641262601],[79.938966221381506,20.974141896733801],[79.938594041562197,20.973478114430801],[79.937554729957,20.970016398218899],[79.937567997426797,20.969578291087402],[79.937847302438996,20.968603552781701],[79.937927079063897,20.9679530765635],[79.937900883956004,20.966342918896402],[79.938073705900806,20.965626046600999],[79.938070642988293,20.9653384099006],[79.937977428776804,20.964890759038699],[79.937332069473698,20.964067164321701],[79.937257394754596,20.963880603367901],[79.937266750392695,20.963386380280902],[79.937584837419706,20.962190337275199],[79.937893569745796,20.961452563064402],[79.939994987054206,20.958966524594],[79.940247075054998,20.958546898032601],[79.940723355969396,20.957136204427801],[79.940956903475495,20.95619231229],[79.940994325293104,20.955306352651199],[79.940648681339198,20.954305270140299],[79.9400788458873,20.953323408836599],[79.939966750252097,20.9527732036081],[79.940078676631202,20.952109690802899],[79.9402654457609,20.951624742419899],[79.941106421895995,20.9500921369733],[79.941797368226801,20.9486356088543],[79.942255617771295,20.947045813257699],[79.942418063914602,20.94506743893],[79.942108480842606,20.943547738636401],[79.942081095824904,20.942399074192799],[79.942560606511805,20.9414174151696],[79.942744826189298,20.940525136986299],[79.943659455380896,20.9390269410247],[79.944006119159397,20.937935536338301],[79.9443597570489,20.937280423548302],[79.944868357032504,20.936853472861198],[79.9460854236535,20.936440096344398],[79.946395005197502,20.9362413042242],[79.9467338448611,20.935667173911899],[79.946999711164693,20.934309839550401],[79.9467858960424,20.931697859105],[79.946579394870795,20.930901147218201],[79.944853898075195,20.929338501603201],[79.944587521674194,20.928894279061399],[79.944336794296703,20.928200994825801],[79.943681057705405,20.927118931092298],[79.943230462259294,20.926579007410599],[79.942539006056293,20.9259548095783],[79.938539440160994,20.922979656444799],[79.937136623798295,20.922143627680398],[79.935260758693801,20.921292882577902],[79.933420445605705,20.9197722412428],[79.933137568461007,20.9193837308698],[79.933007782408893,20.91892445305],[79.932819311156805,20.918582986154799],[79.931354748036298,20.917505760847501],[79.929692700152899,20.915798356722199],[79.928441782823498,20.91432193532],[79.927096461336006,20.912480323851899],[79.925445128521403,20.9099329274399],[79.924926493109893,20.9093087967813],[79.923533883225403,20.908137755434801],[79.921954163070595,20.907231095236401],[79.921164387350402,20.906171342548799],[79.920798842248303,20.9058651583134],[79.919005306867504,20.905155072802899],[79.915973271333698,20.904614410602601],[79.915348492832393,20.904614410547602],[79.915112734396899,20.904685042046701],[79.914499692955999,20.9053798064467],[79.914134316513199,20.9055681800074],[79.913552915426195,20.9054503034391],[79.911466296904905,20.9046025149824],[79.911041895855504,20.904626036630201],[79.910594022968993,20.904943982324799],[79.9102638588882,20.904943982854999],[79.909532937954395,20.904661385876299],[79.908660664444199,20.904178587196199],[79.907136907178696,20.9031020343098],[79.906182134544395,20.902525081173302],[79.905119518391402,20.901720170078701],[79.904636093618606,20.9010843460544],[79.904175972975096,20.900221370408602],[79.903763139558905,20.898618670602801],[79.903680642264803,20.8977119449019],[79.904140762475095,20.895978129379799],[79.904447112705697,20.8955189195873],[79.905438626365907,20.8943847716737],[79.905662648653603,20.8938784512039],[79.905780528083199,20.8929835515451],[79.906511788431203,20.8915419436726],[79.906570813708697,20.890800137048601],[79.906401393178399,20.889411485735199],[79.906194382123601,20.888849048594999],[79.906036358814205,20.888624383125801],[79.905630670087803,20.888293534259599],[79.904833069600201,20.8878145654514],[79.904219008281501,20.8875915130089],[79.903027967720803,20.887312680287302],[79.901212487602905,20.8873034733525],[79.899600959592604,20.887591580294799],[79.8955122611506,20.887180690349101],[79.894740006205097,20.8870505148017],[79.894246886021804,20.886855351922399],[79.893165219067896,20.885800708147499],[79.891275916693999,20.8835500882345],[79.891154974926707,20.883122530864199],[79.891247849932896,20.882515605431902],[79.891173516157707,20.881595436569999],[79.890828382543503,20.8809789016784],[79.889823431169205,20.880244688582401],[79.888333013725102,20.8794072502624],[79.888119027539901,20.879342195730899],[79.887607195702302,20.879360745221],[79.887104720031701,20.879565249601701],[79.884124905256996,20.879444549285399],[79.882570869703201,20.879481713398],[79.881581737162804,20.879649322199501],[79.880465200200007,20.880002482894898],[79.879776635208302,20.880337095590601],[79.879115965613195,20.8808110911794],[79.877048398446703,20.882552634545601],[79.876852952801897,20.882887180069801],[79.875930159148396,20.885224628202799],[79.875557980154994,20.885605680068501],[79.872717872178498,20.887554831451201],[79.871721541056402,20.8878319712693],[79.871069037369693,20.887739229912899],[79.870064084979504,20.887748503225801],[79.869543067809602,20.887553340552198],[79.867287709382495,20.885867240643499],[79.866263366870399,20.885215153061498],[79.865481416829496,20.8843390041419],[79.864690450682204,20.883651230431798],[79.864336301830804,20.8829236054235],[79.863237624953399,20.879917804574202],[79.862604342084197,20.878846628672299],[79.861953028053804,20.878158854668701],[79.861077011993203,20.877579482398598],[79.860686122141601,20.8772262554515],[79.860080225759305,20.875559375655602],[79.859698691401903,20.875103928670399],[79.859419556262594,20.874918040152199],[79.859186858751102,20.874871601726799],[79.858628590591806,20.874908766088001],[79.855993569695002,20.875765828557999],[79.855239855551801,20.876109714885999],[79.854979261456705,20.876295602553601],[79.854215171765404,20.877114964227498],[79.853618969529805,20.878288425347701],[79.852558225958603,20.879320086317101],[79.851524017303305,20.881360489808799],[79.851039911445795,20.8829054593186],[79.8505090290071,20.883866622376001],[79.8501089541124,20.884275562547799],[79.849009936060995,20.884538199251399],[79.848739986464295,20.884668308211801],[79.848535357433505,20.884900702017401],[79.848107044843204,20.8858409634087],[79.847576671876894,20.8866309550659],[79.846896611747994,20.8879264615762],[79.846654729142799,20.889302008406698],[79.845629876070504,20.890570028140498],[79.845071607307105,20.891034681136599],[79.844792472458593,20.8911555153561],[79.844158679141799,20.8913325328434],[79.843563158597803,20.891397587371898],[79.842837340859305,20.891397587129902],[79.841655655537295,20.890923591603102],[79.840948548785803,20.890375200867201],[79.840582493521694,20.889972375421902],[79.839688616194294,20.888716588229599],[79.838906156033403,20.8872335136796],[79.838822297543203,20.8866200679768],[79.838896970251298,20.883697400393999],[79.838738607359602,20.882401356991899],[79.837630574748701,20.879517936950801],[79.836419631582203,20.877030218433401],[79.836326587192502,20.876509784227999],[79.836214660796799,20.8743382648106],[79.836270453935597,20.8726911438781],[79.835274177289605,20.870846776262901],[79.834687501940905,20.869310475940601],[79.833933787363904,20.868381033989799],[79.833933787705405,20.868213760663501],[79.834492057133005,20.866966105098101],[79.834976162446793,20.8656146179388],[79.835497348181093,20.8645828899317],[79.836307706014793,20.863463930221201],[79.836903396254399,20.8620670797707],[79.837201581518798,20.8599338662079],[79.837220122695996,20.858435066636101],[79.836987256486196,20.857680221398301],[79.836409935537304,20.856786063051199],[79.836298180572896,20.856377121980401],[79.836288994818702,20.855930949653398],[79.836819537750898,20.854317833933301],[79.837014981532903,20.852280320806599],[79.837201072520401,20.851425206386899],[79.837992547702896,20.850724597319999],[79.838234429751097,20.8503156561659],[79.838867543708901,20.848220346344402],[79.838867543155899,20.8478950757526],[79.838662572797702,20.847391846272],[79.838141555727901,20.8466204706328],[79.836538872568696,20.8446081584013],[79.835971247393104,20.844134162219198],[79.835050155364499,20.8440597677371],[79.834240647702998,20.8443293254109],[79.833440326807803,20.844357215275],[79.832536415126,20.844180534006199],[79.8318373037458,20.843844040396799],[79.831548814487903,20.843602439298401],[79.831158093165499,20.8430447742818],[79.830319329822899,20.841365999163099],[79.830216929114002,20.8410034968588],[79.830244995396797,20.840278558548899],[79.830385157755799,20.839849119565802],[79.830664293255396,20.8394216312495],[79.830850381347702,20.8393007962501],[79.833029535254596,20.8386291526677],[79.834471813510802,20.838052871348498],[79.835570832001594,20.8374008505577],[79.836279299189997,20.836681760239401],[79.837312146992801,20.835250434418199],[79.838373572475504,20.833340675889399],[79.839817212675698,20.831431321916199],[79.840580621700596,20.829707654426802],[79.841194853781502,20.828609461815301],[79.841604454322507,20.827092381614001],[79.841455616950498,20.826460320702399],[79.840701052882906,20.825211252953199],[79.840170511349697,20.8238990124003],[79.839879469147405,20.823503244153802],[79.839702905640095,20.8233791854401],[79.838898332487304,20.823123335062],[79.8384538602009,20.8226858996102],[79.838017382352504,20.821980451252699],[79.837505041045503,20.820915189356398],[79.837201412553995,20.820013838617001],[79.837128098805493,20.8188413846215],[79.837169943772693,20.818023637565201],[79.837484288200898,20.816037535667999],[79.837578353935797,20.815619790286199],[79.838677711783106,20.8130978653877],[79.838834544268806,20.812563922581798],[79.838886934626998,20.811843286332099],[79.838688257565394,20.8112061846677],[79.838331397791805,20.810540548241999],[79.838215682641703,20.8101487135932],[79.838215682230199,20.809352061990399],[79.838312173640006,20.808831720074],[79.838273539828506,20.8082619522832],[79.837919987951096,20.8073496568182],[79.837129584449102,20.806174032721199],[79.835829772946397,20.8047504470536],[79.835611346202498,20.804615508605298],[79.834910650122097,20.804441981021199],[79.834820754800603,20.804352061195001],[79.834730670014295,20.8040244212429],[79.834756489737899,20.803626154857302],[79.834814346779197,20.8033049453907],[79.835007141842198,20.802925973689199],[79.835759099452105,20.802122891622702],[79.836305446987396,20.801698899735399],[79.837457506023398,20.800203497344199],[79.838183643686605,20.7997023299346],[79.839179847395201,20.799297633405999],[79.839918990045106,20.799104931016199],[79.8412120167837,20.7990912350472],[79.841668468592204,20.798872808015499],[79.841886893682002,20.7986350871941],[79.842516729737,20.798352465853501],[79.843300913955304,20.798346034006901],[79.844082082133596,20.7987065467983],[79.844641244690493,20.799438884117802],[79.845104292340196,20.799889672178999],[79.845174964850401,20.8000759429098],[79.845149335137606,20.801380072722601],[79.845412802987397,20.802189586931501],[79.846010100385598,20.8031794180005],[79.846068092982705,20.803609402376299],[79.846217110059797,20.803981509556799],[79.847061663272598,20.805070202294999],[79.847454662154604,20.805417555073198],[79.847877127023906,20.805640436859001],[79.849383810874897,20.805652639958598],[79.849776997456601,20.805598946071399],[79.850302497020493,20.805400470543901],[79.851077985577902,20.803944466158502],[79.851322717756403,20.8032239593376],[79.851309392723294,20.802985998386699],[79.850893687029796,20.801481584010599],[79.850496148991198,20.800797441780599],[79.849992016655094,20.799325740225299],[79.848870299313603,20.797059411632201],[79.848419313443799,20.795775050799602],[79.848358440624295,20.7953002050509],[79.848402917515102,20.7944821159615],[79.848796799091602,20.7934633456046],[79.848975838000499,20.7925234194295],[79.849057063962903,20.79062546275],[79.848992045314802,20.788139159556],[79.848731781201295,20.786386860378801],[79.848752511446307,20.782249968218199],[79.849215370257596,20.780516963337298],[79.849573257099607,20.779731031044701],[79.852093916734503,20.777791627909501],[79.852735437188201,20.777475062546699],[79.853482494222405,20.777243773678698],[79.853632697975996,20.777117886660399],[79.8540265798337,20.776111383975199],[79.855030320829897,20.774563102422398],[79.855079132389804,20.773282909117],[79.855225377451603,20.7729054855829],[79.8568582002722,20.770667383930299],[79.856854241580294,20.770169670092901],[79.856927364337594,20.769913964557301],[79.857382120106394,20.769268570197301],[79.857378163480703,20.7689479555487],[79.857479553360406,20.768627341919299],[79.857854025368795,20.768255754687999],[79.857959563546103,20.768044711976501],[79.858175162172003,20.7668983869366],[79.858106185361706,20.766334334578701],[79.858227930865297,20.765899983276601],[79.858443153009503,20.764306084881898],[79.857995936647399,20.762254490925599],[79.858032309163093,20.7606167659224],[79.858145950073506,20.760312468576],[79.858621058831304,20.7597929596194],[79.859470828013499,20.758589111255201],[79.860351880971294,20.757541995346202],[79.862200867402606,20.756878258067498],[79.864119396523606,20.756882308145698],[79.864436009824104,20.7567078278962],[79.864748665292296,20.756378996690199],[79.865338924745799,20.7560814880758],[79.865785575586798,20.7555863951658],[79.866017005250995,20.755501119923501],[79.867121383894599,20.755533634095499],[79.867902742048699,20.755301392163101],[79.868362209081297,20.7548663234369],[79.869381402046798,20.754423872651699],[79.870413977909607,20.753452266051202],[79.870897190278995,20.7532696871599],[79.872054527145806,20.7524944754324],[79.873018314377006,20.7516929403895],[79.873221286180097,20.751360058969201],[79.873245596982102,20.751112571843102],[79.873164558976995,20.748386284562599],[79.8725384938964,20.7458873555805],[79.8726886962544,20.745072960420998],[79.873033956988706,20.7440541887783],[79.873188118117994,20.743822899708899],[79.873667372461,20.743485969637099],[79.874533537220699,20.7426346518283],[79.874858443219694,20.742200418091802],[79.875065373228395,20.742111093992602],[79.875670519608803,20.742111093550101],[79.875918156089298,20.741936614938801],[79.876854427918403,20.740797674189],[79.877556821098196,20.739742460070801],[79.877727377912706,20.739283811261799],[79.878027783812001,20.738963197903701],[79.878483481117499,20.738217758935001],[79.879085047257703,20.7365136952073],[79.879121608935705,20.7361524686848],[79.878955009323704,20.734951120912399],[79.878752037793404,20.734577746089101],[79.878739788649,20.734366703388499],[79.879243919316707,20.733715114746101],[79.879268231873993,20.733142844781099],[79.880149472666901,20.732692294719399],[79.880356590801895,20.7324001455464],[79.880872596215795,20.7320285582888],[79.880929510538806,20.731894572362801],[79.880909157169597,20.731119479431801],[79.881067275982303,20.730589846025602],[79.8811038361805,20.7293843294275],[79.881315100719505,20.728617334008501],[79.881823567458497,20.727985634383501],[79.882331092223893,20.727145394445799],[79.882899489046807,20.726487969429702],[79.884013101739498,20.725495877329902],[79.885853043386703,20.724358484916401],[79.886153637251695,20.724037870600601],[79.888303030378097,20.7224158658505],[79.891696073674396,20.720457050114899],[79.892648553125298,20.719796767143801],[79.893326633321294,20.719037870081099],[79.893972864575105,20.718036964436699],[79.894143421277306,20.717647392832699],[79.894179982917905,20.7171278843736],[79.894504700271199,20.716149727807],[79.894305687058093,20.7141828134524],[79.894147002585001,20.713466077366299],[79.893700351342602,20.712508165830101],[79.893553729247699,20.711961621832099],[79.893480794620402,20.710800767592399],[79.893557874986996,20.7101716890595],[79.894037507746802,20.709081935859999],[79.895426649618003,20.706907908372798],[79.895890073926907,20.706480582458902],[79.896162211132406,20.706078742925001],[79.896734754798203,20.705693221289501],[79.897002746029102,20.705409051246299],[79.897824245676304,20.704241765361999],[79.898124651618801,20.7034950169787],[79.898161212978707,20.7028537894506],[79.898324230436501,20.702324157864702],[79.899400340733905,20.7016869796329],[79.901277595602494,20.699573930563702],[79.901591194742295,20.698540750104101],[79.902200298573803,20.697728973604601],[79.902460751664094,20.6967890470405],[79.903280931691498,20.696525243136101],[79.903752083487205,20.696220826629599],[79.903906243865094,20.696005734748201],[79.904060592873407,20.695364507356398],[79.904227945274599,20.695005306344299],[79.904682889947907,20.694607516615498],[79.905261274638093,20.694362054594201],[79.907602896397506,20.6942922616518],[79.915795843175701,20.693288021545399],[79.916221009387101,20.6930913902581],[79.916747568477604,20.6926853828577],[79.916891363137907,20.6923978787691],[79.916900786228297,20.692075358567799],[79.916758498151694,20.691525123919401],[79.916511803122205,20.691060281269699],[79.916170124559301,20.690633432421599],[79.915135476728693,20.6898460704484],[79.914812267017993,20.689281900719401],[79.914650944751301,20.688712728042699],[79.915153945684594,20.6863411156898],[79.915153945590504,20.685895328864401],[79.9151349118263,20.685610683298801],[79.914450988595505,20.6832428828072],[79.914327734970598,20.682635717973699],[79.914337158186697,20.681914693765101],[79.914689014187999,20.680905452157798],[79.915097030540693,20.6801465554292],[79.915665297746401,20.6793572381786]],[[80.0003155874995,21.053204451710801],[79.999747210346001,21.0532992709471],[79.998025992997995,21.0530248409713],[79.996910327825901,21.053063714063899],[79.995729810856005,21.053348791933701],[79.994508245243097,21.053986565340299],[79.994235809369499,21.054349391763601],[79.993911490518101,21.0553471611444],[79.993716900359999,21.0556451974475],[79.993107174534003,21.055722947307501],[79.992990418699193,21.055813652780699],[79.992523159095697,21.056426999181301],[79.991641007511305,21.057204482196202],[79.9910053416653,21.0575932232768],[79.990512373547503,21.058137464599302],[79.990239947870705,21.058668742432701],[79.989226074917198,21.0620587260739],[79.988616350466003,21.062862126763299],[79.988187182956594,21.063174701329],[79.987279082223694,21.0636282338344],[79.985992895789295,21.0637853128476],[79.984202643585306,21.064303636352001],[79.982448283876906,21.0649926339274],[79.981314039717105,21.065539039409199],[79.980657929488501,21.066103385312498],[79.979755763471999,21.066613119229899],[79.976518184099007,21.067935888590501],[79.974941681919006,21.0680815253364],[79.973261069428602,21.068661904292899]]]}},
{"type":"Feature","properties":{"fid":3,"id":null,"Name":null,"description":null,"timestamp":null,"begin":null,"end":null,"altitudeMode":null,"tessellate":-1,"extrude":0,"visibility":-1,"drawOrder":null,"icon":null,"OBJECTID":470.0,"rivname":"Penganga River","sub_basin":"Wardha","ba_name":"Godavari","length_km":685.09607162500004,"origin":"Origion In Buldhana District In Maharashtra","major_trib":"Aran","st_pt_lat":20.527101874300001,"st_pt_long":75.975540145500005,"st_loc_ste":"Maharashtra","st_loc_dst":"Buldhana","st_loc_sb_":"Buldana","st_loc_vil":"Januna","en_pt_lat":19.896861998799999,"en_pt_long":79.149075245500001,"en_loc_ste":"Maharashtra","en_loc_dst":"Chandrapur","en_loc_sb_":"Chandrapur","en_loc_vil":"Wadha","lat":19.43951736,"long":77.77187582000001,"UID_River":"6016","state_al":"Maharashtra,Telangana","Confluence":"Wardha River","remark":null,"Shape_Leng":685096.07162499998},"geometry":{"type":"MultiLineString","coordinates":[[[78.841250559671849,19.761772693409821],[78.841778324793694,19.7617571801396],[78.842408578319095,19.761867429824498],[78.8445199458574,19.762736770937],[78.844528162713885,19.762744641397671]],[[78.85156710791594,19.767714353000535],[78.851822871548904,19.7679120284051],[78.8524810783709,19.768620232602402],[78.854784802067996,19.7703148672325],[78.856303741392495,19.770947190575001],[78.8577720480788,19.771275999869101],[78.859847232149733,19.771275999694641]],[[78.862625655868811,19.771042655361335],[78.864061594819049,19.770759380346693]],[[78.880825643204986,19.765715882333762],[78.881203797757394,19.764750362309201],[78.881370923909216,19.763998963247808]],[[78.880504870057806,19.759557618799771],[78.880192082183299,19.759220108961301],[78.879685768446294,19.7585371972222],[78.878749091324295,19.757019615301701],[78.878521248290795,19.75643787692],[78.878521248683199,19.755704380456802],[78.879281680861595,19.754140184069197]],[[78.879826872878823,19.748295358422933],[78.880244840343707,19.747109391022398],[78.881054940815602,19.7464770642056],[78.881991622534898,19.746375894119598],[78.882496707582433,19.746704306612294]],[[78.886649170526724,19.746275250759311],[78.886725647471295,19.7461988420153],[78.891333099673901,19.742278424378199],[78.892092567543102,19.7414943407511],[78.894750710944805,19.739369726735902],[78.895145860826702,19.73917233036369]],[[78.903415151712608,19.737610725023007],[78.904204508060801,19.737610725439399],[78.9057993914886,19.7380154125538],[78.906554032393558,19.738258880993779]],[[78.908052338516313,19.738742276807507],[78.910659997977703,19.739583581296699],[78.9114447827383,19.740013562595699],[78.912001728861298,19.740468835401899],[78.912392653839632,19.741578071556098]],[[78.916154922157588,19.744642219901955],[78.918397503457697,19.745817089006302],[78.919536706997107,19.7463482432243],[78.924498573972201,19.748118754916401],[78.927941507017593,19.7488269585841],[78.936118463129503,19.7488522490751],[78.939802331436397,19.748473323691002],[78.942025718503501,19.748484375417291]],[[78.947078620976285,19.749074945936972],[78.948283075149206,19.7495609238259],[78.949371650874198,19.750522059547801],[78.9501564345872,19.7514326076539],[78.951001260813001,19.7542059209886],[78.951077204678299,19.7571652040759],[78.951077203923901,19.758556320354501],[78.950722790001194,19.760200365062701],[78.950267103955099,19.761793826158499],[78.948871847893997,19.763808702025401],[78.947049119522703,19.765326282719499],[78.943808719951804,19.766945037367599],[78.942770777796198,19.767830291337301],[78.941707518095697,19.769170819553199],[78.940922733798999,19.7699043186818],[78.940289843751401,19.770713695956701],[78.939505054228405,19.771953051565902],[78.939024057469595,19.772990065704001],[78.938181909749801,19.775461749229301],[78.937878123148295,19.777206967055999],[78.937852806290906,19.778749838781401],[78.938030015901404,19.780140956765099],[78.938654236556431,19.782031432674255]],[[78.940169244829278,19.784787344120225],[78.941856766068994,19.786559448399299],[78.942022260976813,19.786838469333794]],[[78.943123457927612,19.787835818766908],[78.944059229116306,19.7882540802661],[78.944818696482699,19.788810523559199],[78.945056174055622,19.789586198907841]],[[78.952627403186739,19.79918914129625],[78.953861362171907,19.799957673558801],[78.955278747395155,19.801061415210988]],[[78.962523363439132,19.805169645718156],[78.963278782627796,19.805522135875499],[78.965202775306196,19.806179754086699],[78.967117625823576,19.806750017305934]],[[78.96805547857268,19.806964094566581],[78.971745882567305,19.806968393729601],[78.972809141777006,19.806690167560799],[78.974910338896194,19.806386653588099],[78.978348225297282,19.806905114079484]],[[78.985489674562771,19.806782706497462],[78.987466905741002,19.806285480947899],[78.988454215616798,19.8062854799199],[78.990111988623752,19.806440990447179]],[[78.996417690969537,19.806917286623207],[78.999999997479406,19.807130948016201],[79.002760399342122,19.80749932997114]],[[79.012493327430462,19.805425887789642],[79.012938064698702,19.8051609499298],[79.013131153493887,19.805060290453088]],[[79.018073948052034,19.800871104405374],[79.0185947802577,19.800382064111499],[79.019948467623607,19.799612949070799],[79.021594131774506,19.799506864260799],[79.023266331833099,19.7996659919853],[79.025055235317893,19.8004549257601],[79.025748669880585,19.801250618883067]],[[79.028202692762505,19.802896484180391],[79.029007258472205,19.803258242678201],[79.030237973453893,19.804403141301002],[79.031256496422401,19.806014483025901],[79.032406499043702,19.807463997899401],[79.033425020539397,19.808396879382101],[79.034019159401794,19.8096689893488],[79.034401105658702,19.812679651983299],[79.035336774540099,19.8162063638893],[79.036185542277295,19.8179025126617],[79.036468466362464,19.818213474499238]],[[79.043383230074369,19.822073106669347],[79.0443506525435,19.8221902735974],[79.046657661302703,19.821986879696698],[79.047879017317797,19.821105510442798],[79.049168227786495,19.8198851541495],[79.051746653444397,19.818258009371501],[79.0537143961852,19.817647831762098],[79.056360671255106,19.817105449979898],[79.059346211811302,19.816766462795901],[79.063078138996104,19.816902056184301],[79.063237309781769,19.816917960300575]],[[79.079250451915641,19.823801077421074],[79.079994332772699,19.8244432692033],[79.082437045438098,19.8262738059729],[79.084269084202504,19.827833152938801],[79.086578453237905,19.831166136775401],[79.089089019835995,19.8341492342444],[79.090310380727402,19.835437389983301],[79.090717501441006,19.8363865567981],[79.090649646606394,19.837064531916301],[79.090174673481897,19.838217092609],[79.089224727977907,19.839369652437799],[79.088817607573901,19.840590011355001],[79.088861287868141,19.841942971749525]],[[79.09293897461508,19.842129051681297],[79.0938387455396,19.8413357841028],[79.0947208404137,19.8409967974554],[79.097027849086899,19.841064593546399],[79.097909938406602,19.841471379897801],[79.098656324673598,19.842352749026599],[79.098963738739201,19.842813492865542]],[[79.101267945856563,19.844481877050455],[79.104781498404407,19.8458946307749],[79.1066813868037,19.847047189332699],[79.108920541048306,19.848064154636599],[79.112041789912396,19.850030287849901],[79.112720322987599,19.8511150494205],[79.113670267611099,19.853216776066301],[79.114408225236346,19.855610183248594]],[[79.125774699700202,19.86387953514598],[79.126368514921495,19.863948526820099],[79.12704326655934,19.864285626418177]],[[79.129133030434943,19.865285807167162],[79.131796773070405,19.8662536468388],[79.134175828848001,19.867688299167199],[79.135193627113495,19.868908655340999],[79.135872158985805,19.871145977613001],[79.136074717800753,19.875396225726174]],[[79.140417600285375,19.88031355614288],[79.142052785142496,19.880858170642899],[79.143347251643306,19.8819594400493],[79.145043581783298,19.8844001558647],[79.146672058537405,19.888061228583599],[79.146823475765103,19.890028037555773]]]}},
{"type":"Feature","properties":{"fid":4,"id":null,"Name":null,"description":null,"timestamp":null,"begin":null,"end":null,"altitudeMode":null,"tessellate":-1,"extrude":0,"visibility":-1,"drawOrder":null,"icon":null,"OBJECTID":508.0,"rivname":"Wardha River","sub_basin":"Wardha","ba_name":"Godavari","length_km":533.32208764300003,"origin":"Origin from Satpura Range near Multai in Baitul District In Madhya Pradesh","major_trib":"Penganga, Vena","st_pt_lat":21.8202336913,"st_pt_long":78.426276562200002,"st_loc_ste":"Madhya Pradesh","st_loc_dst":"Betul","st_loc_sb_":"Multai","st_loc_vil":"Chikhali Kalan","en_pt_lat":19.596556934700001,"en_pt_long":79.789818425299998,"en_loc_ste":"Maharashtra","en_loc_dst":"Chandrapur","en_loc_sb_":"Gondpipri","en_loc_vil":"Shivani Deshpande","lat":20.54343885,"long":78.33794642,"UID_River":"6554","state_al":"Maharashtra,Madhya Pradesh,Telangana","Confluence":"Pranhitha","remark":null,"Shape_Leng":533322.08764299995},"geometry":{"type":"MultiLineString","coordinates":[[[78.79893529048536,20.299767599459376],[78.799847915534301,20.299605361200499],[78.801080776352805,20.298105370981101],[78.802226891398504,20.296949344709201],[78.804388824888903,20.294297114294899],[78.8060484145212,20.292569311619999],[78.807000061424503,20.291432907404101],[78.808011296082398,20.289617610911002],[78.808162171340697,20.288817487345501],[78.808055752785094,20.288135707848276]],[[78.819737666703318,20.277489511380129],[78.820118795719694,20.2766682182389],[78.820280036521297,20.276023780791601],[78.820367986929995,20.274266219906799],[78.820338671074296,20.273592487895201],[78.820148112646805,20.273035926071799],[78.819825629286797,20.272640476744801],[78.819492990051273,20.272399115177393]],[[78.817042656409399,20.269067949373593],[78.816841683163702,20.2686550447964],[78.815680628187096,20.2671088862426],[78.814798650948106,20.266535467309001]],[[78.813194294492462,20.255030196566217],[78.8136097270677,20.254538219592799],[78.814164870919996,20.2540246161788],[78.814524688320105,20.2535418263538],[78.814718128910556,20.253095438124934]],[[78.82728881913205,20.250082045498232],[78.8279703124051,20.250230313400198],[78.829336077818795,20.250988451101499],[78.829928630918602,20.2511545190353],[78.830333302170601,20.251176180228999],[78.830954764749293,20.251176180293498],[78.831482279975006,20.251067874926999],[78.836430090615806,20.250591332221699],[78.8372422024336,20.250793446803399],[78.8376902300392,20.250822329740402],[78.838696180973159,20.250769735180818]],[[78.85667076405737,20.254082923890397],[78.857608791046601,20.2542069738425],[78.860878514117701,20.2542531509973],[78.862311185094697,20.254403228066],[78.863628316769095,20.2544032279873],[78.864841464582895,20.254322417111599],[78.869007891189696,20.253675968209901],[78.870729402007299,20.253329639855298],[78.872011876177496,20.252960220245502],[78.875504901750986,20.251335169998956]],[[78.891772169450022,20.249592834924613],[78.892376301721796,20.2501634156704],[78.897377694661827,20.250170057546253]],[[78.90050864022389,20.25121613386915],[78.900792705837603,20.251470364798099],[78.901279985821901,20.2517706065452],[78.902303262690296,20.2521601096858],[78.902835028622206,20.252529850570699],[78.903135519743003,20.2533007396542],[78.903492852113004,20.253771388134801],[78.904990496975401,20.254651096018499],[78.905355645811497,20.254859581429301],[78.905989634466906,20.255031981442698],[78.908803743616701,20.256197675449201],[78.910475732551703,20.256617892372098],[78.911542517605298,20.256740882698399],[78.913193989721407,20.256751132247299],[78.915886941816694,20.2566284574185],[78.9171896566139,20.256331229540098],[78.919518128009898,20.255644532342],[78.921060124954494,20.254656862447501],[78.922024337294204,20.253775429573601],[78.9223012943567,20.2533039674245],[78.9223536778983,20.250642882289799],[78.922517795629403,20.249925440239],[78.922943630275199,20.248924941576998],[78.922893160151105,20.248521502656899],[78.922698485895594,20.2480964530174],[78.921712424570401,20.246240369893695]],[[78.922911253110271,20.238327262613936],[78.923448796348296,20.238086866938701],[78.924249126579994,20.237517732078299],[78.924761048854506,20.236970207240301],[78.925885834733293,20.236026450317102],[78.926001847600133,20.235914288672671]],[[78.929504376026884,20.233533644489221],[78.930632334868804,20.233435642431601],[78.931508462484302,20.2332671090719],[78.933628247652905,20.2326547496837],[78.935149592433007,20.2320279779229],[78.938319241716698,20.229919096050999],[78.938996993764803,20.2293067332593],[78.939350295198295,20.2287520046061],[78.939552177808693,20.228182868350899],[78.939609947965195,20.227329137433699],[78.939509006237998,20.227062579555199],[78.938160705672203,20.225708178359501],[78.937958706981107,20.224783254265699],[78.937832086309768,20.224500315673843]],[[78.940175993954355,20.219770174239738],[78.940570642083202,20.219703340435402],[78.941926151297594,20.219263878809201],[78.943548437751502,20.218493022806399],[78.947784159426803,20.216861935825399],[78.950484073723402,20.216094777559299],[78.952596651979405,20.215777791988799],[78.953469084004297,20.215439191708398],[78.9560599693271,20.213682935823286]],[[78.956240596672316,20.213582208569232],[78.957971793419802,20.212670747420699],[78.959618576747602,20.212134036052301],[78.960087236940396,20.211817048897199],[78.960974086113893,20.2111470525684],[78.961644635692394,20.210469851049901],[78.962642265566004,20.2089023684272],[78.962844148958993,20.208455704903901],[78.962973931019704,20.2080018361669],[78.962973931093302,20.206978831151002],[78.962332362301197,20.2048914824489],[78.961964172869202,20.2028481114382],[78.961920909613795,20.202012416547198],[78.961819968120807,20.201695427364701],[78.9605999027726,20.200336176748301],[78.959193922132499,20.199140268211099],[78.9588910921875,20.198938548949901],[78.958032080053812,20.198699157612523]],[[78.957648329846265,20.184544553653588],[78.957698917402993,20.184458817059301],[78.958355836932398,20.183749016040299],[78.958449564261002,20.183468050874101],[78.958449565029397,20.183100631556702],[78.958420725130097,20.1827548283037],[78.958103477556094,20.182192895211301],[78.957223837040601,20.181349997293601],[78.956502174850996,20.1794219584438],[78.956004674479004,20.178679919218101],[78.955008661629805,20.176772556000898],[78.954857248203993,20.175129984824899],[78.953623517523695,20.172791206138498],[78.953616658334894,20.172774757920301]],[[78.956630609370961,20.168460235111997],[78.957404450366496,20.168120729975701],[78.958240829169895,20.167998258016699],[78.958875324411807,20.1677677215751],[78.960807648750801,20.166960844572898],[78.962314572030493,20.166766327767299],[78.965166140368098,20.166022350010799],[78.967290062204796,20.1655735674371],[78.969597315573793,20.1645505623686],[78.972433392109707,20.163452359239301],[78.973529338450703,20.162220432243299],[78.974243143945003,20.161629681799699],[78.975492270517407,20.1597526928444],[78.9759969786912,20.158823341328301],[78.978698065521954,20.155251433803393]],[[78.979444469452986,20.154108137130549],[78.980080731302294,20.153087101459999],[78.9805792302718,20.152124477643198],[78.981336297268996,20.151195128400801],[78.981696807698896,20.150359434351099],[78.981711491367506,20.1492891131651],[78.9815744959309,20.1487632008551],[78.981264457183997,20.148374171893799],[78.980233403769603,20.147639336738099],[78.979930820033033,20.147482638202639]],[[78.979024989759935,20.146999096597824],[78.978457430183695,20.146389314895401],[78.978176237197999,20.146194800337401],[78.977822935580306,20.146072329288899],[78.977448008934999,20.146050715903399],[78.976786280465831,20.146303522050427]],[[78.972448228787073,20.146244911991385],[78.971861392709798,20.146171527037701],[78.971793040894127,20.146175799878609]],[[78.971287922898469,20.146036448871534],[78.970668472433999,20.1455796057367],[78.969895668489016,20.144839020305525]],[[78.968868330782811,20.142419334467888],[78.968717077316896,20.139369167640702],[78.968563389840483,20.138209122007879]],[[78.968415199195576,20.137090566908498],[78.968320367224393,20.136374767439399],[78.968145561630166,20.135543364052332]],[[78.968136436884976,20.135465251961026],[78.967944858685499,20.132746014020501],[78.968241491310735,20.130849075135316]],[[78.987689382484248,20.128974593163086],[78.987964706655902,20.129370049312801],[78.988347194363101,20.129579333171701],[78.989704109018405,20.129542936681201],[78.990268731442399,20.1293882457596],[78.990714750943454,20.129100661986211]],[[78.993288353200512,20.128540793238553],[78.994053564111397,20.128460558738201],[78.994570733821078,20.128294149924468]],[[78.994619750093605,20.128284722508219],[78.995838497710906,20.128160280414299],[78.997040596421201,20.127905498920899],[78.998264436519705,20.127740552541201],[78.998737991356904,20.127585864578201],[78.999530285172298,20.127176393709401],[79.000000001769493,20.126510466224001],[79.000476436768153,20.126103410461575]],[[79.003602174033531,20.123469644025924],[79.004276349140397,20.122958443422299],[79.005515588705705,20.121810869410201],[79.007173983329693,20.1204447114354],[79.007447345022698,20.120007539660701],[79.007558039065799,20.119620296669691]],[[79.017995804672537,20.11276128888478],[79.018973003883801,20.112144605352199],[79.019174925516523,20.111994976260601]],[[79.02661047138956,20.10279575061449],[79.027095055531902,20.102311396053501],[79.028297849902401,20.100562713028602],[79.029063260235205,20.099761231884099],[79.032471170701399,20.095571678754698],[79.034035396630898,20.094199203994968]],[[79.036278106767696,20.092398362234054],[79.037290866079502,20.091804957266],[79.039095055483003,20.091112770452501],[79.041664653257897,20.089418732964401],[79.042849223609494,20.089127285057799],[79.044471169443696,20.088981561724999],[79.045509944122003,20.0887447596226],[79.046494044355697,20.088416882082399],[79.0470954410345,20.0881254340905],[79.047532821106003,20.0878157713131],[79.047733287567198,20.087506110435498],[79.047995762118404,20.0864859997365],[79.0482071112488,20.084591635914201],[79.048715147988304,20.082763891546598],[79.048842936926604,20.082015765272399],[79.048751660238096,20.0812493926251],[79.048404801306205,20.080665487581101],[79.047984919805302,20.0792239768044],[79.047119749687056,20.078642964747772]],[[79.0447002388199,20.075573515752588],[79.043627514242843,20.073674184579946]],[[79.043610120554803,20.073168166132696],[79.043630123748699,20.072334244931305]],[[79.043650855674798,20.071958484659657],[79.0438961727736,20.071238198691201],[79.044078729194098,20.070307601909501],[79.044422828361249,20.069488716311113]],[[79.04490891694104,20.068892412192529],[79.046232898912507,20.068136211815901],[79.046773863137133,20.067718823281073]],[[79.04952195666489,20.066944210298477],[79.050212631342305,20.0669136641101],[79.051280146964913,20.066650566874085]],[[79.052149693692982,20.066505335985774],[79.053754228484607,20.066293265556599],[79.055086893054593,20.0663115144086],[79.055616305050904,20.0664574887196],[79.056218742775002,20.066493983339299],[79.058957090523606,20.066348007916702],[79.060020776875149,20.066394233619413]],[[79.062994511831761,20.068838266249916],[79.062822298602697,20.0692513847121],[79.062731018070707,20.0696893104585],[79.062858807682403,20.070236720084601],[79.063041364829104,20.070455682922798],[79.065487621008401,20.071240303876198],[79.066144826542796,20.071313292302602],[79.066929821323498,20.071240302911399],[79.067440978046804,20.070948352114101],[79.067678302787101,20.070638153653],[79.067883506814923,20.070255287520297]],[[79.068974344805156,20.068634211973684],[79.069363111705499,20.068248184256799],[79.070767435947403,20.0664418547961],[79.071825196075295,20.065339519903901],[79.072045276447113,20.064843789427346]],[[79.072675757878457,20.063423631610309],[79.072703740575605,20.063360600656299],[79.072696534275551,20.063136966011779]],[[79.072255971077539,20.060796843041064],[79.072227856028704,20.060662152662701],[79.072264364989906,20.059585581374101],[79.072136576466804,20.059056417758001],[79.072037411906095,20.05883505603639]],[[79.072320519567114,20.053701174764122],[79.073557884514003,20.0517754954022],[79.077710984394002,20.0470646714605],[79.078597600444795,20.045851984424299],[79.078924249459803,20.044732580900899],[79.079147862918816,20.043212718546375]],[[79.079800934167665,20.041454488991402],[79.080044181779897,20.040814666665302],[79.0806001963781,20.038316656922898],[79.080876418171599,20.0364300512048],[79.080876418192901,20.035210662756501],[79.080602456694066,20.032198526581784]],[[79.082799962367062,20.024012579818869],[79.082933233846205,20.023921437353302],[79.083640421414557,20.023275520969115]],[[79.093056699294607,20.017533087635208],[79.093483387523406,20.017670431300498],[79.094268190398594,20.017841742717899],[79.095007887469905,20.017904856650802],[79.096599116699295,20.0179138304212],[79.097770642925298,20.017550034427298],[79.099226521415801,20.016754228190901],[79.105350790847694,20.012268058873001],[79.106513739343995,20.011047545150301],[79.108258158337705,20.008897117824599],[79.108461672995105,20.0082287416746],[79.1085198207319,20.007095408094099],[79.108467830198435,20.005481650190106]],[[79.109671110404491,20.000488751865788],[79.109824924119806,20.000311771787],[79.110270793703293,19.999999999244402],[79.111368058137003,19.997929164418899],[79.112374720657201,19.9952755926059],[79.112740474932593,19.9940650171934],[79.112900497917494,19.9932427468549],[79.112900497283306,19.992466150776899],[79.112786186825602,19.9918037558649],[79.111916759747203,19.990749709771201],[79.110659472131104,19.989584823979499],[79.110457756280482,19.989360875392297]],[[79.109234299978851,19.988208980290569],[79.108259209311697,19.987460613920899],[79.107504843932801,19.986684017618199],[79.106726156072298,19.9854679538314],[79.106360400243801,19.984394429543201],[79.106291800706103,19.983709198206501],[79.1064621246109,19.979748679550202],[79.1073386816918,19.976887579341799],[79.107338681565096,19.9746103794334],[79.107475120527127,19.973701659199943]],[[79.10822095866888,19.967744585215595],[79.108122982696401,19.967368699264401],[79.107953488726878,19.96704692791619]],[[79.107772855614371,19.96665304518357],[79.107457801678905,19.965603776699002],[79.106756550773198,19.964377592092699],[79.106127712267607,19.9639587104373]],[[79.101794699070254,19.957349138559998],[79.101550186322299,19.957118395700402],[79.101367591684536,19.956996766159584]],[[79.101010183101579,19.956758689935867],[79.099621734892906,19.9558338198513],[79.094116988421803,19.952722442855698],[79.09394692359875,19.952665800900391]],[[79.089030433843178,19.948248778387214],[79.089039337052284,19.948168711171828]],[[79.08917827209801,19.947453334528038],[79.090202160515304,19.9445367919235],[79.090494334740796,19.943135436674002],[79.090202162478903,19.939281711315701],[79.089033396324695,19.936070273815599],[79.088799657486703,19.933559511815702],[79.088698581924831,19.931200829769033]],[[79.089053117446781,19.926392347083546],[79.089559548537693,19.924606382441301],[79.089851756971498,19.923205027458501],[79.089851756616127,19.922140026605312]],[[79.094504087454794,19.91599875594779],[79.097166584353502,19.9175030270058],[79.0986042592654,19.918118668448599],[79.099590078573797,19.918159709322499],[79.100863432104106,19.917872408811],[79.101767143412602,19.9172978082801],[79.102958353757103,19.916148621007299],[79.104486879147785,19.912817135387396]],[[79.112648538385486,19.905189926336494],[79.113729944791103,19.905083997777901],[79.115989152014293,19.905001901224399],[79.121377710514693,19.904337945989099],[79.123677989942294,19.903763343563199],[79.126265804176697,19.902778321399001],[79.129185635822907,19.901542373791699],[79.130705453984405,19.900270049325801],[79.130992582958868,19.900127415397137]],[[79.141549465612997,19.898458401375354],[79.142626263559606,19.898503705336498],[79.143098653989782,19.898220503195986]],[[79.14909947906223,19.896873704660699],[79.151086959601102,19.897833744612999],[79.153529676137694,19.8976981504468],[79.155633122181897,19.896952375906199],[79.1597043154365,19.896274397564099],[79.162214887107098,19.896274398063699],[79.163639800859698,19.896748981310299],[79.164657599371694,19.8981049341171],[79.166567722317595,19.9008975106996],[79.168942580205993,19.905643346799799],[79.170096086680203,19.907541680201099],[79.171046031610501,19.9081518608069],[79.1729459243452,19.908287454363698],[79.175185079524098,19.908287455443599],[79.178992624237907,19.9069310878122],[79.184760147486003,19.903880192544101],[79.188627778817803,19.9009648945481],[79.193519725431898,19.896208778302601],[79.197455211477106,19.8943782419421],[79.199830074591105,19.894310444005299],[79.202883468922096,19.894988421353698],[79.211653423289903,19.897567948339699],[79.214774672002804,19.8989239013796],[79.216878118474497,19.899330687065699],[79.219660101484806,19.8991950905632],[79.225372988920299,19.898108253333501],[79.229444181987105,19.897904859031598],[79.233515374520593,19.897904859227801],[79.237729417932002,19.8989888958594],[79.241325636470407,19.8990566939171],[79.243836203544802,19.898717703920202],[79.245939655478097,19.897768539788899],[79.250757233893694,19.894582047312699],[79.255506960520407,19.888887047352],[79.260604682860702,19.884669783740499],[79.265965086369206,19.8803985335595],[79.271612247005706,19.877265618146701],[79.278872538424494,19.8748926995784],[79.281993787741797,19.8746893090333],[79.2957883485591,19.875365932874899],[79.301488017527802,19.8753659328342],[79.302980791375404,19.874823554439001],[79.304880679474905,19.873399803428001],[79.307255542716106,19.871094683859901],[79.308884019695,19.8693997414431],[79.310716053282903,19.868111585908601],[79.315133557393693,19.8659302269518],[79.316897741747994,19.864303083847201],[79.318661921394906,19.862540343449801],[79.322196317669807,19.8597471439363],[79.326403219954102,19.858187799817301],[79.329999438207693,19.857984406366501],[79.332102884879504,19.857713215793002],[79.334817014029298,19.856696251629302],[79.336106228611499,19.8553402980241],[79.338893322595894,19.851396304405998],[79.340046823097893,19.84834540944],[79.340046824009505,19.846311480777501],[79.339843265870996,19.845158919358798],[79.339232588308803,19.844277551431901],[79.338621909072302,19.8435995751178],[79.336649245072607,19.842631719271601],[79.334613648187897,19.841343564753998],[79.333460140955594,19.840191005279099],[79.332849463151206,19.838767254424699],[79.332781609673901,19.837275705657198],[79.332985171644395,19.8361231452044],[79.334070820065804,19.835038384027701],[79.335495738480006,19.833140049752298],[79.337605939863906,19.8299391290697],[79.341066455381707,19.827498414989002],[79.352610472904701,19.821520178554199],[79.356274544479206,19.818876070676701],[79.359395794829396,19.817452319082701],[79.366741164293302,19.816561918197898],[79.370608800148304,19.815816143041499],[79.377054855934304,19.8137822149843],[79.382618817619203,19.813104236844602],[79.385400801832006,19.8131042365555],[79.387639955620699,19.812561855595099],[79.390489788243499,19.812629653280698],[79.394086012188595,19.813375427398899],[79.398923853435207,19.813576017818502],[79.407269798726801,19.813237030289098],[79.408626862896398,19.812694648144198],[79.410323193063704,19.811406493869299],[79.416372161545496,19.807527597120998],[79.421461154145405,19.803866524204398],[79.426821557047006,19.8014936061175],[79.433946146700507,19.799730867953699],[79.440405466078104,19.797753521578599],[79.444069543986004,19.7960585818889],[79.446444401988799,19.793956853115599],[79.447733616365198,19.792058518919799],[79.450934003081201,19.787906149114502],[79.452494630195901,19.7854654344262],[79.454394518771494,19.7841772782647],[79.457515767969497,19.783634896444699],[79.459551364885399,19.783567098695102],[79.462197640028293,19.782482336160001],[79.464911769006505,19.7807195973494],[79.4706962267161,19.775813145147499],[79.474563858105,19.7737114187439],[79.476260188699897,19.77188088266],[79.477074429168397,19.770728321639901],[79.478838609567603,19.769914749746899],[79.481688447278202,19.769236774915601],[79.486576672094202,19.768212229885702],[79.488747976593103,19.7672630617189],[79.490783568913102,19.765635919852699],[79.491937074688096,19.7642121681526],[79.492751695332402,19.7610815375632],[79.493158815446904,19.754098381134298],[79.493023108059603,19.7521322487753],[79.492548137888704,19.750301711874901],[79.489357444379607,19.746081751663201],[79.48752540529,19.7420138931057],[79.485218351771394,19.7342039793878],[79.484133224704493,19.723137077120899],[79.484608199587399,19.719408205657999],[79.485830082026894,19.7122095119169],[79.485558670972196,19.7100399847942],[79.485355112476,19.707260281879499],[79.485830082991498,19.7049551612808],[79.487530758113394,19.699982470079998],[79.488073581517597,19.697609552857401],[79.488276851014803,19.693455210003101],[79.488276850568496,19.688912765918602],[79.487869730328796,19.6880313965558],[79.486987640482994,19.687014433956499],[79.4858341335825,19.686200859685801],[79.484409219975603,19.685522884803699],[79.480262834329096,19.682595959156298],[79.478973623992403,19.681036612093799],[79.477752268563904,19.678934886643098],[79.476870173190093,19.677714527241399],[79.475716670784607,19.676290776088301],[79.473816777479698,19.674189050816299],[79.470552542244803,19.671935842896499],[79.4692633269769,19.670579890770199],[79.468584794683807,19.669291734559401],[79.468381237154404,19.6678679852198],[79.468584795378405,19.665020483086],[79.468856211654099,19.662986554560401],[79.470151307394104,19.660050387237899],[79.471508365831895,19.658965625547399],[79.474697469924493,19.657813064673501],[79.479311487965305,19.6553723510408],[79.4831112692045,19.652999432956701],[79.484129067303499,19.651372288647998],[79.485350423192401,19.648524786697099],[79.486372997644807,19.642471175307499],[79.486440851852507,19.639827065320901],[79.486915826922299,19.637182957813501],[79.487797915952299,19.634810039936699],[79.490247865261395,19.627324577659699],[79.490383573401402,19.624680470846801],[79.490519275940699,19.623460113322999],[79.493097702035399,19.618104098294999],[79.495816652314105,19.610760773745199],[79.500008365230599,19.600184340966699],[79.502571323438602,19.596428140875599],[79.503478971847301,19.594195722550801],[79.503688429401706,19.590986625835299],[79.503478972390099,19.5867310805904],[79.502571325471806,19.583103402646401],[79.502010064777394,19.5786256273364],[79.501870426626496,19.573742213849499],[79.501456392420295,19.572058016615198],[79.501250324160495,19.5715432651679],[79.5009068860669,19.571028515544501],[79.499999991244195,19.5706730196857],[79.488157065739003,19.5670439322198],[79.486091810981094,19.565834235844999],[79.484881143518606,19.5644110652241],[79.483670479102798,19.562703258572],[79.482887106186496,19.560568501908602],[79.482958321023801,19.558789537774899],[79.483243184228996,19.557224049051701],[79.485237222833803,19.5518871577044],[79.487231261879998,19.547475326303999],[79.4892253000762,19.544415507839599],[79.491148123135304,19.54249422601],[79.494780127109095,19.5399325176476],[79.500121301898105,19.5377992664407],[79.501706532826901,19.536765008907],[79.504434180282502,19.535604165876901],[79.505696978152002,19.5351499221537],[79.506707213936707,19.5350237447661],[79.507742707859506,19.535048980173499],[79.508449878110298,19.535250865278201],[79.509485373341704,19.536007936835802],[79.513305288450496,19.539219340694402],[79.517497779000905,19.542020506233001],[79.518568968601414,19.542806851975897]],[[79.522518478805949,19.545998278650899],[79.525545385674604,19.549006618599901],[79.530714156550005,19.551911721989899],[79.536140916608971,19.553580155887548]],[[79.539353313577053,19.554567793434821],[79.539953337852495,19.5547522683019],[79.541827019701898,19.554687709900598],[79.5431192111499,19.553977572909702],[79.544346796975901,19.5526218568309],[79.54447064094569,19.552238248974582]],[[79.545443096859714,19.550515514352966],[79.545471200935694,19.550497369578899],[79.5458938803622,19.549832638458899],[79.545924389891297,19.547569016802935]],[[79.546332628737375,19.541716403994158],[79.546395044305001,19.5411944322015],[79.547793469857709,19.534061539787238]],[[79.54797978745016,19.533296605657284],[79.549111556979994,19.5296924085509],[79.549778895165289,19.528456028569277]],[[79.550656943968448,19.526919533322285],[79.552153369609101,19.525476915334],[79.553036476330007,19.524776666351698],[79.554213951557003,19.524202461676399],[79.555195039468416,19.523848120884697]],[[79.556189941311288,19.523488790897474],[79.5585197790367,19.522647320388501],[79.5598005748421,19.5219769355568],[79.563095663215293,19.520750338554802],[79.568910534899302,19.519200948350498],[79.571559532922393,19.518103465181898],[79.5751776703964,19.515521152302501],[79.583008606546301,19.5105355919742],[79.586045258808696,19.508469738412298],[79.586235933525614,19.508393529746797]],[[79.593626717725897,19.50692035049607],[79.593927638642697,19.506920350424899],[79.595995145704407,19.507695045568902],[79.598256486584702,19.508921643574599],[79.599613288035698,19.5100191294027],[79.602391507698499,19.513440694837701],[79.603310436052496,19.516750475680599],[79.604731848159801,19.523206260053499],[79.60574883126931,19.526419542560046]],[[79.610116293219804,19.54370440710494],[79.611779767165103,19.548920539249899],[79.612102814515197,19.551438296242299],[79.612232036929697,19.553375032864398],[79.612609037269564,19.555300384319047]],[[79.612792755433176,19.556238638204189],[79.612813521832706,19.556344692797001],[79.612978100004781,19.556737041976533]],[[79.615105947174797,19.561013942929169],[79.615274382383603,19.5612713429094],[79.617277279364004,19.5634663110155],[79.619667840350303,19.5658549516553],[79.619995252879207,19.566205133706308]],[[79.62326763798734,19.56970509301668],[79.625303184646697,19.571882199392199],[79.629308984541595,19.574464512249602],[79.632733294798797,19.576078460189098],[79.636868311551297,19.5773050582217],[79.645719839705805,19.578273425688799],[79.669593105144003,19.5811933288776],[79.679413776858496,19.581968024157501],[79.687360761542905,19.583711084259299],[79.687968390287679,19.583672330519288]],[[79.695115849506095,19.583347076109817],[79.698085966685198,19.583388294576],[79.700411917234604,19.583452854568101],[79.700412237308171,19.583452882870439]],[[79.702545502602447,19.583641515748653],[79.706390070152551,19.583981469642055]],[[79.708305853896547,19.584366044850608],[79.711718607856,19.585906052218501],[79.714884480014405,19.587971903412399],[79.723060604367902,19.5946527145468],[79.725031616727549,19.596378002031948]],[[79.740655739249121,19.607845966811723],[79.741474357145705,19.6082744230415],[79.743994134208407,19.6089200001358],[79.747160007603,19.608984557166899],[79.752264172653895,19.607822517674201],[79.752933813612941,19.607599830560787]],[[79.778561646006381,19.599686056617873],[79.784151662900797,19.598310314760901],[79.7885591454625,19.5973198554445],[79.789202182342393,19.596998624601301],[79.789818425310997,19.596556934667099]]]}},
{"type":"Feature","properties":{"fid":5,"id":null,"Name":null,"description":null,"timestamp":null,"begin":null,"end":null,"altitudeMode":null,"tessellate":-1,"extrude":0,"visibility":-1,"drawOrder":null,"icon":null,"OBJECTID":6663.0,"rivname":"Erai","sub_basin":"Wardha","ba_name":"Godavari","length_km":95.194939521699993,"origin":null,"major_trib":null,"st_pt_lat":20.533571233100002,"st_pt_long":79.199898754200007,"st_loc_ste":"Maharashtra","st_loc_dst":"Chandrapur","st_loc_sb_":"Chimur","st_loc_vil":"Kasarbodi R F","en_pt_lat":19.8748462444,"en_pt_long":79.302918343299993,"en_loc_ste":"Maharashtra","en_loc_dst":"Chandrapur","en_loc_sb_":"Ballarpur","en_loc_vil":"Visapur","lat":20.21233874,"long":79.29852869,"UID_River":"4845","state_al":"Maharashtra","Confluence":"Wardha River","remark":null,"Shape_Leng":95194.939521699998},"geometry":{"type":"MultiLineString","coordinates":[[[79.199898754175706,20.5335712330786],[79.199257710566997,20.533027626201999],[79.199005217309406,20.532717090894899],[79.1990246544662,20.5313580716568],[79.198966344223706,20.5311444782302],[79.198830472162001,20.530969845033201],[79.198403047662595,20.530698042028401],[79.197470823069395,20.530309701075701],[79.197257203815298,20.530154434204299],[79.196286105759,20.52908669796],[79.196286104947802,20.528853740014],[79.195781119393999,20.5280966541266],[79.195703371699807,20.527630622235701],[79.195800556298096,20.527261761783201],[79.196014175482404,20.526970592880801],[79.196091736166295,20.526621212205001],[79.195528626388196,20.526310563285101],[79.195334257131506,20.525961067398299],[79.1953731310753,20.5253592504198],[79.195178948695201,20.524971022937201],[79.195217822666606,20.524310994434],[79.195043078482897,20.523961498649602],[79.195043077278001,20.523689695117898],[79.195295570638194,20.523281988735601],[79.1953536941175,20.522971453762999],[79.195295570055904,20.522291944699099],[79.195174462939903,20.5218924885544],[79.194404835887994,20.521555942801001],[79.194140194595903,20.521267407580101],[79.1934668183101,20.520137567430002],[79.192889691684002,20.5193683341694],[79.192600940463194,20.518575038211399],[79.192600941208696,20.517901944729498],[79.192480769360301,20.5171567774577],[79.192312377592401,20.516723975319699],[79.192240237313598,20.515882667449201],[79.191985314366093,20.515441386189298],[79.1918909326792,20.5154413865557],[79.191683293794796,20.515620602267401],[79.191522940713099,20.515629999248699],[79.191371930097702,20.5155922996044],[79.191277548987003,20.5154319899748],[79.191268017700295,20.5148188267272],[79.190843395536206,20.514347181031201],[79.190937777293698,20.514271781027301],[79.191173635768394,20.514252875060901],[79.191126539762706,20.5139793516447],[79.190900024571704,20.513781228043499],[79.190343269330697,20.513649222684801],[79.189890239431307,20.512866239544401],[79.189361704526803,20.512328588540999],[79.188672815537899,20.511875851291698],[79.1881573632364,20.511394006282298],[79.187528093051696,20.511296835928199],[79.187001240996494,20.5116035886101],[79.186847801596798,20.5115575238551],[79.186817150524604,20.5110922946883],[79.186950218517893,20.510831606618801],[79.186950218524103,20.5105913147185],[79.1866893156229,20.510473632308202],[79.186551201423498,20.510095374266498],[79.186459063287103,20.510054467343299],[79.185875955975703,20.5101668781627],[79.1856662608552,20.509875481435699],[79.185675045426905,20.508638725782799],[79.1860019217185,20.508285793235899],[79.185975756792601,20.508129036889599],[79.185766435947897,20.508024531096101],[79.185792601611794,20.507697725630798],[79.185675045030806,20.5074756527803],[79.185073621628803,20.5073840969679],[79.184589755679696,20.506900648149902],[79.183962167207497,20.506560777576901],[79.183739951365894,20.5060903932151],[79.183962167393304,20.505097139677101],[79.183818446847695,20.504509071244101],[79.183399992526205,20.5039994955713],[79.182654848107305,20.503542059750899],[79.182192847618794,20.503120030384299],[79.182042397875605,20.502876988137601],[79.181417239470505,20.5005855613759],[79.180572817815701,20.498102214443598],[79.180390631217506,20.4978518328546],[79.179798537313204,20.497578687092702],[79.179251988975295,20.497396590954001],[79.178842075390605,20.497168968746902],[79.177748972051404,20.4968275365447],[79.1773162866577,20.496258485954801],[79.177270741834803,20.495939813859401],[79.177361831582601,20.4950520953652],[79.1777489723911,20.4942781805747],[79.177748972334896,20.493891225803999],[79.1772935143957,20.493140075876699],[79.176860828570099,20.491979207911101],[79.176610324308498,20.491592253068799],[79.176428143072698,20.491546729919701],[79.175969407712401,20.491689746007399],[79.175622261367494,20.491547802425099],[79.175503918194295,20.491413740319299],[79.175138932052604,20.489393453012202],[79.174536861731895,20.488352863333201],[79.174599579667202,20.488102116540901],[79.175113849097002,20.487788686145102],[79.175251823238,20.4876257027361],[79.175327080007406,20.487199438225002],[79.175164022708799,20.486284217937499],[79.174687381568603,20.485243628551402],[79.174461605399401,20.484165428768399],[79.174285996758897,20.483839463007399],[79.173558496582302,20.4833755853087],[79.173382887343493,20.483137377725701],[79.1733578025855,20.4823349957916],[79.172503944930995,20.481982525864499],[79.172250889993606,20.481571517318098],[79.172092735942002,20.480891772429398],[79.171902949291294,20.480496573550202],[79.170669340571493,20.4798326356822],[79.170400477386806,20.4794848620006],[79.170258136987499,20.4789790048459],[79.170305583597994,20.478757694069699],[79.171191251945004,20.4781411816058],[79.171349407016507,20.477967291321299],[79.171428484000799,20.4776353242064],[79.171286144347206,20.4771610867117],[79.170780048959898,20.476971389444099],[79.1704795540319,20.476971389589],[79.170242322669097,20.476829115404001],[79.169862750450704,20.476212603309499],[79.169783673439895,20.475706749063502],[79.169858244624606,20.4755833549989],[79.170310731686399,20.475396548276901],[79.170556651170898,20.475170410543001],[79.170999301192396,20.4746001522767],[79.171156692541999,20.4741773755607],[79.171097673230193,20.473341648425901],[79.170782898273302,20.472928703088201],[79.170608731458501,20.472144725152098],[79.1706583430569,20.471537269842699],[79.171067637396405,20.4701859879554],[79.171402520800697,20.469764489163801],[79.171774609643293,20.4694545617022],[79.172493978857005,20.469057858426801],[79.172618008567497,20.468450402400901],[79.172866068206801,20.4680784894291],[79.173039708848293,20.468066089842001],[79.173163738736804,20.467892531948401],[79.173114128333495,20.467520618991799],[79.172555994044401,20.467371857459099],[79.172382353862304,20.467161105147401],[79.172320338822402,20.4664544725706],[79.172217889923402,20.4662535280615],[79.171924744427301,20.466014499669601],[79.171863034653597,20.4658294459276],[79.172464744320607,20.465297417206202],[79.172642168717502,20.465328258584801],[79.172626744992101,20.465598127841101],[79.172757884251297,20.465767760369602],[79.172927600422994,20.465806311873902],[79.173105024809999,20.465544152048601],[79.173645019267596,20.465544152236902],[79.173529309591501,20.465112361164799],[79.173652734662497,20.4644955152969],[79.173737594705301,20.464418409223398],[79.174586160873503,20.4644646749061],[79.174755870730607,20.464325882291],[79.174971869938105,20.463963486328701],[79.1748638697118,20.463886380896302],[79.174586159909396,20.4640405929051],[79.174532161066793,20.463840119308799],[79.174686445722799,20.463732168539799],[79.174871585453801,20.463724457233599],[79.175527295177304,20.463146167446801],[79.175315036357304,20.462240723430501],[79.175434989178399,20.461861861203701],[79.175708473313804,20.461454226353201],[79.175722870766606,20.461248009793401],[79.175209482223394,20.460792417072799],[79.175084737120997,20.460442328543301],[79.175305445092704,20.460226521987099],[79.175646098376603,20.460144997440199],[79.175689283515496,20.460049081750402],[79.175320325701193,20.459649460576099],[79.175202456697704,20.459183587183599],[79.175277462997897,20.458814098718999],[79.175057806648198,20.4584713864271],[79.174613139349802,20.457968027128398],[79.174173832913894,20.457919831128901],[79.174061326666205,20.4578287999474],[79.174088110880504,20.457212986231301],[79.174195260115795,20.457084467741002],[79.174607783937503,20.456982724457699],[79.174505995223299,20.456666788711502],[79.174546924774603,20.456207349290299],[79.174410392791401,20.455464348076202],[79.174637947982305,20.455168660440801],[79.174607606556606,20.455039770760902],[79.174425560386993,20.454956375792101],[79.174160077254299,20.454956375045601],[79.173932516766797,20.454850231200901],[79.173856666543102,20.454107226430501],[79.174000785598395,20.453879780409999],[79.174463487754096,20.453659908745799],[79.174607606364503,20.453455203626699],[79.174941358191106,20.4532884078371],[79.175085843584995,20.452890987925201],[79.175374691796506,20.452622427031201],[79.175556053740394,20.451944304554299],[79.175858333146195,20.4513198952496],[79.176187480390595,20.4508969082693],[79.176315105357801,20.4507961964317],[79.177040569833594,20.4508297687475],[79.177262244316196,20.4506417733839],[79.177396587009298,20.450379925099799],[79.177349568734101,20.449849512376598],[79.176341044642697,20.4485779815722],[79.176191033068307,20.447573390894199],[79.176206035286896,20.447288509564],[79.176333544235106,20.4469736382121],[79.176903580456099,20.446463849310401],[79.177323605120904,20.445279331563299],[79.177424121977893,20.444770917847201],[79.177281745869294,20.444302138199902],[79.176611742140807,20.443799873547999],[79.176318614409197,20.443456661066701],[79.176201364945896,20.443188785786599],[79.176176238578904,20.442636294569599],[79.176226484778894,20.442360050424199],[79.176419113402304,20.442025208138698],[79.177130994288802,20.4416401416178],[79.177449242092294,20.441029054355599],[79.177474368240397,20.440041267137801],[79.177390619899896,20.4396729418186],[79.176684051977404,20.438820323950502],[79.176605194805404,20.438620944562398],[79.176633023455096,20.438032081218999],[79.176912621784297,20.437430686920401],[79.177292817360197,20.436881127273299],[79.177550174878903,20.436582965797701],[79.178521136832302,20.4359983261783],[79.178708306262394,20.435764473169399],[79.178912306440694,20.4351934252864],[79.178819065152297,20.434727463543901],[79.178067996480294,20.433842135452799],[79.177922961356799,20.433417593670299],[79.177780946024797,20.4311974018736],[79.177872378348198,20.430838357180502],[79.178081379065006,20.4302638889985],[79.178394870586004,20.429715533116202],[79.178852052219995,20.429513167170899],[79.179361479971007,20.4295588612746],[79.179603132270302,20.429460941052],[79.180308496196901,20.428827719552199],[79.180345874284896,20.428552370736899],[79.180171200367198,20.428012362134599],[79.180325565654599,20.427488590177902],[79.180857704323401,20.426899856575201],[79.181454841226994,20.4267861719179],[79.181646779708004,20.426637312784901],[79.181709082481106,20.426492013675801],[79.181698695387198,20.426201415660099],[79.181439112184606,20.425755140767102],[79.181366428790497,20.425329623582499],[79.181397577419105,20.4249663768083],[79.182207487480099,20.424499343208701],[79.182539753629399,20.424250261442701],[79.182799341812597,20.4239389054583],[79.183411958655896,20.422901057068302],[79.183681928577599,20.422226454314799],[79.183624993923502,20.420828483417399],[79.183967879069499,20.418850037312598],[79.183983462786003,20.417759558449301],[79.183578232483498,20.417105267684899],[79.182533993058897,20.415905738556301],[79.182269037172006,20.415189137917601],[79.182315792049494,20.4138494049221],[79.181630022624205,20.412743342944299],[79.181037763721406,20.4112634052602],[79.179990646077002,20.405362151716201],[79.179926950171705,20.4006509833827],[79.179481089871302,20.398104409272701],[79.178143497422596,20.394666527873401],[79.177697636874697,20.3930749175965],[79.177697638108398,20.391992620180801]],[[79.177697638108398,20.391992620180801],[79.177825023821498,20.3910376584574],[79.178016111523604,20.390464675213799],[79.178079802024598,20.389700701880699],[79.178016111838204,20.388618408866598],[79.177536976372494,20.387748576413301],[79.177019423160999,20.3873529893526],[79.176928088665207,20.387018263443501],[79.176988979286193,20.3860445091793],[79.177262976711106,20.385222910225501],[79.177506531141503,20.384705604393499],[79.178541635521,20.3836405651072],[79.178906962986403,20.382240795139499],[79.179515845139207,20.381540914457702],[79.179881178935403,20.380749740012899],[79.180398730866997,20.378315363132501],[79.1812342259594,20.376480345767799],[79.181019405113304,20.375266053271702],[79.180641605851903,20.374829204858599],[79.180500861749096,20.374458993627201],[79.180478640069097,20.372918914329102],[79.180712185805305,20.3720644571927],[79.180829032426303,20.371825042560399],[79.180986765516195,20.3717024176389],[79.181623553858003,20.371550596794599],[79.181968242765606,20.371375415675899],[79.182283716480498,20.3709316267324],[79.182718638586294,20.369750791319301],[79.182676688405905,20.3691532489789],[79.182414482435107,20.368492808235001],[79.182414482553199,20.368042030963501],[79.182529855473106,20.367633190141301],[79.183211584284393,20.366721151208001],[79.183992033543404,20.3643227964434],[79.186211857360306,20.362865275877699],[79.186806286623806,20.362688889452599],[79.188756757996401,20.362577485910599],[79.189620540157506,20.362271130621],[79.190345001700905,20.361157101224499],[79.191291742550504,20.359918887171599],[79.192443260041102,20.358981667412898],[79.192887422479203,20.3583979649962],[79.193389151778405,20.357945797029799],[79.1938250830285,20.357690939585702],[79.194285688916494,20.357584064809402],[79.195840234839096,20.356926366707899],[79.197197470330096,20.3562464983114],[79.197466969622596,20.356020802119001],[79.197692769274099,20.3552417981731],[79.197721906917806,20.354652083830398],[79.197576228943902,20.354076929962499],[79.197583516334902,20.3536765035801],[79.198072097222095,20.3508624626899],[79.198907854192996,20.349852688442201],[79.199403795556194,20.3494120584269],[79.199761976665798,20.349200923548],[79.201238941342993,20.348844883300998]],[[79.201238941342993,20.348844883300998],[79.201323285449106,20.348824550711502],[79.201782490170302,20.3486134170514],[79.202030464586301,20.348448181146399],[79.202452933750493,20.347934113570801],[79.202727886586899,20.3472326888628],[79.202832108299503,20.345878453268401],[79.202623669932095,20.344362171744301],[79.202681571617902,20.343586670457],[79.203191096300699,20.342984786653499],[79.203561663971797,20.342741721400301],[79.204198568395896,20.3426143997604],[79.204835480057,20.342336606694499],[79.206155617882501,20.341514805449801],[79.206944999424095,20.3405766805684],[79.207083004149595,20.3400150485753],[79.206885850881406,20.3398081320729],[79.206984431149394,20.3393351845449],[79.206698547534401,20.339010026999301],[79.206649261322298,20.338527225094101],[79.206698547899194,20.338024710630702],[79.206856274771397,20.337601026388398],[79.207881494205594,20.335886576395598],[79.208453248093605,20.335285532568999],[79.209400961047606,20.334611909109999],[79.209612266217206,20.3342640450917],[79.210109449207096,20.3315805272331],[79.210121878155107,20.330648751425901],[79.209923006690005,20.329518194685601],[79.209920379396195,20.327900780303299],[79.209678218899299,20.326646549966402],[79.209733257790006,20.325832401941302],[79.209854335366103,20.325447332028599],[79.210437722894994,20.324325123970901],[79.211417367135994,20.322938870771701],[79.212787946911106,20.321626728723601],[79.213787227107105,20.320822134553101],[79.214328500008904,20.319851076961601],[79.214370137974697,20.318782910871999],[79.214120317745198,20.318117041443099],[79.212412196087001,20.3149739382152],[79.211765711128393,20.3136135599695],[79.211289351256397,20.3123382032793]],[[79.211289351256397,20.3123382032793],[79.211323379281595,20.311317922971799],[79.211493504080394,20.310994830284798],[79.213211798684696,20.310076573669299],[79.213943352713599,20.309311364200099],[79.214521789652807,20.309005277555801],[79.214674900607903,20.308835229746801],[79.215151259725502,20.307780936780599],[79.215797751759396,20.305672349962201],[79.215848785517295,20.3047540931546],[79.215739020477699,20.304195329448302],[79.2154956496762,20.303613627173402],[79.215601461228104,20.302132936005901],[79.215569713807596,20.301001262730299],[79.215273437874799,20.300599360207801],[79.214987737966396,20.300567630848199],[79.214627973708303,20.3006733974361],[79.214247037578701,20.3006099377094],[79.213982503131305,20.300387831906601],[79.213866108930802,20.300028236300601],[79.214056573744898,20.299414806264799],[79.214035415582202,20.298706187983498],[79.214098904069203,20.298505238064099],[79.214579756953,20.297637969689202],[79.214713177413699,20.297117879108502],[79.215220164917497,20.296371083562601],[79.215446979675093,20.2950641971584],[79.215513689815296,20.2934772600427],[79.215620424393094,20.292837150823001],[79.215420295575996,20.291836978616399],[79.215153552327195,20.2909814352148],[79.215200809720102,20.2902964793191],[79.215685233551795,20.289387143832499],[79.216027873608795,20.2889265728694],[79.2170439790535,20.288253425113201],[79.217717448247797,20.287686567028398],[79.2182018654036,20.287131515440599],[79.2186626604406,20.286375701869598],[79.218875336178598,20.2857261764184],[79.218875335358803,20.285123889625901],[79.218330982135697,20.284197547800101],[79.218382420065097,20.283646661119501],[79.218213401635396,20.283088431798301],[79.217978247517607,20.282882767199698],[79.2177651331844,20.282860730851901],[79.217375657713902,20.282897456918199],[79.2169200405352,20.283059050424001],[79.216596699290903,20.2829709087293],[79.216368893903905,20.282787280445199],[79.216155780134201,20.282420020981601],[79.216148430729902,20.281949929873001],[79.216273360168799,20.281678159649299],[79.217378841714705,20.280198281745399],[79.217711396414202,20.279865884094001],[79.218043955388595,20.279246410280699],[79.218633487688606,20.278974445608299],[79.219631166084,20.2790499926945],[79.220114879736499,20.278732699322799],[79.220326509536093,20.278460738684],[79.220492789892404,20.277206684105401],[79.220885811256494,20.276103722353799],[79.221127670713997,20.2751065236702],[79.221626509992703,20.274320851801399],[79.222064880894607,20.2740337778731],[79.222669531863602,20.2740186684515],[79.223531155177398,20.274139539438199],[79.224029994526106,20.273867577956601],[79.224982317647303,20.2738524683439],[79.225723017331902,20.2735200706129],[79.226267199434801,20.272930816613201],[79.226448598270295,20.272583305072398],[79.226463716249995,20.272084705552299],[79.226040457876806,20.271586105278001],[79.225496275636601,20.2714652338571],[79.225239296337904,20.271299035111099],[79.225133484589904,20.271042178546601],[79.225179629353704,20.270490802447299],[79.225493040683801,20.269983617231301],[79.226030315525904,20.269461514436902],[79.226776529044301,20.268909577675199],[79.227433199861395,20.2685366452165],[79.227940627600802,20.268118965129499],[79.228298809415705,20.267671450136799],[79.2285972978584,20.267164264618199],[79.229149495386693,20.265105688111099],[79.229716621627901,20.2638824745517],[79.230283741419399,20.263554297454299],[79.230910566631806,20.263584129553099],[79.231820951335607,20.2633902073005],[79.232686560104199,20.2635692148259],[79.233447696969804,20.263569214799801],[79.234014823082006,20.263420041449798],[79.234283460221306,20.2631962821062],[79.234716268036394,20.262495171246201],[79.235059526898795,20.261391298928402],[79.235566819887893,20.260568935872602],[79.235650427517598,20.259743696373299],[79.235901250571999,20.2594825459745],[79.2366328223316,20.2595138810706],[79.236946357531494,20.259346746443899],[79.238001911067897,20.259231838053498],[79.240855039851397,20.258479719854801],[79.241826987209507,20.2584483851338],[79.242276386308603,20.258615520719001],[79.243352842685596,20.259513881274199],[79.243781334253995,20.259660129434401],[79.244554710243094,20.259837711364401],[79.245286282359302,20.259910833098999],[79.246075027322703,20.259886843860301],[79.246921672860694,20.260228942870501],[79.247245918203106,20.260246946165498],[79.248038527319494,20.259895847970899],[79.250020037102601,20.258806533842801],[79.2519385047828,20.258167347552],[79.252280759761206,20.257987295756401],[79.253136417420606,20.257276090575001],[79.253730870126901,20.256897983444301],[79.254280292103601,20.2566549125896],[79.257489144179999,20.256048326652799],[79.258357333307998,20.255793978926299],[79.259045903836594,20.255464818977501],[79.259435090520796,20.2551506229082],[79.260318252571906,20.2540284926163],[79.261186449238295,20.253430022020101],[79.261770233709001,20.253295368023899],[79.263222215528799,20.253220560076201],[79.263626375374699,20.2530859021645],[79.263880841208803,20.252891400169801],[79.264389786685797,20.252203161878001],[79.265257981588306,20.251410187294699],[79.265871705442294,20.250542404804499],[79.266275859553403,20.249136002420201],[79.266412610563094,20.248215671542098],[79.266280493027594,20.246121651209599],[79.266506984655393,20.2454991051024],[79.267375191788005,20.244650177144401],[79.268545379218494,20.243820114025301],[79.269507955484798,20.242990051734299],[79.270206293886901,20.2421788532296],[79.2705837740221,20.2415751725874],[79.270678142036999,20.2407639744122],[79.270413906209697,20.240367809847999],[79.270262916249607,20.240292349947801],[79.269224840294996,20.2402734835612],[79.269036106096394,20.2402168888182],[79.268922859618698,20.240065967550699],[79.268885109999403,20.239688669109601],[79.269111600609193,20.239160447707],[79.270495343770193,20.2379068278617],[79.271347766761593,20.236954570750999],[79.271698763449805,20.2363865579362],[79.271882619787803,20.235801839786401],[79.272166766367206,20.2340476841309],[79.272935619341695,20.233212369763802],[79.274573608062894,20.231190913434698],[79.274907891456195,20.2305226634418],[79.276013978872697,20.229000437091798],[79.276868456589796,20.228018254452799],[79.278235619928907,20.227036074114],[79.279389160411696,20.2266517427894],[79.281909869892203,20.226395520614101],[79.283447922058699,20.2257122630221],[79.284046055926893,20.225029006637801],[79.284131503444996,20.224644675260102],[79.284131503727195,20.224217639737901],[79.283789712136596,20.223534381798],[79.283319753975604,20.222893829434401],[79.283148858448499,20.221783540569],[79.283148857776396,20.221142986427299],[79.283533370136496,20.220545138235298],[79.284558741963394,20.219861880952699],[79.289813777719203,20.217470482042799],[79.294812463802202,20.214310421301199],[79.296905935911099,20.213499054441399],[79.298273099376004,20.212602279795998]],[[79.298273099376004,20.212602279795998],[79.301209816831999,20.2095742107267],[79.303066355771705,20.204880495152199],[79.304595267866802,20.199750152257302],[79.307107052725797,20.189380315428],[79.306670221657996,20.180538661866098],[79.306779427479896,20.1722427891414],[79.306749811184204,20.170170674651501]],[[79.306749811184204,20.170170674651501],[79.306670222010695,20.164601855925401],[79.306342596269801,20.1600172978033],[79.303757285626105,20.154673766448401],[79.301003305028601,20.152746897143299],[79.297010035484107,20.150957661127499],[79.292052871717502,20.149030793449501],[79.289711988795105,20.147929724104401],[79.287233406471103,20.1447641529011],[79.286407216425403,20.1429749170916]],[[79.286407216425403,20.1429749170916],[79.286131818219403,20.140222243454801],[79.285856419125906,20.138570640698799],[79.284892524179895,20.136919038578299],[79.283790935469796,20.135405070121202],[79.281450052574101,20.133202933918],[79.273188110733699,20.132101865074699],[79.266991657643302,20.129624462029302],[79.266303161271097,20.128661027460801],[79.266578559930295,20.125770724438102],[79.266578560545099,20.123155686298698],[79.266303161800295,20.1202653825783],[79.265476971567097,20.118751413278002],[79.264803263352206,20.118133451775201],[79.264287275551993,20.117940047573999],[79.263534795809207,20.117875580151601],[79.262911315960196,20.117381326308799],[79.262481325618893,20.116865584600902],[79.262180329951505,20.116070485324698],[79.262137334605001,20.1153398504309],[79.262309330345801,20.114695174247299],[79.262524322798498,20.114286875709499],[79.262825317272302,20.114029004666001],[79.263405802844701,20.113771137592099],[79.264846265422705,20.113556243749301],[79.265706244062798,20.1135777334149],[79.266523220664993,20.113814115183601],[79.267684189919606,20.114372834988199],[79.268329177661499,20.114544747324999],[79.269017160317006,20.114609218117401],[79.269447150169498,20.114544747098702],[79.269812636643806,20.114243898165601],[79.270070630376495,20.1116222121587],[79.270221124870005,20.111450300189802],[79.272521566955902,20.110268388776401],[79.272887059324702,20.109924562255401],[79.273145053326402,20.109408819654099],[79.273467544414302,20.108506271960501],[79.2736395399928,20.107603724184699],[79.273914456037701,20.1052313295808],[79.273935835083094,20.103137185147698],[79.273551010643303,20.100337874776699],[79.273486874247098,20.098991638380301],[79.273551010929694,20.097431716197701],[79.274128243068603,20.0961495901958],[79.274769610267597,20.095273467821698],[79.275453743030695,20.094632405031199],[79.276244762701396,20.094076814592398],[79.276608207252707,20.093585331598099],[79.277399225464293,20.0921322539611],[79.277959584872306,20.090776732918101],[79.278283065682103,20.0883787479939],[79.278498716931196,20.087651272397601],[79.279064798525596,20.086546582861601],[79.280008274698503,20.085226344599999],[79.282811744477797,20.082478096741099],[79.284078695062206,20.080349551602499],[79.284725651673497,20.0781671196026],[79.285392939520605,20.0768823472953],[79.286970418679701,20.074950853041798],[79.287285914695104,20.0743792873815],[79.287463382675696,20.0738865595441],[79.287364791262704,20.0728419738813],[79.286516892111706,20.071127277016998],[79.285826745190505,20.0704768730909],[79.286043650462702,20.069491416766699],[79.287029577526894,20.0675796277941],[79.288376872727994,20.0664754784009],[79.289511907802705,20.064852280062901],[79.290262774470705,20.063944685423699],[79.290332620166794,20.0636479691474],[79.290332621476907,20.062967272433699],[79.289564294611495,20.059895407777901],[79.288935655163499,20.058691100815],[79.288309111169298,20.0579113589245],[79.286639888877303,20.056651029900198],[79.286075476947204,20.056026871178201],[79.285799271333801,20.055594756868601],[79.285763244426505,20.055174647565099],[79.285823290447297,20.0548985791342],[79.286255603636306,20.053842304099099],[79.286519801519304,20.053578235716198],[79.286844035091605,20.0534462027729],[79.287588586340405,20.053362180935],[79.288669376758605,20.053506215576899],[79.289714140265005,20.0539623348335],[79.290494712644005,20.0541543864035],[79.290951051041404,20.054130378423501],[79.291743628984193,20.053926325348801],[79.292248000943104,20.053686265812399],[79.292572239608802,20.053410194436999],[79.292824425438397,20.052954074340999],[79.292872459650198,20.052605985815401],[79.292848439653199,20.052077847634202],[79.292656299473407,20.051309650356998],[79.291451443457404,20.049317040198002],[79.290940982155504,20.048679267116601],[79.290345446373607,20.048147790308999],[79.288580102373601,20.047318686763401],[79.287548543715005,20.0464151760394],[79.286708414527993,20.045309704226501],[79.285960098069907,20.043807069143501],[79.286067370383194,20.041729661231699],[79.285919871336105,20.041139946682598],[79.285557832726994,20.040778075154499],[79.283747615271807,20.040121345080198],[79.282487168595495,20.039826489057599],[79.279872409467501,20.038204768441599],[79.278418613264094,20.037633835080001],[79.277370363968302,20.037583136164201],[79.274766651299302,20.038123913879701],[79.274208708353299,20.038140811097399],[79.273752216659702,20.0381239129939],[79.2724334532829,20.037650737435602],[79.271790979435394,20.0371606583792],[79.271233035538003,20.036484692219801],[79.270522933261105,20.0355214368365],[79.269914272866799,20.034253997697899],[79.269501919807894,20.0322310205527],[79.269461913398203,20.030631719276901],[79.269595254351799,20.030191913694001],[79.270181944631105,20.0294855555547],[79.2706086254355,20.028419353873101],[79.270632383263603,20.0273207710013],[79.270369070073897,20.0262680067645],[79.269866373606405,20.025382723961499],[79.269172173348394,20.024521370772099],[79.267424710370605,20.023636091883699],[79.265533619067497,20.022846518423201],[79.264983047754399,20.022391913404199],[79.264432476670294,20.0217698250467],[79.264217032623705,20.021363075425398],[79.264121283394601,20.0199992627829],[79.264173468329602,20.019388167279001],[79.264557979358898,20.018327940309899],[79.2655524115779,20.016021953977901],[79.266069517786207,20.015173772579701],[79.266481441896005,20.014831035976499],[79.267099945896007,20.014493082375701],[79.268625587699105,20.013965543551901],[79.268930716628901,20.013594617434201],[79.269054414905895,20.0122180684012],[79.268947209996796,20.011649318062201],[79.268600847102107,20.010717877573001],[79.268287959954307,20.009539775234501],[79.268499742825398,20.008773324189399],[79.269419926642399,20.007036032587902],[79.269553964359801,20.005608863210199],[79.269409741413497,20.002935513984202],[79.2691344105193,20.001703674637],[79.268478864563804,19.999999999833701],[79.267427960153597,19.998593224887902],[79.264622106595994,19.995712496932001],[79.263949314692496,19.994741481858998],[79.263313903809106,19.9934716928421],[79.262902750133705,19.992276599777199],[79.262865375369898,19.991342931177002],[79.262940129896407,19.989587634670499],[79.263111136877001,19.98821873256],[79.263452681306205,19.987562450317199],[79.264004415644607,19.987326188553102],[79.265107875655801,19.987168678322099],[79.265580784376098,19.986696154085099],[79.266185059587698,19.985751103354399],[79.267604993416995,19.982988800389101],[79.267946538852598,19.981466223112999],[79.268420160034594,19.9787031965936],[79.2684201604294,19.9776793927924],[79.268209978019996,19.976839348723299],[79.267842156514803,19.976419326164802],[79.267737065154805,19.9758680475651],[79.268157429448493,19.974791741991901],[79.268525773585495,19.972998809869999],[79.268683408133299,19.971791247424601],[79.268946139553194,19.971108712009698],[79.2694715954229,19.970452427244201],[79.270259781611401,19.9696911368701],[79.273704362295803,19.9674256416966],[79.275490918826307,19.966034320751898],[79.277251202515302,19.9642229740987],[79.277592749157094,19.963776701185601],[79.277776660463502,19.962989160361001],[79.277750836663998,19.961378058949801],[79.277514376517701,19.9605905180271],[79.277120283512801,19.960249250316998],[79.277015191957204,19.958332900911099],[79.276778738325206,19.957099086128999],[79.276886104696203,19.956305514960601],[79.277201378763607,19.955806737924298],[79.277963293762099,19.955281711664099],[79.279171845900294,19.954914190740901],[79.282221847463006,19.953544378158298],[79.282904942658007,19.9529930995967],[79.283798593985907,19.951594299941],[79.284534233013105,19.950728004687399],[79.284718143622797,19.9499142119253],[79.284718144067597,19.949257928147901],[79.2844028702456,19.948391634300702],[79.284061319938402,19.947604093675501],[79.282064505754207,19.944605004281101],[79.281801780835096,19.9439224688171],[79.281854323969995,19.943318687278701],[79.282090782798406,19.942636152562699],[79.283800229571,19.940477470754601],[79.284273142447404,19.9397161807501],[79.284168053485104,19.9388761375603],[79.284851147932997,19.9379310879633],[79.285245241059599,19.937616071020301],[79.287770314301994,19.936507927417601],[79.288978865554299,19.9358778953784],[79.290318781136193,19.934749084610299],[79.290581510995594,19.934014047296799],[79.291344620082299,19.930907584898101],[79.291239529422498,19.929883779445799],[79.291265800346395,19.929463759355698],[79.291423435458796,19.9289912326749],[79.292765794733299,19.9273544829238],[79.294000623228399,19.9255693893356],[79.294709991237099,19.924860604222001]],[[79.294709991237099,19.924860604222001],[79.297287383051597,19.923462729433599],[79.298180661839496,19.922648937906398],[79.298495934937705,19.921677636225599],[79.298495935181094,19.920391318632401],[79.298417120437406,19.9197612876299],[79.296418846639199,19.9170790239254],[79.294448379680702,19.916186477702301],[79.293108465337198,19.915923965022301],[79.291978732964694,19.915923964798498],[79.291085454003294,19.915818959402799],[79.290192176001099,19.915582697569398],[79.2897192634844,19.915215177269801],[79.289403988164196,19.914427635434901],[79.288929337990098,19.912449177235199],[79.288955609398499,19.9116353836698],[79.289270882917293,19.910952848387801],[79.292136658958995,19.907585115848502],[79.295263130618906,19.904907476403402],[79.295814864284594,19.9043299460748],[79.295919955483896,19.903673662081601],[79.295814863304102,19.9028073686288],[79.295998776011004,19.9024923513145],[79.297684780144195,19.9012955629102],[79.298315328083902,19.9009280454577],[79.298761963877595,19.9004030167298],[79.298945875138898,19.899694231087],[79.298945874549403,19.898880438787302],[79.298814512415404,19.8971215962111],[79.298656872802596,19.8962027997135],[79.298105144628195,19.895494014444498],[79.297632231766201,19.895284001941601],[79.296528770986399,19.895178996316002],[79.295898223363906,19.8937351719118],[79.295581249956498,19.892232251120902],[79.295554973064498,19.891785977738198],[79.295870246762803,19.8910246880722],[79.296816072732497,19.889869628805499],[79.299946221122497,19.8865260556748],[79.301890416591704,19.885029729068499],[79.302836238747403,19.884189685349799],[79.303230332360698,19.883113378661999],[79.303310042041204,19.881213352355498],[79.303152406882603,19.880294554922699],[79.303204949932393,19.877721921258502],[79.302918343289505,19.874846244402601]]]}},
{"type":"Feature","properties":{"fid":6,"id":null,"Name":null,"description":null,"timestamp":null,"begin":null,"end":null,"altitudeMode":null,"tessellate":-1,"extrude":0,"visibility":-1,"drawOrder":null,"icon":null,"OBJECTID":398.0,"rivname":"Indravati River","sub_basin":"Indravati","ba_name":"Godavari","length_km":639.49673964500005,"origin":"Rises On The Western Slopes Of Eastern Ghats In The Kalahandi District","major_trib":"Paralkot, Bande, Pamlagotam, Bavardhig, Dantewara, Narangi, Bhaskel","st_pt_lat":19.565657075200001,"st_pt_long":83.064809677699998,"st_loc_ste":"Odisha","st_loc_dst":"Kalahandi","st_loc_sb_":"Thuamul Rampur","st_loc_vil":"Reserve Forest","en_pt_lat":18.723867145100002,"en_pt_long":80.272260085799999,"en_loc_ste":"Chhattisgarh","en_loc_dst":"Bijapur","en_loc_sb_":"Bhopalpattnam","en_loc_vil":"Reguda","lat":19.23697533,"long":82.7593033,"UID_River":"5060","state_al":"Chhattisgarh,Maharashtra,Odisha","Confluence":"Godavari River","remark":null,"Shape_Leng":639496.73964499997},"geometry":{"type":"MultiLineString","coordinates":[[[80.329276708510022,19.138656727387254],[80.329107049880903,19.138522206420198],[80.327615598575903,19.1365133240718],[80.327293633874206,19.135808614839199],[80.327219598771094,19.1354940827561],[80.327231138185695,19.1344975584562],[80.327332065078807,19.1341663998776],[80.327986691069398,19.132973579558499],[80.328008671107497,19.132752333415599],[80.327991816332201,19.132530680258299],[80.327725542168196,19.132048029330601],[80.327720221468297,19.1308298532423],[80.327780819173498,19.130627465908599],[80.328195176387098,19.1300596502419],[80.328295458595093,19.129783851377901],[80.328301221651103,19.1292855891664],[80.327813917575497,19.127767071872601],[80.327443113624,19.126249769542099],[80.327291009931301,19.124291803646699],[80.327492422953995,19.123666391664401],[80.328224873405901,19.1224559231642],[80.328567946426105,19.121333667393799],[80.328865143696305,19.120819991089],[80.329888153151302,19.119667917170499],[80.330107258039206,19.119190336012],[80.330249342805999,19.118656583375],[80.330258933317694,19.117826144750001],[80.329828811803907,19.116400510736302],[80.329798722309405,19.115643481547],[80.329878298602495,19.1154782052214],[80.330465629367694,19.115059835039698],[80.331035246991604,19.114493627803899],[80.331802621824593,19.113615719790001],[80.332651901668598,19.1123695307103],[80.333103741531403,19.111912827001898],[80.333479837918105,19.111289223243801],[80.333735834926699,19.110978129810398],[80.334225858370303,19.1105771888469],[80.334211120965605,19.1101709921974],[80.334002034901303,19.109781229904598],[80.333929907946796,19.1093006102268],[80.334091170519898,19.108785508247699],[80.334943804084801,19.107244036740902],[80.335227490027293,19.1062134238522],[80.3353100297238,19.105789782578899],[80.335279402788601,19.103390120202398],[80.335158295329606,19.1004173639658],[80.334876876206096,19.099565436302999],[80.3346093481384,19.099193525065001],[80.333592387669498,19.0981493794336],[80.332015357710091,19.096968439385645]],[[80.328123453557424,19.093968274780238],[80.328109744227305,19.093773427623798],[80.328131477186403,19.091891095970201],[80.328242124501301,19.091362190054095]],[[80.330278224498556,19.083795827740435],[80.329935281291,19.0829885064555],[80.329880558596599,19.082683403333998],[80.330235053200198,19.082244141198998],[80.330473880210207,19.0817344614196],[80.330399773450296,19.080584772750498],[80.330580525074595,19.080060645400401],[80.330570593071897,19.079659112436101],[80.329503859770696,19.078734403305699],[80.329303405624998,19.078441623151999],[80.329120861167894,19.077858340779802],[80.328866612165797,19.075917760267998],[80.328907512083489,19.075649897814092]],[[80.324485379712769,19.067319070278721],[80.324306643886402,19.067287151697499],[80.323529160648306,19.0673774652536],[80.322830733042807,19.067345557900701],[80.322633109318701,19.067256313159181]],[[80.317495670791644,19.063614154519101],[80.316717960708701,19.063294982644901],[80.315894733238395,19.0628680069055],[80.314482045083196,19.061942671457899],[80.313457815680195,19.060996795160399],[80.312738402521603,19.0605462869764],[80.311970099782897,19.059849177362299],[80.311279147281198,19.059177487104002],[80.310927596619749,19.05876721083596]],[[80.307501168654127,19.056030993330403],[80.303244361652006,19.053555969929999],[80.302761991048584,19.053320223585253]],[[80.301894407082116,19.052896214022052],[80.301756330759474,19.052828732736653]],[[80.296661168561897,19.045691473367331],[80.296660604452498,19.045611711438202],[80.297815970762102,19.042243360574702],[80.297995147623766,19.041971381665853]],[[80.303140520726615,19.022258602234789],[80.301695139061493,19.0208196231962],[80.301159387950307,19.0201679997291],[80.300370326389796,19.0196059852898],[80.299348652284905,19.01902305682],[80.298848704360296,19.0186301948379],[80.297871234442397,19.0175863172893],[80.297091251278999,19.0162492200682],[80.291404139756196,19.009291512950401],[80.291131129433651,19.008870029712831]],[[80.28874507088517,19.007858344086788],[80.287555710536594,19.008003876646601],[80.287039112391497,19.007932769605699],[80.286559699779801,19.0076323789242],[80.286186075729304,19.007136243804801],[80.285748478576906,19.006212884026699],[80.284834183693206,19.004759480591101],[80.284367119977802,19.003409261126901],[80.284029156076699,19.002815069660102],[80.283883931313525,19.002578895883588]],[[80.277546451090103,18.996963037616467],[80.276243502622705,18.9962914162491],[80.275449049644905,18.9960475335469],[80.274274044889196,18.995528073851901],[80.273213177555505,18.994510567551],[80.272685828466606,18.993292483661801],[80.2723728579697,18.9917712396871],[80.272063855010302,18.989338001438501],[80.272075303898703,18.9867033539998],[80.272619347897006,18.984070798851398],[80.272944840510533,18.98138499529475]],[[80.273404955331586,18.977498964777787],[80.273849452200196,18.970598142914199],[80.273754353480996,18.967963071388802],[80.273130669469396,18.964413915709699],[80.271196426736097,18.958258214451099],[80.270196079431003,18.953148596419801],[80.270012338458088,18.951920068126086]],[[80.269098006756749,18.948390307778542],[80.268698681603396,18.9475910446067],[80.268388050756599,18.9471096986742],[80.268248203054796,18.946346904778999],[80.268253220603697,18.9459220466095],[80.268334950864698,18.945303259807801],[80.268724376870594,18.943837935780799],[80.269123809467501,18.9429237477915],[80.269300650325505,18.940728076098502],[80.2703146095878,18.938366480429],[80.271125938744802,18.9355256452092],[80.272108633201896,18.932843134850501],[80.273741537302897,18.931038062406301],[80.278187700237595,18.927750455319899],[80.283798734071127,18.923367857755576]],[[80.287903936033572,18.920519645323999],[80.292975391105301,18.916495065814001],[80.2950315328291,18.915001690388898],[80.29707241528132,18.913617488085897]],[[80.298818570429901,18.912049015716484],[80.299364954631201,18.911292717686901],[80.299886320774647,18.911016395033691]],[[80.301210539950617,18.908471009490317],[80.301197685926894,18.908453717152799],[80.301097326995304,18.9080841786276],[80.301293729520694,18.907389107226798],[80.301699730927794,18.906666357283001],[80.302856984303602,18.905224471256101],[80.303117692735754,18.905046568605073]],[[80.305904321316802,18.902148144317341],[80.305948865416497,18.9020699569115],[80.306653514302894,18.899500773545999],[80.306620479924902,18.8990348975959],[80.306906809602097,18.897405831549399],[80.307259614303803,18.896608711812799],[80.307928211669406,18.8955133549394],[80.309544852478098,18.893356941261501],[80.311423245592593,18.891659320174401],[80.3128463167684,18.890842021204399],[80.3136157811999,18.890248064543702],[80.314682815088602,18.889657206454199],[80.315435295896805,18.888921425429999],[80.316590123436498,18.887162928998201],[80.317060768201799,18.886672078427999],[80.318280613869703,18.8857286818216],[80.318976252291606,18.8850808186778],[80.319762036578993,18.884681760660001],[80.320787966206197,18.884426832325701],[80.322165634182696,18.884317188941299],[80.322483623549303,18.8841611378325],[80.323234427361797,18.883566944149099],[80.324851649559605,18.8820256397163],[80.325658432477596,18.8814143093152],[80.327053654653497,18.8797644525606],[80.327737099530594,18.8785498579463],[80.328273097048026,18.877738798636432]],[[80.34570841724306,18.851949876168234],[80.346181077609202,18.851257994189002],[80.347067289727306,18.849683801823801],[80.347952151332095,18.848454634913701],[80.348369357697095,18.8476674435509],[80.349928344798997,18.846144880297],[80.349956620876213,18.846093737892563]],[[80.321351578630114,18.798935610962772],[80.3211577632634,18.7989849485981],[80.319445682628896,18.799276910306698],[80.318467100800305,18.799324425429099],[80.31841067386928,18.799316746809559]],[[80.291268535104678,18.782664739095047],[80.291095765737296,18.782550897386901],[80.290746075936795,18.782382701289301],[80.288827728691899,18.780283132325099],[80.288430759902894,18.7792511708478],[80.288361187005705,18.778703235192399],[80.288413028534805,18.777767826107102],[80.288464503815959,18.777410995620944]],[[80.288231548900043,18.773641142153132],[80.288128907396967,18.773572120182124]],[[80.283308324423828,18.771217411259336],[80.280659591870048,18.769007960646579]],[[80.279214931631444,18.768082116889001],[80.278608869792805,18.767780877055099],[80.276670772986094,18.767225716848301],[80.275689070796204,18.767107817766899],[80.274563145535794,18.7671034521065],[80.272550366435297,18.767209728223001],[80.270008790522894,18.7677246728339],[80.268569271517805,18.768221077686],[80.2644895378493,18.769870898284001],[80.261248796721404,18.771387031190599],[80.260340947602998,18.771670289334399],[80.259329739044801,18.771791436070799],[80.256915103347694,18.771589311684],[80.2564606439051,18.7715104891919],[80.255623362470402,18.7711509572243],[80.254807140898194,18.770598966842901],[80.253225925250106,18.769341147166099],[80.252954536396103,18.769003118307101],[80.252894745637406,18.768810339146899],[80.252939500464393,18.767827318009299],[80.252898769328041,18.767682666240095]],[[80.250697867940872,18.766314375723457],[80.249690090333701,18.765874643563102],[80.247663308827498,18.764320790256299],[80.246858993420801,18.763520951542201],[80.245825506522394,18.762830742753799],[80.244828800085997,18.761339286759299],[80.244794138315385,18.759904645172902]],[[80.244755184038141,18.75660172008568],[80.244743441214993,18.756459530221498],[80.245514401197596,18.755066504029699],[80.246203342745702,18.754769308396501],[80.2469985728154,18.754173355943799],[80.247279781369286,18.754037692207749]],[[80.248197255957137,18.753471930082021],[80.248454970443333,18.753248780463938]],[[80.263889320829904,18.73478420697689],[80.263942347192497,18.734653977808399],[80.264104906849298,18.734449238894602],[80.264155425766504,18.734414078904869]],[[80.265204551275772,18.732893905982625],[80.265226923568804,18.732536794603],[80.265775057960809,18.732030476751813]],[[80.26905327196917,18.727046790806398],[80.269295860676294,18.726220252715201],[80.269458772364899,18.725929936129099],[80.269699608467405,18.7256199555626],[80.270540989261207,18.7248930056763],[80.2714390608228,18.724357086827652]],[[80.378620893441195,19.177762826102501],[80.375327782702101,19.177059886165502],[80.371909964719805,19.1759590352173],[80.371115578925,19.175627521583699],[80.369957059131394,19.1753472042178],[80.368717781689298,19.174783219296],[80.368107596834093,19.174420248817199],[80.367290461208697,19.174249724147199],[80.366196833765997,19.1743844309674],[80.365412719025798,19.174311522414101],[80.363218921265499,19.1736566269919],[80.362557015333493,19.173341749555199],[80.362304041209896,19.1730797205737],[80.361998406919895,19.172946862345501],[80.360054282738801,19.172845781970899],[80.358848261958897,19.172363146939201],[80.356712003627706,19.1711574861903],[80.354810561739896,19.170310940437702],[80.3499836918391,19.168639624026799],[80.348660352143696,19.1679773566132],[80.347272128971397,19.167022551361999],[80.3467506807295,19.166368581939299],[80.346264848861495,19.1655852655825],[80.345385577076598,19.163403454440701],[80.344883257956795,19.162571322329899],[80.3435852498354,19.161195864761702],[80.343434689202397,19.160934875233401],[80.342944597668094,19.1605244336886],[80.342262742334398,19.1604687091213],[80.341477033560395,19.160541614643002],[80.341002143815203,19.160293467435999],[80.340816906941399,19.160080758821799],[80.340570521946304,19.159251277441399],[80.340352472953995,19.158924728742701],[80.339154650391194,19.157744855098802],[80.338598956083004,19.157106722160201],[80.338180118078995,19.156437585182299],[80.337212144170607,19.1545628875446],[80.336831364366205,19.153553650015098],[80.336580332078,19.153129468928402],[80.334739933831003,19.151456454648301],[80.333497391782004,19.149724805004599],[80.333081401833397,19.148812478849699],[80.332984103710402,19.148373683574501],[80.332928041528803,19.147319185406001],[80.333049870473403,19.145634192573699],[80.33297933940608,19.145253684609582]],[[80.33254894011155,19.144373325979156],[80.331600238992195,19.142635679870999],[80.331404907740406,19.1418229382185],[80.33144588805601,19.141280664603826]],[[80.378620893441195,19.177762826102501],[80.374157185000101,19.175159599743601],[80.372228669723498,19.173934040437899],[80.369890603770401,19.172285914399701],[80.361111389441305,19.167716972548401],[80.359747685538395,19.166940062121199],[80.358974507395104,19.166612186674701],[80.3576569933917,19.166327914457799],[80.356155134299598,19.166312427264099],[80.354469487472201,19.166516509777701],[80.354081919847999,19.166438680629099],[80.353670147429199,19.166212949959299],[80.352184349564496,19.164794899340102],[80.348944304307295,19.162792685314201],[80.348097158345396,19.162144086562101],[80.346662667792401,19.160775747164902],[80.346408538321995,19.160354765188199],[80.346283593402703,19.159959731933899],[80.346287264438303,19.1596398568953],[80.346316547305406,19.159344857081301],[80.347078734333195,19.1583684104545],[80.347695434474801,19.156529147198199],[80.347854173249999,19.156235487134701],[80.348456469049296,19.155651115037401],[80.34855733441043,19.15551489398905]],[[80.341741458515074,19.147638786245572],[80.341020063913305,19.147034786013801],[80.339785800747606,19.146283700438801],[80.338844985474751,19.146037914037709]],[[80.331640080978133,19.141618290045781],[80.331634700049406,19.1416123661031],[80.331632897149674,19.141605800181413]],[[80.434439476475134,19.256222543981039],[80.434333504222195,19.2562018159677],[80.433253053122996,19.2561343231941],[80.4322239778799,19.255858509902499],[80.430854144376696,19.255242853293101],[80.428969576076,19.2545514107026],[80.424934128380301,19.2532879065466],[80.424238076684802,19.253153414847301],[80.421440249966494,19.252892010263],[80.420656866741396,19.252384374842901],[80.419748909560994,19.252090832807799],[80.419366934051297,19.251875799453298],[80.418828647625602,19.251296769090601],[80.418536427302101,19.251167547086801],[80.417835352584746,19.251124705866008]],[[80.416654331660538,19.251057203180274],[80.416082711973004,19.251095585322901],[80.415948086318195,19.2509668619298],[80.41594825447352,19.250919392644452]],[[80.402135775960176,19.248224377501529],[80.401534950975005,19.2482097274432],[80.4008559102097,19.248110580206799],[80.398491167225799,19.2475698714046],[80.396787700667204,19.246980462025299],[80.396249161341615,19.246711228757079]],[[80.394601836577351,19.24585138637784],[80.3945077678367,19.245813034849601],[80.394007558756599,19.245364999590301],[80.393999635287187,19.24535520796567]],[[80.3880248865363,19.235642498226696],[80.387764832252401,19.2354641429766],[80.387150388708804,19.234811905139502],[80.386710810598302,19.234161447203999],[80.386197895134003,19.233122650938299],[80.385993968266007,19.2322531099665],[80.385851451965394,19.231107343187698],[80.385869655528396,19.2260503923127],[80.385777931478302,19.225569584772099],[80.385284470045306,19.2245309843677],[80.384862684267205,19.224028357743499],[80.3841507376534,19.223412034619301],[80.383942244589804,19.2229484925879],[80.383685010325195,19.219918973614799],[80.383124454961404,19.2162219216005],[80.383152426429305,19.215465481965602],[80.383374871453597,19.214692566082],[80.383835221997401,19.213497570642801],[80.384152917376596,19.212891735268499],[80.384895664006592,19.211928653718573]],[[80.390277570119295,19.20484284613158],[80.39058805615403,19.204412372513218]],[[80.394401554606731,19.189150700444426],[80.393869938860007,19.188405955746202],[80.392754135911403,19.187434905579899],[80.391596186798495,19.186758731127998],[80.390074591650304,19.185598986343098],[80.389171654459005,19.1847039018819],[80.387426776933097,19.1826744029194],[80.385830468254298,19.181255473105701],[80.384809172675006,19.180525279456599],[80.384268459024497,19.180242930245601],[80.383278950306305,19.1801405805443],[80.381961134829297,19.179868773830002],[80.381469222686903,19.179629637737801],[80.380383152417195,19.178840656122802],[80.378620893441195,19.177762826102501]],[[80.688818991973349,19.293284292879889],[80.688881897240904,19.2935183134399],[80.688927689084593,19.296100361959301],[80.689028120987601,19.2965816455565],[80.689397799546398,19.297592609758599],[80.689413721321998,19.298105823253898],[80.689345615302699,19.298394375246598],[80.6891762874058,19.2986186051359],[80.68917107924598,19.298635795902214]],[[80.689698615409768,19.302834169664226],[80.689826309289799,19.303238387885099],[80.691388830265794,19.307683302934901],[80.692582331633702,19.310780469984199],[80.6929516734331,19.311999907234998],[80.693067763872307,19.313152766031799],[80.693070470608959,19.31340989524924]],[[80.692990747244266,19.316074990475045],[80.692906890745903,19.317889939544699],[80.692820900426796,19.318142377853],[80.692049550746603,19.319043162034301],[80.691370537546831,19.319572102596144]],[[80.688413856002299,19.322213361701017],[80.688423204160898,19.322239398715499],[80.689257269109106,19.3233684255482],[80.689218287375894,19.3238825465452],[80.6886275720084,19.324711455099202],[80.686218755566301,19.3271790321647],[80.685248602283195,19.327646444376999],[80.685194564730921,19.327647795860443]],[[80.678328078240256,19.330447378929335],[80.677830831244606,19.330592317569199],[80.67552087544,19.330994158041499],[80.674827230966798,19.33096586001],[80.673933814447196,19.331045451436299],[80.673715324133894,19.3310089776609],[80.672509917673196,19.33028515086],[80.671390154136006,19.3295073472861],[80.669917773238197,19.329243084040499],[80.669053781100402,19.3288716649256],[80.668550944616399,19.328473837426699],[80.667323243912918,19.327103899471556]],[[80.666072167754365,19.326427832276465],[80.665552321348699,19.326411616807601],[80.6646870272521,19.326689671798999],[80.664354295342804,19.3267612263957],[80.664164319881493,19.326724793905999],[80.663633436711606,19.326110400637301],[80.663187618607097,19.325721683043099],[80.657822165998894,19.324078928630101],[80.656945515410371,19.323672142755665]],[[80.652643373601649,19.321161171605947],[80.652459891554898,19.3209836739751],[80.651919723653407,19.320297064078499],[80.651787381547607,19.319972061734699],[80.651760060427705,19.3194127198697],[80.651724144223323,19.319312203528497]],[[80.651375736022146,19.318866819620084],[80.650603113470794,19.318328010708299],[80.650003533151647,19.317609863434917]],[[80.648658045378156,19.316344513517773],[80.648288920470307,19.316320945023701],[80.647747006123097,19.3164642305752],[80.6472713331991,19.316733938447001],[80.646843768397602,19.3167240896523],[80.646311878128401,19.3166238314388],[80.646093627372906,19.3164880949032],[80.645162738081396,19.316350975550201],[80.644508067689799,19.315907680566401],[80.643423506128286,19.315433708268284]],[[80.642410477437693,19.315199053862674],[80.641649377037695,19.315279653374098],[80.640374621854306,19.3159717480255],[80.639842263207996,19.316087968012301],[80.638901623341994,19.316068066550901],[80.638331891840295,19.315895542803901],[80.637012753521503,19.315162237813901],[80.636357233051996,19.3151158281633],[80.635948256731098,19.315295428905799],[80.635605375067399,19.3156645981949],[80.635205739321705,19.3159163815528],[80.634853931168294,19.3160239270908],[80.634435852092096,19.316023090442201],[80.634160499357407,19.315932330453101],[80.633971027464895,19.315679367814901],[80.633924119246501,19.315408649575701],[80.634030285945997,19.3146691574307],[80.634032132534799,19.313839247597599],[80.633790592553794,19.311367063197601],[80.633497954135095,19.310509499872399],[80.633308708113304,19.3101573088625],[80.632986323541601,19.309858974438601],[80.632388174583895,19.3096593130328],[80.631428934262203,19.309476962431699],[80.630574838877905,19.309015174445499],[80.630223428320406,19.308951317677099],[80.629406329383201,19.308940639123399],[80.628522190175303,19.3091643602476],[80.627486415340996,19.309216375415598],[80.626489300265703,19.3089797956262],[80.625966724199301,19.308978726175599],[80.625720096954097,19.3087978043296],[80.625540269556694,19.3084907281192],[80.625160318132103,19.308444845137],[80.624151628696694,19.3091193293738],[80.623863034622104,19.309068583913199],[80.622224556399502,19.309335119964299],[80.619824432974198,19.3105114013998],[80.617504181181104,19.312367621658499],[80.616002126322201,19.3140746347425],[80.615165647406201,19.315827472628101],[80.614994227745598,19.316389035686701],[80.615050077361801,19.316885296080201],[80.614906620078997,19.317281908262999],[80.614046113738496,19.318644469024299],[80.612519186266496,19.320533790261202],[80.611950988615703,19.3222065512611],[80.611924832765894,19.323482251576799],[80.612668712926904,19.325240721088701],[80.612866258905797,19.325574850349401],[80.613893405594197,19.326584694689],[80.613955596152707,19.327077961337501],[80.613699993702198,19.328015580878802],[80.613267458290096,19.3287603811713],[80.613139598338805,19.329253244556199],[80.612936452460801,19.329433229207599],[80.6118586721215,19.3297797398982],[80.610359537558793,19.329731173330199],[80.60901187348,19.3301455771146],[80.608510155595297,19.330404693697801],[80.608219828471306,19.330830395443101],[80.607572385689593,19.331358220867799],[80.606633377787404,19.3319455528598],[80.6057953517128,19.3326894589486],[80.604945169307996,19.333216836915199],[80.6033381876492,19.335758652706101],[80.603291427625607,19.335943526370301],[80.602859436584595,19.336435720174801],[80.6019089390321,19.338259848114301],[80.601313549948699,19.339942418875101],[80.600313067165004,19.341463730394999],[80.600159921914894,19.3419124280624],[80.600021873033299,19.3430988532937],[80.599377405099702,19.3441077610759],[80.598682439784596,19.345036371454999],[80.598259005292803,19.3454684324252],[80.597885821047797,19.346077010316399],[80.597898788038194,19.3476807254231],[80.596695400230701,19.349233640929],[80.595849523241597,19.349680798002499],[80.595408896650795,19.350225073050701],[80.595170776669207,19.350866018385599],[80.594828191671994,19.3527576059852],[80.594755144441507,19.354970528431998],[80.594550728150296,19.3556436206031],[80.594276361888802,19.356106651593201],[80.593490679914694,19.358059658660601],[80.593353787465105,19.359630455565998],[80.593625507622093,19.360821457210001],[80.593602412002994,19.363323150314301],[80.593347567711206,19.3638838707312],[80.592210966322,19.365693490685899],[80.590988772847695,19.367935902875701],[80.590648183977194,19.368993567605798],[80.590476885573395,19.369923315583801],[80.590441225744897,19.370669828926701],[80.593675726911101,19.371610854662499],[80.594272224258802,19.372022016430201],[80.594864646203206,19.3722549637009],[80.595222344888796,19.372492748427501],[80.595440226647298,19.3727779878785],[80.595663208558605,19.373285992028801],[80.595754532586795,19.374197875543899],[80.595880565819201,19.3745741570423],[80.596145906528506,19.374880703889801],[80.596503101929898,19.375096209604202],[80.597103699851203,19.3756855720857],[80.597231778473301,19.376150957406399],[80.597273104159399,19.376930150272301],[80.597496606901402,19.3774604283917],[80.597580802217294,19.3780604402512],[80.597874216895406,19.378566989189999],[80.597973719643207,19.379835293299699],[80.597917075270402,19.380438210329402],[80.597031693438794,19.3817714018851],[80.594802663946496,19.382887127881698],[80.594250499939903,19.383388819680398],[80.593297871686403,19.383913736608999]],[[80.570541914695411,19.401845956935926],[80.570368809996296,19.4021218332025],[80.569374051793204,19.402496968395401]],[[80.455314198391363,19.276560445319042],[80.4550975982485,19.276033161703801],[80.455033162835377,19.275761086656811]],[[80.590439765527805,19.371254288744801],[80.590386667215796,19.372216377823801],[80.590540242993839,19.373023949765635]],[[80.591390378400874,19.373929115851439],[80.591666346172801,19.374047450407701],[80.592087958464006,19.374385168946102],[80.5931835433598,19.375510197541001],[80.593519636046494,19.376264677547301],[80.593552756770507,19.3765373781447],[80.5930070754779,19.378524721277898],[80.592988622973493,19.3791501152491],[80.593297871686403,19.383913736608999]],[[80.533941121922794,19.382389686017699],[80.530481533865597,19.377335745583199],[80.527702183615304,19.370695006552399],[80.526044595013104,19.362862704583598],[80.523649035526006,19.3582395557575],[80.518662768327303,19.354257899006502],[80.516542867937204,19.353311597286801],[80.512538961191197,19.350604116042401],[80.510897302777494,19.3497350544115],[80.509462119598396,19.349302627002398],[80.508668169083904,19.348972889990101],[80.508187206903898,19.348948681547],[80.507717206300001,19.348805336548502],[80.506264914840003,19.3482195748843],[80.505331683523806,19.348054672417401],[80.504661688334394,19.348052851425599],[80.503627323405397,19.348334187388801],[80.502957325878299,19.348332360543399],[80.501603753259005,19.3481054011617],[80.500856524519904,19.347717723699599],[80.5003287122952,19.347838054617299],[80.499822672419995,19.347829901087099],[80.499301449312298,19.348126149542299],[80.498902240477193,19.348145349826702],[80.498759832764193,19.348097600060001],[80.498739524624497,19.347745739379299],[80.498468924056596,19.347663807901],[80.498180867672701,19.347851321368498],[80.497686769791898,19.347822897772801],[80.497410340911102,19.348092754847901],[80.497191540317303,19.348164317423699],[80.496678267099398,19.3481899602805],[80.496279951839497,19.3479182395787],[80.495282225222596,19.347870377449901],[80.494143310519405,19.347380103393199],[80.493640017583701,19.347252417438799],[80.491208228134397,19.346893837115601],[80.490534214024393,19.3466574171993],[80.489879796859697,19.346231616644701],[80.488731125609704,19.345831489145301],[80.488010305605997,19.345369414035101],[80.487080220567407,19.344969890689299],[80.486539548830606,19.344643625090701],[80.486435521333107,19.344480960986601],[80.486436029805006,19.3443185907079],[80.486579763369406,19.3439401293003],[80.486619412012104,19.343417044083399],[80.486307189196197,19.342974154140901],[80.486147075475799,19.342513649838299],[80.485806287711199,19.342088719033601],[80.484174641883399,19.341164003710301],[80.4838668757167,19.3406504612582],[80.483445980615002,19.3401842025606],[80.481603430587796,19.339182694619701],[80.480565468083995,19.338854997541901],[80.479667230330307,19.338419444595601],[80.478669350033002,19.337442364916999],[80.477063188305905,19.336499619902899],[80.475306807211098,19.334991134647101],[80.475194965262801,19.334305245063302],[80.474917105880493,19.3340278134377],[80.474753508363506,19.333678544936401],[80.474843467900996,19.333281897448799],[80.474970822220499,19.333077794748501],[80.474984414532301,19.332789174942398],[80.474960189466898,19.3324403069116],[80.474765249527195,19.3319872106104],[80.474537881724103,19.331770061276799],[80.4735132006643,19.331270970094199],[80.473210018086306,19.330990453567399],[80.473135554459503,19.3308343833368],[80.473137405895301,19.330257068657598],[80.472130304523105,19.328233535570099],[80.471760103339506,19.327783436105999],[80.470816318191297,19.327091122458299],[80.470530328687801,19.326721449175299],[80.469792839544198,19.3249231993458],[80.4696936047104,19.324265407067902],[80.469728476658901,19.3239287383958],[80.469915224452706,19.323640621209599],[80.470253902174406,19.323385018297198],[80.470830465872595,19.322697115449099],[80.470966638032294,19.3223767755705],[80.470984563021005,19.322056094718199],[80.470900926477398,19.3217992656032],[80.470664950072603,19.321638214151399],[80.469567158256197,19.321570878229299],[80.469331287030599,19.3213777516393],[80.469197184729097,19.321056627378098],[80.469486060686805,19.320528257912201],[80.469757266835998,19.320240385545901],[80.469911932470694,19.3194229646836],[80.469828609745406,19.319069915996501],[80.4694244948641,19.318667823946001],[80.469004215186203,19.318041170093],[80.468903796400994,19.317752217874101],[80.469008461754797,19.316726173825501],[80.468756328042502,19.316340560892399],[80.469063952007403,19.3152349240147],[80.469065039292403,19.3148981568072],[80.468964466398404,19.314657313143901],[80.468240307060995,19.313981664093799],[80.467734599437904,19.313659456424102],[80.466942935340001,19.312967567098301],[80.466268685159903,19.3125326051244],[80.465410040220704,19.311664110762798],[80.459813582395796,19.3030198933631],[80.4590242694549,19.301638401293101],[80.457514720386399,19.298426583414599],[80.457397708589497,19.298057391459],[80.457470818395507,19.296373755563899],[80.457404738308099,19.295924532321902],[80.455946840709004,19.292440230687799],[80.455711663475697,19.2920546485642],[80.455425395177699,19.2917972088186],[80.455054097914399,19.291715917584199],[80.454040108987897,19.291905329727498],[80.453753098981096,19.291872397868701],[80.453415847471106,19.291711021680399],[80.4531470580568,19.291277226586899],[80.453013596617595,19.290779688825602],[80.452916950526202,19.289368171421899],[80.452953178883703,19.288630590638402],[80.453123824681299,19.288101891236799],[80.453277102097303,19.287717468710699],[80.453531657331197,19.2873493857516],[80.454819074822495,19.286182552577898],[80.455243253048806,19.285590461438201],[80.4555442979362,19.281373700546201],[80.455545674865505,19.280956750446599],[80.455395590474097,19.280378981067699],[80.455128033369206,19.279576347165001],[80.453765959290905,19.277808242611901],[80.453682955303606,19.277375002836799],[80.453431237479293,19.276893148772999],[80.452322618665605,19.2750937159648],[80.452054337737096,19.27451558988],[80.451670089448996,19.273263573593098],[80.451554598855793,19.272445353310999],[80.451403361517805,19.272220385727302],[80.450947835156896,19.272090724285199],[80.450172844554203,19.271543145549],[80.448927647681302,19.270208348403301],[80.446455388274998,19.2671859762625],[80.446154551994596,19.266254933582701],[80.4460921227912,19.2647312564389],[80.445679720764531,19.263894665599597]],[[80.533941121922794,19.382389686017699],[80.533724343456797,19.381739644926402],[80.533707027704594,19.381144236831101],[80.533262737680801,19.380277115283299],[80.533178088032301,19.379961175690301],[80.533122545698703,19.379437836033201],[80.533248428522896,19.3786263022219],[80.533279128825995,19.3778596264371],[80.533222789924096,19.377615923619601],[80.532672720189893,19.3771815206327],[80.532104982518206,19.376277997856199],[80.531443539859296,19.3749051568868],[80.531029215090498,19.373541971806802],[80.531039932320198,19.3731180295838],[80.531402668669699,19.3725777253625],[80.531575226788902,19.372063992275798],[80.531645576157501,19.3707291164108],[80.531468980009393,19.369330461403099],[80.531252974885604,19.368418819226999],[80.530988880728401,19.3677055073519],[80.530895563215495,19.367100883711199],[80.530879947338391,19.365265721405741]],[[80.593297871686403,19.383913736608999],[80.593193013556899,19.385308702048501],[80.592885679356002,19.3865749210633],[80.592613375838596,19.387344077660501],[80.591730772303094,19.388881628545501],[80.586897054387407,19.395750487154501],[80.585862002935698,19.397383882226499],[80.583586908274995,19.401484092688001],[80.582161876924104,19.403581636015598],[80.581501014060294,19.4042536589096],[80.580417536655006,19.404956777854899],[80.579300948002697,19.405387187660502],[80.578083027841302,19.4057852830116],[80.577389828628498,19.405879892376898],[80.576967380478393,19.405846836099901],[80.576359268184405,19.405717126245801],[80.575397397355104,19.405137557539501],[80.5740638328882,19.4045090055731],[80.570687149780497,19.403153976723701],[80.569374051793204,19.402496968395401]],[[80.569374051793204,19.402496968395401],[80.568054158067497,19.401800654590598],[80.566591926062287,19.400730121182914]],[[80.55991469093594,19.397205972060355],[80.559700864408498,19.397097892225698],[80.558975621116204,19.396550886291699],[80.558502888806004,19.396373335637801],[80.558080557357201,19.396308162703999],[80.557657272480597,19.396595793712599],[80.557319223647596,19.396611007865602],[80.556728236893605,19.396417126392201],[80.554658175729003,19.395297517631601],[80.553316923311002,19.3950942696884],[80.552918029111893,19.394957979160701],[80.552054413765205,19.3944236359849],[80.5518556224702,19.3941164434172],[80.551619893320506,19.393412252324701],[80.549269286474996,19.390889680351901],[80.547163285335103,19.389314855682201],[80.541647956244802,19.386576804373099],[80.540158155813003,19.385643918244],[80.539692984299407,19.385426246007501],[80.538220793105594,19.384998544622299],[80.536937935010698,19.384850952218301],[80.536539282399303,19.3846424633814],[80.5351826363854,19.383700854778201],[80.5345473487737,19.383139950772001],[80.534082986522606,19.382642626204699],[80.533941121922794,19.382389686017699]]]}},
{"type":"Feature","properties":{"fid":7,"id":null,"Name":null,"description":null,"timestamp":null,"begin":null,"end":null,"altitudeMode":null,"tessellate":-1,"extrude":0,"visibility":-1,"drawOrder":null,"icon":null,"OBJECTID":199.0,"rivname":"Dudhganga","sub_basin":"Krishna Upper","ba_name":"Krishna","length_km":129.742509832,"origin":null,"major_trib":null,"st_pt_lat":16.2144982939,"st_pt_long":74.001255616999998,"st_loc_ste":"Maharashtra","st_loc_dst":"Kolhapur","st_loc_sb_":"Radhanagari","st_loc_vil":"Dubalewadi","en_pt_lat":16.584016312900001,"en_pt_long":74.635315882900002,"en_loc_ste":"Maharashtra","en_loc_dst":"Kolhapur","en_loc_sb_":"Shirol","en_loc_vil":"June Danwad","lat":16.54561118,"long":74.23492702,"UID_River":"2469","state_al":"Karnataka,Maharashtra","Confluence":"Krishna River","remark":null,"Shape_Leng":129742.509832},"geometry":{"type":"MultiLineString","coordinates":[[[74.001255617001803,16.2144982938879],[74.001744880590707,16.214614034648601],[74.003302724563596,16.2154912720837],[74.004796254907305,16.216584502956799],[74.004996850756299,16.2166191584238],[74.005395029642301,16.216579805167601],[74.006124700623303,16.216292344577401],[74.008170517435403,16.215888734810999],[74.008749302863393,16.215671245354098],[74.009381969668297,16.215305495306499],[74.010461714753006,16.215054814581499],[74.011140231726202,16.215042246347299],[74.012133874259504,16.215210569039499],[74.0123423213671,16.215340165027602],[74.012508024817194,16.216106456881199],[74.012827621215195,16.216892987350398],[74.014226345294404,16.218965460843901],[74.0143079093029,16.219721415844798],[74.014677873865196,16.220879414384498],[74.016385108649104,16.223855770264901],[74.016654853412405,16.2242484127],[74.018369911000207,16.225846509664802],[74.018969118819896,16.2267050123898],[74.019994529445697,16.227538092779],[74.021156821363206,16.228883955913101],[74.021325517253402,16.2291666640327],[74.022254679941497,16.231950741849801],[74.022775459175605,16.232744784700799],[74.0230273060385,16.233982312239799],[74.023282493219497,16.2347137570634],[74.023191659117401,16.2354310431088],[74.023331884325401,16.2363279152313],[74.0231759503055,16.2370216705669],[74.023016143462797,16.237362792826801],[74.0226679504581,16.237787020995601],[74.022237975524305,16.2380609122471],[74.021720428893303,16.2385414844343],[74.020866578091599,16.2389898590298],[74.020673425308502,16.2391665863057],[74.020641365634603,16.239330043577102],[74.020653805111493,16.239728003356799],[74.0208366544325,16.240593889446998],[74.021636712884103,16.2429325962249],[74.021815977792002,16.244196290316602],[74.021537124283,16.2449525153046],[74.021387734709094,16.245111720095299],[74.021219125692795,16.245560187077199],[74.021250970717304,16.246419290566902],[74.021457973995396,16.247676123915799],[74.021394282780307,16.248582952644899],[74.020868666894899,16.249973981582102],[74.020613891386304,16.250451261061698],[74.020582045805895,16.2511035420703],[74.020868667187202,16.252201285123899],[74.020804972234401,16.253346753701098],[74.020629813905799,16.253680848145802],[74.019959368235504,16.254406293192599],[74.019529433771098,16.255344942385399],[74.019561280191397,16.256140405792699],[74.019768287162194,16.256601778451198],[74.020245985058096,16.257079053689701],[74.020437065042501,16.257413151433902],[74.020484837691299,16.258256342895798],[74.020357451306396,16.2587813498548],[74.019481235333501,16.2604932012555],[74.018860225429805,16.261940945730601],[74.018860224729195,16.262625046555101],[74.019162768215196,16.2633250567259],[74.0195926972265,16.2639773369356],[74.020230760071797,16.2653872984509],[74.020230760684399,16.26589639518],[74.019800830594406,16.266898681867598],[74.018972813565398,16.2674395987205],[74.018112950781898,16.268791888913398],[74.017538124752903,16.270521144333301],[74.017394812038901,16.270712057338098],[74.016391641341599,16.271125698953501],[74.015961711380299,16.271380247920899],[74.015627318872902,16.271873436579298],[74.015738785651394,16.272271168103501],[74.015754708595395,16.272907538945098],[74.015659168057397,16.273066634639601],[74.015006308470007,16.273559821864499],[74.014351829061496,16.275077825156298],[74.014670296476893,16.2770346687626],[74.014479214333804,16.277527857354698],[74.014081131217793,16.2778460422862],[74.013794509631893,16.278227866944199],[74.013412349134299,16.279261970124399],[74.013186723475997,16.2801625347808],[74.013170799396903,16.280973911062699],[74.013441493856803,16.2825648399137],[74.013345953048102,16.282851208368399],[74.012979719585601,16.283153485543199],[74.011817312359298,16.2838216764411],[74.011196298250397,16.284012585896299],[74.011100758106906,16.2841557687806],[74.0110037716791,16.285052501178601],[74.011099311848895,16.286547973592601],[74.012025098960805,16.289883770809301],[74.013348992742607,16.2928090152507],[74.014372392614206,16.294039802830099],[74.015110716074005,16.294345046241901],[74.015899956762595,16.2942178600434],[74.017071088039003,16.294319609976402],[74.017274762576207,16.295057280151799],[74.017198387628198,16.296710677944102],[74.0173002242623,16.299966601566702],[74.0183209095281,16.3019674903144],[74.018371827885602,16.303163023993399],[74.018193613602804,16.3047655506643],[74.017378911342703,16.306902249251699],[74.013173130632794,16.313892844026],[74.011874699198003,16.315215563417802],[74.010423514195594,16.3161821642699],[74.010321678565901,16.316436534076502],[74.008666817695399,16.317962748269899],[74.008437682046903,16.319209158256299],[74.008692505563701,16.323364514225101],[74.008432168654394,16.325510390879],[74.007000318774999,16.328306529810501],[74.005503385092894,16.330712510727199],[74.005177964820504,16.3324682280149],[74.005177965344004,16.336304791108301],[74.005698638460402,16.337670348124899],[74.006157797664002,16.339719232145001],[74.006613382929302,16.345051406895799],[74.006678471101793,16.349343155289802],[74.007459477200101,16.350643687907201],[74.008630989982294,16.3520092450491],[74.011034962550596,16.354118520747999],[74.012326191788802,16.3548970261721],[74.014487997316294,16.356784005700799],[74.016004603125893,16.357900027905899],[74.017151127083807,16.358656286420501],[74.018575934801007,16.3594459120247],[74.019188157694103,16.359935255201101],[74.020615382045904,16.3616781590108],[74.022029058222401,16.362701333581601],[74.023042008369003,16.363079463638702],[74.023709883175201,16.363257407964301],[74.024110609050197,16.363268530025401],[74.024600390130701,16.3632129216492],[74.025134691200705,16.3628681566884],[74.026125378307995,16.362490027295198],[74.0273720817613,16.362167504898601],[74.028656211050901,16.362012828711201],[74.029468794979707,16.362146285687899],[74.030103280765701,16.362502173847201],[74.030537401160899,16.363180581744899],[74.031383378726503,16.365015625556101],[74.032010350230806,16.367657294782202],[74.0322673452673,16.3706343277623],[74.032111509858495,16.372380398382202],[74.031744221568999,16.373652893568899],[74.031744220914405,16.373975415829101],[74.031510461180105,16.374931862423701],[74.031600885318497,16.375504523188201],[74.031745595457707,16.375671343217402],[74.032669491892705,16.376060594438002],[74.034205610785406,16.375960503255701],[74.035908702292701,16.375582372870401],[74.037433690239297,16.375471157700101],[74.0401552354041,16.375572401839701],[74.040878769946303,16.375705860429601],[74.042325835639701,16.376206326129299],[74.042871272136097,16.3765955771858],[74.043171818349407,16.376918099864],[74.043989940920497,16.378268633106099],[74.044123514516201,16.378935920422801],[74.044101252226497,16.379414144866601],[74.043923153731797,16.379725545922],[74.043466771737897,16.3800035826224],[74.043233013468097,16.380326104734799],[74.042932466561794,16.3811935812275],[74.042453042710306,16.3836028094155],[74.042030053983197,16.384803928234899],[74.041762901031404,16.385337758587902],[74.040726759709102,16.386234238997101],[74.040470738555499,16.386656855091498],[74.040348295273304,16.387390871568499],[74.040337164730005,16.3881248892427],[74.040515262301298,16.388358438171799],[74.040849201777505,16.388547503996101],[74.041910374662905,16.389443922420099],[74.042800876878303,16.389944386190201],[74.043157078437005,16.3902557879093],[74.043301787677294,16.391278962622401],[74.043391042633402,16.394466505357499],[74.043936762928496,16.395984699364298],[74.043780926166804,16.3972636686184],[74.043825451747097,16.397697406299901],[74.044604642440603,16.3988985227097],[74.046353801662207,16.402489559612199],[74.046721135192499,16.404146659459901],[74.047168027608194,16.4053766355695],[74.047746856542901,16.406244111657099],[74.0484481303276,16.406889156839199],[74.049931533931002,16.408508866578298],[74.051267288242499,16.408942604671399],[74.052157795141795,16.4088202682032],[74.052658702363999,16.408208588195599],[74.052803406913497,16.407463449378799],[74.053382237446897,16.406584852597302],[74.053693914013294,16.406451395457601],[74.054606679557097,16.4064513946151],[74.055497186426393,16.406607096571499],[74.056131667012195,16.406551488623201],[74.057305747969494,16.4061820094458],[74.057695342959803,16.406148645968301],[74.058051544704199,16.406359952552499],[74.058352092238906,16.406882662373899],[74.059008839361795,16.407294157348101],[74.059320516457305,16.4073275208425],[74.0600551828759,16.407127334561899],[74.0610458659839,16.406693596583299],[74.063078923657699,16.405399799534699],[74.063579835287797,16.4052997057528],[74.064470337323598,16.405355313579602],[74.065104823866704,16.405555500448301],[74.065561206229404,16.405911388289301],[74.065694780335406,16.406111574250101],[74.065694780577203,16.406634282340299],[74.065550074122896,16.4070568992665],[74.065338578186299,16.407279327663499],[74.063368338805802,16.407991101168999],[74.062542550285897,16.4087104339071],[74.062486889574203,16.409021835784401],[74.062609336839202,16.409600152284298],[74.0630657194382,16.4106233274379],[74.063388527560207,16.411735473265399],[74.064036671703093,16.4128880395461],[74.064726812853607,16.4134329924462],[74.0656061846189,16.4139557016777],[74.066474424938903,16.414167007963801],[74.067698871624501,16.413944580277398],[74.068845395589094,16.4135442065473],[74.069257252633705,16.413199441031502],[74.069435352107604,16.412732339664998],[74.069669110963801,16.411887108002201],[74.0697025042154,16.410919540798002],[74.070116501439699,16.4095807131485],[74.070194420528694,16.4094138922705],[74.070517228124103,16.409124733958901],[74.070917954752204,16.408946788831098],[74.071786199934394,16.409102491131499],[74.072142401058699,16.409235948088799],[74.074026821696506,16.410003454538401],[74.074349629436298,16.410248128263898],[74.074928455729605,16.410993265131101],[74.075507284196505,16.411538217975401],[74.076214999927402,16.412633457700998],[74.076548933906196,16.413334109746099],[74.076949665558303,16.413778969410799],[74.077606409632693,16.4143128010376],[74.078274287930597,16.414535230453499],[74.078786326675797,16.414490742906999],[74.079713100513999,16.41403241942],[74.080347586697002,16.413276159419102],[74.080347586695893,16.4123753200337],[74.0799926615868,16.411559934147601],[74.079591930798102,16.4100807789934],[74.079514012911702,16.4093356421103],[74.079614197176696,16.408479286885601],[74.080058269372401,16.407503637950501],[74.080458996152501,16.407147752340499],[74.080848591415702,16.4070476594426],[74.081126875379596,16.407058778407499],[74.081438552691196,16.4072144811872],[74.081805885324002,16.407637096437998],[74.082340186094996,16.4090050349993],[74.083257449696305,16.409912783571901],[74.084804703839495,16.410646802769701],[74.085472578093302,16.411080540354298],[74.087791020629695,16.414001713214201],[74.088147223456104,16.414524421827601],[74.0883364573302,16.4149804019779],[74.088258534109499,16.415369653153601],[74.087891201735502,16.415903484889899],[74.087167666454604,16.416437315421799],[74.086232637546999,16.416882174206702],[74.085896390114399,16.417301625068198],[74.085785079002903,16.417701996247601],[74.085840734350498,16.418369284058901],[74.086052231783498,16.418625078399799],[74.0874547722035,16.419214516443699],[74.090944397703495,16.420164779826202],[74.092001873422106,16.420654125077501],[74.092803325535996,16.421365899115401],[74.0930370851096,16.4219108498678],[74.093103871566896,16.422711596541699],[74.093070479207896,16.423145334898098],[74.092903507384506,16.423679165150102],[74.091524167138303,16.424929246580799],[74.091267727759899,16.425293862181299],[74.091070462342302,16.4257865825798],[74.091159232008394,16.426367994979898],[74.092896539875795,16.428806228396301],[74.094218199679403,16.430264684002001],[74.094721219693696,16.430609588870201],[74.095066433089698,16.430786967590201],[74.096253629189405,16.431145993408698],[74.097979677005497,16.431530314404199],[74.098975853825394,16.431944202080299],[74.099824082144494,16.432988770172798],[74.100775103927305,16.434513400204001],[74.101682512629395,16.435242627268099],[74.102155942894598,16.4354397149697],[74.105539000365994,16.4358141848485],[74.107071968794301,16.435914675137699],[74.108176638096495,16.436190597956202],[74.108521846682507,16.4365749221596],[74.108758563917604,16.437737744444899],[74.1091759156769,16.4387406107458],[74.109747974607302,16.439302311208198],[74.110477849603001,16.439804888109499],[74.110980869711696,16.439903431419001],[74.111740330567102,16.439795033035502],[74.113016294640204,16.439242386968001],[74.114130830693199,16.438996026387802],[74.114643714880202,16.438759519975601],[74.115551124453205,16.438109128991801],[74.116133049522801,16.437803642341802],[74.117656396638495,16.437268867314099],[74.120003823112199,16.437308284874799],[74.1211578073015,16.437712315961701],[74.122346560581306,16.438966369700399],[74.122605592712802,16.4395428917923],[74.123030646645802,16.441045024562399],[74.123239371798704,16.441271967617102],[74.124921463990603,16.441823991971699],[74.125535364310096,16.4418239916935],[74.125746745274995,16.441756197708902],[74.126059832721594,16.4414863211613],[74.126102809250298,16.440670551388799],[74.126575510658697,16.439903853908099],[74.127250806168504,16.439431566236099],[74.128707316614395,16.438888472813598],[74.129677280754095,16.438673795565901],[74.130149986407005,16.438489787609502],[74.1309793787822,16.437466982957702],[74.132070753808307,16.436288454787299],[74.133382612393206,16.435396298653],[74.136185573464701,16.434246749663298],[74.137387187139694,16.434224722042501],[74.137949412672199,16.434577176601799],[74.138693101550899,16.435746471857801],[74.139211230395105,16.437266443205498],[74.139244299388906,16.438323814088601],[74.139586047257794,16.439601470734502],[74.141661107698397,16.443232485299699],[74.1424905705329,16.4438887771989],[74.143350442336001,16.444847018008002],[74.143570921903404,16.445188460251501],[74.143780380769201,16.446124673412498],[74.143924689688006,16.449018875420499],[74.143781381872998,16.4507260880718],[74.143053531198703,16.452341034583501],[74.142799978936395,16.453266233711499],[74.142535379973097,16.456555952355998],[74.142116465883703,16.457789551067901],[74.141510146749795,16.458681707579601],[74.141278642875207,16.458824893565101],[74.140925876181598,16.4588909775815],[74.140595153644597,16.4589019939407],[74.140374674788703,16.458824893777201],[74.140054975640396,16.458604608582402],[74.139669134951902,16.458142007854001],[74.139173055613099,16.457987807655201],[74.138112234384707,16.4580437061909],[74.1376088850038,16.4582680785458],[74.137353340024006,16.458469238882898],[74.137167490991601,16.458763243065601],[74.137066820544803,16.4591114073935],[74.137074562812799,16.459637519552],[74.137283647182699,16.4607284312237],[74.138051324578996,16.461343745415899],[74.138794728035194,16.4620632817726],[74.139112225601295,16.4622334953979],[74.139468440038399,16.462310864147401],[74.141179819320996,16.462481077463401],[74.141559266527693,16.4626590283066],[74.141977433786707,16.463107772999798],[74.142150571779894,16.463437035231401],[74.142204807689893,16.465917506404701],[74.142150603484197,16.466250197739399],[74.141654998874003,16.467495847630499],[74.140972833768799,16.468429409031899],[74.140825700377604,16.4687775724556],[74.140725029614998,16.4691334706757],[74.140663078651301,16.4704642280849],[74.141035573245603,16.471211796414501],[74.143180604907698,16.472774661991199],[74.143887141627104,16.473467780278099],[74.144677009697006,16.474721165659499],[74.145043527876595,16.475995222245999],[74.145121801815307,16.476568730659],[74.145113105090203,16.477133551774202],[74.144616979954705,16.479146498829401],[74.144686561259306,16.4800675931507],[74.145008360355206,16.480771446576401],[74.145704136550904,16.4818663302683],[74.146086814679805,16.482048810678101],[74.146713017309693,16.482048811468601],[74.148121968671603,16.481562197739098],[74.148813045020802,16.481694436804499],[74.1491609313493,16.481876916217601],[74.149360966835303,16.482007261554799],[74.149578399400397,16.482363531949701],[74.149395758468302,16.482780630977299],[74.148596173425304,16.483151266735199],[74.148004761951697,16.483516229808],[74.146848027865602,16.484376496426599],[74.146569717905294,16.485193312614399],[74.146256131899307,16.487005157137101],[74.145864756746803,16.488186936127502],[74.145367902631605,16.490112708969399],[74.145280930728006,16.491251042275699],[74.145567938956802,16.4920367484449],[74.145776673030994,16.4923669532606],[74.146672486803098,16.492810118376799],[74.147803128907697,16.4930968752595],[74.148272782093699,16.4934010085632],[74.1487361625597,16.493857412438899],[74.149057960586603,16.4951956066636],[74.149388457287998,16.4956474630253],[74.150581521107,16.496738137304799],[74.150981594457306,16.497502817240001],[74.151081797006995,16.500016653547998],[74.151476914943501,16.501109185767799],[74.152068144337804,16.5018275793851],[74.152731984822296,16.502414305014302],[74.153872443682005,16.503103073896099],[74.154638412990707,16.503417696408199],[74.1550299163587,16.5036472858351],[74.1551745978648,16.503825859890199],[74.155802946081806,16.5058227665711],[74.156306430949499,16.506828847725199],[74.156483331338094,16.507345483344501],[74.156129530777307,16.509602366089901],[74.156211453426593,16.510810371893399],[74.156510823176106,16.511503754734601],[74.1566605073956,16.512074773189301],[74.159232363000598,16.515025032061001],[74.160300516676898,16.516597721828699],[74.161702109771895,16.5176581856566],[74.1629948404305,16.5184195435798],[74.163389464168105,16.518528308449699],[74.164015419130806,16.518514715373499],[74.165212895569496,16.517984482006401],[74.1660701804594,16.517875715803999],[74.167281266595396,16.517998079898099],[74.167842599368598,16.5182049789715],[74.168073930178707,16.518368126711401],[74.168210007260001,16.518531274755102],[74.168182791076404,16.518857569577602],[74.168060322746399,16.519442187642301],[74.167733738344097,16.520257928698101],[74.167828991371906,16.520570625862302],[74.168457043612406,16.5217329140599],[74.168674765748406,16.5223990991392],[74.169055781978599,16.523106074953802],[74.169600090472898,16.523758666745099],[74.170021928957894,16.524030580302799],[74.172729860515005,16.5250910433769],[74.173687566832001,16.525134696225301],[74.173973328182598,16.5252162700626],[74.174898651928203,16.524998738771298],[74.175429352479597,16.5251346957157],[74.176776514875399,16.525664924714501],[74.177565761395002,16.526167968440099],[74.178069245511296,16.5263447083504],[74.179680786851804,16.526551482123701],[74.182252641527597,16.526483506147699],[74.183246004368002,16.526701037178199],[74.183695059426697,16.526877779471501],[74.184584562774106,16.5274375568547],[74.185074438744095,16.527859020345701],[74.185441847667803,16.5282668907745],[74.185550709194402,16.5284980193804],[74.185972547776103,16.5298847786731],[74.186326347323003,16.530251859852601],[74.1873394565837,16.530679726192801],[74.188101487167501,16.5308020850449],[74.188700227131804,16.530720510918801],[74.190129034813097,16.530095109217999],[74.190999927749502,16.530149492298602],[74.191217651040105,16.5302718552445],[74.192768928605403,16.532392781729602],[74.193820517356897,16.534015706124698],[74.194854702538706,16.535919101342198],[74.195906168973906,16.537545507453601],[74.196559338324604,16.5379805692898],[74.197307761866796,16.538334056941402],[74.1976887775389,16.538415630705099],[74.198491631622204,16.5382252924223],[74.198763785971494,16.538252483256901],[74.199634677537404,16.5385515883602],[74.2009274108825,16.53917698931],[74.201662226666301,16.5391361992077],[74.203259780245403,16.5386212491997],[74.203980988390697,16.5386892302473],[74.206865820628295,16.539436990802098],[74.207478166938998,16.539681712980201],[74.209674746655296,16.541209183201001],[74.210491208995293,16.541508288693901],[74.211062731941297,16.541576268907399],[74.212028878690703,16.541453906109702],[74.212396287148195,16.541249973575098],[74.213158316519497,16.541005251328201],[74.215436390720697,16.539615470559198],[74.216960453106196,16.5389492810443],[74.2178177365425,16.538677366835898],[74.218688631026893,16.538636582866999],[74.219369015273401,16.5390444534621],[74.219491484934295,16.539261983771102],[74.219559523549904,16.5397106391612],[74.220420072813496,16.541319071711101],[74.221018811180798,16.542909769463801],[74.221590334475394,16.543657527599802],[74.2224476193838,16.5441877613254],[74.223185360548797,16.5455954331856],[74.2238249234438,16.5472405129746],[74.223988216760304,16.547430853088599],[74.224491701036499,16.547716359102999],[74.225784433080193,16.547838723310701],[74.227434892854205,16.548548121896001],[74.227938377847707,16.548684079029101],[74.2291902863209,16.548629696053698],[74.229998133791895,16.548192920875401],[74.230229463524594,16.547853026319199],[74.230556049091305,16.546357501914802],[74.230746556545796,16.545868056635499],[74.230977887990306,16.545555359308199],[74.231372511183096,16.545365019286798],[74.232148149410705,16.545161082696801],[74.233318411854299,16.5452698470617],[74.234352597748796,16.5455145696973],[74.236604365150896,16.545893279571299],[74.240591421364599,16.5472664409569],[74.2412037679414,16.547307230937101],[74.241698116018298,16.5471849642298],[74.242432931892694,16.546872267051],[74.242868377640093,16.546573162334099],[74.243331040479603,16.546110908621898],[74.243766486097101,16.5451592112566],[74.243888954548794,16.544561000988601],[74.245059217597202,16.542943113725901],[74.2466278078561,16.5415752815735],[74.248696178286593,16.539957394867599],[74.249376563209097,16.538978505583799],[74.250320507615797,16.537066663205799],[74.250565446060193,16.536821941080301],[74.251123362304199,16.536468453979399],[74.251640454104503,16.536264520858001],[74.253096478347601,16.536087775085399],[74.253980978587805,16.536400477935501],[74.256027383454395,16.537327082384401],[74.256680551524894,16.537177526403202],[74.257537836746195,16.536552126430401],[74.259197976774303,16.5364841514366],[74.260319026021193,16.5367007811283],[74.260795295774699,16.536863929591799],[74.262387397229105,16.5378428178322],[74.263462404380903,16.538862496073399],[74.264088359007502,16.5397734047061],[74.264135785289511,16.539825587284671]],[[74.26680598728862,16.543319678957719],[74.267108710224093,16.543720825053594]],[[74.269619246666849,16.546768028173748],[74.270344084955596,16.547692215398801],[74.270779531414107,16.548467170934199],[74.271459917050606,16.550628880680499],[74.272268418306098,16.552264591740599],[74.272509562478504,16.552481433599102],[74.273703242534495,16.5531680982868],[74.275150130098694,16.553746343335],[74.276392042934305,16.554348679816801],[74.281792038639693,16.5559805677801],[74.282901567648494,16.556471372841699],[74.283672315968204,16.556962183947999],[74.285345551199995,16.5583986840102],[74.285785969697102,16.5588641040247],[74.286302622288702,16.559871105105501],[74.286565179960206,16.560632707431299],[74.2870140802587,16.561081204905499],[74.289295292967495,16.562296693702699],[74.290514922352102,16.562821353395599],[74.291954770586401,16.563278309741701],[74.292276628096602,16.563176766357898],[74.292700104596307,16.562533635360499],[74.292996547102803,16.562364393329801],[74.295023961019297,16.562728269179299],[74.296125019438193,16.562711341664698],[74.298254030789906,16.5624897813323],[74.298728325623799,16.562506709439599],[74.299922559091002,16.5628113448223],[74.301501799572407,16.562743602119099],[74.302170899345199,16.562506660980301],[74.303043275352195,16.5616942884567],[74.303399010408896,16.5612119397958],[74.303483705649001,16.560831142356101],[74.303537819477398,16.559777543884302],[74.303893553156101,16.559176725905701],[74.304249276470799,16.559041333048999],[74.304791332877898,16.559058255237399],[74.305307986292405,16.559337510309799],[74.305714529142705,16.559447516580299],[74.306070262657101,16.5593205820729],[74.306417515692004,16.559049790715299],[74.306773249390702,16.558584372079501],[74.307223653011405,16.557261044083099],[74.307490753010597,16.556823402248],[74.307982196118402,16.556311039234799],[74.308452285223197,16.554795290837198],[74.308612539655499,16.5545284353366],[74.308954420114802,16.554378993557599],[74.309392443923201,16.554304273555399],[74.309958689118304,16.554496413003701],[74.310161677983501,16.554816642228701],[74.310118942285797,16.555489116944099],[74.310247141744,16.555830699429201],[74.311165947387096,16.556353737184299],[74.312036564583394,16.556599239359301],[74.312859205334902,16.5566846367864],[74.314023737876894,16.556471150341199],[74.314312190926699,16.5563217095577],[74.314547235778093,16.556065530311301],[74.314664753322006,16.555617211768901],[74.314622016756203,16.555286307094701],[74.314792962686695,16.5549020337168],[74.317489629941306,16.554075351168301],[74.318055863806407,16.554086027000299],[74.318671978189499,16.55433829527631]],[[74.320539996042584,16.555103155919554],[74.322022774948394,16.5557102803246],[74.3223506803823,16.555888332825294]],[[74.324317619321178,16.556510850347134],[74.324383874084802,16.55651085034],[74.325084875552704,16.556338874820401],[74.325144649085274,16.556304555710454]],[[74.327204042516442,16.555122150278542],[74.327445974828507,16.554983244290199],[74.328747223591904,16.553924891200499],[74.329559987059596,16.553406831210602],[74.330373615251602,16.552715204780799],[74.332577027975205,16.551221387374099],[74.333177314047404,16.550691439204499],[74.333858791819196,16.549850503043501],[74.334093922068107,16.549461237835899],[74.334293307672795,16.5488634119843],[74.3346094556656,16.548499669694301],[74.335048187703805,16.5482772652676],[74.335763894781707,16.548160614693099],[74.336678205382896,16.548280845140098],[74.337591038251105,16.548541197350399],[74.337924452920305,16.548569185367999],[74.339725029459501,16.548221357787099],[74.340243874821596,16.548415727578099],[74.341328029031502,16.549894090104601],[74.341669909854701,16.5501502751831],[74.342877168948505,16.550619940657299],[74.343315192823297,16.550982868022299],[74.345177422249193,16.553005719250201],[74.345305630841096,16.5533579713526],[74.345284257444703,16.554425401293301],[74.345455204199595,16.5549164177907],[74.3462351084017,16.555396760433698],[74.349145857196902,16.5562455031932],[74.350556106450696,16.556384268874599],[74.351026186251801,16.556341570102401],[74.351944982075807,16.555605050186301],[74.352575325077794,16.555295496943899],[74.353421075639304,16.555171109919002],[74.354105101406304,16.555223083361401],[74.354946498166498,16.555518451115201],[74.355410721632396,16.555970697866702],[74.355497609319769,16.556352448206606]],[[74.357111016282886,16.558560252197367],[74.357134725992395,16.5585665034186],[74.358475591536902,16.558422475047099],[74.359133695245703,16.557642277437601],[74.359204072747204,16.557457477439101],[74.359218715995794,16.556440421813701],[74.359331241075196,16.555905674092099],[74.359521665434102,16.555697304679299],[74.359835763187107,16.555527224925001],[74.360622011028397,16.555213326451401],[74.361003233631905,16.555171668026301],[74.362408199998498,16.555373454810098],[74.363339620376806,16.55563734966],[74.365352740815595,16.5558803902465],[74.366968077805595,16.5564419845605],[74.367488137255194,16.5567772073823],[74.367681059460693,16.5569867231534],[74.368066904642305,16.558034299024399],[74.3684449430461,16.5587927181673],[74.368889504790502,16.559396121442401],[74.369233421667005,16.559697823804299],[74.369820578240805,16.559915723100499],[74.370181264565304,16.559966005576701],[74.373631982288899,16.5590188857248],[74.376069050454703,16.558480383315299],[74.378224776150603,16.5582289644457],[74.3787951643274,16.558002688576],[74.3801651115824,16.556660308113798],[74.380827764846003,16.556517839892901],[74.381163281473604,16.556777634742101],[74.381607855075003,16.5576492218586],[74.381803734539901,16.557709510083999],[74.382189588618701,16.557608941973399],[74.382684479849502,16.5576676015719],[74.383506508102798,16.558145297861302],[74.386430597047394,16.559312471122901],[74.386959047364996,16.559706358422599],[74.386996066595785,16.559745323076509]],[[74.387747019918493,16.560535740265212],[74.388260629245494,16.561076340630201],[74.388638083201499,16.5612858585732],[74.389450052680928,16.561916682422268]],[[74.391140917608112,16.563266417594416],[74.391746000225695,16.564115851353101],[74.392341548130503,16.564518121352499],[74.392626746940493,16.564551639997202],[74.392724252435684,16.56451014684972]],[[74.543477311097561,16.595825957535837],[74.543756536282899,16.595728707593299],[74.547163973760206,16.594758402602999],[74.548788279283599,16.5945026258984],[74.549639757903705,16.594581937317201],[74.550584325716102,16.594881815203099],[74.551917319970499,16.5955168517735],[74.552764780883095,16.5957549900569],[74.5561503688686,16.595499213400601],[74.559023382945,16.594740397658601],[74.559720773938096,16.594405240227299],[74.560382853593595,16.5938143025401],[74.561983334720907,16.591691918122599],[74.562583623607296,16.5906070631404],[74.563342105499984,16.588881802554511]],[[74.563427061930469,16.588710528557367],[74.563785429032706,16.588097866056],[74.564373873592316,16.587327440336487]],[[74.564393975266455,16.587310158951158],[74.564731945042794,16.587028766363701],[74.566209223775402,16.586246199920399],[74.566506663417101,16.585949024574401],[74.566656417802662,16.585649217435076]],[[74.56571659711588,16.582652873955247],[74.565516318198107,16.582187418697],[74.565405175384058,16.58185682955083]],[[74.56346981987717,16.578807812007422],[74.563412136618894,16.5787516099859],[74.5603618442113,16.577065137784938]],[[74.556316131128924,16.573959260967744],[74.556186830498746,16.573775050671969]],[[74.556093266876459,16.573641753699537],[74.555984806866476,16.573487234340327]],[[74.555200210393267,16.57177951071613],[74.555107310985704,16.5698011482787],[74.555162799419335,16.569439058897462]],[[74.554914630963722,16.56480455573568],[74.554914630696004,16.5644371063112],[74.555152415106804,16.5638194165819],[74.555501166444998,16.563407623319101],[74.556182810993405,16.563122534644801],[74.557229054638398,16.563138373209],[74.558085075725501,16.563265077443301],[74.559163029110806,16.563534328032301],[74.559955641457904,16.563439299680599],[74.560748248670706,16.562884960734898],[74.562021631413799,16.561200861233399],[74.562893503891999,16.560393113107299],[74.564890881551506,16.5593161120185],[74.565927759536393,16.558515165245201],[74.566292356134795,16.558071694912101],[74.566863041191198,16.557137240446199],[74.567608094442605,16.555284168147001],[74.568004398808696,16.5546981547317],[74.568622635910998,16.554413067081601],[74.569589622225706,16.554207170074999],[74.571301660901497,16.554159653888998],[74.572173580407295,16.553894731119001],[74.572741483954204,16.553805727872099],[74.573376198128898,16.553894729560501],[74.573899561571494,16.554150618871201],[74.574054704957575,16.554348684398956]],[[74.574123789232587,16.554623851353554],[74.574140499178199,16.554776494275103]],[[74.573802313460163,16.55584567965246],[74.573465281541203,16.556498102935699],[74.573420737578502,16.5572880150625],[74.573752253096927,16.557848125678994]],[[74.573968596053533,16.55821364698966],[74.574168453317895,16.55855131497],[74.574747489322405,16.559118717975601],[74.575328037481299,16.5594188566665],[74.577577380546899,16.559174094385099],[74.579559474054506,16.559185219835399],[74.580957388418497,16.558961891968799],[74.58199598410647,16.558546820742993]],[[74.589367279260131,16.565695005477671],[74.589410517371803,16.565799109194799],[74.589585358214293,16.566030916004401],[74.590203388476795,16.566494031907499],[74.590568592746706,16.566620337541401],[74.591004022256698,16.566606301851699],[74.593026680431706,16.5658344444664],[74.596626138649199,16.5651064296353],[74.598374910523901,16.564820416129301],[74.598828780387606,16.564859849371398],[74.599953587734305,16.5652541695368],[74.602243808174904,16.565707667788036]],[[74.603765049176147,16.568248160506172],[74.603908356521003,16.5692822753381],[74.604191848400802,16.569777940443299],[74.604546207850007,16.5700434753232],[74.604971436788603,16.570185093445499],[74.605378949431895,16.570167392576099],[74.606796389450906,16.5698310459358],[74.607794905867394,16.569373318581199],[74.608698520374901,16.569391020330599],[74.609017445278695,16.569532638388299],[74.6104526042499,16.5711435512634],[74.614110246877303,16.574018492918],[74.616236404066797,16.575098335402501],[74.616878497236982,16.575564897792795]],[[74.617443360092039,16.576799607300526],[74.617653843320298,16.577718280287002],[74.617831165537297,16.581178399079],[74.618516525179899,16.5837695083057],[74.618753001112395,16.584316646965501],[74.619014363588093,16.5844907362223],[74.619400190639993,16.584552909624801],[74.620022489925304,16.584353951703498],[74.6211924089543,16.583296978205698],[74.622036560519703,16.581726958194999],[74.622586471187702,16.580497595430099],[74.6227983650504,16.5802176700908],[74.623255492801306,16.5799793316197],[74.625292064950798,16.579453088163302],[74.629017449440099,16.578317580195399],[74.629083301849747,16.578313784443928]],[[74.634163027782876,16.583396710984296],[74.634225710531695,16.583497879143099],[74.634437290342206,16.583659533747401],[74.634823113835495,16.583870928279602],[74.635315882930897,16.5840163128615]]]}},
{"type":"Feature","properties":{"fid":8,"id":null,"Name":null,"description":null,"timestamp":null,"begin":null,"end":null,"altitudeMode":null,"tessellate":-1,"extrude":0,"visibility":-1,"drawOrder":null,"icon":null,"OBJECTID":277.0,"rivname":"Krishna River","sub_basin":"Major River","ba_name":"Krishna","length_km":1416.9252971200001,"origin":"Western Ghats near Mahabaleshwar","major_trib":"Bhima, Tungbhadra, Musi","st_pt_lat":17.989177857600001,"st_pt_long":73.631564214700006,"st_loc_ste":"Maharashtra","st_loc_dst":"Satara","st_loc_sb_":"Wai","st_loc_vil":"Jor","en_pt_lat":15.7110939677,"en_pt_long":80.829465777799996,"en_loc_ste":"Andhra Pradesh","en_loc_dst":"Guntur","en_loc_sb_":"Repalle","en_loc_vil":"Gangadipalem","lat":16.42998968,"long":75.55547153000001,"UID_River":"3218","state_al":"Andhra Pradesh,Telangana,Karnataka,Maharashtra","Confluence":"Bay of Bengal","remark":null,"Shape_Leng":1416925.29712},"geometry":{"type":"MultiLineString","coordinates":[[[74.635649336989161,16.583612033418316],[74.635315882930897,16.5840163128615],[74.635105353297007,16.584712340844899],[74.634920305468199,16.584977457632],[74.634044428046295,16.587668971947402],[74.633693078290989,16.589183986760254]],[[74.633125677668133,16.597502692040219],[74.633119068887396,16.598677896558399],[74.633376236666606,16.601427140776799],[74.634383209246806,16.6048081328919],[74.634768957247402,16.6054247841642],[74.6356176065824,16.6076344582095],[74.636440537922098,16.6088677646263],[74.638317849598494,16.610075375672199],[74.638703596543706,16.610229538752399],[74.639989426806906,16.6105121705491],[74.640360217649587,16.610553026381115]],[[74.642645637449661,16.610804846859637],[74.642749494686996,16.610816290437398],[74.6440867543118,16.610662126396502],[74.645115419122803,16.6101996366503],[74.650531394976397,16.606719090215201],[74.657514997737906,16.603439057441101],[74.659598039046003,16.603439056316901],[74.660935301721693,16.603567524797601],[74.661963967264796,16.603798770091899],[74.664576151341805,16.604935251410801],[74.664910463893406,16.6051921879221],[74.668510786862001,16.606939371187799],[74.671938765050498,16.609051495399001],[74.672761695937993,16.609282739543499],[74.673944659567894,16.609436903032702],[74.674999040440696,16.6093855160826],[74.676310583105902,16.6090258003983],[74.678059314992495,16.6081779027867],[74.680067674550102,16.607052258295301],[74.6851863086451,16.606719829196599],[74.686518299741195,16.607119073545999],[74.688032014470096,16.6085094235847],[74.688993436276803,16.610112739080002],[74.689323228339205,16.613413529813698],[74.688880330879698,16.6160270021524],[74.688477621706397,16.6167219770334],[74.687269493838002,16.617782724984998],[74.686281024857195,16.6184776995464],[74.681867733337597,16.621057716827099],[74.681355812609738,16.621304671015569]],[[74.674859136397629,16.624811040489838],[74.674675674142705,16.624915357603399],[74.674341892711084,16.625219037576866]],[[74.672086213529298,16.627255934849536],[74.670193077906902,16.628362262863501],[74.667981581155203,16.629292821448601],[74.666553793907994,16.6293659777572],[74.664833124715599,16.629622021438699],[74.662087378710595,16.630170683647599],[74.658755872875105,16.631560632621198],[74.6567789356221,16.633096892557202],[74.653149951641296,16.6386013042614],[74.652417751269496,16.639991253241998],[74.651502502566998,16.6421859072323],[74.649928276473801,16.645002381981801],[74.649452345898794,16.6456607793891],[74.647841507660502,16.647233615692201],[74.646070864398894,16.648093430056399],[74.643105457547193,16.648824981380301],[74.639151582536897,16.649190758134399],[74.635637026446602,16.649958887661999],[74.633001110733801,16.651385413272902],[74.631280446745194,16.652592474754702],[74.627321271315196,16.6572159237253],[74.622447883591903,16.664399733816499],[74.620873655633503,16.666192036752498],[74.617908249308698,16.668642737145799],[74.612152455579505,16.672501913723199],[74.609003999818597,16.6748428792942],[74.604469881058606,16.681453512611501],[74.601698410708707,16.6888280553062],[74.601538129307301,16.689491493243899],[74.601561023976004,16.690086300267101],[74.601858693611703,16.6912072798978],[74.603258721838699,16.694513781589201],[74.604426487096006,16.696138061406401],[74.6057774336074,16.697053145819499],[74.606372766256499,16.697213288454801],[74.607128380460694,16.697533567157699],[74.609884017621596,16.6981321212022],[74.616592952866498,16.6986811723133],[74.621639403459298,16.7009306726837],[74.623013245443801,16.702303303011401],[74.625071627439098,16.705452859030299],[74.625622080517999,16.707652735188599],[74.626031536478294,16.710008889670402],[74.626622766880303,16.712351351547898],[74.627295543874396,16.7139605189934],[74.628233357705298,16.715610429079302],[74.629313880142803,16.716669627312498],[74.629966273127394,16.716934427856401],[74.630618665690903,16.7170973823834],[74.631026410695497,16.717138120629102],[74.632890412696597,16.716934621758799],[74.640800664987594,16.714958804739499],[74.642227769426199,16.714408835827101],[74.646113390099202,16.7137768539231],[74.650904389982699,16.713878700903098],[74.655624933161207,16.714184967131601],[74.662128460823496,16.714184967215701],[74.6691928424396,16.7145933494212],[74.672740222977296,16.715102580897199],[74.674554689383996,16.715000735384301],[74.684721410194001,16.711802343737201],[74.685761158443796,16.7118023441564],[74.687371749594405,16.711944929441199],[74.68856354406077,16.7127617183097]],[[74.691154869015676,16.715517729823503],[74.691268415216896,16.715680092145],[74.692043131566294,16.717411477632801],[74.6953686334693,16.722435040693199],[74.698061658428998,16.726741730637599],[74.699284893264505,16.728065730456901],[74.699855735037303,16.729410099344602],[74.700178964897702,16.731602148246498],[74.699710062606002,16.7332724245409],[74.699057669020803,16.734351994110401],[74.697100495210293,16.735879685967699],[74.694034985739606,16.737433923120498],[74.689040110421203,16.739206046707],[74.681095663037993,16.741720742574199],[74.680320946303098,16.741842957565201],[74.677140536981597,16.742861421257601],[74.675754205685095,16.743533604950901],[74.672237914251099,16.745750067365201],[74.670241164732801,16.746729422628601],[74.665750925538404,16.748365679333801],[74.664625483623198,16.748927901164301],[74.662265687959405,16.749326899435001],[74.655575710690897,16.750147914337099],[74.647983229690993,16.751602160292801],[74.647039313583505,16.751656567105101],[74.646168001933503,16.751946746558499],[74.645714196433104,16.752200654259401],[74.644044188054806,16.753778506705999],[74.642992156412205,16.755295138332301],[74.642888789758004,16.756302064428201],[74.642682059801899,16.756999165704102],[74.642759584461302,16.758832284835599],[74.642992155909894,16.7606654069317],[74.643171553695694,16.765454344184],[74.642989326515803,16.768514403367],[74.642756754774297,16.7696762413517],[74.642059038031107,16.7715093611796],[74.641516365299907,16.772671199064199],[74.640844490852899,16.773755579206401],[74.638538623627198,16.776374490404599],[74.6353342827707,16.778878895422],[74.634326469857299,16.780066551159798],[74.632821457747198,16.782203432165002],[74.631072369924695,16.7856175065988],[74.630151116285106,16.786521795945799],[74.628017689010505,16.787878230776599],[74.624922773685896,16.789464872161801],[74.620849870908501,16.790708272136602],[74.618053381419699,16.791729184109801],[74.617386132386997,16.791890101455301],[74.615407397210703,16.792763653718499],[74.608679519636198,16.798012625161299],[74.606861845933395,16.7987482479239],[74.601790349545595,16.800568298657701],[74.599949667429897,16.801074039027299],[74.594558835748998,16.801787670053098],[74.592119929854107,16.801695716062401],[74.589588987813201,16.801695716381801],[74.583504245748401,16.801837712608101],[74.581847631379802,16.801722772839199],[74.5796388123794,16.801699786569301],[74.577245922594102,16.8019526560484],[74.570158504303805,16.8038693050813],[74.567276085993498,16.8041311130929],[74.564328155405505,16.805112886967201],[74.561281961138505,16.805931033909101],[74.560495846563398,16.806356468337398],[74.559873503704694,16.8068146314254],[74.559414936387995,16.8074036948545],[74.558235766632805,16.809727230284899],[74.558235766362799,16.811821682878101],[74.558661124083102,16.814065588597099],[74.558726634767098,16.814752831958899],[74.558628368897402,16.8165527534509],[74.557907766044593,16.818876285566098],[74.556695841477705,16.821952515857902],[74.554723787812705,16.824983074062601],[74.552725747376101,16.826946622594999],[74.550301895272398,16.828975625973602],[74.547550492868794,16.8318554988413],[74.544400970583993,16.836061968290299],[74.542009869369906,16.838876390803499],[74.536469870733995,16.844722109557299],[74.5342425449047,16.846882015444798],[74.5336857134143,16.847863789770699],[74.532244505231503,16.852510858280599],[74.531916953550294,16.8548671187624],[74.531916955478906,16.855652539702099],[74.5320152198031,16.8562088772069],[74.5329651097815,16.856765216743199],[74.533620203191802,16.856961571256399],[74.535978549638003,16.8569942984122],[74.536699152346898,16.8568306694598],[74.538923156392897,16.854817049774699],[74.5397303729399,16.854266580415999],[74.542846955486993,16.851808157653899],[74.544962842766594,16.850714700366598],[74.545783659063204,16.8504413367178],[74.549668861002402,16.8501132995607],[74.550672083653296,16.850113298552301],[74.552021871961699,16.850222645733901],[74.553627027345001,16.850568907184201],[74.555957080585301,16.851813383184801],[74.556554321093202,16.852747366587099],[74.556606253732099,16.8530846369522],[74.557281392303494,16.8548747694621],[74.557385260741498,16.8578842668562],[74.5569683387411,16.8651127063738],[74.556473236351096,16.8682932560076],[74.555720195226499,16.870602268425699],[74.554447821386503,16.872885334051499],[74.553404172896094,16.8745838556416],[74.552780966688005,16.875310284131402],[74.551898088568294,16.8760367125439],[74.551378752722201,16.876659369373002],[74.549820741331501,16.878060342440801],[74.547951127454994,16.879565090833399],[74.546465057785198,16.881317503540402],[74.5446993087062,16.883107635584],[74.542334614012702,16.887786437304701],[74.542048976991794,16.888564754594],[74.540437196006295,16.8919997624572],[74.540125592700903,16.893063463408701],[74.539502387135798,16.894308773438699],[74.537918409395004,16.896929111911199],[74.537373101375593,16.897577710754099],[74.534974798038206,16.900859593577898],[74.533027280168596,16.902286509154401],[74.532378107520202,16.902675670248499],[74.528483072803397,16.903557763693101],[74.527652132835001,16.903869092014499],[74.526951028317995,16.903972867131401],[74.526197985930594,16.9042323048009],[74.525652682822297,16.904543633172199],[74.523778822023104,16.906347933845399],[74.522480476654096,16.909046104252699],[74.521467769127497,16.910576796238999],[74.519880808845002,16.914042193135899],[74.518504565708199,16.916688475714],[74.517543789818902,16.918322942898801],[74.516738815902997,16.9194125902502],[74.513801786448596,16.924667433440799],[74.513697917393799,16.9255754721781],[74.513282448894998,16.927599100625901],[74.512918913600501,16.928403363399099],[74.511516698370897,16.930323213446101],[74.510197330309296,16.9315908328646],[74.508005676649404,16.9329078833739],[74.506733303342003,16.9340234740386],[74.499999998491006,16.936372546612098],[74.497540133167007,16.9366200063272],[74.494506082195002,16.9370324374358],[74.490347288722006,16.937016864254499],[74.487622835918998,16.937284944376],[74.486425727838096,16.937656132246801],[74.484382387526693,16.939099641183098],[74.482566084578593,16.940584393908701],[74.480581016608696,16.9442033807223],[74.4799205439068,16.945688134340799],[74.477584374784001,16.9498868543368],[74.473969138859104,16.956003691417401],[74.473019708703404,16.957220360435802],[74.471884518772697,16.9581277106927],[74.469853141473195,16.958971669998],[74.468255495957195,16.9591783769777],[74.466602162705897,16.959253531565999],[74.463783635233497,16.959556078572898],[74.462502486947002,16.960161178111399],[74.456652334154896,16.967041572289101],[74.451944801413205,16.973968777067899],[74.450267662620206,16.9769942679],[74.448986559749798,16.982455580233399],[74.448450805899796,16.986830906242702],[74.448921977573804,16.991568516562602],[74.450179830780897,16.9948267407453],[74.451530855529398,16.997060949199501],[74.452462601089394,16.997759139705099],[74.452998355427496,16.998061688794301],[74.453580696571507,16.998108236205201],[74.454395971748994,16.997898777427402],[74.457936594842806,16.995501658933801],[74.461267582816006,16.9928019883261],[74.463423605007193,16.991849505299999],[74.464704752900602,16.9916865940082],[74.465846142092005,16.991733139299502],[74.468105617186595,16.9922916910018],[74.469177125183407,16.9925942399714],[74.469945813180303,16.993525162008201],[74.470924145585499,16.995736097619801],[74.471273547949707,16.997365208963501],[74.471343429428302,16.9983194002827],[74.471687202029202,16.999983360846901],[74.4715697898164,17.001543400953299],[74.470923754667794,17.005835111941099],[74.470542001298298,17.0146162193683],[74.469749405459396,17.016756708837999],[74.467631129326804,17.0192935444325],[74.463462694515499,17.0224896213936],[74.461143630789095,17.023486558951401],[74.459529099389798,17.024307569359401],[74.458409025841306,17.025343016755698],[74.456794483030606,17.0291255275556],[74.453939467457602,17.032043042672601],[74.449301346480496,17.035092509568301],[74.445884314461196,17.036471024963198],[74.441774591374795,17.036207131702099],[74.439338113657001,17.035415440898301],[74.436578724030298,17.0348876490946],[74.434494508080206,17.034887649452902],[74.433701911347498,17.035151542190199],[74.431852543252703,17.036119164028602],[74.428198976707407,17.039558222546201],[74.426202822171405,17.040613806688398],[74.422856324044005,17.041112277838099],[74.410485784633195,17.041406323643599],[74.406698974117404,17.041728864269899],[74.405495404316198,17.041699542681201],[74.405084430339897,17.041611575154199],[74.404467971077196,17.041347681884002],[74.402501178310999,17.040292096959099],[74.398567581772895,17.0367441583602],[74.397062753823207,17.034054358546101],[74.395653698029193,17.031239467601001],[74.395683059997396,17.0280433897242],[74.396094033947705,17.0265772984257],[74.396475645422697,17.024143589940799],[74.396827906793405,17.023410545668099],[74.396974680927798,17.022765464167801],[74.396119044131893,17.020170486800001],[74.395620008192495,17.0193788010621],[74.394798060760806,17.018645757587599],[74.393976115241998,17.018411178552199],[74.391803835770702,17.018557789751],[74.389249932693204,17.019202870704198],[74.387165715719803,17.0204637048354],[74.383672443458593,17.0231906335747],[74.381644507422905,17.0253188437852],[74.381204183443401,17.028163056145701],[74.381145472335803,17.029893041338799],[74.381380307532595,17.030831341039899],[74.381849994118198,17.031388453818],[74.383053564297796,17.032444037781101],[74.388047608302898,17.035156803430301],[74.388664069008996,17.035831205720001],[74.3907482850382,17.0394084657006],[74.391863780940795,17.0416662433677],[74.391863780533896,17.0433082659905],[74.3899498899641,17.045552877196801],[74.386838238903806,17.046784391872301],[74.383755939610396,17.0474001514314],[74.379851704714198,17.048338447249499],[74.377033603892897,17.049306067724],[74.373768704553399,17.052108843983198],[74.367072635386705,17.0597437923829],[74.3649297063739,17.062793261395498],[74.364724219923303,17.065373578611901],[74.364900344281907,17.0669276344567],[74.367896800069104,17.073282554115199],[74.370833095927694,17.083576623782001],[74.371430641730399,17.086882578429702],[74.371908449947497,17.092520509283599],[74.371601191751793,17.097311599028199],[74.369993657916197,17.100821320107201],[74.367535632852196,17.1057999606865],[74.363672797067196,17.109652064817201],[74.358039843276202,17.114340854928798],[74.3548783284688,17.117101265591401],[74.353990719801303,17.119044981286901],[74.353393281313103,17.119982742067599],[74.352864124941703,17.122778964360499],[74.352420314610896,17.123426869261799],[74.350263913845893,17.124992295957899],[74.344733372162295,17.1271406111325],[74.340664302705406,17.129429287966801],[74.338701304703605,17.130094243781301],[74.337694197938902,17.130094242587901],[74.336704166433705,17.129957840888],[74.336328627169095,17.129821443232601],[74.335543430454607,17.129361086589],[74.332978984713904,17.1270119075573],[74.331459785912301,17.124641937702801],[74.331306169065897,17.124181581742398],[74.330058603114196,17.118964693720201],[74.329870833831805,17.115793366104],[74.3294264780139,17.1130204747999],[74.328043842621298,17.110514102231001],[74.327326928198502,17.1081441337003],[74.327275710455893,17.107410976712998],[74.327378122274695,17.1051631935755],[74.328948526450205,17.099076293927201],[74.328947791065502,17.097528402439099],[74.327923620443599,17.094169526242499],[74.3276163618373,17.0936750719071],[74.326199597924798,17.092635012659802],[74.325704581104404,17.092038258022701],[74.325243696462906,17.091901856092299],[74.322107664421907,17.091886058594099],[74.319939832576793,17.092158863866299],[74.318045116711303,17.092960216238801],[74.315587103884098,17.094511781983599],[74.313675310711602,17.095193788272798],[74.310824693562395,17.095943991852501],[74.310073626253299,17.096319096222899],[74.309288429412504,17.0969499528962],[74.308140618679602,17.098110128924599],[74.306474087038097,17.100997753230601],[74.306338044407198,17.102084861719899],[74.306338044887696,17.103851410565198],[74.307614119244306,17.107715221337902],[74.308767158767907,17.113255545171501],[74.308919637754002,17.1144062553224],[74.308968981039996,17.118772434762398],[74.308901208912303,17.120633876659198],[74.308782621718294,17.122359939739201],[74.306999211844101,17.1269069302434],[74.306524842679707,17.1277191949467],[74.305254235812399,17.128497615545001],[74.304102215171298,17.1288022171214],[74.302865488821695,17.128869905936899],[74.301459349694895,17.1288360612735],[74.296029582564799,17.127987875897499],[74.294115194060794,17.127564821850399],[74.291557033921606,17.126769480443102],[74.291150436074602,17.1265156449556],[74.290299649965903,17.125694319444101],[74.289554214384694,17.1246282224458],[74.288876564462896,17.123629809279599],[74.288063370468507,17.121785291903901],[74.286979121701904,17.120093073181099],[74.283361260362696,17.117094919713399],[74.280795844021597,17.114094092554499],[74.280053220399097,17.113655771053601],[74.278669244606704,17.113487182051902],[74.2770827353486,17.113790637604499],[74.273268353378398,17.115038170004301],[74.262666555839601,17.119541812730802],[74.261476457981701,17.121865254754699],[74.260691948249104,17.126288714721799],[74.260015755603504,17.128693209715799],[74.258825670010395,17.1312327873657],[74.257366604857197,17.134837691803099],[74.256960884961103,17.135567147007499],[74.255121656121801,17.1373772696519],[74.252433158290799,17.139031717021901],[74.248754701324003,17.141084989774001],[74.247104795222995,17.141301125355302],[74.245698323972107,17.141355159633701],[74.243750896356602,17.141328144038699],[74.241938715539902,17.1411120086983],[74.238611867658605,17.140949907606899],[74.232731614728607,17.139882801201299],[74.226808208169004,17.138964230440401],[74.224968966194297,17.138937211446901],[74.223995266467099,17.139018262913101],[74.222589182423121,17.139539351852651]],[[74.213162062695829,17.144176489590588],[74.211152764461403,17.145264129227701],[74.202064781858297,17.1492626117291],[74.198629746807896,17.1511267729195],[74.198197423594465,17.151608203376689]]]}}
]
}
