{
"type": "FeatureCollection",
"name": "village_ai_final",
"features": [
{"type":"Feature","properties":{"fid":1,"dn":true,"fid_2":true,"dn_2":true,"fid_3":4171,"id":41004,"objectid_1":41004,"objectid":107539,"village":"Udapur","vlcode":540770,"block":"Brahmapuri","bkcode":118.0,"subdistric":"Brahmapuri","sdcode":4067,"sub_distri":"Brahmapuri","district":"Chandrapur","dtcode":473,"district_h":"CHANDRAPUR","state":"MH","stcode":27,"country":"India","total_urba":"Rural","total_hous":578,"total_popu":2405,"avg_househ":4.16089965,"total_geog":315,"total_male":1225,"total_fema":1180,"tapwater_t":null,"tapwater_u":null,"covered_we":null,"covered__1":"Available","covered__2":"Available","uncovered_":"Available","uncovere_1":"Not Available","uncovere_2":"Not Available","handpump_s":null,"hand_pump_":"Available","hand_pum_1":"Available","tubewell_b":null,"tube_wells":"Not Available","tube_wel_1":"Not Available","spring_sta":"Not Available","spring_fun":"Not Available","spring_f_1":"Not Available","river_cana":"Not Available","tank_pond_":"Available","others_sta":"Not Available","closed_dra":"Not Available","open_drain":null,"village_pi":"Available","forest_are":7,"area_under":6,"barren_unc":43,"permanent_":0,"land_under":0,"culturable":0,"fallows_la":0,"current_fa":6,"net_area_s":253,"total_unir":48,"area_irrig":205,"canals_are":0,"wells_tube":48,"tanks_lake":0,"waterfall_":0,"other_sour":0,"nearest_to":"BRAHMAPURI","nearest__1":3,"shape_leng":9117.822868,"shape_le_1":9117.822868,"shape_area":2475183.701,"ds_name":"Administrative Boundary","src_agency":"Survey of India (SOI)","state_name":"Maharashtra\n","village_area_km2":3,"village_id":4171,"flood_area_km2":0.007218707,"flood_exposure_pct":0.240623579,"flood_risk":"Low","hospital_dist_km":2.4883094865776241,"name":"Akshay Nursing Home","amenity":"hospital","population_density":801.66666666666663,"water_availability":0.0,"drainage_availability":0.0,"healthcare_gap_score":14.558757755219334,"river_distance_km":false,"flood_score":0.64466990170497152,"population_score":42.846962408694097,"water_gap_score":100.0,"drainage_gap_score":50.0,"service_gap_score":54.852919251739785,"river_vulnerability_score":50.0,"ml_cluster":2,"ml_risk_group":"Moderate","vulnerability_score":30.04,"vulnerability_class":"Moderate","flood_score_contribution":0.26,"population_score_contribution":8.57,"service_gap_score_contribution":13.71,"river_vulnerability_score_contribution":7.5,"underserved_score":40.41,"welfare_priority_score":29.32,"welfare_priority":"Moderate","priority_rank":105,"priority_services":"Drinking Water, Drainage, Evacuation Preparedness","priority_reason":"Priority is influenced by water-service gap, drainage-service gap."},"geometry":null},
{"type":"Feature","properties":{"fid":2,"dn":true,"fid_2":true,"dn_2":true,"fid_3":4320,"id":41163,"objectid_1":41163,"objectid":107698,"village":"Mulur Chak","vlcode":538515,"block":"Armori","bkcode":104.0,"subdistric":"Armori","sdcode":4053,"sub_distri":"Armori","district":"Gadchiroli","dtcode":475,"district_h":"GADCHIROLI","state":"MH","stcode":27,"country":"India","total_urba":"Rural","total_hous":18,"total_popu":71,"avg_househ":3.94444444,"total_geog":140,"total_male":44,"total_fema":27,"tapwater_t":null,"tapwater_u":null,"covered_we":null,"covered__1":"Not Available","covered__2":"Not Available","uncovered_":"Available","uncovere_1":"Available","uncovere_2":"Available","handpump_s":null,"hand_pump_":"Available","hand_pum_1":"Available","tubewell_b":null,"tube_wells":"Not Available","tube_wel_1":"Not Available","spring_sta":"Not Available","spring_fun":"Not Available","spring_f_1":"Not Available","river_cana":"Not Available","tank_pond_":"Not Available","others_sta":"Not Available","closed_dra":"Not Available","open_drain":null,"village_pi":"Available","forest_are":0,"area_under":24,"barren_unc":0,"permanent_":72,"land_under":0,"culturable":11,"fallows_la":1,"current_fa":0,"net_area_s":32,"total_unir":65,"area_irrig":-33,"canals_are":65,"wells_tube":0,"tanks_lake":0,"waterfall_":0,"other_sour":0,"nearest_to":"DESAIGANJ","nearest__1":27,"shape_leng":11327.14544,"shape_le_1":11327.14544,"shape_area":5245195.984,"ds_name":"Administrative Boundary","src_agency":"Survey of India (SOI)","state_name":"Maharashtra\n","village_area_km2":5,"village_id":4320,"flood_area_km2":0.024030352,"flood_exposure_pct":0.480607047,"flood_risk":"Low","hospital_dist_km":4.396752454544,"name":"SDH Armori","amenity":"hospital","population_density":14.2,"water_availability":0.0,"drainage_availability":0.0,"healthcare_gap_score":25.835805762569308,"river_distance_km":false,"flood_score":1.2886873660930547,"population_score":0.75895243185462313,"water_gap_score":100.0,"drainage_gap_score":50.0,"service_gap_score":58.611935254189767,"river_vulnerability_score":50.0,"ml_cluster":4,"ml_risk_group":"Low","vulnerability_score":22.82,"vulnerability_class":"Low","flood_score_contribution":0.52,"population_score_contribution":0.15,"service_gap_score_contribution":14.65,"river_vulnerability_score_contribution":7.5,"underserved_score":29.79,"welfare_priority_score":21.23,"welfare_priority":"Low","priority_rank":185,"priority_services":"Drinking Water, Drainage, Evacuation Preparedness","priority_reason":"Priority is influenced by water-service gap, drainage-service gap."},"geometry":null},
{"type":"Feature","properties":{"fid":3,"dn":true,"fid_2":true,"dn_2":true,"fid_3":2965,"id":39762,"objectid_1":39762,"objectid":106297,"village":"Pardi","vlcode":540953,"block":"Sawali","bkcode":119.0,"subdistric":"Sawali","sdcode":4068,"sub_distri":"Sawali","district":"Chandrapur","dtcode":473,"district_h":"CHANDRAPUR","state":"MH","stcode":27,"country":"India","total_urba":"Rural","total_hous":318,"total_popu":1419,"avg_househ":4.46226415,"total_geog":530,"total_male":738,"total_fema":681,"tapwater_t":null,"tapwater_u":null,"covered_we":null,"covered__1":"Not Available","covered__2":"Not Available","uncovered_":"Available","uncovere_1":"Available","uncovere_2":"Available","handpump_s":null,"hand_pump_":"Available","hand_pum_1":"Available","tubewell_b":null,"tube_wells":"Not Available","tube_wel_1":"Not Available","spring_sta":"Not Available","spring_fun":"Not Available","spring_f_1":"Not Available","river_cana":"Available","tank_pond_":"Not Available","others_sta":"Not Available","closed_dra":"Not Available","open_drain":null,"village_pi":"Available","forest_are":9,"area_under":66,"barren_unc":25,"permanent_":0,"land_under":70,"culturable":0,"fallows_la":0,"current_fa":8,"net_area_s":352,"total_unir":210,"area_irrig":141,"canals_are":104,"wells_tube":3,"tanks_lake":54,"waterfall_":0,"other_sour":50,"nearest_to":"MUL","nearest__1":22,"shape_leng":9864.038811,"shape_le_1":9864.038811,"shape_area":4416252.861,"ds_name":"Administrative Boundary","src_agency":"Survey of India (SOI)","state_name":"Maharashtra\n","village_area_km2":5,"village_id":2965,"flood_area_km2":0.184347313,"flood_exposure_pct":3.686946262,"flood_risk":"Low","hospital_dist_km":6.2677545864126971,"name":"Rural Hospital, Korpana","amenity":"hospital","population_density":283.8,"water_availability":54.0,"drainage_availability":0.0,"healthcare_gap_score":36.891614721545331,"river_distance_km":false,"flood_score":9.8931902863207792,"population_score":15.168359166221274,"water_gap_score":87.72727272727272,"drainage_gap_score":50.0,"service_gap_score":58.206295816272679,"river_vulnerability_score":50.0,"ml_cluster":4,"ml_risk_group":"Low","vulnerability_score":29.04,"vulnerability_class":"Moderate","flood_score_contribution":3.96,"population_score_contribution":3.03,"service_gap_score_contribution":14.55,"river_vulnerability_score_contribution":7.5,"underserved_score":35.63,"welfare_priority_score":28.02,"welfare_priority":"Moderate","priority_rank":126,"priority_services":"Drinking Water, Drainage, Evacuation Preparedness","priority_reason":"Priority is influenced by water-service gap, drainage-service gap."},"geometry":null},
{"type":"Feature","properties":{"fid":4,"dn":true,"fid_2":true,"dn_2":true,"fid_3":4062,"id":40886,"objectid_1":40886,"objectid":107421,"village":"Kudesawali","vlcode":540859,"block":"Brahmapuri","bkcode":118.0,"subdistric":"Brahmapuri","sdcode":4067,"sub_distri":"Brahmapuri","district":"Chandrapur","dtcode":473,"district_h":"CHANDRAPUR","state":"MH","stcode":27,"country":"India","total_urba":"Rural","total_hous":298,"total_popu":1147,"avg_househ":3.84899329,"total_geog":350,"total_male":597,"total_fema":550,"tapwater_t":null,"tapwater_u":null,"covered_we":null,"covered__1":"Not Available","covered__2":"Not Available","uncovered_":"Available","uncovere_1":"Available","uncovere_2":"Available","handpump_s":null,"hand_pump_":"Available","hand_pum_1":"Available","tubewell_b":null,"tube_wells":"Not Available","tube_wel_1":"Not Available","spring_sta":"Not Available","spring_fun":"Not Available","spring_f_1":"Not Available","river_cana":"Available","tank_pond_":"Not Available","others_sta":"Not Available","closed_dra":"Not Available","open_drain":null,"village_pi":"Available","forest_are":42,"area_under":0,"barren_unc":80,"permanent_":5,"land_under":0,"culturable":2,"fallows_la":7,"current_fa":23,"net_area_s":191,"total_unir":29,"area_irrig":162,"canals_are":0,"wells_tube":1,"tanks_lake":22,"waterfall_":0,"other_sour":5,"nearest_to":"BRAHMAPURI","nearest__1":41,"shape_leng":11086.60803,"shape_le_1":11086.60803,"shape_area":6063382.921,"ds_name":"Administrative Boundary","src_agency":"Survey of India (SOI)","state_name":"Maharashtra\n","village_area_km2":6,"village_id":4062,"flood_area_km2":1.411073698,"flood_exposure_pct":23.51789497,"flood_risk":"Moderate","hospital_dist_km":13.40782304883896,"name":"Janatal Hospital","amenity":"hospital","population_density":191.16666666666666,"water_availability":22.0,"drainage_availability":0.0,"healthcare_gap_score":79.082498168456453,"river_distance_km":false,"flood_score":63.111344894105237,"population_score":10.217352574380902,"water_gap_score":95.0,"drainage_gap_score":50.0,"service_gap_score":74.694166056152156,"river_vulnerability_score":50.0,"ml_cluster":0,"ml_risk_group":"Very High","vulnerability_score":53.46,"vulnerability_class":"High","flood_score_contribution":25.24,"population_score_contribution":2.04,"service_gap_score_contribution":18.67,"river_vulnerability_score_contribution":7.5,"underserved_score":53.03,"welfare_priority_score":55.0,"welfare_priority":"High","priority_rank":7,"priority_services":"Healthcare, Drinking Water, Drainage, Evacuation Preparedness, Emergency Flood Response","priority_reason":"Priority is influenced by high flood exposure, limited healthcare accessibility, water-service gap, drainage-service gap."},"geometry":null},
{"type":"Feature","properties":{"fid":5,"dn":true,"fid_2":true,"dn_2":true,"fid_3":3021,"id":39817,"objectid_1":39817,"objectid":106352,"village":"Samada Bk","vlcode":540917,"block":"Sawali","bkcode":119.0,"subdistric":"Sawali","sdcode":4068,"sub_distri":"Sawali","district":"Chandrapur","dtcode":473,"district_h":"CHANDRAPUR","state":"MH","stcode":27,"country":"India","total_urba":"Rural","total_hous":804,"total_popu":3081,"avg_househ":3.83208955,"total_geog":1140,"total_male":1569,"total_fema":1512,"tapwater_t":null,"tapwater_u":null,"covered_we":null,"covered__1":"Available","covered__2":"Available","uncovered_":"Available","uncovere_1":"Available","uncovere_2":"Available","handpump_s":null,"hand_pump_":"Available","hand_pum_1":"Available","tubewell_b":null,"tube_wells":"Available","tube_wel_1":"Available","spring_sta":"Not Available","spring_fun":"Not Available","spring_f_1":"Not Available","river_cana":"Available","tank_pond_":"Available","others_sta":"Not Available","closed_dra":"Not Available","open_drain":null,"village_pi":"Available","forest_are":155,"area_under":65,"barren_unc":0,"permanent_":12,"land_under":0,"culturable":60,"fallows_la":0,"current_fa":109,"net_area_s":739,"total_unir":510,"area_irrig":229,"canals_are":263,"wells_tube":2,"tanks_lake":238,"waterfall_":0,"other_sour":7,"nearest_to":"MUL","nearest__1":31,"shape_leng":16629.72898,"shape_le_1":16629.72898,"shape_area":13027383.56,"ds_name":"Administrative Boundary","src_agency":"Survey of India (SOI)","state_name":"Maharashtra\n","village_area_km2":13,"village_id":3021,"flood_area_km2":0.8636599,"flood_exposure_pct":6.643537696,"flood_risk":"Low","hospital_dist_km":8.7823953366732415,"name":"Dr. Mallick Hospital","amenity":"hospital","population_density":237.0,"water_availability":238.0,"drainage_availability":0.0,"healthcare_gap_score":51.750704009471249,"river_distance_km":false,"flood_score":17.827472320099069,"population_score":12.667022982362372,"water_gap_score":45.909090909090914,"drainage_gap_score":50.0,"service_gap_score":49.219931639520723,"river_vulnerability_score":50.0,"ml_cluster":3,"ml_risk_group":"High","vulnerability_score":29.47,"vulnerability_class":"Moderate","flood_score_contribution":7.13,"population_score_contribution":2.53,"service_gap_score_contribution":12.3,"river_vulnerability_score_contribution":7.5,"underserved_score":31.98,"welfare_priority_score":27.63,"welfare_priority":"Moderate","priority_rank":128,"priority_services":"Healthcare, Drainage, Evacuation Preparedness","priority_reason":"Priority is influenced by limited healthcare accessibility, drainage-service gap."},"geometry":null},
{"type":"Feature","properties":{"fid":6,"dn":true,"fid_2":true,"dn_2":true,"fid_3":4295,"id":41138,"objectid_1":41138,"objectid":107673,"village":"Kharkada","vlcode":540778,"block":"Brahmapuri","bkcode":118.0,"subdistric":"Brahmapuri","sdcode":4067,"sub_distri":"Brahmapuri","district":"Chandrapur","dtcode":473,"district_h":"CHANDRAPUR","state":"MH","stcode":27,"country":"India","total_urba":"Rural","total_hous":476,"total_popu":1966,"avg_househ":4.1302521,"total_geog":659,"total_male":989,"total_fema":977,"tapwater_t":null,"tapwater_u":null,"covered_we":null,"covered__1":"Not Available","covered__2":"Not Available","uncovered_":"Available","uncovere_1":"Available","uncovere_2":"Available","handpump_s":null,"hand_pump_":"Available","hand_pum_1":"Available","tubewell_b":null,"tube_wells":"Available","tube_wel_1":"Available","spring_sta":"Not Available","spring_fun":"Not Available","spring_f_1":"Not Available","river_cana":"Not Available","tank_pond_":"Not Available","others_sta":"Not Available","closed_dra":"Not Available","open_drain":null,"village_pi":"Available","forest_are":0,"area_under":18,"barren_unc":111,"permanent_":3,"land_under":0,"culturable":2,"fallows_la":0,"current_fa":4,"net_area_s":522,"total_unir":11,"area_irrig":511,"canals_are":0,"wells_tube":6,"tanks_lake":0,"waterfall_":0,"other_sour":5,"nearest_to":"BRAHMAPURI","nearest__1":13,"shape_leng":9686.887399,"shape_le_1":9686.887399,"shape_area":5966767.422,"ds_name":"Administrative Boundary","src_agency":"Survey of India (SOI)","state_name":"Maharashtra\n","village_area_km2":6,"village_id":4295,"flood_area_km2":0.774053136,"flood_exposure_pct":12.9008856,"flood_risk":"Low","hospital_dist_km":5.930208970251071,"name":"Sub District Hospital, Chimur","amenity":"hospital","population_density":327.66666666666669,"water_availability":0.0,"drainage_availability":0.0,"healthcare_gap_score":34.897047327068051,"river_distance_km":false,"flood_score":34.619634565742444,"population_score":17.51291644396936,"water_gap_score":100.0,"drainage_gap_score":50.0,"service_gap_score":61.632349109022677,"river_vulnerability_score":50.0,"ml_cluster":0,"ml_risk_group":"Very High","vulnerability_score":40.26,"vulnerability_class":"Moderate","flood_score_contribution":13.85,"population_score_contribution":3.5,"service_gap_score_contribution":15.41,"river_vulnerability_score_contribution":7.5,"underserved_score":42.99,"welfare_priority_score":40.14,"welfare_priority":"Moderate","priority_rank":23,"priority_services":"Drinking Water, Drainage, Evacuation Preparedness","priority_reason":"Priority is influenced by water-service gap, drainage-service gap."},"geometry":null},
{"type":"Feature","properties":{"fid":7,"dn":true,"fid_2":true,"dn_2":true,"fid_3":3090,"id":39887,"objectid_1":39887,"objectid":106422,"village":"Visapur Raiyyatwari","vlcode":539270,"block":"Chamorshi","bkcode":109.0,"subdistric":"Chamorshi","sdcode":4058,"sub_distri":"Chamorshi","district":"Gadchiroli","dtcode":475,"district_h":"GADCHIROLI","state":"MH","stcode":27,"country":"India","total_urba":"Rural","total_hous":156,"total_popu":703,"avg_househ":4.50641026,"total_geog":447,"total_male":359,"total_fema":344,"tapwater_t":null,"tapwater_u":null,"covered_we":null,"covered__1":"Available","covered__2":"Available","uncovered_":"Available","uncovere_1":"Available","uncovere_2":"Available","handpump_s":null,"hand_pump_":"Available","hand_pum_1":"Available","tubewell_b":null,"tube_wells":"Not Available","tube_wel_1":"Not Available","spring_sta":"Not Available","spring_fun":"Not Available","spring_f_1":"Not Available","river_cana":"Available","tank_pond_":"Not Available","others_sta":"Not Available","closed_dra":"Not Available","open_drain":null,"village_pi":"Available","forest_are":219,"area_under":20,"barren_unc":28,"permanent_":22,"land_under":0,"culturable":7,"fallows_la":2,"current_fa":2,"net_area_s":147,"total_unir":83,"area_irrig":64,"canals_are":0,"wells_tube":0,"tanks_lake":81,"waterfall_":0,"other_sour":2,"nearest_to":"GADCHIROLI","nearest__1":32,"shape_leng":9965.398098,"shape_le_1":9965.398098,"shape_area":5420736.544,"ds_name":"Administrative Boundary","src_agency":"Survey of India (SOI)","state_name":"Maharashtra\n","village_area_km2":6,"village_id":3090,"flood_area_km2":0.000410283,"flood_exposure_pct":0.006838054,"flood_risk":"Low","hospital_dist_km":8.8646863104573335,"name":"General Hospital, Chamorshi","amenity":"hospital","population_density":117.16666666666667,"water_availability":81.0,"drainage_availability":0.0,"healthcare_gap_score":52.236963896463664,"river_distance_km":false,"flood_score":0.017285181099397081,"population_score":6.2622483520399079,"water_gap_score":81.590909090909093,"drainage_gap_score":50.0,"service_gap_score":61.275957662457586,"river_vulnerability_score":50.0,"ml_cluster":1,"ml_risk_group":"Very Low","vulnerability_score":24.08,"vulnerability_class":"Low","flood_score_contribution":0.01,"population_score_contribution":1.25,"service_gap_score_contribution":15.32,"river_vulnerability_score_contribution":7.5,"underserved_score":32.52,"welfare_priority_score":22.89,"welfare_priority":"Low","priority_rank":171,"priority_services":"Healthcare, Drinking Water, Drainage, Evacuation Preparedness","priority_reason":"Priority is influenced by limited healthcare accessibility, water-service gap, drainage-service gap."},"geometry":null},
{"type":"Feature","properties":{"fid":8,"dn":true,"fid_2":true,"dn_2":true,"fid_3":3999,"id":40825,"objectid_1":40825,"objectid":107360,"village":"Mudaza","vlcode":540860,"block":"Brahmapuri","bkcode":118.0,"subdistric":"Brahmapuri","sdcode":4067,"sub_distri":"Brahmapuri","district":"Chandrapur","dtcode":473,"district_h":"CHANDRAPUR","state":"MH","stcode":27,"country":"India","total_urba":"Rural","total_hous":925,"total_popu":3659,"avg_househ":3.95567568,"total_geog":1447,"total_male":1866,"total_fema":1793,"tapwater_t":null,"tapwater_u":null,"covered_we":null,"covered__1":"Not Available","covered__2":"Not Available","uncovered_":"Available","uncovere_1":"Available","uncovere_2":"Available","handpump_s":null,"hand_pump_":"Available","hand_pum_1":"Available","tubewell_b":null,"tube_wells":"Not Available","tube_wel_1":"Not Available","spring_sta":"Not Available","spring_fun":"Not Available","spring_f_1":"Not Available","river_cana":"Available","tank_pond_":"Available","others_sta":"Not Available","closed_dra":"Not Available","open_drain":null,"village_pi":"Available","forest_are":839,"area_under":1,"barren_unc":104,"permanent_":7,"land_under":0,"culturable":29,"fallows_la":21,"current_fa":14,"net_area_s":431,"total_unir":298,"area_irrig":133,"canals_are":10,"wells_tube":283,"tanks_lake":0,"waterfall_":5,"other_sour":0,"nearest_to":"BRAHMAPURI","nearest__1":43,"shape_leng":19955.47093,"shape_le_1":19955.47093,"shape_area":14349352.35,"ds_name":"Administrative Boundary","src_agency":"Survey of India (SOI)","state_name":"Maharashtra\n","village_area_km2":15,"village_id":3999,"flood_area_km2":0.113439206,"flood_exposure_pct":0.756261376,"flood_risk":"Low","hospital_dist_km":16.947744068224065,"name":"Janatal Hospital","amenity":"hospital","population_density":243.93333333333334,"water_availability":0.0,"drainage_availability":0.0,"healthcare_gap_score":100.0,"river_distance_km":false,"flood_score":2.0284308304644352,"population_score":13.037591305897026,"water_gap_score":100.0,"drainage_gap_score":50.0,"service_gap_score":83.333333333333329,"river_vulnerability_score":50.0,"ml_cluster":1,"ml_risk_group":"Very Low","vulnerability_score":31.75,"vulnerability_class":"Moderate","flood_score_contribution":0.81,"population_score_contribution":2.61,"service_gap_score_contribution":20.83,"river_vulnerability_score_contribution":7.5,"underserved_score":45.98,"welfare_priority_score":33.02,"welfare_priority":"Moderate","priority_rank":59,"priority_services":"Healthcare, Drinking Water, Drainage, Evacuation Preparedness","priority_reason":"Priority is influenced by limited healthcare accessibility, water-service gap, drainage-service gap."},"geometry":null},
{"type":"Feature","properties":{"fid":9,"dn":true,"fid_2":true,"dn_2":true,"fid_3":4158,"id":40991,"objectid_1":40991,"objectid":107526,"village":"Paradgaon","vlcode":540774,"block":"Brahmapuri","bkcode":118.0,"subdistric":"Brahmapuri","sdcode":4067,"sub_distri":"Brahmapuri","district":"Chandrapur","dtcode":473,"district_h":"CHANDRAPUR","state":"MH","stcode":27,"country":"India","total_urba":"Rural","total_hous":391,"total_popu":1633,"avg_househ":4.17647059,"total_geog":318,"total_male":848,"total_fema":785,"tapwater_t":null,"tapwater_u":null,"covered_we":null,"covered__1":"Available","covered__2":"Available","uncovered_":"Available","uncovere_1":"Available","uncovere_2":"Available","handpump_s":null,"hand_pump_":"Available","hand_pum_1":"Available","tubewell_b":null,"tube_wells":"Not Available","tube_wel_1":"Not Available","spring_sta":"Not Available","spring_fun":"Not Available","spring_f_1":"Not Available","river_cana":"Not Available","tank_pond_":"Not Available","others_sta":"Not Available","closed_dra":"Not Available","open_drain":null,"village_pi":"Available","forest_are":1,"area_under":10,"barren_unc":12,"permanent_":0,"land_under":0,"culturable":1,"fallows_la":0,"current_fa":1,"net_area_s":292,"total_unir":50,"area_irrig":242,"canals_are":0,"wells_tube":44,"tanks_lake":0,"waterfall_":0,"other_sour":6,"nearest_to":"BRAHMAPURI","nearest__1":5,"shape_leng":6955.224927,"shape_le_1":6955.224927,"shape_area":2694881.579,"ds_name":"Administrative Boundary","src_agency":"Survey of India (SOI)","state_name":"Maharashtra\n","village_area_km2":3,"village_id":4158,"flood_area_km2":0.032085295,"flood_exposure_pct":1.069509822,"flood_risk":"Low","hospital_dist_km":3.9793823501263672,"name":"Akshay Nursing Home","amenity":"hospital","population_density":544.33333333333337,"water_availability":0.0,"drainage_availability":0.0,"healthcare_gap_score":23.369553019703357,"river_distance_km":false,"flood_score":2.8690615272273781,"population_score":29.093176554427224,"water_gap_score":100.0,"drainage_gap_score":50.0,"service_gap_score":57.78985100656778,"river_vulnerability_score":50.0,"ml_cluster":4,"ml_risk_group":"Low","vulnerability_score":28.91,"vulnerability_class":"Moderate","flood_score_contribution":1.15,"population_score_contribution":5.82,"service_gap_score_contribution":14.45,"river_vulnerability_score_contribution":7.5,"underserved_score":38.2,"welfare_priority_score":28.12,"welfare_priority":"Moderate","priority_rank":124,"priority_services":"Drinking Water, Drainage, Evacuation Preparedness","priority_reason":"Priority is influenced by water-service gap, drainage-service gap."},"geometry":null},
{"type":"Feature","properties":{"fid":10,"dn":true,"fid_2":true,"dn_2":true,"fid_3":4069,"id":40894,"objectid_1":40894,"objectid":107429,"village":"Chikhali","vlcode":540882,"block":"Sawali","bkcode":119.0,"subdistric":"Sawali","sdcode":4068,"sub_distri":"Sawali","district":"Chandrapur","dtcode":473,"district_h":"CHANDRAPUR","state":"MH","stcode":27,"country":"India","total_urba":"Rural","total_hous":155,"total_popu":601,"avg_househ":3.87741935,"total_geog":384,"total_male":311,"total_fema":290,"tapwater_t":null,"tapwater_u":null,"covered_we":null,"covered__1":"Not Available","covered__2":"Not Available","uncovered_":"Available","uncovere_1":"Not Available","uncovere_2":"Available","handpump_s":null,"hand_pump_":"Not Available","hand_pum_1":"Not Available","tubewell_b":null,"tube_wells":"Not Available","tube_wel_1":"Not Available","spring_sta":"Not Available","spring_fun":"Not Available","spring_f_1":"Not Available","river_cana":"Available","tank_pond_":"Available","others_sta":"Not Available","closed_dra":"Not Available","open_drain":null,"village_pi":"Available","forest_are":110,"area_under":0,"barren_unc":0,"permanent_":12,"land_under":0,"culturable":3,"fallows_la":61,"current_fa":2,"net_area_s":195,"total_unir":110,"area_irrig":85,"canals_are":0,"wells_tube":1,"tanks_lake":107,"waterfall_":0,"other_sour":2,"nearest_to":"MUL","nearest__1":30,"shape_leng":9819.288268,"shape_le_1":9819.288268,"shape_area":4332143.837,"ds_name":"Administrative Boundary","src_agency":"Survey of India (SOI)","state_name":"Maharashtra\n","village_area_km2":4,"village_id":4069,"flood_area_km2":0.383828836,"flood_exposure_pct":9.595720889000001,"flood_risk":"Low","hospital_dist_km":6.3302425565268123,"name":"Dr. Kilnake Hospital","amenity":"hospital","population_density":150.25,"water_availability":107.0,"drainage_availability":0.0,"healthcare_gap_score":37.260858052725219,"river_distance_km":false,"flood_score":25.74992443819653,"population_score":8.0304649919828961,"water_gap_score":75.681818181818187,"drainage_gap_score":50.0,"service_gap_score":54.314225411514464,"river_vulnerability_score":50.0,"ml_cluster":3,"ml_risk_group":"High","vulnerability_score":32.98,"vulnerability_class":"Moderate","flood_score_contribution":10.3,"population_score_contribution":1.61,"service_gap_score_contribution":13.58,"river_vulnerability_score_contribution":7.5,"underserved_score":34.72,"welfare_priority_score":31.67,"welfare_priority":"Moderate","priority_rank":74,"priority_services":"Drinking Water, Drainage, Evacuation Preparedness","priority_reason":"Priority is influenced by water-service gap, drainage-service gap."},"geometry":null},
{"type":"Feature","properties":{"fid":11,"dn":true,"fid_2":true,"dn_2":true,"fid_3":4067,"id":40892,"objectid_1":40892,"objectid":107427,"village":"Bormala","vlcode":540880,"block":"Sawali","bkcode":119.0,"subdistric":"Sawali","sdcode":4068,"sub_distri":"Sawali","district":"Chandrapur","dtcode":473,"district_h":"CHANDRAPUR","state":"MH","stcode":27,"country":"India","total_urba":"Rural","total_hous":372,"total_popu":1545,"avg_househ":4.15322581,"total_geog":860,"total_male":781,"total_fema":764,"tapwater_t":null,"tapwater_u":null,"covered_we":null,"covered__1":"Not Available","covered__2":"Not Available","uncovered_":"Available","uncovere_1":"Available","uncovere_2":"Available","handpump_s":null,"hand_pump_":"Available","hand_pum_1":"Available","tubewell_b":null,"tube_wells":"Available","tube_wel_1":"Available","spring_sta":"Not Available","spring_fun":"Not Available","spring_f_1":"Not Available","river_cana":"Available","tank_pond_":"Available","others_sta":"Not Available","closed_dra":"Not Available","open_drain":null,"village_pi":"Available","forest_are":21,"area_under":2,"barren_unc":0,"permanent_":68,"land_under":0,"culturable":65,"fallows_la":133,"current_fa":51,"net_area_s":521,"total_unir":107,"area_irrig":414,"canals_are":0,"wells_tube":3,"tanks_lake":96,"waterfall_":0,"other_sour":8,"nearest_to":"MUL","nearest__1":44,"shape_leng":12546.5113,"shape_le_1":12546.5113,"shape_area":9483235.025,"ds_name":"Administrative Boundary","src_agency":"Survey of India (SOI)","state_name":"Maharashtra\n","village_area_km2":10,"village_id":4067,"flood_area_km2":0.73894433,"flood_exposure_pct":7.389443301,"flood_risk":"Low","hospital_dist_km":4.4416426636966202,"name":"Sindhu Hospital","amenity":"hospital","population_density":154.5,"water_availability":96.0,"drainage_availability":0.0,"healthcare_gap_score":26.101063384710105,"river_distance_km":false,"flood_score":19.829177855936059,"population_score":8.257616247995724,"water_gap_score":78.181818181818187,"drainage_gap_score":50.0,"service_gap_score":51.427627188842763,"river_vulnerability_score":50.0,"ml_cluster":4,"ml_risk_group":"Low","vulnerability_score":29.94,"vulnerability_class":"Moderate","flood_score_contribution":7.93,"population_score_contribution":1.65,"service_gap_score_contribution":12.86,"river_vulnerability_score_contribution":7.5,"underserved_score":32.16,"welfare_priority_score":28.23,"welfare_priority":"Moderate","priority_rank":119,"priority_services":"Drinking Water, Drainage, Evacuation Preparedness","priority_reason":"Priority is influenced by water-service gap, drainage-service gap."},"geometry":null},
{"type":"Feature","properties":{"fid":12,"dn":true,"fid_2":true,"dn_2":true,"fid_3":4339,"id":41182,"objectid_1":41182,"objectid":107717,"village":"Wankhi","vlcode":538528,"block":"Armori","bkcode":104.0,"subdistric":"Armori","sdcode":4053,"sub_distri":"Armori","district":"Gadchiroli","dtcode":475,"district_h":"GADCHIROLI","state":"MH","stcode":27,"country":"India","total_urba":"Rural","total_hous":233,"total_popu":947,"avg_househ":4.06437768,"total_geog":499,"total_male":491,"total_fema":456,"tapwater_t":null,"tapwater_u":null,"covered_we":null,"covered__1":"Available","covered__2":"Available","uncovered_":"Available","uncovere_1":"Available","uncovere_2":"Available","handpump_s":null,"hand_pump_":"Available","hand_pum_1":"Available","tubewell_b":null,"tube_wells":"Not Available","tube_wel_1":"Not Available","spring_sta":"Not Available","spring_fun":"Not Available","spring_f_1":"Not Available","river_cana":"Available","tank_pond_":"Available","others_sta":"Not Available","closed_dra":"Not Available","open_drain":null,"village_pi":"Available","forest_are":83,"area_under":47,"barren_unc":41,"permanent_":10,"land_under":0,"culturable":3,"fallows_la":2,"current_fa":4,"net_area_s":308,"total_unir":153,"area_irrig":155,"canals_are":0,"wells_tube":10,"tanks_lake":143,"waterfall_":0,"other_sour":0,"nearest_to":"DESAIGANJ","nearest__1":26,"shape_leng":9633.97181,"shape_le_1":9633.97181,"shape_area":4365908.543,"ds_name":"Administrative Boundary","src_agency":"Survey of India (SOI)","state_name":"Maharashtra\n","village_area_km2":5,"village_id":4339,"flood_area_km2":0.044476418,"flood_exposure_pct":0.889528356,"flood_risk":"Low","hospital_dist_km":6.1769780942542249,"name":"SDH Armori","amenity":"hospital","population_density":189.4,"water_availability":143.0,"drainage_availability":0.0,"healthcare_gap_score":36.355213646327059,"river_distance_km":false,"flood_score":2.3860648927668331,"population_score":10.122928915018708,"water_gap_score":67.5,"drainage_gap_score":50.0,"service_gap_score":51.28507121544235,"river_vulnerability_score":50.0,"ml_cluster":3,"ml_risk_group":"High","vulnerability_score":23.3,"vulnerability_class":"Low","flood_score_contribution":0.95,"population_score_contribution":2.02,"service_gap_score_contribution":12.82,"river_vulnerability_score_contribution":7.5,"underserved_score":29.16,"welfare_priority_score":21.28,"welfare_priority":"Low","priority_rank":184,"priority_services":"Drinking Water, Drainage, Evacuation Preparedness","priority_reason":"Priority is influenced by water-service gap, drainage-service gap."},"geometry":null},
{"type":"Feature","properties":{"fid":13,"dn":true,"fid_2":true,"dn_2":true,"fid_3":4668,"id":41924,"objectid_1":41924,"objectid":108459,"village":"Kinhala","vlcode":537503,"block":"Lakhandur","bkcode":94.0,"subdistric":"Lakhandur","sdcode":4043,"sub_distri":"Lakhandur","district":"Bhandara","dtcode":471,"district_h":"BHANDARA","state":"MH","stcode":27,"country":"India","total_urba":"Rural","total_hous":122,"total_popu":564,"avg_househ":4.62295082,"total_geog":244,"total_male":274,"total_fema":290,"tapwater_t":null,"tapwater_u":null,"covered_we":null,"covered__1":"Not Available","covered__2":"Not Available","uncovered_":"Available","uncovere_1":"Available","uncovere_2":"Available","handpump_s":null,"hand_pump_":"Available","hand_pum_1":"Available","tubewell_b":null,"tube_wells":"Available","tube_wel_1":"Available","spring_sta":"Not Available","spring_fun":"Not Available","spring_f_1":"Not Available","river_cana":"Not Available","tank_pond_":"Not Available","others_sta":"Not Available","closed_dra":"Not Available","open_drain":null,"village_pi":"Available","forest_are":2,"area_under":50,"barren_unc":0,"permanent_":0,"land_under":0,"culturable":0,"fallows_la":5,"current_fa":0,"net_area_s":187,"total_unir":100,"area_irrig":87,"canals_are":76,"wells_tube":24,"tanks_lake":0,"waterfall_":0,"other_sour":0,"nearest_to":"Desaiganj","nearest__1":17,"shape_leng":6838.759197,"shape_le_1":6838.759197,"shape_area":2942418.827,"ds_name":"Administrative Boundary","src_agency":"Survey of India (SOI)","state_name":"Maharashtra\n","village_area_km2":3,"village_id":4668,"flood_area_km2":0.200358072,"flood_exposure_pct":6.678602407,"flood_risk":"Low","hospital_dist_km":3.65220818965759,"name":"Rural Hospital, Lakhandur","amenity":"hospital","population_density":188.0,"water_availability":0.0,"drainage_availability":0.0,"healthcare_gap_score":21.436270874886425,"river_distance_km":false,"flood_score":17.921571661424199,"population_score":10.048102618920364,"water_gap_score":100.0,"drainage_gap_score":50.0,"service_gap_score":57.145423624962142,"river_vulnerability_score":50.0,"ml_cluster":4,"ml_risk_group":"Low","vulnerability_score":30.96,"vulnerability_class":"Moderate","flood_score_contribution":7.17,"population_score_contribution":2.01,"service_gap_score_contribution":14.29,"river_vulnerability_score_contribution":7.5,"underserved_score":35.17,"welfare_priority_score":29.84,"welfare_priority":"Moderate","priority_rank":101,"priority_services":"Drinking Water, Drainage, Evacuation Preparedness","priority_reason":"Priority is influenced by water-service gap, drainage-service gap."},"geometry":null},
{"type":"Feature","properties":{"fid":14,"dn":true,"fid_2":true,"dn_2":true,"fid_3":4112,"id":40942,"objectid_1":40942,"objectid":107477,"village":"Mohazari Patch","vlcode":539101,"block":"Gadchiroli","bkcode":108.0,"subdistric":"Gadchiroli","sdcode":4057,"sub_distri":"Gadchiroli","district":"Gadchiroli","dtcode":475,"district_h":"GADCHIROLI","state":"MH","stcode":27,"country":"India","total_urba":"Rural","total_hous":61,"total_popu":244,"avg_househ":4.0,"total_geog":815,"total_male":129,"total_fema":115,"tapwater_t":null,"tapwater_u":null,"covered_we":null,"covered__1":"Available","covered__2":"Available","uncovered_":"Available","uncovere_1":"Available","uncovere_2":"Available","handpump_s":null,"hand_pump_":"Available","hand_pum_1":"Available","tubewell_b":null,"tube_wells":"Not Available","tube_wel_1":"Not Available","spring_sta":"Not Available","spring_fun":"Not Available","spring_f_1":"Not Available","river_cana":"Not Available","tank_pond_":"Not Available","others_sta":"Not Available","closed_dra":"Not Available","open_drain":null,"village_pi":"Available","forest_are":763,"area_under":4,"barren_unc":6,"permanent_":19,"land_under":0,"culturable":1,"fallows_la":3,"current_fa":2,"net_area_s":17,"total_unir":18,"area_irrig":-1,"canals_are":0,"wells_tube":0,"tanks_lake":18,"waterfall_":0,"other_sour":0,"nearest_to":"GADCHIROLI","nearest__1":14,"shape_leng":18656.62328,"shape_le_1":18656.62328,"shape_area":10259296.81,"ds_name":"Administrative Boundary","src_agency":"Survey of India (SOI)","state_name":"Maharashtra\n","village_area_km2":11,"village_id":4112,"flood_area_km2":0.348539939,"flood_exposure_pct":3.168544899,"flood_risk":"Low","hospital_dist_km":5.5589299666792673,"name":"Janatal Hospital","amenity":"hospital","population_density":22.181818181818183,"water_availability":18.0,"drainage_availability":0.0,"healthcare_gap_score":32.703148312175372,"river_distance_km":false,"flood_score":8.5020130768365565,"population_score":1.1855594966230989,"water_gap_score":95.909090909090907,"drainage_gap_score":50.0,"service_gap_score":59.537413073755431,"river_vulnerability_score":50.0,"ml_cluster":4,"ml_risk_group":"Low","vulnerability_score":26.02,"vulnerability_class":"Moderate","flood_score_contribution":3.4,"population_score_contribution":0.24,"service_gap_score_contribution":14.88,"river_vulnerability_score_contribution":7.5,"underserved_score":31.82,"welfare_priority_score":24.68,"welfare_priority":"Low","priority_rank":157,"priority_services":"Drinking Water, Drainage, Evacuation Preparedness","priority_reason":"Priority is influenced by water-service gap, drainage-service gap."},"geometry":null},
{"type":"Feature","properties":{"fid":15,"dn":true,"fid_2":true,"dn_2":true,"fid_3":4695,"id":41953,"objectid_1":41953,"objectid":108488,"village":"Visora","vlcode":538483,"block":"Desaiganj (Vadasa)","bkcode":103.0,"subdistric":"Desaiganj (Vadasa)","sdcode":4052,"sub_distri":"Desaiganj (Vadasa)","district":"Gadchiroli","dtcode":475,"district_h":"GADCHIROLI","state":"MH","stcode":27,"country":"India","total_urba":"Rural","total_hous":1146,"total_popu":4604,"avg_househ":4.01745201,"total_geog":1136,"total_male":2357,"total_fema":2247,"tapwater_t":null,"tapwater_u":null,"covered_we":null,"covered__1":"Available","covered__2":"Available","uncovered_":"Available","uncovere_1":"Available","uncovere_2":"Available","handpump_s":null,"hand_pump_":"Available","hand_pum_1":"Available","tubewell_b":null,"tube_wells":"Not Available","tube_wel_1":"Not Available","spring_sta":"Not Available","spring_fun":"Not Available","spring_f_1":"Not Available","river_cana":"Available","tank_pond_":"Available","others_sta":"Not Available","closed_dra":"Not Available","open_drain":null,"village_pi":"Available","forest_are":166,"area_under":0,"barren_unc":133,"permanent_":43,"land_under":0,"culturable":316,"fallows_la":0,"current_fa":5,"net_area_s":473,"total_unir":389,"area_irrig":84,"canals_are":21,"wells_tube":314,"tanks_lake":55,"waterfall_":0,"other_sour":0,"nearest_to":"DESAIGANJ","nearest__1":6,"shape_leng":14491.18842,"shape_le_1":14491.18842,"shape_area":10703584.62,"ds_name":"Administrative Boundary","src_agency":"Survey of India (SOI)","state_name":"Maharashtra\n","village_area_km2":11,"village_id":4695,"flood_area_km2":0.036086951,"flood_exposure_pct":0.32806319,"flood_risk":"Low","hospital_dist_km":5.6417037361817917,"name":"Dr. Paapadkar Hospital","amenity":"hospital","population_density":418.54545454545456,"water_availability":55.0,"drainage_availability":0.0,"healthcare_gap_score":33.192261053869693,"river_distance_km":false,"flood_score":0.87932205100760741,"population_score":22.370147223166999,"water_gap_score":87.5,"drainage_gap_score":50.0,"service_gap_score":56.897420351289895,"river_vulnerability_score":50.0,"ml_cluster":4,"ml_risk_group":"Low","vulnerability_score":26.55,"vulnerability_class":"Moderate","flood_score_contribution":0.35,"population_score_contribution":4.47,"service_gap_score_contribution":14.22,"river_vulnerability_score_contribution":7.5,"underserved_score":35.34,"welfare_priority_score":25.43,"welfare_priority":"Moderate","priority_rank":146,"priority_services":"Drinking Water, Drainage, Evacuation Preparedness","priority_reason":"Priority is influenced by water-service gap, drainage-service gap."},"geometry":null},
{"type":"Feature","properties":{"fid":16,"dn":true,"fid_2":true,"dn_2":true,"fid_3":4674,"id":41930,"objectid_1":41930,"objectid":108465,"village":"Khairi","vlcode":537507,"block":"Lakhandur","bkcode":94.0,"subdistric":"Lakhandur","sdcode":4043,"sub_distri":"Lakhandur","district":"Bhandara","dtcode":471,"district_h":"BHANDARA","state":"MH","stcode":27,"country":"India","total_urba":"Rural","total_hous":290,"total_popu":1286,"avg_househ":4.43448276,"total_geog":561,"total_male":644,"total_fema":642,"tapwater_t":null,"tapwater_u":null,"covered_we":null,"covered__1":"Not Available","covered__2":"Not Available","uncovered_":"Available","uncovere_1":"Available","uncovere_2":"Available","handpump_s":null,"hand_pump_":"Available","hand_pum_1":"Available","tubewell_b":null,"tube_wells":"Available","tube_wel_1":"Available","spring_sta":"Not Available","spring_fun":"Not Available","spring_f_1":"Not Available","river_cana":"Not Available","tank_pond_":"Not Available","others_sta":"Not Available","closed_dra":"Not Available","open_drain":null,"village_pi":"Available","forest_are":0,"area_under":57,"barren_unc":2,"permanent_":0,"land_under":1,"culturable":0,"fallows_la":0,"current_fa":0,"net_area_s":501,"total_unir":116,"area_irrig":385,"canals_are":0,"wells_tube":116,"tanks_lake":0,"waterfall_":0,"other_sour":0,"nearest_to":"Desaiganj","nearest__1":20,"shape_leng":10243.27944,"shape_le_1":10243.27944,"shape_area":5726393.169,"ds_name":"Administrative Boundary","src_agency":"Survey of India (SOI)","state_name":"Maharashtra\n","village_area_km2":6,"village_id":4674,"flood_area_km2":0.813883889,"flood_exposure_pct":13.56473149,"flood_risk":"Low","hospital_dist_km":1.7019664369685767,"name":"Rural Hospital, Palandur","amenity":"hospital","population_density":214.33333333333334,"water_availability":0.0,"drainage_availability":0.0,"healthcare_gap_score":9.9122325671302765,"river_distance_km":false,"flood_score":36.401125392528272,"population_score":11.455549616960628,"water_gap_score":100.0,"drainage_gap_score":50.0,"service_gap_score":53.304077522376758,"river_vulnerability_score":50.0,"ml_cluster":0,"ml_risk_group":"Very High","vulnerability_score":37.68,"vulnerability_class":"Moderate","flood_score_contribution":14.56,"population_score_contribution":2.29,"service_gap_score_contribution":13.33,"river_vulnerability_score_contribution":7.5,"underserved_score":37.37,"welfare_priority_score":36.58,"welfare_priority":"Moderate","priority_rank":37,"priority_services":"Drinking Water, Drainage, Evacuation Preparedness","priority_reason":"Priority is influenced by water-service gap, drainage-service gap."},"geometry":null},
{"type":"Feature","properties":{"fid":17,"dn":true,"fid_2":true,"dn_2":true,"fid_3":4334,"id":41177,"objectid_1":41177,"objectid":107712,"village":"Thanegaon","vlcode":538526,"block":"Armori","bkcode":104.0,"subdistric":"Armori","sdcode":4053,"sub_distri":"Armori","district":"Gadchiroli","dtcode":475,"district_h":"GADCHIROLI","state":"MH","stcode":27,"country":"India","total_urba":"Rural","total_hous":763,"total_popu":3353,"avg_househ":4.39449541,"total_geog":656,"total_male":1720,"total_fema":1633,"tapwater_t":null,"tapwater_u":null,"covered_we":null,"covered__1":"Available","covered__2":"Available","uncovered_":"Available","uncovere_1":"Available","uncovere_2":"Available","handpump_s":null,"hand_pump_":"Available","hand_pum_1":"Available","tubewell_b":null,"tube_wells":"Not Available","tube_wel_1":"Not Available","spring_sta":"Not Available","spring_fun":"Not Available","spring_f_1":"Not Available","river_cana":"Available","tank_pond_":"Available","others_sta":"Not Available","closed_dra":"Not Available","open_drain":null,"village_pi":"Available","forest_are":245,"area_under":10,"barren_unc":0,"permanent_":0,"land_under":0,"culturable":7,"fallows_la":25,"current_fa":8,"net_area_s":361,"total_unir":25,"area_irrig":337,"canals_are":0,"wells_tube":0,"tanks_lake":8,"waterfall_":0,"other_sour":17,"nearest_to":"DESAIGANJ","nearest__1":23,"shape_leng":12782.56136,"shape_le_1":12782.56136,"shape_area":6523278.873,"ds_name":"Administrative Boundary","src_agency":"Survey of India (SOI)","state_name":"Maharashtra\n","village_area_km2":7,"village_id":4334,"flood_area_km2":0.357392237,"flood_exposure_pct":5.105603381,"flood_risk":"Low","hospital_dist_km":3.6791896913284821,"name":"SDH Armori","amenity":"hospital","population_density":479.0,"water_availability":8.0,"drainage_availability":0.0,"healthcare_gap_score":21.595705395466975,"river_distance_km":false,"flood_score":13.700285700970271,"population_score":25.601282736504544,"water_gap_score":98.181818181818187,"drainage_gap_score":50.0,"service_gap_score":56.592507859095058,"river_vulnerability_score":50.0,"ml_cluster":4,"ml_risk_group":"Low","vulnerability_score":32.25,"vulnerability_class":"Moderate","flood_score_contribution":5.48,"population_score_contribution":5.12,"service_gap_score_contribution":14.15,"river_vulnerability_score_contribution":7.5,"underserved_score":38.72,"welfare_priority_score":31.45,"welfare_priority":"Moderate","priority_rank":77,"priority_services":"Drinking Water, Drainage, Evacuation Preparedness","priority_reason":"Priority is influenced by water-service gap, drainage-service gap."},"geometry":null},
{"type":"Feature","properties":{"fid":18,"dn":true,"fid_2":true,"dn_2":true,"fid_3":3132,"id":39930,"objectid_1":39930,"objectid":106465,"village":"Nilsani Pethgaon","vlcode":540939,"block":"Sawali","bkcode":119.0,"subdistric":"Sawali","sdcode":4068,"sub_distri":"Sawali","district":"Chandrapur","dtcode":473,"district_h":"CHANDRAPUR","state":"MH","stcode":27,"country":"India","total_urba":"Rural","total_hous":398,"total_popu":1588,"avg_househ":3.98994975,"total_geog":429,"total_male":754,"total_fema":834,"tapwater_t":null,"tapwater_u":null,"covered_we":null,"covered__1":"Available","covered__2":"Available","uncovered_":"Available","uncovere_1":"Available","uncovere_2":"Available","handpump_s":null,"hand_pump_":"Available","hand_pum_1":"Available","tubewell_b":null,"tube_wells":"Not Available","tube_wel_1":"Not Available","spring_sta":"Not Available","spring_fun":"Not Available","spring_f_1":"Not Available","river_cana":"Available","tank_pond_":"Available","others_sta":"Not Available","closed_dra":"Not Available","open_drain":null,"village_pi":"Available","forest_are":74,"area_under":84,"barren_unc":0,"permanent_":0,"land_under":0,"culturable":3,"fallows_la":24,"current_fa":6,"net_area_s":239,"total_unir":116,"area_irrig":123,"canals_are":50,"wells_tube":3,"tanks_lake":63,"waterfall_":0,"other_sour":0,"nearest_to":"MUL","nearest__1":38,"shape_leng":12449.37445,"shape_le_1":12449.37445,"shape_area":4546747.144,"ds_name":"Administrative Boundary","src_agency":"Survey of India (SOI)","state_name":"Maharashtra\n","village_area_km2":5,"village_id":3132,"flood_area_km2":0.167073937,"flood_exposure_pct":3.341478731,"flood_risk":"Low","hospital_dist_km":13.406114179316674,"name":"Dr. Mallick Hospital","amenity":"hospital","population_density":317.6,"water_availability":63.0,"drainage_availability":0.0,"healthcare_gap_score":79.072400406058222,"river_distance_km":false,"flood_score":8.9660967444313364,"population_score":16.9748797434527,"water_gap_score":85.681818181818187,"drainage_gap_score":50.0,"service_gap_score":71.584739529292136,"river_vulnerability_score":50.0,"ml_cluster":1,"ml_risk_group":"Very Low","vulnerability_score":32.38,"vulnerability_class":"Moderate","flood_score_contribution":3.59,"population_score_contribution":3.39,"service_gap_score_contribution":17.9,"river_vulnerability_score_contribution":7.5,"underserved_score":42.68,"welfare_priority_score":32.72,"welfare_priority":"Moderate","priority_rank":61,"priority_services":"Healthcare, Drinking Water, Drainage, Evacuation Preparedness","priority_reason":"Priority is influenced by limited healthcare accessibility, water-service gap, drainage-service gap."},"geometry":null},
{"type":"Feature","properties":{"fid":19,"dn":true,"fid_2":true,"dn_2":true,"fid_3":3007,"id":39804,"objectid_1":39804,"objectid":106339,"village":"Shankarpur","vlcode":539229,"block":"Chamorshi","bkcode":109.0,"subdistric":"Chamorshi","sdcode":4058,"sub_distri":"Chamorshi","district":"Gadchiroli","dtcode":475,"district_h":"GADCHIROLI","state":"MH","stcode":27,"country":"India","total_urba":"Rural","total_hous":221,"total_popu":1001,"avg_househ":4.52941176,"total_geog":608,"total_male":515,"total_fema":486,"tapwater_t":null,"tapwater_u":null,"covered_we":null,"covered__1":"Not Available","covered__2":"Not Available","uncovered_":"Available","uncovere_1":"Available","uncovere_2":"Available","handpump_s":null,"hand_pump_":"Available","hand_pum_1":"Available","tubewell_b":null,"tube_wells":"Not Available","tube_wel_1":"Not Available","spring_sta":"Not Available","spring_fun":"Not Available","spring_f_1":"Not Available","river_cana":"Not Available","tank_pond_":"Not Available","others_sta":"Not Available","closed_dra":"Not Available","open_drain":null,"village_pi":"Available","forest_are":3,"area_under":30,"barren_unc":3,"permanent_":0,"land_under":1,"culturable":2,"fallows_la":18,"current_fa":12,"net_area_s":539,"total_unir":504,"area_irrig":35,"canals_are":482,"wells_tube":22,"tanks_lake":0,"waterfall_":0,"other_sour":0,"nearest_to":"MUL","nearest__1":31,"shape_leng":10160.15358,"shape_le_1":10160.15358,"shape_area":4619640.473,"ds_name":"Administrative Boundary","src_agency":"Survey of India (SOI)","state_name":"Maharashtra\n","village_area_km2":5,"village_id":3007,"flood_area_km2":0.05154424,"flood_exposure_pct":1.030884804,"flood_risk":"Low","hospital_dist_km":1.0589065371981621,"name":"Balprabha Hospital","amenity":"hospital","population_density":200.2,"water_availability":0.0,"drainage_availability":0.0,"healthcare_gap_score":6.1123719042569604,"river_distance_km":false,"flood_score":2.7654077782353683,"population_score":10.700160342063066,"water_gap_score":100.0,"drainage_gap_score":50.0,"service_gap_score":52.037457301418989,"river_vulnerability_score":50.0,"ml_cluster":4,"ml_risk_group":"Low","vulnerability_score":23.76,"vulnerability_class":"Low","flood_score_contribution":1.11,"population_score_contribution":2.14,"service_gap_score_contribution":13.01,"river_vulnerability_score_contribution":7.5,"underserved_score":29.78,"welfare_priority_score":21.84,"welfare_priority":"Low","priority_rank":178,"priority_services":"Drinking Water, Drainage, Evacuation Preparedness","priority_reason":"Priority is influenced by water-service gap, drainage-service gap."},"geometry":null},
{"type":"Feature","properties":{"fid":20,"dn":true,"fid_2":true,"dn_2":true,"fid_3":4319,"id":41162,"objectid_1":41162,"objectid":107697,"village":"Armori","vlcode":538518,"block":"Armori","bkcode":104.0,"subdistric":"Armori","sdcode":4053,"sub_distri":"Armori","district":"Gadchiroli","dtcode":475,"district_h":"GADCHIROLI","state":"MH","stcode":27,"country":"India","total_urba":"Rural","total_hous":4441,"total_popu":18504,"avg_househ":4.16662914,"total_geog":2300,"total_male":9162,"total_fema":9342,"tapwater_t":null,"tapwater_u":null,"covered_we":null,"covered__1":"Available","covered__2":"Available","uncovered_":"Available","uncovere_1":"Available","uncovere_2":"Available","handpump_s":null,"hand_pump_":"Available","hand_pum_1":"Available","tubewell_b":null,"tube_wells":"Available","tube_wel_1":"Available","spring_sta":"Not Available","spring_fun":"Not Available","spring_f_1":"Not Available","river_cana":"Available","tank_pond_":"Available","others_sta":"Not Available","closed_dra":"Not Available","open_drain":null,"village_pi":"Available","forest_are":152,"area_under":41,"barren_unc":352,"permanent_":216,"land_under":62,"culturable":27,"fallows_la":18,"current_fa":27,"net_area_s":1405,"total_unir":639,"area_irrig":766,"canals_are":517,"wells_tube":22,"tanks_lake":100,"waterfall_":0,"other_sour":0,"nearest_to":"DESAIGANJ","nearest__1":18,"shape_leng":23842.45691,"shape_le_1":23842.45691,"shape_area":19704938.44,"ds_name":"Administrative Boundary","src_agency":"Survey of India (SOI)","state_name":"Maharashtra\n","village_area_km2":20,"village_id":4319,"flood_area_km2":0.727915915,"flood_exposure_pct":3.639579577,"flood_risk":"Low","hospital_dist_km":0.87948427153650732,"name":"SDH Armori","amenity":"hospital","population_density":925.2,"water_availability":100.0,"drainage_availability":0.0,"healthcare_gap_score":5.0521602356787518,"river_distance_km":false,"flood_score":9.7660774788245188,"population_score":49.449492250133616,"water_gap_score":77.27272727272728,"drainage_gap_score":50.0,"service_gap_score":44.108295836135348,"river_vulnerability_score":50.0,"ml_cluster":2,"ml_risk_group":"Moderate","vulnerability_score":32.32,"vulnerability_class":"Moderate","flood_score_contribution":3.91,"population_score_contribution":9.89,"service_gap_score_contribution":11.03,"river_vulnerability_score_contribution":7.5,"underserved_score":38.84,"welfare_priority_score":30.91,"welfare_priority":"Moderate","priority_rank":85,"priority_services":"Drinking Water, Drainage, Evacuation Preparedness","priority_reason":"Priority is influenced by water-service gap, drainage-service gap."},"geometry":null},
{"type":"Feature","properties":{"fid":21,"dn":true,"fid_2":true,"dn_2":true,"fid_3":4437,"id":41404,"objectid_1":41404,"objectid":107939,"village":"Reserved Forest","vlcode":999999,"block":null,"bkcode":null,"subdistric":"Brahmapuri","sdcode":4067,"sub_distri":null,"district":"Chandrapur","dtcode":473,"district_h":null,"state":"MH","stcode":27,"country":"India","total_urba":"Rural","total_hous":0,"total_popu":0,"avg_househ":0.0,"total_geog":0,"total_male":0,"total_fema":0,"tapwater_t":null,"tapwater_u":null,"covered_we":null,"covered__1":null,"covered__2":null,"uncovered_":null,"uncovere_1":null,"uncovere_2":null,"handpump_s":null,"hand_pump_":null,"hand_pum_1":null,"tubewell_b":null,"tube_wells":null,"tube_wel_1":null,"spring_sta":null,"spring_fun":null,"spring_f_1":null,"river_cana":null,"tank_pond_":null,"others_sta":null,"closed_dra":null,"open_drain":null,"village_pi":null,"forest_are":0,"area_under":0,"barren_unc":0,"permanent_":0,"land_under":0,"culturable":0,"fallows_la":0,"current_fa":0,"net_area_s":0,"total_unir":0,"area_irrig":0,"canals_are":0,"wells_tube":0,"tanks_lake":0,"waterfall_":0,"other_sour":0,"nearest_to":null,"nearest__1":0,"shape_leng":208282.9005,"shape_le_1":208282.9005,"shape_area":187227824.9,"ds_name":"Administrative Boundary","src_agency":"Survey of India (SOI)","state_name":"Maharashtra\n","village_area_km2":194,"village_id":4437,"flood_area_km2":0.00077016,"flood_exposure_pct":0.00039699,"flood_risk":"Low","hospital_dist_km":2.7838169467290927,"name":"Government Hospital, Kanpa","amenity":"hospital","population_density":0.0,"water_availability":0.0,"drainage_availability":0.0,"healthcare_gap_score":16.304920397013767,"river_distance_km":false,"flood_score":0.0,"population_score":0.0,"water_gap_score":100.0,"drainage_gap_score":50.0,"service_gap_score":55.434973465671256,"river_vulnerability_score":50.0,"ml_cluster":4,"ml_risk_group":"Low","vulnerability_score":21.36,"vulnerability_class":"Low","flood_score_contribution":0.0,"population_score_contribution":0.0,"service_gap_score_contribution":13.86,"river_vulnerability_score_contribution":7.5,"underserved_score":27.72,"welfare_priority_score":19.4,"welfare_priority":"Low","priority_rank":196,"priority_services":"Drinking Water, Drainage, Evacuation Preparedness","priority_reason":"Priority is influenced by water-service gap, drainage-service gap."},"geometry":null},
{"type":"Feature","properties":{"fid":22,"dn":true,"fid_2":true,"dn_2":true,"fid_3":3035,"id":39833,"objectid_1":39833,"objectid":106368,"village":"Kadholi","vlcode":540967,"block":"Sawali","bkcode":119.0,"subdistric":"Sawali","sdcode":4068,"sub_distri":"Sawali","district":"Chandrapur","dtcode":473,"district_h":"CHANDRAPUR","state":"MH","stcode":27,"country":"India","total_urba":"Rural","total_hous":198,"total_popu":785,"avg_househ":3.96464646,"total_geog":617,"total_male":388,"total_fema":397,"tapwater_t":null,"tapwater_u":null,"covered_we":null,"covered__1":"Not Available","covered__2":"Not Available","uncovered_":"Available","uncovere_1":"Available","uncovere_2":"Available","handpump_s":null,"hand_pump_":"Available","hand_pum_1":"Available","tubewell_b":null,"tube_wells":"Not Available","tube_wel_1":"Not Available","spring_sta":"Not Available","spring_fun":"Not Available","spring_f_1":"Not Available","river_cana":"Available","tank_pond_":"Available","others_sta":"Not Available","closed_dra":"Not Available","open_drain":null,"village_pi":"Available","forest_are":222,"area_under":0,"barren_unc":139,"permanent_":5,"land_under":0,"culturable":42,"fallows_la":0,"current_fa":20,"net_area_s":188,"total_unir":95,"area_irrig":93,"canals_are":0,"wells_tube":0,"tanks_lake":66,"waterfall_":0,"other_sour":29,"nearest_to":"MUL","nearest__1":34,"shape_leng":5189.356301,"shape_le_1":5189.356301,"shape_area":1116592.324,"ds_name":"Administrative Boundary","src_agency":"Survey of India (SOI)","state_name":"Maharashtra\n","village_area_km2":1,"village_id":3035,"flood_area_km2":0.024983931,"flood_exposure_pct":2.4983931,"flood_risk":"Low","hospital_dist_km":5.3785327841466231,"name":"Government Hospital, Majri","amenity":"hospital","population_density":785.0,"water_availability":66.0,"drainage_availability":0.0,"healthcare_gap_score":31.637175829917179,"river_distance_km":false,"flood_score":6.7035997696870311,"population_score":41.956173169428112,"water_gap_score":85.0,"drainage_gap_score":50.0,"service_gap_score":55.545725276639054,"river_vulnerability_score":50.0,"ml_cluster":2,"ml_risk_group":"Moderate","vulnerability_score":32.46,"vulnerability_class":"Moderate","flood_score_contribution":2.68,"population_score_contribution":8.39,"service_gap_score_contribution":13.89,"river_vulnerability_score_contribution":7.5,"underserved_score":41.7,"welfare_priority_score":31.91,"welfare_priority":"Moderate","priority_rank":73,"priority_services":"Drinking Water, Drainage, Evacuation Preparedness","priority_reason":"Priority is influenced by water-service gap, drainage-service gap."},"geometry":null},
{"type":"Feature","properties":{"fid":23,"dn":true,"fid_2":true,"dn_2":true,"fid_3":4305,"id":41146,"objectid_1":41146,"objectid":107681,"village":"Kurud","vlcode":538493,"block":"Desaiganj (Vadasa)","bkcode":103.0,"subdistric":"Desaiganj (Vadasa)","sdcode":4052,"sub_distri":"Desaiganj (Vadasa)","district":"Gadchiroli","dtcode":475,"district_h":"GADCHIROLI","state":"MH","stcode":27,"country":"India","total_urba":"Rural","total_hous":1486,"total_popu":5910,"avg_househ":3.97711978,"total_geog":872,"total_male":2905,"total_fema":3005,"tapwater_t":null,"tapwater_u":null,"covered_we":null,"covered__1":"Available","covered__2":"Available","uncovered_":"Available","uncovere_1":"Available","uncovere_2":"Available","handpump_s":null,"hand_pump_":"Available","hand_pum_1":"Available","tubewell_b":null,"tube_wells":"Not Available","tube_wel_1":"Not Available","spring_sta":"Not Available","spring_fun":"Not Available","spring_f_1":"Not Available","river_cana":"Available","tank_pond_":"Available","others_sta":"Not Available","closed_dra":"Not Available","open_drain":null,"village_pi":"Available","forest_are":32,"area_under":150,"barren_unc":5,"permanent_":69,"land_under":0,"culturable":1,"fallows_la":0,"current_fa":1,"net_area_s":615,"total_unir":418,"area_irrig":196,"canals_are":415,"wells_tube":3,"tanks_lake":0,"waterfall_":0,"other_sour":0,"nearest_to":"DESAIGANJ","nearest__1":6,"shape_leng":15378.17483,"shape_le_1":15378.17483,"shape_area":15015917.3,"ds_name":"Administrative Boundary","src_agency":"Survey of India (SOI)","state_name":"Maharashtra\n","village_area_km2":16,"village_id":4305,"flood_area_km2":0.451949942,"flood_exposure_pct":2.824687135,"flood_risk":"Low","hospital_dist_km":4.2332945997511739,"name":"Bansod Hospital","amenity":"hospital","population_density":369.375,"water_availability":0.0,"drainage_availability":0.0,"healthcare_gap_score":24.869928287256869,"river_distance_km":false,"flood_score":7.5792394911100773,"population_score":19.742116515232496,"water_gap_score":100.0,"drainage_gap_score":50.0,"service_gap_score":58.289976095752287,"river_vulnerability_score":50.0,"ml_cluster":4,"ml_risk_group":"Low","vulnerability_score":29.05,"vulnerability_class":"Moderate","flood_score_contribution":3.03,"population_score_contribution":3.95,"service_gap_score_contribution":14.57,"river_vulnerability_score_contribution":7.5,"underserved_score":36.58,"welfare_priority_score":28.13,"welfare_priority":"Moderate","priority_rank":123,"priority_services":"Drinking Water, Drainage, Evacuation Preparedness","priority_reason":"Priority is influenced by water-service gap, drainage-service gap."},"geometry":null},
{"type":"Feature","properties":{"fid":24,"dn":true,"fid_2":true,"dn_2":true,"fid_3":4559,"id":41812,"objectid_1":41812,"objectid":108347,"village":"Ladaj","vlcode":540738,"block":"Brahmapuri","bkcode":118.0,"subdistric":"Brahmapuri","sdcode":4067,"sub_distri":"Brahmapuri","district":"Chandrapur","dtcode":473,"district_h":"CHANDRAPUR","state":"MH","stcode":27,"country":"India","total_urba":"Rural","total_hous":316,"total_popu":1300,"avg_househ":4.11392405,"total_geog":968,"total_male":688,"total_fema":612,"tapwater_t":null,"tapwater_u":null,"covered_we":null,"covered__1":"Available","covered__2":"Available","uncovered_":"Available","uncovere_1":"Available","uncovere_2":"Available","handpump_s":null,"hand_pump_":"Not Available","hand_pum_1":"Not Available","tubewell_b":null,"tube_wells":"Available","tube_wel_1":"Available","spring_sta":"Not Available","spring_fun":"Not Available","spring_f_1":"Not Available","river_cana":"Available","tank_pond_":"Not Available","others_sta":"Not Available","closed_dra":"Not Available","open_drain":null,"village_pi":"Available","forest_are":13,"area_under":8,"barren_unc":287,"permanent_":0,"land_under":0,"culturable":2,"fallows_la":2,"current_fa":12,"net_area_s":643,"total_unir":281,"area_irrig":362,"canals_are":0,"wells_tube":281,"tanks_lake":0,"waterfall_":0,"other_sour":0,"nearest_to":"BRAHMAPURI","nearest__1":24,"shape_leng":12001.61049,"shape_le_1":12001.61049,"shape_area":7306666.327,"ds_name":"Administrative Boundary","src_agency":"Survey of India (SOI)","state_name":"Maharashtra\n","village_area_km2":8,"village_id":4559,"flood_area_km2":1.465398695,"flood_exposure_pct":18.31748369,"flood_risk":"Moderate","hospital_dist_km":3.8309324350065759,"name":"Government Hospital, Soni","amenity":"hospital","population_density":162.5,"water_availability":0.0,"drainage_availability":0.0,"healthcare_gap_score":22.492357920036952,"river_distance_km":false,"flood_score":49.155568214018317,"population_score":8.6851950828433999,"water_gap_score":100.0,"drainage_gap_score":50.0,"service_gap_score":57.49745264001232,"river_vulnerability_score":50.0,"ml_cluster":0,"ml_risk_group":"Very High","vulnerability_score":43.27,"vulnerability_class":"Moderate","flood_score_contribution":19.66,"population_score_contribution":1.74,"service_gap_score_contribution":14.37,"river_vulnerability_score_contribution":7.5,"underserved_score":41.19,"welfare_priority_score":42.77,"welfare_priority":"Moderate","priority_rank":20,"priority_services":"Drinking Water, Drainage, Evacuation Preparedness","priority_reason":"Priority is influenced by water-service gap, drainage-service gap."},"geometry":null},
{"type":"Feature","properties":{"fid":25,"dn":true,"fid_2":true,"dn_2":true,"fid_3":3074,"id":39871,"objectid_1":39871,"objectid":106406,"village":"Talodhi Mokasa","vlcode":539263,"block":"Chamorshi","bkcode":109.0,"subdistric":"Chamorshi","sdcode":4058,"sub_distri":"Chamorshi","district":"Gadchiroli","dtcode":475,"district_h":"GADCHIROLI","state":"MH","stcode":27,"country":"India","total_urba":"Rural","total_hous":937,"total_popu":3597,"avg_househ":3.83884739,"total_geog":1068,"total_male":1798,"total_fema":1799,"tapwater_t":null,"tapwater_u":null,"covered_we":null,"covered__1":"Available","covered__2":"Available","uncovered_":"Available","uncovere_1":"Available","uncovere_2":"Available","handpump_s":null,"hand_pump_":"Available","hand_pum_1":"Available","tubewell_b":null,"tube_wells":"Not Available","tube_wel_1":"Not Available","spring_sta":"Not Available","spring_fun":"Not Available","spring_f_1":"Not Available","river_cana":"Available","tank_pond_":"Available","others_sta":"Not Available","closed_dra":"Not Available","open_drain":null,"village_pi":"Available","forest_are":9,"area_under":257,"barren_unc":6,"permanent_":18,"land_under":0,"culturable":105,"fallows_la":0,"current_fa":0,"net_area_s":672,"total_unir":452,"area_irrig":220,"canals_are":0,"wells_tube":12,"tanks_lake":440,"waterfall_":0,"other_sour":0,"nearest_to":"GADCHIROLI","nearest__1":26,"shape_leng":16145.57049,"shape_le_1":16145.57049,"shape_area":11787162.21,"ds_name":"Administrative Boundary","src_agency":"Survey of India (SOI)","state_name":"Maharashtra\n","village_area_km2":12,"village_id":3074,"flood_area_km2":0.546048979,"flood_exposure_pct":4.550408157,"flood_risk":"Low","hospital_dist_km":9.9347448314121234,"name":"Balprabha Hospital","amenity":"hospital","population_density":299.75,"water_availability":440.0,"drainage_availability":0.0,"healthcare_gap_score":58.559972502971668,"river_distance_km":false,"flood_score":12.210368818858818,"population_score":16.020844468198824,"water_gap_score":0.0,"drainage_gap_score":50.0,"service_gap_score":36.186657500990556,"river_vulnerability_score":50.0,"ml_cluster":3,"ml_risk_group":"High","vulnerability_score":24.63,"vulnerability_class":"Low","flood_score_contribution":4.88,"population_score_contribution":3.2,"service_gap_score_contribution":9.05,"river_vulnerability_score_contribution":7.5,"underserved_score":25.34,"welfare_priority_score":21.48,"welfare_priority":"Low","priority_rank":181,"priority_services":"Healthcare, Drainage, Evacuation Preparedness","priority_reason":"Priority is influenced by limited healthcare accessibility, drainage-service gap."},"geometry":null},
{"type":"Feature","properties":{"fid":26,"dn":true,"fid_2":true,"dn_2":true,"fid_3":4090,"id":40925,"objectid_1":40925,"objectid":107460,"village":"Churmura","vlcode":538589,"block":"Armori","bkcode":104.0,"subdistric":"Armori","sdcode":4053,"sub_distri":"Armori","district":"Gadchiroli","dtcode":475,"district_h":"GADCHIROLI","state":"MH","stcode":27,"country":"India","total_urba":"Rural","total_hous":366,"total_popu":1513,"avg_househ":4.13387978,"total_geog":461,"total_male":762,"total_fema":751,"tapwater_t":null,"tapwater_u":null,"covered_we":null,"covered__1":"Not Available","covered__2":"Not Available","uncovered_":"Available","uncovere_1":"Available","uncovere_2":"Available","handpump_s":null,"hand_pump_":"Available","hand_pum_1":"Available","tubewell_b":null,"tube_wells":"Not Available","tube_wel_1":"Not Available","spring_sta":"Not Available","spring_fun":"Not Available","spring_f_1":"Not Available","river_cana":"Not Available","tank_pond_":"Not Available","others_sta":"Not Available","closed_dra":"Not Available","open_drain":null,"village_pi":"Available","forest_are":30,"area_under":125,"barren_unc":1,"permanent_":5,"land_under":0,"culturable":9,"fallows_la":0,"current_fa":2,"net_area_s":288,"total_unir":173,"area_irrig":115,"canals_are":0,"wells_tube":0,"tanks_lake":149,"waterfall_":0,"other_sour":24,"nearest_to":"GADCHIROLI","nearest__1":23,"shape_leng":10494.76214,"shape_le_1":10494.76214,"shape_area":5239773.079,"ds_name":"Administrative Boundary","src_agency":"Survey of India (SOI)","state_name":"Maharashtra\n","village_area_km2":5,"village_id":4090,"flood_area_km2":0.580030485,"flood_exposure_pct":11.6006097,"flood_risk":"Low","hospital_dist_km":11.443405768878597,"name":"SDH Armori","amenity":"hospital","population_density":302.6,"water_availability":149.0,"drainage_availability":0.0,"healthcare_gap_score":67.474696235456179,"river_distance_km":false,"flood_score":31.130225919798001,"population_score":16.173169428113312,"water_gap_score":66.13636363636364,"drainage_gap_score":50.0,"service_gap_score":61.203686623939937,"river_vulnerability_score":50.0,"ml_cluster":3,"ml_risk_group":"High","vulnerability_score":38.49,"vulnerability_class":"Moderate","flood_score_contribution":12.45,"population_score_contribution":3.23,"service_gap_score_contribution":15.3,"river_vulnerability_score_contribution":7.5,"underserved_score":41.68,"welfare_priority_score":38.22,"welfare_priority":"Moderate","priority_rank":30,"priority_services":"Healthcare, Drinking Water, Drainage, Evacuation Preparedness","priority_reason":"Priority is influenced by limited healthcare accessibility, water-service gap, drainage-service gap."},"geometry":null},
{"type":"Feature","properties":{"fid":27,"dn":true,"fid_2":true,"dn_2":true,"fid_3":3050,"id":39848,"objectid_1":39848,"objectid":106383,"village":"Shivni","vlcode":539176,"block":"Gadchiroli","bkcode":108.0,"subdistric":"Gadchiroli","sdcode":4057,"sub_distri":"Gadchiroli","district":"Gadchiroli","dtcode":475,"district_h":"GADCHIROLI","state":"MH","stcode":27,"country":"India","total_urba":"Rural","total_hous":482,"total_popu":1883,"avg_househ":3.906639,"total_geog":877,"total_male":954,"total_fema":929,"tapwater_t":null,"tapwater_u":null,"covered_we":null,"covered__1":"Available","covered__2":"Available","uncovered_":"Available","uncovere_1":"Available","uncovere_2":"Available","handpump_s":null,"hand_pump_":"Available","hand_pum_1":"Available","tubewell_b":null,"tube_wells":"Not Available","tube_wel_1":"Not Available","spring_sta":"Not Available","spring_fun":"Not Available","spring_f_1":"Not Available","river_cana":"Available","tank_pond_":"Available","others_sta":"Not Available","closed_dra":"Not Available","open_drain":null,"village_pi":"Available","forest_are":10,"area_under":58,"barren_unc":20,"permanent_":2,"land_under":2,"culturable":0,"fallows_la":2,"current_fa":0,"net_area_s":784,"total_unir":356,"area_irrig":428,"canals_are":0,"wells_tube":7,"tanks_lake":169,"waterfall_":0,"other_sour":180,"nearest_to":"GADCHIROLI","nearest__1":10,"shape_leng":17041.919,"shape_le_1":17041.919,"shape_area":11963491.47,"ds_name":"Administrative Boundary","src_agency":"Survey of India (SOI)","state_name":"Maharashtra\n","village_area_km2":12,"village_id":3050,"flood_area_km2":2.529473186,"flood_exposure_pct":21.07894321,"flood_risk":"Moderate","hospital_dist_km":6.9993078384019087,"name":"SDH Kurkheda","amenity":"hospital","population_density":156.91666666666666,"water_availability":169.0,"drainage_availability":0.0,"healthcare_gap_score":41.214385315736166,"river_distance_km":false,"flood_score":56.566196008099247,"population_score":8.3867806876892921,"water_gap_score":61.590909090909093,"drainage_gap_score":50.0,"service_gap_score":50.935098135548422,"river_vulnerability_score":50.0,"ml_cluster":0,"ml_risk_group":"Very High","vulnerability_score":44.54,"vulnerability_class":"Moderate","flood_score_contribution":22.63,"population_score_contribution":1.68,"service_gap_score_contribution":12.73,"river_vulnerability_score_contribution":7.5,"underserved_score":39.3,"welfare_priority_score":43.51,"welfare_priority":"Moderate","priority_rank":19,"priority_services":"Drinking Water, Drainage, Evacuation Preparedness, Emergency Flood Response","priority_reason":"Priority is influenced by high flood exposure, water-service gap, drainage-service gap."},"geometry":null},
{"type":"Feature","properties":{"fid":28,"dn":true,"fid_2":true,"dn_2":true,"fid_3":3039,"id":39837,"objectid_1":39837,"objectid":106372,"village":"Krupala","vlcode":539163,"block":"Gadchiroli","bkcode":108.0,"subdistric":"Gadchiroli","sdcode":4057,"sub_distri":"Gadchiroli","district":"Gadchiroli","dtcode":475,"district_h":"GADCHIROLI","state":"MH","stcode":27,"country":"India","total_urba":"Rural","total_hous":47,"total_popu":204,"avg_househ":4.34042553,"total_geog":51,"total_male":104,"total_fema":100,"tapwater_t":null,"tapwater_u":null,"covered_we":null,"covered__1":"Available","covered__2":"Available","uncovered_":"Available","uncovere_1":"Available","uncovere_2":"Available","handpump_s":null,"hand_pump_":"Available","hand_pum_1":"Available","tubewell_b":null,"tube_wells":"Not Available","tube_wel_1":"Not Available","spring_sta":"Not Available","spring_fun":"Not Available","spring_f_1":"Not Available","river_cana":"Available","tank_pond_":"Available","others_sta":"Not Available","closed_dra":"Not Available","open_drain":null,"village_pi":"Available","forest_are":0,"area_under":7,"barren_unc":0,"permanent_":3,"land_under":0,"culturable":1,"fallows_la":4,"current_fa":0,"net_area_s":36,"total_unir":45,"area_irrig":-8,"canals_are":0,"wells_tube":0,"tanks_lake":45,"waterfall_":0,"other_sour":0,"nearest_to":"GADCHIROLI","nearest__1":9,"shape_leng":9923.128263000001,"shape_le_1":9923.128263000001,"shape_area":4614782.326,"ds_name":"Administrative Boundary","src_agency":"Survey of India (SOI)","state_name":"Maharashtra\n","village_area_km2":5,"village_id":3039,"flood_area_km2":0.023927585,"flood_exposure_pct":0.478551693,"flood_risk":"Low","hospital_dist_km":4.7465130458433924,"name":"Lifeline Hospital & Ayurvedic Panchakarma Centre","amenity":"hospital","population_density":40.8,"water_availability":45.0,"drainage_availability":0.0,"healthcare_gap_score":27.902551819626154,"river_distance_km":false,"flood_score":1.2831716366866444,"population_score":2.1806520577231425,"water_gap_score":89.772727272727266,"drainage_gap_score":50.0,"service_gap_score":55.891759697451143,"river_vulnerability_score":50.0,"ml_cluster":4,"ml_risk_group":"Low","vulnerability_score":22.42,"vulnerability_class":"Low","flood_score_contribution":0.51,"population_score_contribution":0.44,"service_gap_score_contribution":13.97,"river_vulnerability_score_contribution":7.5,"underserved_score":28.86,"welfare_priority_score":20.6,"welfare_priority":"Low","priority_rank":188,"priority_services":"Drinking Water, Drainage, Evacuation Preparedness","priority_reason":"Priority is influenced by water-service gap, drainage-service gap."},"geometry":null},
{"type":"Feature","properties":{"fid":29,"dn":true,"fid_2":true,"dn_2":true,"fid_3":2919,"id":39755,"objectid_1":39755,"objectid":106290,"village":"Rudrapur","vlcode":540955,"block":"Sawali","bkcode":119.0,"subdistric":"Sawali","sdcode":4068,"sub_distri":"Sawali","district":"Chandrapur","dtcode":473,"district_h":"CHANDRAPUR","state":"MH","stcode":27,"country":"India","total_urba":"Rural","total_hous":180,"total_popu":668,"avg_househ":3.71111111,"total_geog":583,"total_male":435,"total_fema":233,"tapwater_t":null,"tapwater_u":null,"covered_we":null,"covered__1":"Not Available","covered__2":"Not Available","uncovered_":"Available","uncovere_1":"Available","uncovere_2":"Available","handpump_s":null,"hand_pump_":"Available","hand_pum_1":"Available","tubewell_b":null,"tube_wells":"Not Available","tube_wel_1":"Not Available","spring_sta":"Not Available","spring_fun":"Not Available","spring_f_1":"Not Available","river_cana":"Available","tank_pond_":"Not Available","others_sta":"Not Available","closed_dra":"Not Available","open_drain":null,"village_pi":"Available","forest_are":22,"area_under":67,"barren_unc":19,"permanent_":0,"land_under":51,"culturable":0,"fallows_la":0,"current_fa":20,"net_area_s":404,"total_unir":67,"area_irrig":337,"canals_are":18,"wells_tube":6,"tanks_lake":43,"waterfall_":0,"other_sour":0,"nearest_to":"MUL","nearest__1":17,"shape_leng":9292.900175000001,"shape_le_1":9292.900175000001,"shape_area":4700067.85,"ds_name":"Administrative Boundary","src_agency":"Survey of India (SOI)","state_name":"Maharashtra\n","village_area_km2":5,"village_id":2919,"flood_area_km2":0.04844347,"flood_exposure_pct":0.968869402,"flood_risk":"Low","hospital_dist_km":4.4190719449313356,"name":"Rural Hospital, Saoli","amenity":"hospital","population_density":133.6,"water_availability":43.0,"drainage_availability":0.0,"healthcare_gap_score":25.967692315545936,"river_distance_km":false,"flood_score":2.5989838062764012,"population_score":7.1405665419561721,"water_gap_score":90.22727272727272,"drainage_gap_score":50.0,"service_gap_score":55.398321680939546,"river_vulnerability_score":50.0,"ml_cluster":4,"ml_risk_group":"Low","vulnerability_score":23.82,"vulnerability_class":"Low","flood_score_contribution":1.04,"population_score_contribution":1.43,"service_gap_score_contribution":13.85,"river_vulnerability_score_contribution":7.5,"underserved_score":30.36,"welfare_priority_score":22.12,"welfare_priority":"Low","priority_rank":175,"priority_services":"Drinking Water, Drainage, Evacuation Preparedness","priority_reason":"Priority is influenced by water-service gap, drainage-service gap."},"geometry":null},
{"type":"Feature","properties":{"fid":30,"dn":true,"fid_2":true,"dn_2":true,"fid_3":3130,"id":39928,"objectid_1":39928,"objectid":106463,"village":"Amgaon Chak No 2","vlcode":539352,"block":"Chamorshi","bkcode":109.0,"subdistric":"Chamorshi","sdcode":4058,"sub_distri":"Chamorshi","district":"Gadchiroli","dtcode":475,"district_h":"GADCHIROLI","state":"MH","stcode":27,"country":"India","total_urba":"Rural","total_hous":70,"total_popu":240,"avg_househ":3.42857143,"total_geog":177,"total_male":120,"total_fema":120,"tapwater_t":null,"tapwater_u":null,"covered_we":null,"covered__1":"Not Available","covered__2":"Not Available","uncovered_":"Available","uncovere_1":"Available","uncovere_2":"Available","handpump_s":null,"hand_pump_":"Available","hand_pum_1":"Available","tubewell_b":null,"tube_wells":"Not Available","tube_wel_1":"Not Available","spring_sta":"Not Available","spring_fun":"Not Available","spring_f_1":"Not Available","river_cana":"Not Available","tank_pond_":"Not Available","others_sta":"Not Available","closed_dra":"Not Available","open_drain":null,"village_pi":"Available","forest_are":58,"area_under":8,"barren_unc":1,"permanent_":0,"land_under":0,"culturable":0,"fallows_la":0,"current_fa":0,"net_area_s":110,"total_unir":81,"area_irrig":29,"canals_are":81,"wells_tube":0,"tanks_lake":0,"waterfall_":0,"other_sour":0,"nearest_to":"GADCHIROLI","nearest__1":42,"shape_leng":9056.683296,"shape_le_1":9056.683296,"shape_area":2893717.482,"ds_name":"Administrative Boundary","src_agency":"Survey of India (SOI)","state_name":"Maharashtra\n","village_area_km2":3,"village_id":3130,"flood_area_km2":6.86e-05,"flood_exposure_pct":0.002285233,"flood_risk":"Low","hospital_dist_km":6.8594381714492636,"name":"General Hospital, Chamorshi","amenity":"hospital","population_density":80.0,"water_availability":0.0,"drainage_availability":0.0,"healthcare_gap_score":40.387891165545341,"river_distance_km":false,"flood_score":0.0050672718381107274,"population_score":4.2757883484767509,"water_gap_score":100.0,"drainage_gap_score":50.0,"service_gap_score":63.462630388515116,"river_vulnerability_score":50.0,"ml_cluster":4,"ml_risk_group":"Low","vulnerability_score":24.22,"vulnerability_class":"Low","flood_score_contribution":0.0,"population_score_contribution":0.86,"service_gap_score_contribution":15.87,"river_vulnerability_score_contribution":7.5,"underserved_score":33.02,"welfare_priority_score":23.2,"welfare_priority":"Low","priority_rank":168,"priority_services":"Drinking Water, Drainage, Evacuation Preparedness","priority_reason":"Priority is influenced by water-service gap, drainage-service gap."},"geometry":null},
{"type":"Feature","properties":{"fid":31,"dn":true,"fid_2":true,"dn_2":true,"fid_3":4135,"id":40965,"objectid_1":40965,"objectid":107500,"village":"Jepra","vlcode":539146,"block":"Gadchiroli","bkcode":108.0,"subdistric":"Gadchiroli","sdcode":4057,"sub_distri":"Gadchiroli","district":"Gadchiroli","dtcode":475,"district_h":"GADCHIROLI","state":"MH","stcode":27,"country":"India","total_urba":"Rural","total_hous":239,"total_popu":929,"avg_househ":3.88702929,"total_geog":165,"total_male":473,"total_fema":456,"tapwater_t":null,"tapwater_u":null,"covered_we":null,"covered__1":"Not Available","covered__2":"Not Available","uncovered_":"Available","uncovere_1":"Available","uncovere_2":"Available","handpump_s":null,"hand_pump_":"Available","hand_pum_1":"Available","tubewell_b":null,"tube_wells":"Not Available","tube_wel_1":"Not Available","spring_sta":"Not Available","spring_fun":"Not Available","spring_f_1":"Not Available","river_cana":"Available","tank_pond_":"Available","others_sta":"Not Available","closed_dra":"Not Available","open_drain":null,"village_pi":"Available","forest_are":0,"area_under":5,"barren_unc":30,"permanent_":4,"land_under":0,"culturable":9,"fallows_la":1,"current_fa":0,"net_area_s":116,"total_unir":98,"area_irrig":18,"canals_are":0,"wells_tube":5,"tanks_lake":93,"waterfall_":0,"other_sour":0,"nearest_to":"GADCHIROLI","nearest__1":11,"shape_leng":4646.90465,"shape_le_1":4646.90465,"shape_area":1245131.853,"ds_name":"Administrative Boundary","src_agency":"Survey of India (SOI)","state_name":"Maharashtra\n","village_area_km2":1,"village_id":4135,"flood_area_km2":0.009647854,"flood_exposure_pct":0.964785358,"flood_risk":"Low","hospital_dist_km":6.0004125116547558,"name":"Janatal Hospital","amenity":"hospital","population_density":929.0,"water_availability":93.0,"drainage_availability":0.0,"healthcare_gap_score":35.311882205544379,"river_distance_km":false,"flood_score":2.5880239027328398,"population_score":49.652592196686264,"water_gap_score":78.86363636363636,"drainage_gap_score":50.0,"service_gap_score":54.725172856393577,"river_vulnerability_score":50.0,"ml_cluster":2,"ml_risk_group":"Moderate","vulnerability_score":32.15,"vulnerability_class":"Moderate","flood_score_contribution":1.04,"population_score_contribution":9.93,"service_gap_score_contribution":13.68,"river_vulnerability_score_contribution":7.5,"underserved_score":42.78,"welfare_priority_score":31.66,"welfare_priority":"Moderate","priority_rank":75,"priority_services":"Drinking Water, Drainage, Evacuation Preparedness","priority_reason":"Priority is influenced by water-service gap, drainage-service gap."},"geometry":null},
{"type":"Feature","properties":{"fid":32,"dn":true,"fid_2":true,"dn_2":true,"fid_3":2952,"id":39761,"objectid_1":39761,"objectid":106296,"village":"Pethgaon","vlcode":540958,"block":"Sawali","bkcode":119.0,"subdistric":"Sawali","sdcode":4068,"sub_distri":"Sawali","district":"Chandrapur","dtcode":473,"district_h":"CHANDRAPUR","state":"MH","stcode":27,"country":"India","total_urba":"Rural","total_hous":142,"total_popu":585,"avg_househ":4.11971831,"total_geog":354,"total_male":294,"total_fema":291,"tapwater_t":null,"tapwater_u":null,"covered_we":null,"covered__1":"Not Available","covered__2":"Not Available","uncovered_":"Available","uncovere_1":"Not Available","uncovere_2":"Not Available","handpump_s":null,"hand_pump_":"Available","hand_pum_1":"Available","tubewell_b":null,"tube_wells":"Not Available","tube_wel_1":"Not Available","spring_sta":"Not Available","spring_fun":"Not Available","spring_f_1":"Not Available","river_cana":"Not Available","tank_pond_":"Not Available","others_sta":"Not Available","closed_dra":"Not Available","open_drain":null,"village_pi":"Available","forest_are":0,"area_under":141,"barren_unc":0,"permanent_":0,"land_under":0,"culturable":0,"fallows_la":0,"current_fa":13,"net_area_s":201,"total_unir":149,"area_irrig":52,"canals_are":105,"wells_tube":44,"tanks_lake":0,"waterfall_":0,"other_sour":0,"nearest_to":"MUL","nearest__1":18,"shape_leng":9960.577663,"shape_le_1":9960.577663,"shape_area":5560779.904,"ds_name":"Administrative Boundary","src_agency":"Survey of India (SOI)","state_name":"Maharashtra\n","village_area_km2":6,"village_id":2952,"flood_area_km2":0.007244689,"flood_exposure_pct":0.120744823,"flood_risk":"Low","hospital_dist_km":9.4303751613060793,"name":"Rural Hospital, Saoli","amenity":"hospital","population_density":97.5,"water_availability":0.0,"drainage_availability":0.0,"healthcare_gap_score":55.579636659193213,"river_distance_km":false,"flood_score":0.32296435624999165,"population_score":5.2111170497060399,"water_gap_score":100.0,"drainage_gap_score":50.0,"service_gap_score":68.526545553064409,"river_vulnerability_score":50.0,"ml_cluster":1,"ml_risk_group":"Very Low","vulnerability_score":25.8,"vulnerability_class":"Moderate","flood_score_contribution":0.13,"population_score_contribution":1.04,"service_gap_score_contribution":17.13,"river_vulnerability_score_contribution":7.5,"underserved_score":35.89,"welfare_priority_score":25.32,"welfare_priority":"Moderate","priority_rank":148,"priority_services":"Healthcare, Drinking Water, Drainage, Evacuation Preparedness","priority_reason":"Priority is influenced by limited healthcare accessibility, water-service gap, drainage-service gap."},"geometry":null},
{"type":"Feature","properties":{"fid":33,"dn":true,"fid_2":true,"dn_2":true,"fid_3":4302,"id":41201,"objectid_1":41201,"objectid":107736,"village":"Pewati Alies Nawegaon","vlcode":538576,"block":"Armori","bkcode":104.0,"subdistric":"Armori","sdcode":4053,"sub_distri":"Armori","district":"Gadchiroli","dtcode":475,"district_h":"GADCHIROLI","state":"MH","stcode":27,"country":"India","total_urba":"Rural","total_hous":0,"total_popu":0,"avg_househ":0.0,"total_geog":401,"total_male":0,"total_fema":0,"tapwater_t":null,"tapwater_u":null,"covered_we":null,"covered__1":null,"covered__2":null,"uncovered_":null,"uncovere_1":null,"uncovere_2":null,"handpump_s":null,"hand_pump_":null,"hand_pum_1":null,"tubewell_b":null,"tube_wells":null,"tube_wel_1":null,"spring_sta":null,"spring_fun":null,"spring_f_1":null,"river_cana":null,"tank_pond_":null,"others_sta":null,"closed_dra":null,"open_drain":null,"village_pi":null,"forest_are":89,"area_under":42,"barren_unc":0,"permanent_":6,"land_under":0,"culturable":101,"fallows_la":0,"current_fa":0,"net_area_s":162,"total_unir":78,"area_irrig":85,"canals_are":0,"wells_tube":0,"tanks_lake":78,"waterfall_":0,"other_sour":0,"nearest_to":null,"nearest__1":0,"shape_leng":6165.409767,"shape_le_1":6165.409767,"shape_area":2275616.108,"ds_name":"Administrative Boundary","src_agency":"Survey of India (SOI)","state_name":"Maharashtra\n","village_area_km2":2,"village_id":4302,"flood_area_km2":0.008545169,"flood_exposure_pct":0.42725843,"flood_risk":"Low","hospital_dist_km":8.4822566160730766,"name":"SDH Armori","amenity":"hospital","population_density":0.0,"water_availability":78.0,"drainage_availability":0.0,"healthcare_gap_score":49.977175107698855,"river_distance_km":false,"flood_score":1.1455214999803482,"population_score":0.0,"water_gap_score":82.27272727272728,"drainage_gap_score":50.0,"service_gap_score":60.749967460142045,"river_vulnerability_score":50.0,"ml_cluster":1,"ml_risk_group":"Very Low","vulnerability_score":23.15,"vulnerability_class":"Low","flood_score_contribution":0.46,"population_score_contribution":0.0,"service_gap_score_contribution":15.19,"river_vulnerability_score_contribution":7.5,"underserved_score":30.6,"welfare_priority_score":21.74,"welfare_priority":"Low","priority_rank":179,"priority_services":"Drinking Water, Drainage, Evacuation Preparedness","priority_reason":"Priority is influenced by water-service gap, drainage-service gap."},"geometry":null},
{"type":"Feature","properties":{"fid":34,"dn":true,"fid_2":true,"dn_2":true,"fid_3":4131,"id":40961,"objectid_1":40961,"objectid":107496,"village":"Gogaon","vlcode":539111,"block":"Gadchiroli","bkcode":108.0,"subdistric":"Gadchiroli","sdcode":4057,"sub_distri":"Gadchiroli","district":"Gadchiroli","dtcode":475,"district_h":"GADCHIROLI","state":"MH","stcode":27,"country":"India","total_urba":"Rural","total_hous":500,"total_popu":2040,"avg_househ":4.08,"total_geog":888,"total_male":1027,"total_fema":1013,"tapwater_t":null,"tapwater_u":null,"covered_we":null,"covered__1":"Available","covered__2":"Available","uncovered_":"Available","uncovere_1":"Available","uncovere_2":"Available","handpump_s":null,"hand_pump_":"Available","hand_pum_1":"Available","tubewell_b":null,"tube_wells":"Not Available","tube_wel_1":"Not Available","spring_sta":"Not Available","spring_fun":"Not Available","spring_f_1":"Not Available","river_cana":"Available","tank_pond_":"Available","others_sta":"Not Available","closed_dra":"Not Available","open_drain":null,"village_pi":"Available","forest_are":363,"area_under":111,"barren_unc":0,"permanent_":21,"land_under":0,"culturable":9,"fallows_la":4,"current_fa":3,"net_area_s":377,"total_unir":198,"area_irrig":179,"canals_are":0,"wells_tube":1,"tanks_lake":187,"waterfall_":0,"other_sour":10,"nearest_to":"GADCHIROLI","nearest__1":5,"shape_leng":16164.24509,"shape_le_1":16164.24509,"shape_area":8522063.61,"ds_name":"Administrative Boundary","src_agency":"Survey of India (SOI)","state_name":"Maharashtra\n","village_area_km2":9,"village_id":4131,"flood_area_km2":0.671162168,"flood_exposure_pct":7.457357427,"flood_risk":"Low","hospital_dist_km":0.88095795942127464,"name":"Janatal Hospital","amenity":"hospital","population_density":226.66666666666666,"water_availability":187.0,"drainage_availability":0.0,"healthcare_gap_score":5.060868302570622,"river_distance_km":false,"flood_score":20.011431590275176,"population_score":12.11473365401746,"water_gap_score":57.5,"drainage_gap_score":50.0,"service_gap_score":37.520289434190211,"river_vulnerability_score":50.0,"ml_cluster":3,"ml_risk_group":"High","vulnerability_score":27.31,"vulnerability_class":"Moderate","flood_score_contribution":8.0,"population_score_contribution":2.42,"service_gap_score_contribution":9.38,"river_vulnerability_score_contribution":7.5,"underserved_score":26.4,"welfare_priority_score":24.32,"welfare_priority":"Low","priority_rank":159,"priority_services":"Drinking Water, Drainage, Evacuation Preparedness","priority_reason":"Priority is influenced by water-service gap, drainage-service gap."},"geometry":null},
{"type":"Feature","properties":{"fid":35,"dn":true,"fid_2":true,"dn_2":true,"fid_3":4353,"id":41195,"objectid_1":41195,"objectid":107730,"village":"Akapur Chak","vlcode":538587,"block":"Armori","bkcode":104.0,"subdistric":"Armori","sdcode":4053,"sub_distri":"Armori","district":"Gadchiroli","dtcode":475,"district_h":"GADCHIROLI","state":"MH","stcode":27,"country":"India","total_urba":"Rural","total_hous":164,"total_popu":572,"avg_househ":3.48780488,"total_geog":428,"total_male":287,"total_fema":285,"tapwater_t":null,"tapwater_u":null,"covered_we":null,"covered__1":"Not Available","covered__2":"Not Available","uncovered_":"Available","uncovere_1":"Not Available","uncovere_2":"Not Available","handpump_s":null,"hand_pump_":"Available","hand_pum_1":"Available","tubewell_b":null,"tube_wells":"Not Available","tube_wel_1":"Not Available","spring_sta":"Not Available","spring_fun":"Not Available","spring_f_1":"Not Available","river_cana":"Not Available","tank_pond_":"Not Available","others_sta":"Not Available","closed_dra":"Not Available","open_drain":null,"village_pi":"Available","forest_are":122,"area_under":53,"barren_unc":0,"permanent_":0,"land_under":0,"culturable":0,"fallows_la":6,"current_fa":2,"net_area_s":245,"total_unir":12,"area_irrig":234,"canals_are":0,"wells_tube":0,"tanks_lake":12,"waterfall_":0,"other_sour":0,"nearest_to":"GADCHIROLI","nearest__1":27,"shape_leng":10142.16361,"shape_le_1":10142.16361,"shape_area":4509742.97,"ds_name":"Administrative Boundary","src_agency":"Survey of India (SOI)","state_name":"Maharashtra\n","village_area_km2":5,"village_id":4353,"flood_area_km2":0.017670266,"flood_exposure_pct":0.353405325,"flood_risk":"Low","hospital_dist_km":10.502377384286593,"name":"SDH Armori","amenity":"hospital","population_density":114.4,"water_availability":12.0,"drainage_availability":0.0,"healthcare_gap_score":61.914130660561838,"river_distance_km":false,"flood_score":0.94732997530712837,"population_score":6.114377338321753,"water_gap_score":97.272727272727266,"drainage_gap_score":50.0,"service_gap_score":69.728952644429697,"river_vulnerability_score":50.0,"ml_cluster":1,"ml_risk_group":"Very Low","vulnerability_score":26.53,"vulnerability_class":"Moderate","flood_score_contribution":0.38,"population_score_contribution":1.22,"service_gap_score_contribution":17.43,"river_vulnerability_score_contribution":7.5,"underserved_score":36.89,"welfare_priority_score":26.21,"welfare_priority":"Moderate","priority_rank":139,"priority_services":"Healthcare, Drinking Water, Drainage, Evacuation Preparedness","priority_reason":"Priority is influenced by limited healthcare accessibility, water-service gap, drainage-service gap."},"geometry":null},
{"type":"Feature","properties":{"fid":36,"dn":true,"fid_2":true,"dn_2":true,"fid_3":4441,"id":41409,"objectid_1":41409,"objectid":107944,"village":"Pathargaon R F","vlcode":999999,"block":null,"bkcode":null,"subdistric":"Armori","sdcode":4053,"sub_distri":null,"district":"Gadchiroli","dtcode":475,"district_h":null,"state":"MH","stcode":27,"country":"India","total_urba":"Rural","total_hous":0,"total_popu":0,"avg_househ":0.0,"total_geog":0,"total_male":0,"total_fema":0,"tapwater_t":null,"tapwater_u":null,"covered_we":null,"covered__1":null,"covered__2":null,"uncovered_":null,"uncovere_1":null,"uncovere_2":null,"handpump_s":null,"hand_pump_":null,"hand_pum_1":null,"tubewell_b":null,"tube_wells":null,"tube_wel_1":null,"spring_sta":null,"spring_fun":null,"spring_f_1":null,"river_cana":null,"tank_pond_":null,"others_sta":null,"closed_dra":null,"open_drain":null,"village_pi":null,"forest_are":0,"area_under":0,"barren_unc":0,"permanent_":0,"land_under":0,"culturable":0,"fallows_la":0,"current_fa":0,"net_area_s":0,"total_unir":0,"area_irrig":0,"canals_are":0,"wells_tube":0,"tanks_lake":0,"waterfall_":0,"other_sour":0,"nearest_to":null,"nearest__1":0,"shape_leng":85326.29652,"shape_le_1":85326.29652,"shape_area":85000755.84,"ds_name":"Administrative Boundary","src_agency":"Survey of India (SOI)","state_name":"Maharashtra\n","village_area_km2":88,"village_id":4441,"flood_area_km2":0.211281204,"flood_exposure_pct":0.240092277,"flood_risk":"Low","hospital_dist_km":11.31311896654436,"name":"SDH Armori","amenity":"hospital","population_density":0.0,"water_availability":0.0,"drainage_availability":0.0,"healthcare_gap_score":66.704827526089971,"river_distance_km":false,"flood_score":0.64324410446270341,"population_score":0.0,"water_gap_score":100.0,"drainage_gap_score":50.0,"service_gap_score":72.234942508696648,"river_vulnerability_score":50.0,"ml_cluster":1,"ml_risk_group":"Very Low","vulnerability_score":25.82,"vulnerability_class":"Moderate","flood_score_contribution":0.26,"population_score_contribution":0.0,"service_gap_score_contribution":18.06,"river_vulnerability_score_contribution":7.5,"underserved_score":36.25,"welfare_priority_score":25.55,"welfare_priority":"Moderate","priority_rank":142,"priority_services":"Healthcare, Drinking Water, Drainage, Evacuation Preparedness","priority_reason":"Priority is influenced by limited healthcare accessibility, water-service gap, drainage-service gap."},"geometry":null},
{"type":"Feature","properties":{"fid":37,"dn":true,"fid_2":true,"dn_2":true,"fid_3":4652,"id":41906,"objectid_1":41906,"objectid":108441,"village":"Awali","vlcode":537514,"block":"Lakhandur","bkcode":94.0,"subdistric":"Lakhandur","sdcode":4043,"sub_distri":"Lakhandur","district":"Bhandara","dtcode":471,"district_h":"BHANDARA","state":"MH","stcode":27,"country":"India","total_urba":"Rural","total_hous":98,"total_popu":431,"avg_househ":4.39795918,"total_geog":328,"total_male":208,"total_fema":223,"tapwater_t":null,"tapwater_u":null,"covered_we":null,"covered__1":"Not Available","covered__2":"Not Available","uncovered_":"Available","uncovere_1":"Available","uncovere_2":"Available","handpump_s":null,"hand_pump_":"Available","hand_pum_1":"Available","tubewell_b":null,"tube_wells":"Available","tube_wel_1":"Available","spring_sta":"Not Available","spring_fun":"Not Available","spring_f_1":"Not Available","river_cana":"Available","tank_pond_":"Not Available","others_sta":"Not Available","closed_dra":"Not Available","open_drain":null,"village_pi":"Available","forest_are":0,"area_under":2,"barren_unc":4,"permanent_":3,"land_under":0,"culturable":0,"fallows_la":139,"current_fa":2,"net_area_s":177,"total_unir":13,"area_irrig":164,"canals_are":0,"wells_tube":13,"tanks_lake":0,"waterfall_":0,"other_sour":0,"nearest_to":"Desaiganj","nearest__1":8,"shape_leng":6646.915213,"shape_le_1":6646.915213,"shape_area":2693400.51,"ds_name":"Administrative Boundary","src_agency":"Survey of India (SOI)","state_name":"Maharashtra\n","village_area_km2":3,"village_id":4652,"flood_area_km2":0.035671915,"flood_exposure_pct":1.189063824,"flood_risk":"Low","hospital_dist_km":1.5338401982595573,"name":"Government Hospital, Soni","amenity":"hospital","population_density":143.66666666666666,"water_availability":0.0,"drainage_availability":0.0,"healthcare_gap_score":8.9187694681322878,"river_distance_km":false,"flood_score":3.1898955657849331,"population_score":7.6786032424728301,"water_gap_score":100.0,"drainage_gap_score":50.0,"service_gap_score":52.972923156044089,"river_vulnerability_score":50.0,"ml_cluster":4,"ml_risk_group":"Low","vulnerability_score":23.55,"vulnerability_class":"Low","flood_score_contribution":1.28,"population_score_contribution":1.54,"service_gap_score_contribution":13.24,"river_vulnerability_score_contribution":7.5,"underserved_score":29.43,"welfare_priority_score":21.65,"welfare_priority":"Low","priority_rank":180,"priority_services":"Drinking Water, Drainage, Evacuation Preparedness","priority_reason":"Priority is influenced by water-service gap, drainage-service gap."},"geometry":null},
{"type":"Feature","properties":{"fid":38,"dn":true,"fid_2":true,"dn_2":true,"fid_3":4114,"id":40944,"objectid_1":40944,"objectid":107479,"village":"Nagri","vlcode":539100,"block":"Gadchiroli","bkcode":108.0,"subdistric":"Gadchiroli","sdcode":4057,"sub_distri":"Gadchiroli","district":"Gadchiroli","dtcode":475,"district_h":"GADCHIROLI","state":"MH","stcode":27,"country":"India","total_urba":"Rural","total_hous":285,"total_popu":1053,"avg_househ":3.69473684,"total_geog":665,"total_male":537,"total_fema":516,"tapwater_t":null,"tapwater_u":null,"covered_we":null,"covered__1":"Available","covered__2":"Available","uncovered_":"Available","uncovere_1":"Available","uncovere_2":"Available","handpump_s":null,"hand_pump_":"Available","hand_pum_1":"Available","tubewell_b":null,"tube_wells":"Not Available","tube_wel_1":"Not Available","spring_sta":"Not Available","spring_fun":"Not Available","spring_f_1":"Not Available","river_cana":"Not Available","tank_pond_":"Not Available","others_sta":"Not Available","closed_dra":"Not Available","open_drain":null,"village_pi":"Available","forest_are":0,"area_under":118,"barren_unc":0,"permanent_":54,"land_under":0,"culturable":49,"fallows_la":50,"current_fa":8,"net_area_s":386,"total_unir":281,"area_irrig":105,"canals_are":0,"wells_tube":3,"tanks_lake":278,"waterfall_":0,"other_sour":0,"nearest_to":"GADCHIROLI","nearest__1":16,"shape_leng":11822.58368,"shape_le_1":11822.58368,"shape_area":6239173.146,"ds_name":"Administrative Boundary","src_agency":"Survey of India (SOI)","state_name":"Maharashtra\n","village_area_km2":6,"village_id":4114,"flood_area_km2":0.613893292,"flood_exposure_pct":10.23155486,"flood_risk":"Low","hospital_dist_km":6.9050276146932399,"name":"Janatal Hospital","amenity":"hospital","population_density":175.5,"water_availability":278.0,"drainage_availability":0.0,"healthcare_gap_score":40.657280583369293,"river_distance_km":false,"flood_score":27.456242732485141,"population_score":9.3800106894708719,"water_gap_score":36.818181818181813,"drainage_gap_score":50.0,"service_gap_score":42.49182080051704,"river_vulnerability_score":50.0,"ml_cluster":3,"ml_risk_group":"High","vulnerability_score":30.98,"vulnerability_class":"Moderate","flood_score_contribution":10.98,"population_score_contribution":1.88,"service_gap_score_contribution":10.62,"river_vulnerability_score_contribution":7.5,"underserved_score":29.55,"welfare_priority_score":28.56,"welfare_priority":"Moderate","priority_rank":114,"priority_services":"Drainage, Evacuation Preparedness","priority_reason":"Priority is influenced by drainage-service gap."},"geometry":null},
{"type":"Feature","properties":{"fid":39,"dn":true,"fid_2":true,"dn_2":true,"fid_3":4183,"id":41015,"objectid_1":41015,"objectid":107550,"village":"Betala","vlcode":540775,"block":"Brahmapuri","bkcode":118.0,"subdistric":"Brahmapuri","sdcode":4067,"sub_distri":"Brahmapuri","district":"Chandrapur","dtcode":473,"district_h":"CHANDRAPUR","state":"MH","stcode":27,"country":"India","total_urba":"Rural","total_hous":397,"total_popu":1669,"avg_househ":4.20403023,"total_geog":429,"total_male":830,"total_fema":839,"tapwater_t":null,"tapwater_u":null,"covered_we":null,"covered__1":"Not Available","covered__2":"Not Available","uncovered_":"Available","uncovere_1":"Available","uncovere_2":"Available","handpump_s":null,"hand_pump_":"Available","hand_pum_1":"Available","tubewell_b":null,"tube_wells":"Not Available","tube_wel_1":"Not Available","spring_sta":"Not Available","spring_fun":"Not Available","spring_f_1":"Not Available","river_cana":"Not Available","tank_pond_":"Not Available","others_sta":"Not Available","closed_dra":"Not Available","open_drain":null,"village_pi":"Available","forest_are":0,"area_under":12,"barren_unc":0,"permanent_":1,"land_under":0,"culturable":2,"fallows_la":36,"current_fa":2,"net_area_s":376,"total_unir":23,"area_irrig":353,"canals_are":0,"wells_tube":23,"tanks_lake":0,"waterfall_":0,"other_sour":0,"nearest_to":"BRAHMAPURI","nearest__1":7,"shape_leng":7823.784912,"shape_le_1":7823.784912,"shape_area":3570438.593,"ds_name":"Administrative Boundary","src_agency":"Survey of India (SOI)","state_name":"Maharashtra\n","village_area_km2":4,"village_id":4183,"flood_area_km2":0.262614772,"flood_exposure_pct":6.565369298,"flood_risk":"Low","hospital_dist_km":5.5747760583126285,"name":"Akshay Nursing Home","amenity":"hospital","population_density":417.25,"water_availability":0.0,"drainage_availability":0.0,"healthcare_gap_score":32.796783353451296,"river_distance_km":false,"flood_score":17.617700314157229,"population_score":22.300908605024048,"water_gap_score":100.0,"drainage_gap_score":50.0,"service_gap_score":60.932261117817099,"river_vulnerability_score":50.0,"ml_cluster":4,"ml_risk_group":"Low","vulnerability_score":34.24,"vulnerability_class":"Moderate","flood_score_contribution":7.05,"population_score_contribution":4.46,"service_gap_score_contribution":15.23,"river_vulnerability_score_contribution":7.5,"underserved_score":40.68,"welfare_priority_score":33.85,"welfare_priority":"Moderate","priority_rank":50,"priority_services":"Drinking Water, Drainage, Evacuation Preparedness","priority_reason":"Priority is influenced by water-service gap, drainage-service gap."},"geometry":null},
{"type":"Feature","properties":{"fid":40,"dn":true,"fid_2":true,"dn_2":true,"fid_3":4338,"id":41181,"objectid_1":41181,"objectid":107716,"village":"Wasala","vlcode":538527,"block":"Armori","bkcode":104.0,"subdistric":"Armori","sdcode":4053,"sub_distri":"Armori","district":"Gadchiroli","dtcode":475,"district_h":"GADCHIROLI","state":"MH","stcode":27,"country":"India","total_urba":"Rural","total_hous":670,"total_popu":2738,"avg_househ":4.08656716,"total_geog":398,"total_male":1374,"total_fema":1364,"tapwater_t":null,"tapwater_u":null,"covered_we":null,"covered__1":"Available","covered__2":"Available","uncovered_":"Available","uncovere_1":"Available","uncovere_2":"Available","handpump_s":null,"hand_pump_":"Available","hand_pum_1":"Available","tubewell_b":null,"tube_wells":"Not Available","tube_wel_1":"Not Available","spring_sta":"Not Available","spring_fun":"Not Available","spring_f_1":"Not Available","river_cana":"Available","tank_pond_":"Available","others_sta":"Not Available","closed_dra":"Not Available","open_drain":null,"village_pi":"Available","forest_are":33,"area_under":19,"barren_unc":0,"permanent_":24,"land_under":0,"culturable":6,"fallows_la":10,"current_fa":0,"net_area_s":306,"total_unir":126,"area_irrig":179,"canals_are":0,"wells_tube":20,"tanks_lake":106,"waterfall_":0,"other_sour":0,"nearest_to":"DESAIGANJ","nearest__1":25,"shape_leng":9672.637156000001,"shape_le_1":9672.637156000001,"shape_area":3625076.728,"ds_name":"Administrative Boundary","src_agency":"Survey of India (SOI)","state_name":"Maharashtra\n","village_area_km2":4,"village_id":4338,"flood_area_km2":0.023990175,"flood_exposure_pct":0.599754385,"flood_risk":"Low","hospital_dist_km":5.1016033770625979,"name":"SDH Armori","amenity":"hospital","population_density":684.5,"water_availability":106.0,"drainage_availability":0.0,"healthcare_gap_score":30.000791473269988,"river_distance_km":false,"flood_score":1.608430084817954,"population_score":36.584714056654192,"water_gap_score":75.909090909090907,"drainage_gap_score":50.0,"service_gap_score":51.96996079412029,"river_vulnerability_score":50.0,"ml_cluster":2,"ml_risk_group":"Moderate","vulnerability_score":28.45,"vulnerability_class":"Moderate","flood_score_contribution":0.64,"population_score_contribution":7.32,"service_gap_score_contribution":12.99,"river_vulnerability_score_contribution":7.5,"underserved_score":37.28,"welfare_priority_score":27.28,"welfare_priority":"Moderate","priority_rank":129,"priority_services":"Drinking Water, Drainage, Evacuation Preparedness","priority_reason":"Priority is influenced by water-service gap, drainage-service gap."},"geometry":null},
{"type":"Feature","properties":{"fid":41,"dn":true,"fid_2":true,"dn_2":true,"fid_3":3023,"id":39819,"objectid_1":39819,"objectid":106354,"village":"Wagholi","vlcode":540916,"block":"Sawali","bkcode":119.0,"subdistric":"Sawali","sdcode":4068,"sub_distri":"Sawali","district":"Chandrapur","dtcode":473,"district_h":"CHANDRAPUR","state":"MH","stcode":27,"country":"India","total_urba":"Rural","total_hous":176,"total_popu":675,"avg_househ":3.83522727,"total_geog":128,"total_male":329,"total_fema":346,"tapwater_t":null,"tapwater_u":null,"covered_we":null,"covered__1":"Not Available","covered__2":"Not Available","uncovered_":"Available","uncovere_1":"Available","uncovere_2":"Available","handpump_s":null,"hand_pump_":"Available","hand_pum_1":"Available","tubewell_b":null,"tube_wells":"Not Available","tube_wel_1":"Not Available","spring_sta":"Not Available","spring_fun":"Not Available","spring_f_1":"Not Available","river_cana":"Available","tank_pond_":"Not Available","others_sta":"Not Available","closed_dra":"Not Available","open_drain":null,"village_pi":"Available","forest_are":0,"area_under":40,"barren_unc":0,"permanent_":1,"land_under":0,"culturable":4,"fallows_la":0,"current_fa":12,"net_area_s":72,"total_unir":75,"area_irrig":-3,"canals_are":68,"wells_tube":0,"tanks_lake":7,"waterfall_":0,"other_sour":0,"nearest_to":"GADCHIROLI","nearest__1":13,"shape_leng":5338.681717,"shape_le_1":5338.681717,"shape_area":1602457.225,"ds_name":"Administrative Boundary","src_agency":"Survey of India (SOI)","state_name":"Maharashtra\n","village_area_km2":2,"village_id":3023,"flood_area_km2":0.067290395,"flood_exposure_pct":3.364519746,"flood_risk":"Low","hospital_dist_km":8.5359552503483407,"name":"Dr. Mallick Hospital","amenity":"hospital","population_density":337.5,"water_availability":7.0,"drainage_availability":0.0,"healthcare_gap_score":50.294481983940784,"river_distance_km":false,"flood_score":9.0279294039094804,"population_score":18.038482095136292,"water_gap_score":98.409090909090907,"drainage_gap_score":50.0,"service_gap_score":66.234524297677225,"river_vulnerability_score":50.0,"ml_cluster":1,"ml_risk_group":"Very Low","vulnerability_score":31.28,"vulnerability_class":"Moderate","flood_score_contribution":3.61,"population_score_contribution":3.61,"service_gap_score_contribution":16.56,"river_vulnerability_score_contribution":7.5,"underserved_score":40.33,"welfare_priority_score":31.12,"welfare_priority":"Moderate","priority_rank":82,"priority_services":"Healthcare, Drinking Water, Drainage, Evacuation Preparedness","priority_reason":"Priority is influenced by limited healthcare accessibility, water-service gap, drainage-service gap."},"geometry":null},
{"type":"Feature","properties":{"fid":42,"dn":true,"fid_2":true,"dn_2":true,"fid_3":4066,"id":40891,"objectid_1":40891,"objectid":107426,"village":"Kasargaon","vlcode":540878,"block":"Sawali","bkcode":119.0,"subdistric":"Sawali","sdcode":4068,"sub_distri":"Sawali","district":"Chandrapur","dtcode":473,"district_h":"CHANDRAPUR","state":"MH","stcode":27,"country":"India","total_urba":"Rural","total_hous":192,"total_popu":719,"avg_househ":3.74479167,"total_geog":247,"total_male":360,"total_fema":359,"tapwater_t":null,"tapwater_u":null,"covered_we":null,"covered__1":"Not Available","covered__2":"Not Available","uncovered_":"Available","uncovere_1":"Available","uncovere_2":"Available","handpump_s":null,"hand_pump_":"Not Available","hand_pum_1":"Not Available","tubewell_b":null,"tube_wells":"Not Available","tube_wel_1":"Not Available","spring_sta":"Not Available","spring_fun":"Not Available","spring_f_1":"Not Available","river_cana":"Not Available","tank_pond_":"Available","others_sta":"Not Available","closed_dra":"Not Available","open_drain":null,"village_pi":"Available","forest_are":0,"area_under":1,"barren_unc":0,"permanent_":5,"land_under":0,"culturable":16,"fallows_la":36,"current_fa":4,"net_area_s":186,"total_unir":70,"area_irrig":115,"canals_are":0,"wells_tube":1,"tanks_lake":63,"waterfall_":0,"other_sour":6,"nearest_to":"MUL","nearest__1":42,"shape_leng":9379.034963,"shape_le_1":9379.034963,"shape_area":3050641.413,"ds_name":"Administrative Boundary","src_agency":"Survey of India (SOI)","state_name":"Maharashtra\n","village_area_km2":3,"village_id":4066,"flood_area_km2":0.15341921,"flood_exposure_pct":5.113973675,"flood_risk":"Low","hospital_dist_km":6.8707280774407353,"name":"Janatal Hospital","amenity":"hospital","population_density":239.66666666666666,"water_availability":63.0,"drainage_availability":0.0,"healthcare_gap_score":40.454603566178385,"river_distance_km":false,"flood_score":13.722748146250307,"population_score":12.809549260644932,"water_gap_score":85.681818181818187,"drainage_gap_score":50.0,"service_gap_score":58.712140582665519,"river_vulnerability_score":50.0,"ml_cluster":4,"ml_risk_group":"Low","vulnerability_score":30.23,"vulnerability_class":"Moderate","flood_score_contribution":5.49,"population_score_contribution":2.56,"service_gap_score_contribution":14.68,"river_vulnerability_score_contribution":7.5,"underserved_score":35.94,"welfare_priority_score":29.26,"welfare_priority":"Moderate","priority_rank":107,"priority_services":"Drinking Water, Drainage, Evacuation Preparedness","priority_reason":"Priority is influenced by water-service gap, drainage-service gap."},"geometry":null},
{"type":"Feature","properties":{"fid":43,"dn":true,"fid_2":true,"dn_2":true,"fid_3":3095,"id":39891,"objectid_1":39891,"objectid":106426,"village":"Amgaon Mahal","vlcode":539348,"block":"Chamorshi","bkcode":109.0,"subdistric":"Chamorshi","sdcode":4058,"sub_distri":"Chamorshi","district":"Gadchiroli","dtcode":475,"district_h":"GADCHIROLI","state":"MH","stcode":27,"country":"India","total_urba":"Rural","total_hous":682,"total_popu":2491,"avg_househ":3.65249267,"total_geog":532,"total_male":1283,"total_fema":1208,"tapwater_t":null,"tapwater_u":null,"covered_we":null,"covered__1":"Available","covered__2":"Available","uncovered_":"Available","uncovere_1":"Available","uncovere_2":"Available","handpump_s":null,"hand_pump_":"Available","hand_pum_1":"Available","tubewell_b":null,"tube_wells":"Not Available","tube_wel_1":"Not Available","spring_sta":"Not Available","spring_fun":"Not Available","spring_f_1":"Not Available","river_cana":"Not Available","tank_pond_":"Not Available","others_sta":"Not Available","closed_dra":"Not Available","open_drain":null,"village_pi":"Available","forest_are":90,"area_under":118,"barren_unc":9,"permanent_":14,"land_under":0,"culturable":21,"fallows_la":0,"current_fa":1,"net_area_s":279,"total_unir":260,"area_irrig":18,"canals_are":0,"wells_tube":1,"tanks_lake":259,"waterfall_":0,"other_sour":0,"nearest_to":"GADCHIROLI","nearest__1":44,"shape_leng":6860.344512,"shape_le_1":6860.344512,"shape_area":2381397.833,"ds_name":"Administrative Boundary","src_agency":"Survey of India (SOI)","state_name":"Maharashtra\n","village_area_km2":2,"village_id":3095,"flood_area_km2":0.014807982,"flood_exposure_pct":0.740399099,"flood_risk":"Low","hospital_dist_km":8.1887194541688526,"name":"General Hospital, Chamorshi","amenity":"hospital","population_density":1245.5,"water_availability":259.0,"drainage_availability":0.0,"healthcare_gap_score":48.242655018653409,"river_distance_km":false,"flood_score":1.9858629673607928,"population_score":66.568679850347408,"water_gap_score":41.13636363636364,"drainage_gap_score":50.0,"service_gap_score":46.459672885005681,"river_vulnerability_score":50.0,"ml_cluster":2,"ml_risk_group":"Moderate","vulnerability_score":33.22,"vulnerability_class":"Moderate","flood_score_contribution":0.79,"population_score_contribution":13.31,"service_gap_score_contribution":11.61,"river_vulnerability_score_contribution":7.5,"underserved_score":43.6,"welfare_priority_score":32.41,"welfare_priority":"Moderate","priority_rank":65,"priority_services":"Drainage, Evacuation Preparedness","priority_reason":"Priority is influenced by high population exposure, drainage-service gap."},"geometry":null},
{"type":"Feature","properties":{"fid":44,"dn":true,"fid_2":true,"dn_2":true,"fid_3":4070,"id":40895,"objectid_1":40895,"objectid":107430,"village":"Nifandra","vlcode":540886,"block":"Sawali","bkcode":119.0,"subdistric":"Sawali","sdcode":4068,"sub_distri":"Sawali","district":"Chandrapur","dtcode":473,"district_h":"CHANDRAPUR","state":"MH","stcode":27,"country":"India","total_urba":"Rural","total_hous":584,"total_popu":2373,"avg_househ":4.06335616,"total_geog":877,"total_male":1172,"total_fema":1201,"tapwater_t":null,"tapwater_u":null,"covered_we":null,"covered__1":"Available","covered__2":"Available","uncovered_":"Available","uncovere_1":"Available","uncovere_2":"Available","handpump_s":null,"hand_pump_":"Available","hand_pum_1":"Available","tubewell_b":null,"tube_wells":"Available","tube_wel_1":"Available","spring_sta":"Not Available","spring_fun":"Not Available","spring_f_1":"Not Available","river_cana":"Available","tank_pond_":"Available","others_sta":"Not Available","closed_dra":"Not Available","open_drain":null,"village_pi":"Available","forest_are":46,"area_under":3,"barren_unc":0,"permanent_":22,"land_under":0,"culturable":45,"fallows_la":134,"current_fa":12,"net_area_s":616,"total_unir":380,"area_irrig":236,"canals_are":0,"wells_tube":1,"tanks_lake":366,"waterfall_":0,"other_sour":12,"nearest_to":"MUL","nearest__1":28,"shape_leng":13049.9461,"shape_le_1":13049.9461,"shape_area":9071496.631,"ds_name":"Administrative Boundary","src_agency":"Survey of India (SOI)","state_name":"Maharashtra\n","village_area_km2":9,"village_id":4070,"flood_area_km2":1.050883206,"flood_exposure_pct":11.67648007,"flood_risk":"Low","hospital_dist_km":7.3721103443883038,"name":"Nobel Multispeciality Hospital","amenity":"hospital","population_density":263.66666666666669,"water_availability":366.0,"drainage_availability":0.0,"healthcare_gap_score":43.417286753104676,"river_distance_km":false,"flood_score":31.333830958581693,"population_score":14.092285765187956,"water_gap_score":16.818181818181827,"drainage_gap_score":50.0,"service_gap_score":36.745156190428837,"river_vulnerability_score":50.0,"ml_cluster":3,"ml_risk_group":"High","vulnerability_score":32.04,"vulnerability_class":"Moderate","flood_score_contribution":12.53,"population_score_contribution":2.82,"service_gap_score_contribution":9.19,"river_vulnerability_score_contribution":7.5,"underserved_score":28.87,"welfare_priority_score":29.26,"welfare_priority":"Moderate","priority_rank":107,"priority_services":"Drainage, Evacuation Preparedness","priority_reason":"Priority is influenced by drainage-service gap."},"geometry":null},
{"type":"Feature","properties":{"fid":45,"dn":true,"fid_2":true,"dn_2":true,"fid_3":4671,"id":41927,"objectid_1":41927,"objectid":108462,"village":"Chaprad","vlcode":537509,"block":"Lakhandur","bkcode":94.0,"subdistric":"Lakhandur","sdcode":4043,"sub_distri":"Lakhandur","district":"Bhandara","dtcode":471,"district_h":"BHANDARA","state":"MH","stcode":27,"country":"India","total_urba":"Rural","total_hous":717,"total_popu":3090,"avg_househ":4.30962343,"total_geog":1156,"total_male":1563,"total_fema":1527,"tapwater_t":null,"tapwater_u":null,"covered_we":null,"covered__1":"Available","covered__2":"Available","uncovered_":"Available","uncovere_1":"Available","uncovere_2":"Available","handpump_s":null,"hand_pump_":"Available","hand_pum_1":"Available","tubewell_b":null,"tube_wells":"Available","tube_wel_1":"Available","spring_sta":"Not Available","spring_fun":"Not Available","spring_f_1":"Not Available","river_cana":"Available","tank_pond_":"Not Available","others_sta":"Not Available","closed_dra":"Not Available","open_drain":null,"village_pi":"Available","forest_are":154,"area_under":15,"barren_unc":142,"permanent_":14,"land_under":0,"culturable":154,"fallows_la":85,"current_fa":0,"net_area_s":591,"total_unir":548,"area_irrig":43,"canals_are":520,"wells_tube":28,"tanks_lake":0,"waterfall_":0,"other_sour":0,"nearest_to":"Desaiganj","nearest__1":12,"shape_leng":11948.37782,"shape_le_1":11948.37782,"shape_area":8311093.072,"ds_name":"Administrative Boundary","src_agency":"Survey of India (SOI)","state_name":"Maharashtra\n","village_area_km2":9,"village_id":4671,"flood_area_km2":0.799978205,"flood_exposure_pct":8.888646725,"flood_risk":"Low","hospital_dist_km":2.2765811930034774,"name":"Government Hospital, Soni","amenity":"hospital","population_density":343.33333333333331,"water_availability":0.0,"drainage_availability":0.0,"healthcare_gap_score":13.307648777257983,"river_distance_km":false,"flood_score":23.852426606247519,"population_score":18.350258328879388,"water_gap_score":100.0,"drainage_gap_score":50.0,"service_gap_score":54.435882925752658,"river_vulnerability_score":50.0,"ml_cluster":4,"ml_risk_group":"Low","vulnerability_score":34.32,"vulnerability_class":"Moderate","flood_score_contribution":9.54,"population_score_contribution":3.67,"service_gap_score_contribution":13.61,"river_vulnerability_score_contribution":7.5,"underserved_score":37.49,"welfare_priority_score":33.29,"welfare_priority":"Moderate","priority_rank":55,"priority_services":"Drinking Water, Drainage, Evacuation Preparedness","priority_reason":"Priority is influenced by water-service gap, drainage-service gap."},"geometry":null},
{"type":"Feature","properties":{"fid":46,"dn":true,"fid_2":true,"dn_2":true,"fid_3":2960,"id":39757,"objectid_1":39757,"objectid":106292,"village":"Usegaon","vlcode":540956,"block":"Sawali","bkcode":119.0,"subdistric":"Sawali","sdcode":4068,"sub_distri":"Sawali","district":"Chandrapur","dtcode":473,"district_h":"CHANDRAPUR","state":"MH","stcode":27,"country":"India","total_urba":"Rural","total_hous":434,"total_popu":1667,"avg_househ":3.84101382,"total_geog":601,"total_male":825,"total_fema":842,"tapwater_t":null,"tapwater_u":null,"covered_we":null,"covered__1":"Available","covered__2":"Available","uncovered_":"Available","uncovere_1":"Not Available","uncovere_2":"Not Available","handpump_s":null,"hand_pump_":"Available","hand_pum_1":"Available","tubewell_b":null,"tube_wells":"Not Available","tube_wel_1":"Not Available","spring_sta":"Not Available","spring_fun":"Not Available","spring_f_1":"Not Available","river_cana":"Available","tank_pond_":"Available","others_sta":"Not Available","closed_dra":"Not Available","open_drain":null,"village_pi":"Available","forest_are":0,"area_under":135,"barren_unc":0,"permanent_":0,"land_under":0,"culturable":0,"fallows_la":0,"current_fa":44,"net_area_s":422,"total_unir":301,"area_irrig":122,"canals_are":161,"wells_tube":140,"tanks_lake":0,"waterfall_":0,"other_sour":0,"nearest_to":"MUL","nearest__1":22,"shape_leng":10134.03599,"shape_le_1":10134.03599,"shape_area":5416893.08,"ds_name":"Administrative Boundary","src_agency":"Survey of India (SOI)","state_name":"Maharashtra\n","village_area_km2":6,"village_id":2960,"flood_area_km2":0.383162078,"flood_exposure_pct":6.38603464,"flood_risk":"Low","hospital_dist_km":6.1230385422504412,"name":"Rural Hospital, Saoli","amenity":"hospital","population_density":277.83333333333331,"water_availability":0.0,"drainage_availability":0.0,"healthcare_gap_score":36.036483179841177,"river_distance_km":false,"flood_score":17.136439447795954,"population_score":14.849456618564046,"water_gap_score":100.0,"drainage_gap_score":50.0,"service_gap_score":62.012161059947061,"river_vulnerability_score":50.0,"ml_cluster":4,"ml_risk_group":"Low","vulnerability_score":32.83,"vulnerability_class":"Moderate","flood_score_contribution":6.85,"population_score_contribution":2.97,"service_gap_score_contribution":15.5,"river_vulnerability_score_contribution":7.5,"underserved_score":38.89,"welfare_priority_score":32.32,"welfare_priority":"Moderate","priority_rank":67,"priority_services":"Drinking Water, Drainage, Evacuation Preparedness","priority_reason":"Priority is influenced by water-service gap, drainage-service gap."},"geometry":null},
{"type":"Feature","properties":{"fid":47,"dn":true,"fid_2":true,"dn_2":true,"fid_3":2992,"id":39790,"objectid_1":39790,"objectid":106325,"village":"Ghargaon","vlcode":539218,"block":"Chamorshi","bkcode":109.0,"subdistric":"Chamorshi","sdcode":4058,"sub_distri":"Chamorshi","district":"Gadchiroli","dtcode":475,"district_h":"GADCHIROLI","state":"MH","stcode":27,"country":"India","total_urba":"Rural","total_hous":344,"total_popu":1521,"avg_househ":4.42151163,"total_geog":907,"total_male":747,"total_fema":774,"tapwater_t":null,"tapwater_u":null,"covered_we":null,"covered__1":"Not Available","covered__2":"Not Available","uncovered_":"Available","uncovere_1":"Available","uncovere_2":"Available","handpump_s":null,"hand_pump_":"Available","hand_pum_1":"Available","tubewell_b":null,"tube_wells":"Not Available","tube_wel_1":"Not Available","spring_sta":"Not Available","spring_fun":"Not Available","spring_f_1":"Not Available","river_cana":"Available","tank_pond_":"Available","others_sta":"Not Available","closed_dra":"Not Available","open_drain":null,"village_pi":"Available","forest_are":4,"area_under":210,"barren_unc":1,"permanent_":4,"land_under":0,"culturable":0,"fallows_la":0,"current_fa":11,"net_area_s":677,"total_unir":496,"area_irrig":181,"canals_are":472,"wells_tube":1,"tanks_lake":11,"waterfall_":0,"other_sour":12,"nearest_to":"MUL","nearest__1":14,"shape_leng":14294.99836,"shape_le_1":14294.99836,"shape_area":11060412.34,"ds_name":"Administrative Boundary","src_agency":"Survey of India (SOI)","state_name":"Maharashtra\n","village_area_km2":11,"village_id":2992,"flood_area_km2":0.310536473,"flood_exposure_pct":2.82305885,"flood_risk":"Low","hospital_dist_km":8.6358652747835816,"name":"Rural Hospital, Saoli","amenity":"hospital","population_density":138.27272727272728,"water_availability":11.0,"drainage_availability":0.0,"healthcare_gap_score":50.88485338140115,"river_distance_km":false,"flood_score":7.5748698402097858,"population_score":7.3903114523103843,"water_gap_score":97.5,"drainage_gap_score":50.0,"service_gap_score":66.128284460467043,"river_vulnerability_score":50.0,"ml_cluster":1,"ml_risk_group":"Very Low","vulnerability_score":28.54,"vulnerability_class":"Moderate","flood_score_contribution":3.03,"population_score_contribution":1.48,"service_gap_score_contribution":16.53,"river_vulnerability_score_contribution":7.5,"underserved_score":36.8,"welfare_priority_score":28.03,"welfare_priority":"Moderate","priority_rank":125,"priority_services":"Healthcare, Drinking Water, Drainage, Evacuation Preparedness","priority_reason":"Priority is influenced by limited healthcare accessibility, water-service gap, drainage-service gap."},"geometry":null},
{"type":"Feature","properties":{"fid":48,"dn":true,"fid_2":true,"dn_2":true,"fid_3":4548,"id":41803,"objectid_1":41803,"objectid":108338,"village":"Bhaleshwar","vlcode":540735,"block":"Brahmapuri","bkcode":118.0,"subdistric":"Brahmapuri","sdcode":4067,"sub_distri":"Brahmapuri","district":"Chandrapur","dtcode":473,"district_h":"CHANDRAPUR","state":"MH","stcode":27,"country":"India","total_urba":"Rural","total_hous":144,"total_popu":658,"avg_househ":4.56944444,"total_geog":507,"total_male":337,"total_fema":321,"tapwater_t":null,"tapwater_u":null,"covered_we":null,"covered__1":"Not Available","covered__2":"Not Available","uncovered_":"Available","uncovere_1":"Available","uncovere_2":"Available","handpump_s":null,"hand_pump_":"Available","hand_pum_1":"Available","tubewell_b":null,"tube_wells":"Available","tube_wel_1":"Available","spring_sta":"Not Available","spring_fun":"Not Available","spring_f_1":"Not Available","river_cana":"Available","tank_pond_":"Not Available","others_sta":"Not Available","closed_dra":"Not Available","open_drain":null,"village_pi":"Available","forest_are":0,"area_under":2,"barren_unc":169,"permanent_":6,"land_under":0,"culturable":10,"fallows_la":0,"current_fa":20,"net_area_s":300,"total_unir":134,"area_irrig":166,"canals_are":0,"wells_tube":134,"tanks_lake":0,"waterfall_":0,"other_sour":0,"nearest_to":"BRAHMAPURI","nearest__1":11,"shape_leng":8669.070674000001,"shape_le_1":8669.070674000001,"shape_area":5119777.257,"ds_name":"Administrative Boundary","src_agency":"Survey of India (SOI)","state_name":"Maharashtra\n","village_area_km2":5,"village_id":4548,"flood_area_km2":0.105037929,"flood_exposure_pct":2.100758575,"flood_risk":"Low","hospital_dist_km":5.4503070492018226,"name":"Government Hospital, Soni","amenity":"hospital","population_density":131.6,"water_availability":0.0,"drainage_availability":0.0,"healthcare_gap_score":32.061292162606044,"river_distance_km":false,"flood_score":5.6365113544814482,"population_score":7.033671833244254,"water_gap_score":100.0,"drainage_gap_score":50.0,"service_gap_score":60.687097387535346,"river_vulnerability_score":50.0,"ml_cluster":4,"ml_risk_group":"Low","vulnerability_score":26.33,"vulnerability_class":"Moderate","flood_score_contribution":2.25,"population_score_contribution":1.41,"service_gap_score_contribution":15.17,"river_vulnerability_score_contribution":7.5,"underserved_score":33.58,"welfare_priority_score":25.23,"welfare_priority":"Moderate","priority_rank":149,"priority_services":"Drinking Water, Drainage, Evacuation Preparedness","priority_reason":"Priority is influenced by water-service gap, drainage-service gap."},"geometry":null},
{"type":"Feature","properties":{"fid":49,"dn":true,"fid_2":true,"dn_2":true,"fid_3":4592,"id":41845,"objectid_1":41845,"objectid":108380,"village":"Khamb Talodhi","vlcode":540748,"block":"Brahmapuri","bkcode":118.0,"subdistric":"Brahmapuri","sdcode":4067,"sub_distri":"Brahmapuri","district":"Chandrapur","dtcode":473,"district_h":"CHANDRAPUR","state":"MH","stcode":27,"country":"India","total_urba":"Rural","total_hous":0,"total_popu":0,"avg_househ":0.0,"total_geog":175,"total_male":0,"total_fema":0,"tapwater_t":null,"tapwater_u":null,"covered_we":null,"covered__1":null,"covered__2":null,"uncovered_":null,"uncovere_1":null,"uncovere_2":null,"handpump_s":null,"hand_pump_":null,"hand_pum_1":null,"tubewell_b":null,"tube_wells":null,"tube_wel_1":null,"spring_sta":null,"spring_fun":null,"spring_f_1":null,"river_cana":null,"tank_pond_":null,"others_sta":null,"closed_dra":null,"open_drain":null,"village_pi":null,"forest_are":0,"area_under":1,"barren_unc":0,"permanent_":0,"land_under":0,"culturable":0,"fallows_la":0,"current_fa":1,"net_area_s":173,"total_unir":46,"area_irrig":127,"canals_are":0,"wells_tube":46,"tanks_lake":0,"waterfall_":0,"other_sour":0,"nearest_to":null,"nearest__1":0,"shape_leng":4649.239799,"shape_le_1":4649.239799,"shape_area":1346694.47,"ds_name":"Administrative Boundary","src_agency":"Survey of India (SOI)","state_name":"Maharashtra\n","village_area_km2":1,"village_id":4592,"flood_area_km2":0.372639001,"flood_exposure_pct":37.26390012,"flood_risk":"High","hospital_dist_km":3.928277961627491,"name":"Akshay Nursing Home","amenity":"hospital","population_density":0.0,"water_availability":0.0,"drainage_availability":0.0,"healthcare_gap_score":23.067575621289301,"river_distance_km":false,"flood_score":100.0,"population_score":0.0,"water_gap_score":100.0,"drainage_gap_score":50.0,"service_gap_score":57.6891918737631,"river_vulnerability_score":50.0,"ml_cluster":0,"ml_risk_group":"Very High","vulnerability_score":61.92,"vulnerability_class":"High","flood_score_contribution":40.0,"population_score_contribution":0.0,"service_gap_score_contribution":14.42,"river_vulnerability_score_contribution":7.5,"underserved_score":48.84,"welfare_priority_score":62.19,"welfare_priority":"High","priority_rank":3,"priority_services":"Drinking Water, Drainage, Evacuation Preparedness, Emergency Flood Response","priority_reason":"Priority is influenced by high flood exposure, water-service gap, drainage-service gap."},"geometry":null},
{"type":"Feature","properties":{"fid":50,"dn":true,"fid_2":true,"dn_2":true,"fid_3":2954,"id":39750,"objectid_1":39750,"objectid":106285,"village":"Sindola","vlcode":540946,"block":"Sawali","bkcode":119.0,"subdistric":"Sawali","sdcode":4068,"sub_distri":"Sawali","district":"Chandrapur","dtcode":473,"district_h":"CHANDRAPUR","state":"MH","stcode":27,"country":"India","total_urba":"Rural","total_hous":262,"total_popu":896,"avg_househ":3.41984733,"total_geog":424,"total_male":454,"total_fema":442,"tapwater_t":null,"tapwater_u":null,"covered_we":null,"covered__1":"Not Available","covered__2":"Not Available","uncovered_":"Available","uncovere_1":"Not Available","uncovere_2":"Not Available","handpump_s":null,"hand_pump_":"Available","hand_pum_1":"Available","tubewell_b":null,"tube_wells":"Not Available","tube_wel_1":"Not Available","spring_sta":"Not Available","spring_fun":"Not Available","spring_f_1":"Not Available","river_cana":"Not Available","tank_pond_":"Not Available","others_sta":"Not Available","closed_dra":"Not Available","open_drain":null,"village_pi":"Available","forest_are":0,"area_under":111,"barren_unc":0,"permanent_":0,"land_under":0,"culturable":0,"fallows_la":0,"current_fa":20,"net_area_s":293,"total_unir":184,"area_irrig":109,"canals_are":98,"wells_tube":86,"tanks_lake":0,"waterfall_":0,"other_sour":0,"nearest_to":"MUL","nearest__1":21,"shape_leng":8507.27003,"shape_le_1":8507.27003,"shape_area":3411086.577,"ds_name":"Administrative Boundary","src_agency":"Survey of India (SOI)","state_name":"Maharashtra\n","village_area_km2":4,"village_id":2954,"flood_area_km2":0.007156649,"flood_exposure_pct":0.17891622,"flood_risk":"Low","hospital_dist_km":4.3843814124424529,"name":"Rural Hospital, Saoli","amenity":"hospital","population_density":224.0,"water_availability":0.0,"drainage_availability":0.0,"healthcare_gap_score":25.76270489551602,"river_distance_km":false,"flood_score":0.47907259115495826,"population_score":11.972207375734902,"water_gap_score":100.0,"drainage_gap_score":50.0,"service_gap_score":58.587568298505346,"river_vulnerability_score":50.0,"ml_cluster":4,"ml_risk_group":"Low","vulnerability_score":24.73,"vulnerability_class":"Low","flood_score_contribution":0.19,"population_score_contribution":2.39,"service_gap_score_contribution":14.65,"river_vulnerability_score_contribution":7.5,"underserved_score":32.98,"welfare_priority_score":23.46,"welfare_priority":"Low","priority_rank":166,"priority_services":"Drinking Water, Drainage, Evacuation Preparedness","priority_reason":"Priority is influenced by water-service gap, drainage-service gap."},"geometry":null},
{"type":"Feature","properties":{"fid":51,"dn":true,"fid_2":true,"dn_2":true,"fid_3":3070,"id":40919,"objectid_1":40919,"objectid":107454,"village":"Mohad Chak","vlcode":540888,"block":"Sawali","bkcode":119.0,"subdistric":"Sawali","sdcode":4068,"sub_distri":"Sawali","district":"Chandrapur","dtcode":473,"district_h":"CHANDRAPUR","state":"MH","stcode":27,"country":"India","total_urba":"Rural","total_hous":0,"total_popu":0,"avg_househ":0.0,"total_geog":184,"total_male":0,"total_fema":0,"tapwater_t":null,"tapwater_u":null,"covered_we":null,"covered__1":null,"covered__2":null,"uncovered_":null,"uncovere_1":null,"uncovere_2":null,"handpump_s":null,"hand_pump_":null,"hand_pum_1":null,"tubewell_b":null,"tube_wells":null,"tube_wel_1":null,"spring_sta":null,"spring_fun":null,"spring_f_1":null,"river_cana":null,"tank_pond_":null,"others_sta":null,"closed_dra":null,"open_drain":null,"village_pi":null,"forest_are":0,"area_under":0,"barren_unc":35,"permanent_":0,"land_under":0,"culturable":51,"fallows_la":62,"current_fa":0,"net_area_s":37,"total_unir":0,"area_irrig":37,"canals_are":0,"wells_tube":0,"tanks_lake":0,"waterfall_":0,"other_sour":0,"nearest_to":null,"nearest__1":0,"shape_leng":6507.39138,"shape_le_1":6507.39138,"shape_area":1923971.044,"ds_name":"Administrative Boundary","src_agency":"Survey of India (SOI)","state_name":"Maharashtra\n","village_area_km2":2,"village_id":3070,"flood_area_km2":0.470949865,"flood_exposure_pct":23.54749327,"flood_risk":"Moderate","hospital_dist_km":8.0943986365822784,"name":"Nobel Multispeciality Hospital","amenity":"hospital","population_density":0.0,"water_availability":0.0,"drainage_availability":0.0,"healthcare_gap_score":47.685310415817447,"river_distance_km":false,"flood_score":63.190774624307309,"population_score":0.0,"water_gap_score":100.0,"drainage_gap_score":50.0,"service_gap_score":65.895103471939152,"river_vulnerability_score":50.0,"ml_cluster":0,"ml_risk_group":"Very High","vulnerability_score":49.25,"vulnerability_class":"Moderate","flood_score_contribution":25.28,"population_score_contribution":0.0,"service_gap_score_contribution":16.47,"river_vulnerability_score_contribution":7.5,"underserved_score":45.59,"welfare_priority_score":49.6,"welfare_priority":"Moderate","priority_rank":11,"priority_services":"Drinking Water, Drainage, Evacuation Preparedness, Emergency Flood Response","priority_reason":"Priority is influenced by high flood exposure, water-service gap, drainage-service gap."},"geometry":null},
{"type":"Feature","properties":{"fid":52,"dn":true,"fid_2":true,"dn_2":true,"fid_3":4106,"id":40937,"objectid_1":40937,"objectid":107472,"village":"Kharpundi","vlcode":539155,"block":"Gadchiroli","bkcode":108.0,"subdistric":"Gadchiroli","sdcode":4057,"sub_distri":"Gadchiroli","district":"Gadchiroli","dtcode":475,"district_h":"GADCHIROLI","state":"MH","stcode":27,"country":"India","total_urba":"Rural","total_hous":359,"total_popu":1342,"avg_househ":3.73816156,"total_geog":504,"total_male":675,"total_fema":667,"tapwater_t":null,"tapwater_u":null,"covered_we":null,"covered__1":"Not Available","covered__2":"Not Available","uncovered_":"Available","uncovere_1":"Available","uncovere_2":"Available","handpump_s":null,"hand_pump_":"Available","hand_pum_1":"Available","tubewell_b":null,"tube_wells":"Not Available","tube_wel_1":"Not Available","spring_sta":"Not Available","spring_fun":"Not Available","spring_f_1":"Not Available","river_cana":"Available","tank_pond_":"Available","others_sta":"Not Available","closed_dra":"Not Available","open_drain":null,"village_pi":"Available","forest_are":113,"area_under":7,"barren_unc":46,"permanent_":4,"land_under":0,"culturable":10,"fallows_la":33,"current_fa":3,"net_area_s":289,"total_unir":220,"area_irrig":69,"canals_are":0,"wells_tube":7,"tanks_lake":212,"waterfall_":0,"other_sour":0,"nearest_to":"GADCHIROLI","nearest__1":4,"shape_leng":13705.40003,"shape_le_1":13705.40003,"shape_area":8262224.164,"ds_name":"Administrative Boundary","src_agency":"Survey of India (SOI)","state_name":"Maharashtra\n","village_area_km2":9,"village_id":4106,"flood_area_km2":0.428398309,"flood_exposure_pct":4.759981214,"flood_risk":"Low","hospital_dist_km":3.3433543848373399,"name":"Janatal Hospital","amenity":"hospital","population_density":149.11111111111111,"water_availability":212.0,"drainage_availability":0.0,"healthcare_gap_score":19.61124427326779,"river_distance_km":false,"flood_score":12.77277717930971,"population_score":7.9695943939663882,"water_gap_score":51.81818181818182,"drainage_gap_score":50.0,"service_gap_score":40.47647536381654,"river_vulnerability_score":50.0,"ml_cluster":3,"ml_risk_group":"High","vulnerability_score":24.32,"vulnerability_class":"Low","flood_score_contribution":5.11,"population_score_contribution":1.59,"service_gap_score_contribution":10.12,"river_vulnerability_score_contribution":7.5,"underserved_score":25.18,"welfare_priority_score":21.36,"welfare_priority":"Low","priority_rank":182,"priority_services":"Drinking Water, Drainage, Evacuation Preparedness","priority_reason":"Priority is influenced by water-service gap, drainage-service gap."},"geometry":null},
{"type":"Feature","properties":{"fid":53,"dn":true,"fid_2":true,"dn_2":true,"fid_3":2968,"id":39765,"objectid_1":39765,"objectid":106300,"village":"Sakhari","vlcode":540970,"block":"Sawali","bkcode":119.0,"subdistric":"Sawali","sdcode":4068,"sub_distri":"Sawali","district":"Chandrapur","dtcode":473,"district_h":"CHANDRAPUR","state":"MH","stcode":27,"country":"India","total_urba":"Rural","total_hous":291,"total_popu":1052,"avg_househ":3.61512027,"total_geog":1341,"total_male":527,"total_fema":525,"tapwater_t":null,"tapwater_u":null,"covered_we":null,"covered__1":"Not Available","covered__2":"Not Available","uncovered_":"Available","uncovere_1":"Available","uncovere_2":"Available","handpump_s":null,"hand_pump_":"Available","hand_pum_1":"Available","tubewell_b":null,"tube_wells":"Not Available","tube_wel_1":"Not Available","spring_sta":"Not Available","spring_fun":"Not Available","spring_f_1":"Not Available","river_cana":"Available","tank_pond_":"Available","others_sta":"Not Available","closed_dra":"Not Available","open_drain":null,"village_pi":"Available","forest_are":467,"area_under":0,"barren_unc":38,"permanent_":22,"land_under":0,"culturable":167,"fallows_la":132,"current_fa":35,"net_area_s":480,"total_unir":313,"area_irrig":167,"canals_are":0,"wells_tube":146,"tanks_lake":163,"waterfall_":0,"other_sour":4,"nearest_to":"MUL","nearest__1":29,"shape_leng":19887.42362,"shape_le_1":19887.42362,"shape_area":19388333.05,"ds_name":"Administrative Boundary","src_agency":"Survey of India (SOI)","state_name":"Maharashtra\n","village_area_km2":20,"village_id":2968,"flood_area_km2":0.324781667,"flood_exposure_pct":1.623908334,"flood_risk":"Low","hospital_dist_km":6.8415515985363298,"name":"Balprabha Hospital","amenity":"hospital","population_density":52.6,"water_availability":163.0,"drainage_availability":0.0,"healthcare_gap_score":40.282198857830714,"river_distance_km":false,"flood_score":4.3568403602208505,"population_score":2.8113308391234635,"water_gap_score":62.954545454545453,"drainage_gap_score":50.0,"service_gap_score":51.078914770792061,"river_vulnerability_score":50.0,"ml_cluster":3,"ml_risk_group":"High","vulnerability_score":22.57,"vulnerability_class":"Low","flood_score_contribution":1.74,"population_score_contribution":0.56,"service_gap_score_contribution":12.77,"river_vulnerability_score_contribution":7.5,"underserved_score":27.25,"welfare_priority_score":20.35,"welfare_priority":"Low","priority_rank":191,"priority_services":"Drinking Water, Drainage, Evacuation Preparedness","priority_reason":"Priority is influenced by water-service gap, drainage-service gap."},"geometry":null},
{"type":"Feature","properties":{"fid":54,"dn":true,"fid_2":true,"dn_2":true,"fid_3":4324,"id":41167,"objectid_1":41167,"objectid":107702,"village":"Rampur Chak","vlcode":538513,"block":"Armori","bkcode":104.0,"subdistric":"Armori","sdcode":4053,"sub_distri":"Armori","district":"Gadchiroli","dtcode":475,"district_h":"GADCHIROLI","state":"MH","stcode":27,"country":"India","total_urba":"Rural","total_hous":168,"total_popu":729,"avg_househ":4.33928571,"total_geog":665,"total_male":358,"total_fema":371,"tapwater_t":null,"tapwater_u":null,"covered_we":null,"covered__1":"Not Available","covered__2":"Not Available","uncovered_":"Available","uncovere_1":"Available","uncovere_2":"Available","handpump_s":null,"hand_pump_":"Available","hand_pum_1":"Available","tubewell_b":null,"tube_wells":"Not Available","tube_wel_1":"Not Available","spring_sta":"Not Available","spring_fun":"Not Available","spring_f_1":"Not Available","river_cana":"Available","tank_pond_":"Available","others_sta":"Not Available","closed_dra":"Not Available","open_drain":null,"village_pi":"Available","forest_are":96,"area_under":20,"barren_unc":38,"permanent_":6,"land_under":0,"culturable":7,"fallows_la":0,"current_fa":18,"net_area_s":479,"total_unir":151,"area_irrig":328,"canals_are":131,"wells_tube":10,"tanks_lake":10,"waterfall_":0,"other_sour":0,"nearest_to":"DESAIGANJ","nearest__1":25,"shape_leng":13660.19149,"shape_le_1":13660.19149,"shape_area":7341346.203,"ds_name":"Administrative Boundary","src_agency":"Survey of India (SOI)","state_name":"Maharashtra\n","village_area_km2":8,"village_id":4324,"flood_area_km2":0.09470923,"flood_exposure_pct":1.18386538,"flood_risk":"Low","hospital_dist_km":4.5070455906895699,"name":"SDH Armori","amenity":"hospital","population_density":91.125,"water_availability":10.0,"drainage_availability":0.0,"healthcare_gap_score":26.487531285454676,"river_distance_km":false,"flood_score":3.1759450684796633,"population_score":4.8703901656867981,"water_gap_score":97.727272727272734,"drainage_gap_score":50.0,"service_gap_score":58.071601337575807,"river_vulnerability_score":50.0,"ml_cluster":4,"ml_risk_group":"Low","vulnerability_score":24.26,"vulnerability_class":"Low","flood_score_contribution":1.27,"population_score_contribution":0.97,"service_gap_score_contribution":14.52,"river_vulnerability_score_contribution":7.5,"underserved_score":31.13,"welfare_priority_score":22.78,"welfare_priority":"Low","priority_rank":172,"priority_services":"Drinking Water, Drainage, Evacuation Preparedness","priority_reason":"Priority is influenced by water-service gap, drainage-service gap."},"geometry":null},
{"type":"Feature","properties":{"fid":55,"dn":true,"fid_2":true,"dn_2":true,"fid_3":3042,"id":39840,"objectid_1":39840,"objectid":106375,"village":"Mudaza Bk","vlcode":539160,"block":"Gadchiroli","bkcode":108.0,"subdistric":"Gadchiroli","sdcode":4057,"sub_distri":"Gadchiroli","district":"Gadchiroli","dtcode":475,"district_h":"GADCHIROLI","state":"MH","stcode":27,"country":"India","total_urba":"Rural","total_hous":472,"total_popu":1826,"avg_househ":3.86864407,"total_geog":673,"total_male":896,"total_fema":930,"tapwater_t":null,"tapwater_u":null,"covered_we":null,"covered__1":"Not Available","covered__2":"Not Available","uncovered_":"Available","uncovere_1":"Available","uncovere_2":"Available","handpump_s":null,"hand_pump_":"Available","hand_pum_1":"Available","tubewell_b":null,"tube_wells":"Not Available","tube_wel_1":"Not Available","spring_sta":"Not Available","spring_fun":"Not Available","spring_f_1":"Not Available","river_cana":"Not Available","tank_pond_":"Not Available","others_sta":"Not Available","closed_dra":"Not Available","open_drain":null,"village_pi":"Available","forest_are":256,"area_under":27,"barren_unc":45,"permanent_":6,"land_under":0,"culturable":100,"fallows_la":0,"current_fa":0,"net_area_s":239,"total_unir":94,"area_irrig":145,"canals_are":0,"wells_tube":1,"tanks_lake":93,"waterfall_":0,"other_sour":0,"nearest_to":"GADCHIROLI","nearest__1":9,"shape_leng":13935.17165,"shape_le_1":13935.17165,"shape_area":7958062.646,"ds_name":"Administrative Boundary","src_agency":"Survey of India (SOI)","state_name":"Maharashtra\n","village_area_km2":8,"village_id":3042,"flood_area_km2":0.171436944,"flood_exposure_pct":2.142961801,"flood_risk":"Low","hospital_dist_km":4.2290148472899967,"name":"Dr. Mallick Hospital","amenity":"hospital","population_density":228.25,"water_availability":93.0,"drainage_availability":0.0,"healthcare_gap_score":24.844639098753795,"river_distance_km":false,"flood_score":5.7497675501020451,"population_score":12.199358631747728,"water_gap_score":78.86363636363636,"drainage_gap_score":50.0,"service_gap_score":51.236091820796723,"river_vulnerability_score":50.0,"ml_cluster":4,"ml_risk_group":"Low","vulnerability_score":25.05,"vulnerability_class":"Moderate","flood_score_contribution":2.3,"population_score_contribution":2.44,"service_gap_score_contribution":12.81,"river_vulnerability_score_contribution":7.5,"underserved_score":30.43,"welfare_priority_score":23.15,"welfare_priority":"Low","priority_rank":170,"priority_services":"Drinking Water, Drainage, Evacuation Preparedness","priority_reason":"Priority is influenced by water-service gap, drainage-service gap."},"geometry":null},
{"type":"Feature","properties":{"fid":56,"dn":true,"fid_2":true,"dn_2":true,"fid_3":3000,"id":39798,"objectid_1":39798,"objectid":106333,"village":"Wagholi","vlcode":539225,"block":"Chamorshi","bkcode":109.0,"subdistric":"Chamorshi","sdcode":4058,"sub_distri":"Chamorshi","district":"Gadchiroli","dtcode":475,"district_h":"GADCHIROLI","state":"MH","stcode":27,"country":"India","total_urba":"Rural","total_hous":396,"total_popu":1559,"avg_househ":3.93686869,"total_geog":959,"total_male":801,"total_fema":758,"tapwater_t":null,"tapwater_u":null,"covered_we":null,"covered__1":"Available","covered__2":"Available","uncovered_":"Available","uncovere_1":"Available","uncovere_2":"Available","handpump_s":null,"hand_pump_":"Available","hand_pum_1":"Available","tubewell_b":null,"tube_wells":"Available","tube_wel_1":"Available","spring_sta":"Not Available","spring_fun":"Not Available","spring_f_1":"Not Available","river_cana":"Available","tank_pond_":"Not Available","others_sta":"Not Available","closed_dra":"Not Available","open_drain":null,"village_pi":"Available","forest_are":0,"area_under":170,"barren_unc":0,"permanent_":104,"land_under":0,"culturable":0,"fallows_la":3,"current_fa":2,"net_area_s":679,"total_unir":372,"area_irrig":307,"canals_are":354,"wells_tube":7,"tanks_lake":0,"waterfall_":0,"other_sour":11,"nearest_to":"MUL","nearest__1":16,"shape_leng":13701.17198,"shape_le_1":13701.17198,"shape_area":8676564.827,"ds_name":"Administrative Boundary","src_agency":"Survey of India (SOI)","state_name":"Maharashtra\n","village_area_km2":9,"village_id":3000,"flood_area_km2":0.006441658,"flood_exposure_pct":0.071573983,"flood_risk":"Low","hospital_dist_km":10.649443726071183,"name":"Balprabha Hospital","amenity":"hospital","population_density":173.22222222222223,"water_availability":0.0,"drainage_availability":0.0,"healthcare_gap_score":62.783150182972527,"river_distance_km":false,"flood_score":0.19100993471195413,"population_score":9.2582694934378527,"water_gap_score":100.0,"drainage_gap_score":50.0,"service_gap_score":70.927716727657511,"river_vulnerability_score":50.0,"ml_cluster":1,"ml_risk_group":"Very Low","vulnerability_score":27.16,"vulnerability_class":"Moderate","flood_score_contribution":0.08,"population_score_contribution":1.85,"service_gap_score_contribution":17.73,"river_vulnerability_score_contribution":7.5,"underserved_score":38.28,"welfare_priority_score":27.03,"welfare_priority":"Moderate","priority_rank":133,"priority_services":"Healthcare, Drinking Water, Drainage, Evacuation Preparedness","priority_reason":"Priority is influenced by limited healthcare accessibility, water-service gap, drainage-service gap."},"geometry":null},
{"type":"Feature","properties":{"fid":57,"dn":true,"fid_2":true,"dn_2":true,"fid_3":4362,"id":41206,"objectid_1":41206,"objectid":107741,"village":"Shioni Bk","vlcode":538524,"block":"Armori","bkcode":104.0,"subdistric":"Armori","sdcode":4053,"sub_distri":"Armori","district":"Gadchiroli","dtcode":475,"district_h":"GADCHIROLI","state":"MH","stcode":27,"country":"India","total_urba":"Rural","total_hous":443,"total_popu":1956,"avg_househ":4.41534989,"total_geog":770,"total_male":1015,"total_fema":941,"tapwater_t":null,"tapwater_u":null,"covered_we":null,"covered__1":"Not Available","covered__2":"Not Available","uncovered_":"Available","uncovere_1":"Available","uncovere_2":"Available","handpump_s":null,"hand_pump_":"Available","hand_pum_1":"Available","tubewell_b":null,"tube_wells":"Available","tube_wel_1":"Available","spring_sta":"Not Available","spring_fun":"Not Available","spring_f_1":"Not Available","river_cana":"Available","tank_pond_":"Not Available","others_sta":"Not Available","closed_dra":"Not Available","open_drain":null,"village_pi":"Available","forest_are":0,"area_under":144,"barren_unc":0,"permanent_":25,"land_under":0,"culturable":0,"fallows_la":1,"current_fa":2,"net_area_s":598,"total_unir":298,"area_irrig":300,"canals_are":222,"wells_tube":33,"tanks_lake":0,"waterfall_":0,"other_sour":43,"nearest_to":"DESAIGANJ","nearest__1":27,"shape_leng":13627.35689,"shape_le_1":13627.35689,"shape_area":9237292.981000001,"ds_name":"Administrative Boundary","src_agency":"Survey of India (SOI)","state_name":"Maharashtra\n","village_area_km2":10,"village_id":4362,"flood_area_km2":0.631683932,"flood_exposure_pct":6.316839317,"flood_risk":"Low","hospital_dist_km":4.5885607766317493,"name":"SDH Armori","amenity":"hospital","population_density":195.6,"water_availability":0.0,"drainage_availability":0.0,"healthcare_gap_score":26.969207018304875,"river_distance_km":false,"flood_score":16.950747504774384,"population_score":10.454302512025654,"water_gap_score":100.0,"drainage_gap_score":50.0,"service_gap_score":58.98973567276829,"river_vulnerability_score":50.0,"ml_cluster":4,"ml_risk_group":"Low","vulnerability_score":31.12,"vulnerability_class":"Moderate","flood_score_contribution":6.78,"population_score_contribution":2.09,"service_gap_score_contribution":14.75,"river_vulnerability_score_contribution":7.5,"underserved_score":36.02,"welfare_priority_score":30.17,"welfare_priority":"Moderate","priority_rank":97,"priority_services":"Drinking Water, Drainage, Evacuation Preparedness","priority_reason":"Priority is influenced by water-service gap, drainage-service gap."},"geometry":null},
{"type":"Feature","properties":{"fid":58,"dn":true,"fid_2":true,"dn_2":true,"fid_3":2961,"id":39758,"objectid_1":39758,"objectid":106293,"village":"Kawathi","vlcode":540954,"block":"Sawali","bkcode":119.0,"subdistric":"Sawali","sdcode":4068,"sub_distri":"Sawali","district":"Chandrapur","dtcode":473,"district_h":"CHANDRAPUR","state":"MH","stcode":27,"country":"India","total_urba":"Rural","total_hous":459,"total_popu":1934,"avg_househ":4.21350763,"total_geog":617,"total_male":963,"total_fema":971,"tapwater_t":null,"tapwater_u":null,"covered_we":null,"covered__1":"Not Available","covered__2":"Not Available","uncovered_":"Available","uncovere_1":"Available","uncovere_2":"Available","handpump_s":null,"hand_pump_":"Available","hand_pum_1":"Available","tubewell_b":null,"tube_wells":"Not Available","tube_wel_1":"Not Available","spring_sta":"Not Available","spring_fun":"Not Available","spring_f_1":"Not Available","river_cana":"Available","tank_pond_":"Not Available","others_sta":"Not Available","closed_dra":"Not Available","open_drain":null,"village_pi":"Available","forest_are":26,"area_under":94,"barren_unc":9,"permanent_":0,"land_under":0,"culturable":18,"fallows_la":0,"current_fa":0,"net_area_s":469,"total_unir":171,"area_irrig":298,"canals_are":166,"wells_tube":5,"tanks_lake":0,"waterfall_":0,"other_sour":0,"nearest_to":"MUL","nearest__1":20,"shape_leng":10129.81353,"shape_le_1":10129.81353,"shape_area":4613317.681,"ds_name":"Administrative Boundary","src_agency":"Survey of India (SOI)","state_name":"Maharashtra\n","village_area_km2":5,"village_id":2961,"flood_area_km2":0.089250262,"flood_exposure_pct":1.785005239,"flood_risk":"Low","hospital_dist_km":5.6832929054343815,"name":"Rural Hospital, Saoli","amenity":"hospital","population_density":386.8,"water_availability":0.0,"drainage_availability":0.0,"healthcare_gap_score":33.438012730036903,"river_distance_km":false,"flood_score":4.7891585575679603,"population_score":20.673436664885088,"water_gap_score":100.0,"drainage_gap_score":50.0,"service_gap_score":61.146004243345637,"river_vulnerability_score":50.0,"ml_cluster":4,"ml_risk_group":"Low","vulnerability_score":28.84,"vulnerability_class":"Moderate","flood_score_contribution":1.92,"population_score_contribution":4.13,"service_gap_score_contribution":15.29,"river_vulnerability_score_contribution":7.5,"underserved_score":37.73,"welfare_priority_score":28.17,"welfare_priority":"Moderate","priority_rank":121,"priority_services":"Drinking Water, Drainage, Evacuation Preparedness","priority_reason":"Priority is influenced by water-service gap, drainage-service gap."},"geometry":null},
{"type":"Feature","properties":{"fid":59,"dn":true,"fid_2":true,"dn_2":true,"fid_3":4040,"id":40864,"objectid_1":40864,"objectid":107399,"village":"Antargaon Tola","vlcode":540887,"block":"Sawali","bkcode":119.0,"subdistric":"Sawali","sdcode":4068,"sub_distri":"Sawali","district":"Chandrapur","dtcode":473,"district_h":"CHANDRAPUR","state":"MH","stcode":27,"country":"India","total_urba":"Rural","total_hous":186,"total_popu":755,"avg_househ":4.05913978,"total_geog":295,"total_male":378,"total_fema":377,"tapwater_t":null,"tapwater_u":null,"covered_we":null,"covered__1":"Not Available","covered__2":"Not Available","uncovered_":"Available","uncovere_1":"Available","uncovere_2":"Available","handpump_s":null,"hand_pump_":"Available","hand_pum_1":"Available","tubewell_b":null,"tube_wells":"Not Available","tube_wel_1":"Not Available","spring_sta":"Not Available","spring_fun":"Not Available","spring_f_1":"Not Available","river_cana":"Not Available","tank_pond_":"Available","others_sta":"Not Available","closed_dra":"Not Available","open_drain":null,"village_pi":"Available","forest_are":82,"area_under":7,"barren_unc":32,"permanent_":15,"land_under":0,"culturable":1,"fallows_la":0,"current_fa":0,"net_area_s":157,"total_unir":107,"area_irrig":50,"canals_are":27,"wells_tube":0,"tanks_lake":80,"waterfall_":0,"other_sour":0,"nearest_to":"GADCHIROLI","nearest__1":17,"shape_leng":8619.716162000001,"shape_le_1":8619.716162000001,"shape_area":4629393.583,"ds_name":"Administrative Boundary","src_agency":"Survey of India (SOI)","state_name":"Maharashtra\n","village_area_km2":5,"village_id":4040,"flood_area_km2":0.376746201,"flood_exposure_pct":7.534924027,"flood_risk":"Low","hospital_dist_km":9.3119201127831808,"name":"Nobel Multispeciality Hospital","amenity":"hospital","population_density":151.0,"water_availability":80.0,"drainage_availability":0.0,"healthcare_gap_score":54.879682145839773,"river_distance_km":false,"flood_score":20.219588616546691,"population_score":8.070550507749866,"water_gap_score":81.818181818181813,"drainage_gap_score":50.0,"service_gap_score":62.232621321340531,"river_vulnerability_score":50.0,"ml_cluster":1,"ml_risk_group":"Very Low","vulnerability_score":32.76,"vulnerability_class":"Moderate","flood_score_contribution":8.09,"population_score_contribution":1.61,"service_gap_score_contribution":15.56,"river_vulnerability_score_contribution":7.5,"underserved_score":37.58,"welfare_priority_score":32.13,"welfare_priority":"Moderate","priority_rank":69,"priority_services":"Healthcare, Drinking Water, Drainage, Evacuation Preparedness","priority_reason":"Priority is influenced by limited healthcare accessibility, water-service gap, drainage-service gap."},"geometry":null},
{"type":"Feature","properties":{"fid":60,"dn":true,"fid_2":true,"dn_2":true,"fid_3":2931,"id":39730,"objectid_1":39730,"objectid":106265,"village":"Vyahad Kh","vlcode":540919,"block":"Sawali","bkcode":119.0,"subdistric":"Sawali","sdcode":4068,"sub_distri":"Sawali","district":"Chandrapur","dtcode":473,"district_h":"CHANDRAPUR","state":"MH","stcode":27,"country":"India","total_urba":"Rural","total_hous":675,"total_popu":2621,"avg_househ":3.88296296,"total_geog":220,"total_male":1336,"total_fema":1285,"tapwater_t":null,"tapwater_u":null,"covered_we":null,"covered__1":"Available","covered__2":"Available","uncovered_":"Available","uncovere_1":"Available","uncovere_2":"Available","handpump_s":null,"hand_pump_":"Available","hand_pum_1":"Available","tubewell_b":null,"tube_wells":"Not Available","tube_wel_1":"Not Available","spring_sta":"Not Available","spring_fun":"Not Available","spring_f_1":"Not Available","river_cana":"Not Available","tank_pond_":"Not Available","others_sta":"Not Available","closed_dra":"Not Available","open_drain":null,"village_pi":"Available","forest_are":0,"area_under":35,"barren_unc":0,"permanent_":5,"land_under":0,"culturable":5,"fallows_la":20,"current_fa":5,"net_area_s":150,"total_unir":113,"area_irrig":37,"canals_are":51,"wells_tube":7,"tanks_lake":44,"waterfall_":0,"other_sour":11,"nearest_to":"MUL","nearest__1":24,"shape_leng":22038.71043,"shape_le_1":22038.71043,"shape_area":16385829.97,"ds_name":"Administrative Boundary","src_agency":"Survey of India (SOI)","state_name":"Maharashtra\n","village_area_km2":17,"village_id":2931,"flood_area_km2":0.102032103,"flood_exposure_pct":0.600188839,"flood_risk":"Low","hospital_dist_km":11.89867276867801,"name":"Rural Hospital, Saoli","amenity":"hospital","population_density":154.1764705882353,"water_availability":44.0,"drainage_availability":0.0,"healthcare_gap_score":70.164882894987855,"river_distance_km":false,"flood_score":1.6095959816432854,"population_score":8.2403244568805611,"water_gap_score":90.0,"drainage_gap_score":50.0,"service_gap_score":70.054960964995942,"river_vulnerability_score":50.0,"ml_cluster":1,"ml_risk_group":"Very Low","vulnerability_score":27.31,"vulnerability_class":"Moderate","flood_score_contribution":0.64,"population_score_contribution":1.65,"service_gap_score_contribution":17.51,"river_vulnerability_score_contribution":7.5,"underserved_score":37.82,"welfare_priority_score":27.09,"welfare_priority":"Moderate","priority_rank":131,"priority_services":"Healthcare, Drinking Water, Drainage, Evacuation Preparedness","priority_reason":"Priority is influenced by limited healthcare accessibility, water-service gap, drainage-service gap."},"geometry":null},
{"type":"Feature","properties":{"fid":61,"dn":true,"fid_2":true,"dn_2":true,"fid_3":4329,"id":41172,"objectid_1":41172,"objectid":107707,"village":"Kaneri","vlcode":538520,"block":"Armori","bkcode":104.0,"subdistric":"Armori","sdcode":4053,"sub_distri":"Armori","district":"Gadchiroli","dtcode":475,"district_h":"GADCHIROLI","state":"MH","stcode":27,"country":"India","total_urba":"Rural","total_hous":90,"total_popu":378,"avg_househ":4.2,"total_geog":64,"total_male":183,"total_fema":195,"tapwater_t":null,"tapwater_u":null,"covered_we":null,"covered__1":"Not Available","covered__2":"Not Available","uncovered_":"Available","uncovere_1":"Available","uncovere_2":"Available","handpump_s":null,"hand_pump_":"Available","hand_pum_1":"Available","tubewell_b":null,"tube_wells":"Not Available","tube_wel_1":"Not Available","spring_sta":"Not Available","spring_fun":"Not Available","spring_f_1":"Not Available","river_cana":"Available","tank_pond_":"Available","others_sta":"Not Available","closed_dra":"Not Available","open_drain":null,"village_pi":"Available","forest_are":24,"area_under":5,"barren_unc":8,"permanent_":6,"land_under":0,"culturable":2,"fallows_la":0,"current_fa":0,"net_area_s":21,"total_unir":34,"area_irrig":-14,"canals_are":0,"wells_tube":0,"tanks_lake":34,"waterfall_":0,"other_sour":1,"nearest_to":"DESAIGANJ","nearest__1":23,"shape_leng":7735.127688,"shape_le_1":7735.127688,"shape_area":2664741.481,"ds_name":"Administrative Boundary","src_agency":"Survey of India (SOI)","state_name":"Maharashtra\n","village_area_km2":3,"village_id":4329,"flood_area_km2":0.004013378,"flood_exposure_pct":0.133779257,"flood_risk":"Low","hospital_dist_km":5.2313596959124036,"name":"SDH Armori","amenity":"hospital","population_density":126.0,"water_availability":34.0,"drainage_availability":0.0,"healthcare_gap_score":30.767525539462977,"river_distance_km":false,"flood_score":0.35794344545297718,"population_score":6.7343666488508811,"water_gap_score":92.27272727272728,"drainage_gap_score":50.0,"service_gap_score":57.680084270730084,"river_vulnerability_score":50.0,"ml_cluster":4,"ml_risk_group":"Low","vulnerability_score":23.41,"vulnerability_class":"Low","flood_score_contribution":0.14,"population_score_contribution":1.35,"service_gap_score_contribution":14.42,"river_vulnerability_score_contribution":7.5,"underserved_score":30.93,"welfare_priority_score":21.89,"welfare_priority":"Low","priority_rank":177,"priority_services":"Drinking Water, Drainage, Evacuation Preparedness","priority_reason":"Priority is influenced by water-service gap, drainage-service gap."},"geometry":null},
{"type":"Feature","properties":{"fid":62,"dn":true,"fid_2":true,"dn_2":true,"fid_3":4212,"id":41047,"objectid_1":41047,"objectid":107582,"village":"Mangli","vlcode":540804,"block":"Brahmapuri","bkcode":118.0,"subdistric":"Brahmapuri","sdcode":4067,"sub_distri":"Brahmapuri","district":"Chandrapur","dtcode":473,"district_h":"CHANDRAPUR","state":"MH","stcode":27,"country":"India","total_urba":"Rural","total_hous":275,"total_popu":1037,"avg_househ":3.77090909,"total_geog":345,"total_male":504,"total_fema":533,"tapwater_t":null,"tapwater_u":null,"covered_we":null,"covered__1":"Not Available","covered__2":"Not Available","uncovered_":"Available","uncovere_1":"Available","uncovere_2":"Available","handpump_s":null,"hand_pump_":"Available","hand_pum_1":"Available","tubewell_b":null,"tube_wells":"Available","tube_wel_1":"Available","spring_sta":"Not Available","spring_fun":"Not Available","spring_f_1":"Not Available","river_cana":"Not Available","tank_pond_":"Available","others_sta":"Not Available","closed_dra":"Not Available","open_drain":null,"village_pi":"Available","forest_are":0,"area_under":14,"barren_unc":0,"permanent_":10,"land_under":0,"culturable":2,"fallows_la":0,"current_fa":0,"net_area_s":319,"total_unir":19,"area_irrig":300,"canals_are":0,"wells_tube":7,"tanks_lake":0,"waterfall_":0,"other_sour":12,"nearest_to":"BRAHMAPURI","nearest__1":12,"shape_leng":7892.65059,"shape_le_1":7892.65059,"shape_area":4030060.72,"ds_name":"Administrative Boundary","src_agency":"Survey of India (SOI)","state_name":"Maharashtra\n","village_area_km2":4,"village_id":4212,"flood_area_km2":0.323966257,"flood_exposure_pct":8.099156417,"flood_risk":"Low","hospital_dist_km":10.391799455955038,"name":"Akshay Nursing Home","amenity":"hospital","population_density":259.25,"water_availability":0.0,"drainage_availability":0.0,"healthcare_gap_score":61.260722291918249,"river_distance_km":false,"flood_score":21.733757555606388,"population_score":13.856226616782468,"water_gap_score":100.0,"drainage_gap_score":50.0,"service_gap_score":70.420240763972757,"river_vulnerability_score":50.0,"ml_cluster":1,"ml_risk_group":"Very Low","vulnerability_score":36.57,"vulnerability_class":"Moderate","flood_score_contribution":8.69,"population_score_contribution":2.77,"service_gap_score_contribution":17.61,"river_vulnerability_score_contribution":7.5,"underserved_score":43.71,"welfare_priority_score":36.96,"welfare_priority":"Moderate","priority_rank":35,"priority_services":"Healthcare, Drinking Water, Drainage, Evacuation Preparedness","priority_reason":"Priority is influenced by limited healthcare accessibility, water-service gap, drainage-service gap."},"geometry":null},
{"type":"Feature","properties":{"fid":63,"dn":true,"fid_2":true,"dn_2":true,"fid_3":4650,"id":41904,"objectid_1":41904,"objectid":108439,"village":"Tembhari","vlcode":537516,"block":"Lakhandur","bkcode":94.0,"subdistric":"Lakhandur","sdcode":4043,"sub_distri":"Lakhandur","district":"Bhandara","dtcode":471,"district_h":"BHANDARA","state":"MH","stcode":27,"country":"India","total_urba":"Rural","total_hous":120,"total_popu":501,"avg_househ":4.175,"total_geog":242,"total_male":246,"total_fema":255,"tapwater_t":null,"tapwater_u":null,"covered_we":null,"covered__1":"Not Available","covered__2":"Not Available","uncovered_":"Available","uncovere_1":"Available","uncovere_2":"Available","handpump_s":null,"hand_pump_":"Available","hand_pum_1":"Available","tubewell_b":null,"tube_wells":"Available","tube_wel_1":"Available","spring_sta":"Not Available","spring_fun":"Not Available","spring_f_1":"Not Available","river_cana":"Not Available","tank_pond_":"Not Available","others_sta":"Not Available","closed_dra":"Not Available","open_drain":null,"village_pi":"Available","forest_are":0,"area_under":87,"barren_unc":0,"permanent_":3,"land_under":0,"culturable":1,"fallows_la":0,"current_fa":0,"net_area_s":151,"total_unir":40,"area_irrig":111,"canals_are":0,"wells_tube":40,"tanks_lake":0,"waterfall_":0,"other_sour":0,"nearest_to":"Desaiganj","nearest__1":20,"shape_leng":6199.309496,"shape_le_1":6199.309496,"shape_area":2353862.943,"ds_name":"Administrative Boundary","src_agency":"Survey of India (SOI)","state_name":"Maharashtra\n","village_area_km2":2,"village_id":4650,"flood_area_km2":0.012825314,"flood_exposure_pct":0.64126568,"flood_risk":"Low","hospital_dist_km":5.2075909361433839,"name":"Government Hospital, Soni","amenity":"hospital","population_density":250.5,"water_availability":0.0,"drainage_availability":0.0,"healthcare_gap_score":30.627075209277827,"river_distance_km":false,"flood_score":1.7198294206645617,"population_score":13.388562266167824,"water_gap_score":100.0,"drainage_gap_score":50.0,"service_gap_score":60.209025069759271,"river_vulnerability_score":50.0,"ml_cluster":4,"ml_risk_group":"Low","vulnerability_score":25.92,"vulnerability_class":"Moderate","flood_score_contribution":0.69,"population_score_contribution":2.68,"service_gap_score_contribution":15.05,"river_vulnerability_score_contribution":7.5,"underserved_score":34.47,"welfare_priority_score":24.88,"welfare_priority":"Low","priority_rank":152,"priority_services":"Drinking Water, Drainage, Evacuation Preparedness","priority_reason":"Priority is influenced by water-service gap, drainage-service gap."},"geometry":null},
{"type":"Feature","properties":{"fid":64,"dn":true,"fid_2":true,"dn_2":true,"fid_3":2991,"id":39789,"objectid_1":39789,"objectid":106324,"village":"Mohurli Mokasa","vlcode":539219,"block":"Chamorshi","bkcode":109.0,"subdistric":"Chamorshi","sdcode":4058,"sub_distri":"Chamorshi","district":"Gadchiroli","dtcode":475,"district_h":"GADCHIROLI","state":"MH","stcode":27,"country":"India","total_urba":"Rural","total_hous":262,"total_popu":1059,"avg_househ":4.04198473,"total_geog":610,"total_male":522,"total_fema":537,"tapwater_t":null,"tapwater_u":null,"covered_we":null,"covered__1":"Not Available","covered__2":"Not Available","uncovered_":"Available","uncovere_1":"Available","uncovere_2":"Available","handpump_s":null,"hand_pump_":"Available","hand_pum_1":"Available","tubewell_b":null,"tube_wells":"Not Available","tube_wel_1":"Not Available","spring_sta":"Not Available","spring_fun":"Not Available","spring_f_1":"Not Available","river_cana":"Not Available","tank_pond_":"Not Available","others_sta":"Available","closed_dra":"Not Available","open_drain":null,"village_pi":"Available","forest_are":0,"area_under":126,"barren_unc":0,"permanent_":12,"land_under":0,"culturable":2,"fallows_la":1,"current_fa":0,"net_area_s":469,"total_unir":306,"area_irrig":163,"canals_are":301,"wells_tube":0,"tanks_lake":0,"waterfall_":0,"other_sour":5,"nearest_to":"MUL","nearest__1":34,"shape_leng":10130.66686,"shape_le_1":10130.66686,"shape_area":6403157.679,"ds_name":"Administrative Boundary","src_agency":"Survey of India (SOI)","state_name":"Maharashtra\n","village_area_km2":7,"village_id":2991,"flood_area_km2":0.349213928,"flood_exposure_pct":4.988770393,"flood_risk":"Low","hospital_dist_km":8.1753699808905544,"name":"Rural Hospital, Saoli","amenity":"hospital","population_density":151.28571428571428,"water_availability":0.0,"drainage_availability":0.0,"healthcare_gap_score":48.163772571779653,"river_distance_km":false,"flood_score":13.386753750975103,"population_score":8.0858211804229967,"water_gap_score":100.0,"drainage_gap_score":50.0,"service_gap_score":66.054590857259882,"river_vulnerability_score":50.0,"ml_cluster":1,"ml_risk_group":"Very Low","vulnerability_score":30.99,"vulnerability_class":"Moderate","flood_score_contribution":5.35,"population_score_contribution":1.62,"service_gap_score_contribution":16.51,"river_vulnerability_score_contribution":7.5,"underserved_score":38.13,"welfare_priority_score":30.6,"welfare_priority":"Moderate","priority_rank":91,"priority_services":"Drinking Water, Drainage, Evacuation Preparedness","priority_reason":"Priority is influenced by water-service gap, drainage-service gap."},"geometry":null},
{"type":"Feature","properties":{"fid":65,"dn":true,"fid_2":true,"dn_2":true,"fid_3":4170,"id":41003,"objectid_1":41003,"objectid":107538,"village":"Borgaon","vlcode":540771,"block":"Brahmapuri","bkcode":118.0,"subdistric":"Brahmapuri","sdcode":4067,"sub_distri":"Brahmapuri","district":"Chandrapur","dtcode":473,"district_h":"CHANDRAPUR","state":"MH","stcode":27,"country":"India","total_urba":"Rural","total_hous":203,"total_popu":785,"avg_househ":3.86699507,"total_geog":268,"total_male":388,"total_fema":397,"tapwater_t":null,"tapwater_u":null,"covered_we":null,"covered__1":"Not Available","covered__2":"Not Available","uncovered_":"Available","uncovere_1":"Available","uncovere_2":"Available","handpump_s":null,"hand_pump_":"Available","hand_pum_1":"Available","tubewell_b":null,"tube_wells":"Available","tube_wel_1":"Available","spring_sta":"Not Available","spring_fun":"Not Available","spring_f_1":"Not Available","river_cana":"Not Available","tank_pond_":"Not Available","others_sta":"Not Available","closed_dra":"Not Available","open_drain":null,"village_pi":"Available","forest_are":0,"area_under":0,"barren_unc":20,"permanent_":0,"land_under":0,"culturable":0,"fallows_la":0,"current_fa":2,"net_area_s":246,"total_unir":14,"area_irrig":232,"canals_are":0,"wells_tube":4,"tanks_lake":10,"waterfall_":0,"other_sour":0,"nearest_to":"BRAHMAPURI","nearest__1":3,"shape_leng":6501.297162,"shape_le_1":6501.297162,"shape_area":2040538.415,"ds_name":"Administrative Boundary","src_agency":"Survey of India (SOI)","state_name":"Maharashtra\n","village_area_km2":2,"village_id":4170,"flood_area_km2":0.008020644,"flood_exposure_pct":0.401032177,"flood_risk":"Low","hospital_dist_km":3.0701703987395463,"name":"Akshay Nursing Home","amenity":"hospital","population_density":392.5,"water_availability":10.0,"drainage_availability":0.0,"healthcare_gap_score":17.996991724056517,"river_distance_km":false,"flood_score":1.0751409646117185,"population_score":20.978086584714056,"water_gap_score":97.727272727272734,"drainage_gap_score":50.0,"service_gap_score":55.241421483776413,"river_vulnerability_score":50.0,"ml_cluster":4,"ml_risk_group":"Low","vulnerability_score":25.94,"vulnerability_class":"Moderate","flood_score_contribution":0.43,"population_score_contribution":4.2,"service_gap_score_contribution":13.81,"river_vulnerability_score_contribution":7.5,"underserved_score":34.13,"welfare_priority_score":24.61,"welfare_priority":"Low","priority_rank":158,"priority_services":"Drinking Water, Drainage, Evacuation Preparedness","priority_reason":"Priority is influenced by water-service gap, drainage-service gap."},"geometry":null},
{"type":"Feature","properties":{"fid":66,"dn":true,"fid_2":true,"dn_2":true,"fid_3":2735,"id":39536,"objectid_1":39536,"objectid":106071,"village":"Jungaon","vlcode":541470,"block":"Pombhurna","bkcode":124.0,"subdistric":"Pombhurna","sdcode":4073,"sub_distri":"Pombhurna","district":"Chandrapur","dtcode":473,"district_h":"CHANDRAPUR","state":"MH","stcode":27,"country":"India","total_urba":"Rural","total_hous":322,"total_popu":1309,"avg_househ":4.06521739,"total_geog":978,"total_male":650,"total_fema":659,"tapwater_t":null,"tapwater_u":null,"covered_we":null,"covered__1":"Not Available","covered__2":"Not Available","uncovered_":"Available","uncovere_1":"Available","uncovere_2":"Available","handpump_s":null,"hand_pump_":"Available","hand_pum_1":"Available","tubewell_b":null,"tube_wells":"Available","tube_wel_1":"Available","spring_sta":"Not Available","spring_fun":"Not Available","spring_f_1":"Not Available","river_cana":"Available","tank_pond_":"Not Available","others_sta":"Not Available","closed_dra":"Not Available","open_drain":null,"village_pi":"Available","forest_are":123,"area_under":0,"barren_unc":250,"permanent_":0,"land_under":0,"culturable":0,"fallows_la":0,"current_fa":13,"net_area_s":592,"total_unir":31,"area_irrig":561,"canals_are":0,"wells_tube":31,"tanks_lake":0,"waterfall_":0,"other_sour":0,"nearest_to":"MUL","nearest__1":41,"shape_leng":11006.89571,"shape_le_1":11006.89571,"shape_area":3827534.279,"ds_name":"Administrative Boundary","src_agency":"Survey of India (SOI)","state_name":"Maharashtra\n","village_area_km2":4,"village_id":2735,"flood_area_km2":0.036443786,"flood_exposure_pct":0.911094651,"flood_risk":"Low","hospital_dist_km":10.376351962593311,"name":null,"amenity":null,"population_density":327.25,"water_availability":0.0,"drainage_availability":0.0,"healthcare_gap_score":61.169442580049761,"river_distance_km":false,"flood_score":2.44394000698989,"population_score":17.490646712987708,"water_gap_score":100.0,"drainage_gap_score":50.0,"service_gap_score":70.38981419334992,"river_vulnerability_score":50.0,"ml_cluster":1,"ml_risk_group":"Very Low","vulnerability_score":29.57,"vulnerability_class":"Moderate","flood_score_contribution":0.98,"population_score_contribution":3.5,"service_gap_score_contribution":17.6,"river_vulnerability_score_contribution":7.5,"underserved_score":40.93,"welfare_priority_score":29.69,"welfare_priority":"Moderate","priority_rank":103,"priority_services":"Healthcare, Drinking Water, Drainage, Evacuation Preparedness","priority_reason":"Priority is influenced by limited healthcare accessibility, water-service gap, drainage-service gap."},"geometry":null},
{"type":"Feature","properties":{"fid":67,"dn":true,"fid_2":true,"dn_2":true,"fid_3":2821,"id":39618,"objectid_1":39618,"objectid":106153,"village":"Ganpur Raiyyatwari","vlcode":539301,"block":"Chamorshi","bkcode":109.0,"subdistric":"Chamorshi","sdcode":4058,"sub_distri":"Chamorshi","district":"Gadchiroli","dtcode":475,"district_h":"GADCHIROLI","state":"MH","stcode":27,"country":"India","total_urba":"Rural","total_hous":485,"total_popu":1950,"avg_househ":4.02061856,"total_geog":1021,"total_male":978,"total_fema":972,"tapwater_t":null,"tapwater_u":null,"covered_we":null,"covered__1":"Not Available","covered__2":"Not Available","uncovered_":"Available","uncovere_1":"Available","uncovere_2":"Available","handpump_s":null,"hand_pump_":"Available","hand_pum_1":"Available","tubewell_b":null,"tube_wells":"Not Available","tube_wel_1":"Not Available","spring_sta":"Not Available","spring_fun":"Not Available","spring_f_1":"Not Available","river_cana":"Available","tank_pond_":"Not Available","others_sta":"Not Available","closed_dra":"Not Available","open_drain":null,"village_pi":"Available","forest_are":145,"area_under":224,"barren_unc":5,"permanent_":10,"land_under":0,"culturable":5,"fallows_la":33,"current_fa":0,"net_area_s":599,"total_unir":58,"area_irrig":540,"canals_are":0,"wells_tube":0,"tanks_lake":31,"waterfall_":0,"other_sour":27,"nearest_to":"GADCHIROLI","nearest__1":60,"shape_leng":15955.82089,"shape_le_1":15955.82089,"shape_area":12914968.82,"ds_name":"Administrative Boundary","src_agency":"Survey of India (SOI)","state_name":"Maharashtra\n","village_area_km2":13,"village_id":2821,"flood_area_km2":0.049967864,"flood_exposure_pct":0.384368187,"flood_risk":"Low","hospital_dist_km":15.020930336325849,"name":"Rural Hospital Gondpipari","amenity":"hospital","population_density":150.0,"water_availability":31.0,"drainage_availability":0.0,"healthcare_gap_score":88.614398585360206,"river_distance_km":false,"flood_score":1.0304216317517219,"population_score":8.0171031533939061,"water_gap_score":92.954545454545453,"drainage_gap_score":50.0,"service_gap_score":77.189648013301891,"river_vulnerability_score":50.0,"ml_cluster":1,"ml_risk_group":"Very Low","vulnerability_score":28.81,"vulnerability_class":"Moderate","flood_score_contribution":0.41,"population_score_contribution":1.6,"service_gap_score_contribution":19.3,"river_vulnerability_score_contribution":7.5,"underserved_score":41.21,"welfare_priority_score":29.29,"welfare_priority":"Moderate","priority_rank":106,"priority_services":"Healthcare, Drinking Water, Drainage, Evacuation Preparedness","priority_reason":"Priority is influenced by limited healthcare accessibility, water-service gap, drainage-service gap."},"geometry":null},
{"type":"Feature","properties":{"fid":68,"dn":true,"fid_2":true,"dn_2":true,"fid_3":3030,"id":39826,"objectid_1":39826,"objectid":106361,"village":"Haramba","vlcode":540972,"block":"Sawali","bkcode":119.0,"subdistric":"Sawali","sdcode":4068,"sub_distri":"Sawali","district":"Chandrapur","dtcode":473,"district_h":"CHANDRAPUR","state":"MH","stcode":27,"country":"India","total_urba":"Rural","total_hous":533,"total_popu":2153,"avg_househ":4.03939962,"total_geog":684,"total_male":1070,"total_fema":1083,"tapwater_t":null,"tapwater_u":null,"covered_we":null,"covered__1":"Available","covered__2":"Available","uncovered_":"Available","uncovere_1":"Available","uncovere_2":"Available","handpump_s":null,"hand_pump_":"Available","hand_pum_1":"Available","tubewell_b":null,"tube_wells":"Not Available","tube_wel_1":"Not Available","spring_sta":"Not Available","spring_fun":"Not Available","spring_f_1":"Not Available","river_cana":"Available","tank_pond_":"Available","others_sta":"Not Available","closed_dra":"Not Available","open_drain":null,"village_pi":"Available","forest_are":0,"area_under":0,"barren_unc":95,"permanent_":22,"land_under":0,"culturable":33,"fallows_la":29,"current_fa":4,"net_area_s":502,"total_unir":317,"area_irrig":185,"canals_are":50,"wells_tube":4,"tanks_lake":200,"waterfall_":0,"other_sour":62,"nearest_to":"MUL","nearest__1":32,"shape_leng":12076.73189,"shape_le_1":12076.73189,"shape_area":4549548.938,"ds_name":"Administrative Boundary","src_agency":"Survey of India (SOI)","state_name":"Maharashtra\n","village_area_km2":5,"village_id":3030,"flood_area_km2":0.364389053,"flood_exposure_pct":7.287781067,"flood_risk":"Low","hospital_dist_km":7.0749275206345255,"name":"Balprabha Hospital","amenity":"hospital","population_density":430.6,"water_availability":200.0,"drainage_availability":0.0,"healthcare_gap_score":41.661224336420382,"river_distance_km":false,"flood_score":19.556358004175653,"population_score":23.014430785676112,"water_gap_score":54.545454545454547,"drainage_gap_score":50.0,"service_gap_score":48.735559627291643,"river_vulnerability_score":50.0,"ml_cluster":3,"ml_risk_group":"High","vulnerability_score":32.11,"vulnerability_class":"Moderate","flood_score_contribution":7.82,"population_score_contribution":4.6,"service_gap_score_contribution":12.18,"river_vulnerability_score_contribution":7.5,"underserved_score":35.18,"welfare_priority_score":30.56,"welfare_priority":"Moderate","priority_rank":94,"priority_services":"Drinking Water, Drainage, Evacuation Preparedness","priority_reason":"Priority is influenced by water-service gap, drainage-service gap."},"geometry":null},
{"type":"Feature","properties":{"fid":69,"dn":true,"fid_2":true,"dn_2":true,"fid_3":4549,"id":41804,"objectid_1":41804,"objectid":108339,"village":"Ahernavargaon","vlcode":540736,"block":"Brahmapuri","bkcode":118.0,"subdistric":"Brahmapuri","sdcode":4067,"sub_distri":"Brahmapuri","district":"Chandrapur","dtcode":473,"district_h":"CHANDRAPUR","state":"MH","stcode":27,"country":"India","total_urba":"Rural","total_hous":1125,"total_popu":4666,"avg_househ":4.14755556,"total_geog":1202,"total_male":2311,"total_fema":2355,"tapwater_t":null,"tapwater_u":null,"covered_we":null,"covered__1":"Available","covered__2":"Available","uncovered_":"Available","uncovere_1":"Not Available","uncovere_2":"Not Available","handpump_s":null,"hand_pump_":"Available","hand_pum_1":"Available","tubewell_b":null,"tube_wells":"Available","tube_wel_1":"Available","spring_sta":"Not Available","spring_fun":"Not Available","spring_f_1":"Not Available","river_cana":"Available","tank_pond_":"Not Available","others_sta":"Not Available","closed_dra":"Not Available","open_drain":null,"village_pi":"Available","forest_are":0,"area_under":25,"barren_unc":132,"permanent_":5,"land_under":0,"culturable":21,"fallows_la":0,"current_fa":62,"net_area_s":958,"total_unir":214,"area_irrig":744,"canals_are":0,"wells_tube":214,"tanks_lake":0,"waterfall_":0,"other_sour":0,"nearest_to":"BRAHMAPURI","nearest__1":7,"shape_leng":16244.38183,"shape_le_1":16244.38183,"shape_area":13261315.63,"ds_name":"Administrative Boundary","src_agency":"Survey of India (SOI)","state_name":"Maharashtra\n","village_area_km2":14,"village_id":4549,"flood_area_km2":1.913531324,"flood_exposure_pct":13.66808088,"flood_risk":"Low","hospital_dist_km":4.8649769691244824,"name":"Government Hospital, Soni","amenity":"hospital","population_density":333.28571428571428,"water_availability":0.0,"drainage_availability":0.0,"healthcare_gap_score":28.602558774197828,"river_distance_km":false,"flood_score":36.678472880872157,"population_score":17.813239673207605,"water_gap_score":100.0,"drainage_gap_score":50.0,"service_gap_score":59.534186258065944,"river_vulnerability_score":50.0,"ml_cluster":0,"ml_risk_group":"Very High","vulnerability_score":40.62,"vulnerability_class":"Moderate","flood_score_contribution":14.67,"population_score_contribution":3.56,"service_gap_score_contribution":14.88,"river_vulnerability_score_contribution":7.5,"underserved_score":42.45,"welfare_priority_score":40.34,"welfare_priority":"Moderate","priority_rank":22,"priority_services":"Drinking Water, Drainage, Evacuation Preparedness","priority_reason":"Priority is influenced by water-service gap, drainage-service gap."},"geometry":null},
{"type":"Feature","properties":{"fid":70,"dn":true,"fid_2":true,"dn_2":true,"fid_3":4572,"id":41825,"objectid_1":41825,"objectid":108360,"village":"Sondri","vlcode":540745,"block":"Brahmapuri","bkcode":118.0,"subdistric":"Brahmapuri","sdcode":4067,"sub_distri":"Brahmapuri","district":"Chandrapur","dtcode":473,"district_h":"CHANDRAPUR","state":"MH","stcode":27,"country":"India","total_urba":"Rural","total_hous":354,"total_popu":1455,"avg_househ":4.11016949,"total_geog":479,"total_male":713,"total_fema":742,"tapwater_t":null,"tapwater_u":null,"covered_we":null,"covered__1":"Available","covered__2":"Available","uncovered_":"Available","uncovere_1":"Available","uncovere_2":"Available","handpump_s":null,"hand_pump_":"Available","hand_pum_1":"Available","tubewell_b":null,"tube_wells":"Available","tube_wel_1":"Available","spring_sta":"Not Available","spring_fun":"Not Available","spring_f_1":"Not Available","river_cana":"Not Available","tank_pond_":"Not Available","others_sta":"Not Available","closed_dra":"Not Available","open_drain":null,"village_pi":"Available","forest_are":0,"area_under":8,"barren_unc":18,"permanent_":6,"land_under":0,"culturable":8,"fallows_la":2,"current_fa":15,"net_area_s":422,"total_unir":28,"area_irrig":394,"canals_are":0,"wells_tube":28,"tanks_lake":0,"waterfall_":0,"other_sour":0,"nearest_to":"BRAHMAPURI","nearest__1":9,"shape_leng":9568.315774000001,"shape_le_1":9568.315774000001,"shape_area":4845460.836,"ds_name":"Administrative Boundary","src_agency":"Survey of India (SOI)","state_name":"Maharashtra\n","village_area_km2":5,"village_id":4572,"flood_area_km2":0.509644765,"flood_exposure_pct":10.1928953,"flood_risk":"Low","hospital_dist_km":4.2180160493076793,"name":"Vikttubaba physiotherapy clinic, wadsa","amenity":"hospital","population_density":291.0,"water_availability":0.0,"drainage_availability":0.0,"healthcare_gap_score":24.779646864271719,"river_distance_km":false,"flood_score":27.352496286894318,"population_score":15.553180117584178,"water_gap_score":100.0,"drainage_gap_score":50.0,"service_gap_score":58.259882288090573,"river_vulnerability_score":50.0,"ml_cluster":4,"ml_risk_group":"Low","vulnerability_score":36.12,"vulnerability_class":"Moderate","flood_score_contribution":10.94,"population_score_contribution":3.11,"service_gap_score_contribution":14.56,"river_vulnerability_score_contribution":7.5,"underserved_score":39.27,"welfare_priority_score":35.46,"welfare_priority":"Moderate","priority_rank":41,"priority_services":"Drinking Water, Drainage, Evacuation Preparedness","priority_reason":"Priority is influenced by water-service gap, drainage-service gap."},"geometry":null},
{"type":"Feature","properties":{"fid":71,"dn":true,"fid_2":true,"dn_2":true,"fid_3":3061,"id":39858,"objectid_1":39858,"objectid":106393,"village":"Darshani Chak","vlcode":539184,"block":"Gadchiroli","bkcode":108.0,"subdistric":"Gadchiroli","sdcode":4057,"sub_distri":"Gadchiroli","district":"Gadchiroli","dtcode":475,"district_h":"GADCHIROLI","state":"MH","stcode":27,"country":"India","total_urba":"Rural","total_hous":75,"total_popu":276,"avg_househ":3.68,"total_geog":807,"total_male":145,"total_fema":131,"tapwater_t":null,"tapwater_u":null,"covered_we":null,"covered__1":"Available","covered__2":"Available","uncovered_":"Available","uncovere_1":"Available","uncovere_2":"Available","handpump_s":null,"hand_pump_":"Available","hand_pum_1":"Available","tubewell_b":null,"tube_wells":"Not Available","tube_wel_1":"Not Available","spring_sta":"Not Available","spring_fun":"Not Available","spring_f_1":"Not Available","river_cana":"Not Available","tank_pond_":"Available","others_sta":"Available","closed_dra":"Not Available","open_drain":null,"village_pi":"Available","forest_are":171,"area_under":4,"barren_unc":45,"permanent_":12,"land_under":0,"culturable":84,"fallows_la":145,"current_fa":38,"net_area_s":308,"total_unir":86,"area_irrig":222,"canals_are":0,"wells_tube":0,"tanks_lake":84,"waterfall_":0,"other_sour":2,"nearest_to":"GADCHIROLI","nearest__1":20,"shape_leng":7150.176645,"shape_le_1":7150.176645,"shape_area":2332188.544,"ds_name":"Administrative Boundary","src_agency":"Survey of India (SOI)","state_name":"Maharashtra\n","village_area_km2":2,"village_id":3061,"flood_area_km2":0.014865122,"flood_exposure_pct":0.743256124,"flood_risk":"Low","hospital_dist_km":15.030229902363144,"name":"Lifeline Hospital & Ayurvedic Panchakarma Centre","amenity":"hospital","population_density":138.0,"water_availability":84.0,"drainage_availability":0.0,"healthcare_gap_score":88.669350006183578,"river_distance_km":false,"flood_score":1.993530053812737,"population_score":7.375734901122394,"water_gap_score":80.909090909090907,"drainage_gap_score":50.0,"service_gap_score":73.192813638424823,"river_vulnerability_score":50.0,"ml_cluster":1,"ml_risk_group":"Very Low","vulnerability_score":28.07,"vulnerability_class":"Moderate","flood_score_contribution":0.8,"population_score_contribution":1.48,"service_gap_score_contribution":18.3,"river_vulnerability_score_contribution":7.5,"underserved_score":39.21,"welfare_priority_score":28.15,"welfare_priority":"Moderate","priority_rank":122,"priority_services":"Healthcare, Drinking Water, Drainage, Evacuation Preparedness","priority_reason":"Priority is influenced by limited healthcare accessibility, water-service gap, drainage-service gap."},"geometry":null},
{"type":"Feature","properties":{"fid":72,"dn":true,"fid_2":true,"dn_2":true,"fid_3":3041,"id":39839,"objectid_1":39839,"objectid":106374,"village":"Kaneri","vlcode":539117,"block":"Gadchiroli","bkcode":108.0,"subdistric":"Gadchiroli","sdcode":4057,"sub_distri":"Gadchiroli","district":"Gadchiroli","dtcode":475,"district_h":"GADCHIROLI","state":"MH","stcode":27,"country":"India","total_urba":"Rural","total_hous":482,"total_popu":1900,"avg_househ":3.94190871,"total_geog":652,"total_male":943,"total_fema":957,"tapwater_t":null,"tapwater_u":null,"covered_we":null,"covered__1":"Available","covered__2":"Available","uncovered_":"Available","uncovere_1":"Available","uncovere_2":"Available","handpump_s":null,"hand_pump_":"Available","hand_pum_1":"Available","tubewell_b":null,"tube_wells":"Available","tube_wel_1":"Available","spring_sta":"Not Available","spring_fun":"Not Available","spring_f_1":"Not Available","river_cana":"Not Available","tank_pond_":"Available","others_sta":"Not Available","closed_dra":"Not Available","open_drain":null,"village_pi":"Available","forest_are":46,"area_under":116,"barren_unc":0,"permanent_":23,"land_under":0,"culturable":121,"fallows_la":0,"current_fa":0,"net_area_s":346,"total_unir":167,"area_irrig":179,"canals_are":0,"wells_tube":7,"tanks_lake":160,"waterfall_":0,"other_sour":0,"nearest_to":"GADCHIROLI","nearest__1":10,"shape_leng":11692.97808,"shape_le_1":11692.97808,"shape_area":6773991.086,"ds_name":"Administrative Boundary","src_agency":"Survey of India (SOI)","state_name":"Maharashtra\n","village_area_km2":7,"village_id":3041,"flood_area_km2":0.380492167,"flood_exposure_pct":5.435602383,"flood_risk":"Low","hospital_dist_km":5.2313596959124036,"name":"SDH Armori","amenity":"hospital","population_density":271.42857142857144,"water_availability":160.0,"drainage_availability":0.0,"healthcare_gap_score":30.767525539462977,"river_distance_km":false,"flood_score":14.585868038327934,"population_score":14.507139039474689,"water_gap_score":63.636363636363633,"drainage_gap_score":50.0,"service_gap_score":48.134629725275538,"river_vulnerability_score":50.0,"ml_cluster":3,"ml_risk_group":"High","vulnerability_score":28.27,"vulnerability_class":"Moderate","flood_score_contribution":5.83,"population_score_contribution":2.9,"service_gap_score_contribution":12.03,"river_vulnerability_score_contribution":7.5,"underserved_score":31.34,"welfare_priority_score":26.31,"welfare_priority":"Moderate","priority_rank":136,"priority_services":"Drinking Water, Drainage, Evacuation Preparedness","priority_reason":"Priority is influenced by water-service gap, drainage-service gap."},"geometry":null},
{"type":"Feature","properties":{"fid":73,"dn":true,"fid_2":true,"dn_2":true,"fid_3":3113,"id":39913,"objectid_1":39913,"objectid":106448,"village":"Reserved Forest","vlcode":999999,"block":null,"bkcode":null,"subdistric":"Sawali","sdcode":4068,"sub_distri":null,"district":"Chandrapur","dtcode":473,"district_h":null,"state":"MH","stcode":27,"country":"India","total_urba":"Rural","total_hous":0,"total_popu":0,"avg_househ":0.0,"total_geog":0,"total_male":0,"total_fema":0,"tapwater_t":null,"tapwater_u":null,"covered_we":null,"covered__1":null,"covered__2":null,"uncovered_":null,"uncovere_1":null,"uncovere_2":null,"handpump_s":null,"hand_pump_":null,"hand_pum_1":null,"tubewell_b":null,"tube_wells":null,"tube_wel_1":null,"spring_sta":null,"spring_fun":null,"spring_f_1":null,"river_cana":null,"tank_pond_":null,"others_sta":null,"closed_dra":null,"open_drain":null,"village_pi":null,"forest_are":0,"area_under":0,"barren_unc":0,"permanent_":0,"land_under":0,"culturable":0,"fallows_la":0,"current_fa":0,"net_area_s":0,"total_unir":0,"area_irrig":0,"canals_are":0,"wells_tube":0,"tanks_lake":0,"waterfall_":0,"other_sour":0,"nearest_to":null,"nearest__1":0,"shape_leng":28854.3424,"shape_le_1":28854.3424,"shape_area":24493069.91,"ds_name":"Administrative Boundary","src_agency":"Survey of India (SOI)","state_name":"Maharashtra\n","village_area_km2":25,"village_id":3113,"flood_area_km2":0.00482388,"flood_exposure_pct":0.019295521,"flood_risk":"Low","hospital_dist_km":2.7838169467290927,"name":"Government Hospital, Kanpa","amenity":"hospital","population_density":0.0,"water_availability":0.0,"drainage_availability":0.0,"healthcare_gap_score":16.304920397013767,"river_distance_km":false,"flood_score":0.050715926879094791,"population_score":0.0,"water_gap_score":100.0,"drainage_gap_score":50.0,"service_gap_score":55.434973465671256,"river_vulnerability_score":50.0,"ml_cluster":4,"ml_risk_group":"Low","vulnerability_score":21.38,"vulnerability_class":"Low","flood_score_contribution":0.02,"population_score_contribution":0.0,"service_gap_score_contribution":13.86,"river_vulnerability_score_contribution":7.5,"underserved_score":27.73,"welfare_priority_score":19.42,"welfare_priority":"Low","priority_rank":195,"priority_services":"Drinking Water, Drainage, Evacuation Preparedness","priority_reason":"Priority is influenced by water-service gap, drainage-service gap."},"geometry":null},
{"type":"Feature","properties":{"fid":74,"dn":true,"fid_2":true,"dn_2":true,"fid_3":4153,"id":40986,"objectid_1":40986,"objectid":107521,"village":"Kotgal","vlcode":539114,"block":"Gadchiroli","bkcode":108.0,"subdistric":"Gadchiroli","sdcode":4057,"sub_distri":"Gadchiroli","district":"Gadchiroli","dtcode":475,"district_h":"GADCHIROLI","state":"MH","stcode":27,"country":"India","total_urba":"Rural","total_hous":821,"total_popu":3338,"avg_househ":4.06577345,"total_geog":917,"total_male":1648,"total_fema":1690,"tapwater_t":null,"tapwater_u":null,"covered_we":null,"covered__1":"Not Available","covered__2":"Not Available","uncovered_":"Available","uncovere_1":"Not Available","uncovere_2":"Not Available","handpump_s":null,"hand_pump_":"Available","hand_pum_1":"Available","tubewell_b":null,"tube_wells":"Not Available","tube_wel_1":"Not Available","spring_sta":"Not Available","spring_fun":"Not Available","spring_f_1":"Not Available","river_cana":"Available","tank_pond_":"Available","others_sta":"Not Available","closed_dra":"Not Available","open_drain":null,"village_pi":"Available","forest_are":98,"area_under":211,"barren_unc":18,"permanent_":87,"land_under":0,"culturable":13,"fallows_la":20,"current_fa":0,"net_area_s":472,"total_unir":212,"area_irrig":260,"canals_are":0,"wells_tube":18,"tanks_lake":193,"waterfall_":0,"other_sour":0,"nearest_to":"GADCHIROLI","nearest__1":7,"shape_leng":13160.28444,"shape_le_1":13160.28444,"shape_area":10501060.55,"ds_name":"Administrative Boundary","src_agency":"Survey of India (SOI)","state_name":"Maharashtra\n","village_area_km2":11,"village_id":4153,"flood_area_km2":0.506839016,"flood_exposure_pct":4.607627416,"flood_risk":"Low","hospital_dist_km":3.97042218171089,"name":"Nobel Multispeciality Hospital","amenity":"hospital","population_density":303.45454545454544,"water_availability":193.0,"drainage_availability":0.0,"healthcare_gap_score":23.316607109832681,"river_distance_km":false,"flood_score":12.363921904837829,"population_score":16.218842621835673,"water_gap_score":56.136363636363633,"drainage_gap_score":50.0,"service_gap_score":43.150990248732107,"river_vulnerability_score":50.0,"ml_cluster":3,"ml_risk_group":"High","vulnerability_score":26.48,"vulnerability_class":"Moderate","flood_score_contribution":4.95,"population_score_contribution":3.24,"service_gap_score_contribution":10.79,"river_vulnerability_score_contribution":7.5,"underserved_score":28.91,"welfare_priority_score":24.03,"welfare_priority":"Low","priority_rank":162,"priority_services":"Drinking Water, Drainage, Evacuation Preparedness","priority_reason":"Priority is influenced by water-service gap, drainage-service gap."},"geometry":null},
{"type":"Feature","properties":{"fid":75,"dn":true,"fid_2":true,"dn_2":true,"fid_3":4355,"id":41202,"objectid_1":41202,"objectid":107737,"village":"Kondhala","vlcode":538494,"block":"Desaiganj (Vadasa)","bkcode":103.0,"subdistric":"Desaiganj (Vadasa)","sdcode":4052,"sub_distri":"Desaiganj (Vadasa)","district":"Gadchiroli","dtcode":475,"district_h":"GADCHIROLI","state":"MH","stcode":27,"country":"India","total_urba":"Rural","total_hous":974,"total_popu":3873,"avg_househ":3.97638604,"total_geog":1672,"total_male":1960,"total_fema":1913,"tapwater_t":null,"tapwater_u":null,"covered_we":null,"covered__1":"Available","covered__2":"Available","uncovered_":"Available","uncovere_1":"Available","uncovere_2":"Available","handpump_s":null,"hand_pump_":"Available","hand_pum_1":"Available","tubewell_b":null,"tube_wells":"Not Available","tube_wel_1":"Not Available","spring_sta":"Not Available","spring_fun":"Not Available","spring_f_1":"Not Available","river_cana":"Available","tank_pond_":"Available","others_sta":"Not Available","closed_dra":"Not Available","open_drain":null,"village_pi":"Available","forest_are":233,"area_under":252,"barren_unc":8,"permanent_":80,"land_under":0,"culturable":17,"fallows_la":0,"current_fa":6,"net_area_s":1075,"total_unir":464,"area_irrig":611,"canals_are":451,"wells_tube":12,"tanks_lake":0,"waterfall_":0,"other_sour":0,"nearest_to":"DESAIGANJ","nearest__1":8,"shape_leng":21195.57759,"shape_le_1":21195.57759,"shape_area":19244176.84,"ds_name":"Administrative Boundary","src_agency":"Survey of India (SOI)","state_name":"Maharashtra\n","village_area_km2":20,"village_id":4355,"flood_area_km2":2.208682004,"flood_exposure_pct":11.04341002,"flood_risk":"Low","hospital_dist_km":7.5526172540285401,"name":"Bansod Hospital","amenity":"hospital","population_density":193.65,"water_availability":0.0,"drainage_availability":0.0,"healthcare_gap_score":44.483907616205677,"river_distance_km":false,"flood_score":29.634929897692629,"population_score":10.350080171031534,"water_gap_score":100.0,"drainage_gap_score":50.0,"service_gap_score":64.827969205401885,"river_vulnerability_score":50.0,"ml_cluster":0,"ml_risk_group":"Very High","vulnerability_score":37.63,"vulnerability_class":"Moderate","flood_score_contribution":11.85,"population_score_contribution":2.07,"service_gap_score_contribution":16.21,"river_vulnerability_score_contribution":7.5,"underserved_score":41.45,"welfare_priority_score":37.52,"welfare_priority":"Moderate","priority_rank":33,"priority_services":"Drinking Water, Drainage, Evacuation Preparedness","priority_reason":"Priority is influenced by water-service gap, drainage-service gap."},"geometry":null},
{"type":"Feature","properties":{"fid":76,"dn":true,"fid_2":true,"dn_2":true,"fid_3":2791,"id":39589,"objectid_1":39589,"objectid":106124,"village":"Haladi","vlcode":539294,"block":"Chamorshi","bkcode":109.0,"subdistric":"Chamorshi","sdcode":4058,"sub_distri":"Chamorshi","district":"Gadchiroli","dtcode":475,"district_h":"GADCHIROLI","state":"MH","stcode":27,"country":"India","total_urba":"Rural","total_hous":108,"total_popu":430,"avg_househ":3.98148148,"total_geog":286,"total_male":226,"total_fema":204,"tapwater_t":null,"tapwater_u":null,"covered_we":null,"covered__1":"Not Available","covered__2":"Not Available","uncovered_":"Available","uncovere_1":"Available","uncovere_2":"Available","handpump_s":null,"hand_pump_":"Available","hand_pum_1":"Available","tubewell_b":null,"tube_wells":"Not Available","tube_wel_1":"Not Available","spring_sta":"Not Available","spring_fun":"Not Available","spring_f_1":"Not Available","river_cana":"Available","tank_pond_":"Available","others_sta":"Not Available","closed_dra":"Not Available","open_drain":null,"village_pi":"Available","forest_are":53,"area_under":158,"barren_unc":0,"permanent_":0,"land_under":0,"culturable":3,"fallows_la":1,"current_fa":0,"net_area_s":72,"total_unir":66,"area_irrig":6,"canals_are":0,"wells_tube":0,"tanks_lake":65,"waterfall_":0,"other_sour":1,"nearest_to":"GADCHIROLI","nearest__1":52,"shape_leng":9187.910184,"shape_le_1":9187.910184,"shape_area":4226203.259,"ds_name":"Administrative Boundary","src_agency":"Survey of India (SOI)","state_name":"Maharashtra\n","village_area_km2":4,"village_id":2791,"flood_area_km2":0.015893773,"flood_exposure_pct":0.397344316,"flood_risk":"Low","hospital_dist_km":11.674139084136112,"name":null,"amenity":null,"population_density":107.5,"water_availability":65.0,"drainage_availability":0.0,"healthcare_gap_score":68.838106469206409,"river_distance_km":false,"flood_score":1.0652442541839997,"population_score":5.7455905932656339,"water_gap_score":85.22727272727272,"drainage_gap_score":50.0,"service_gap_score":68.021793065493043,"river_vulnerability_score":50.0,"ml_cluster":1,"ml_risk_group":"Very Low","vulnerability_score":26.08,"vulnerability_class":"Moderate","flood_score_contribution":0.43,"population_score_contribution":1.15,"service_gap_score_contribution":17.01,"river_vulnerability_score_contribution":7.5,"underserved_score":35.95,"welfare_priority_score":25.58,"welfare_priority":"Moderate","priority_rank":141,"priority_services":"Healthcare, Drinking Water, Drainage, Evacuation Preparedness","priority_reason":"Priority is influenced by limited healthcare accessibility, water-service gap, drainage-service gap."},"geometry":null},
{"type":"Feature","properties":{"fid":77,"dn":true,"fid_2":true,"dn_2":true,"fid_3":3034,"id":39830,"objectid_1":39830,"objectid":106365,"village":"Donala Chak","vlcode":540964,"block":"Sawali","bkcode":119.0,"subdistric":"Sawali","sdcode":4068,"sub_distri":"Sawali","district":"Chandrapur","dtcode":473,"district_h":"CHANDRAPUR","state":"MH","stcode":27,"country":"India","total_urba":"Rural","total_hous":0,"total_popu":0,"avg_househ":0.0,"total_geog":443,"total_male":0,"total_fema":0,"tapwater_t":null,"tapwater_u":null,"covered_we":null,"covered__1":null,"covered__2":null,"uncovered_":null,"uncovere_1":null,"uncovere_2":null,"handpump_s":null,"hand_pump_":null,"hand_pum_1":null,"tubewell_b":null,"tube_wells":null,"tube_wel_1":null,"spring_sta":null,"spring_fun":null,"spring_f_1":null,"river_cana":null,"tank_pond_":null,"others_sta":null,"closed_dra":null,"open_drain":null,"village_pi":null,"forest_are":0,"area_under":0,"barren_unc":64,"permanent_":17,"land_under":0,"culturable":93,"fallows_la":92,"current_fa":10,"net_area_s":166,"total_unir":124,"area_irrig":42,"canals_are":0,"wells_tube":82,"tanks_lake":42,"waterfall_":0,"other_sour":0,"nearest_to":null,"nearest__1":0,"shape_leng":7709.241553,"shape_le_1":7709.241553,"shape_area":2555741.193,"ds_name":"Administrative Boundary","src_agency":"Survey of India (SOI)","state_name":"Maharashtra\n","village_area_km2":3,"village_id":3034,"flood_area_km2":0.345985042,"flood_exposure_pct":11.53283472,"flood_risk":"Low","hospital_dist_km":13.099301922034863,"name":"Balprabha Hospital","amenity":"hospital","population_density":0.0,"water_availability":42.0,"drainage_availability":0.0,"healthcare_gap_score":77.259437371434615,"river_distance_km":false,"flood_score":30.948345596406085,"population_score":0.0,"water_gap_score":90.454545454545453,"drainage_gap_score":50.0,"service_gap_score":72.571327608660013,"river_vulnerability_score":50.0,"ml_cluster":1,"ml_risk_group":"Very Low","vulnerability_score":38.02,"vulnerability_class":"Moderate","flood_score_contribution":12.38,"population_score_contribution":0.0,"service_gap_score_contribution":18.14,"river_vulnerability_score_contribution":7.5,"underserved_score":42.48,"welfare_priority_score":38.4,"welfare_priority":"Moderate","priority_rank":29,"priority_services":"Healthcare, Drinking Water, Drainage, Evacuation Preparedness","priority_reason":"Priority is influenced by limited healthcare accessibility, water-service gap, drainage-service gap."},"geometry":null},
{"type":"Feature","properties":{"fid":78,"dn":true,"fid_2":true,"dn_2":true,"fid_3":3019,"id":39815,"objectid_1":39815,"objectid":106350,"village":"Chichbodi","vlcode":540913,"block":"Sawali","bkcode":119.0,"subdistric":"Sawali","sdcode":4068,"sub_distri":"Sawali","district":"Chandrapur","dtcode":473,"district_h":"CHANDRAPUR","state":"MH","stcode":27,"country":"India","total_urba":"Rural","total_hous":342,"total_popu":1330,"avg_househ":3.88888889,"total_geog":671,"total_male":679,"total_fema":651,"tapwater_t":null,"tapwater_u":null,"covered_we":null,"covered__1":"Not Available","covered__2":"Not Available","uncovered_":"Available","uncovere_1":"Available","uncovere_2":"Available","handpump_s":null,"hand_pump_":"Available","hand_pum_1":"Available","tubewell_b":null,"tube_wells":"Not Available","tube_wel_1":"Not Available","spring_sta":"Not Available","spring_fun":"Not Available","spring_f_1":"Not Available","river_cana":"Not Available","tank_pond_":"Not Available","others_sta":"Not Available","closed_dra":"Not Available","open_drain":null,"village_pi":"Available","forest_are":200,"area_under":61,"barren_unc":0,"permanent_":38,"land_under":0,"culturable":4,"fallows_la":25,"current_fa":22,"net_area_s":319,"total_unir":236,"area_irrig":82,"canals_are":205,"wells_tube":0,"tanks_lake":20,"waterfall_":0,"other_sour":11,"nearest_to":"MUL","nearest__1":26,"shape_leng":14293.8483,"shape_le_1":14293.8483,"shape_area":8513531.899,"ds_name":"Administrative Boundary","src_agency":"Survey of India (SOI)","state_name":"Maharashtra\n","village_area_km2":9,"village_id":3019,"flood_area_km2":0.700987231,"flood_exposure_pct":7.788747008,"flood_risk":"Low","hospital_dist_km":10.471384435538081,"name":"Rural Hospital, Saoli","amenity":"hospital","population_density":147.77777777777777,"water_availability":20.0,"drainage_availability":0.0,"healthcare_gap_score":61.73099237621544,"river_distance_km":false,"flood_score":20.900745672861269,"population_score":7.8983312548251083,"water_gap_score":95.454545454545453,"drainage_gap_score":50.0,"service_gap_score":69.06184594358696,"river_vulnerability_score":50.0,"ml_cluster":1,"ml_risk_group":"Very Low","vulnerability_score":34.71,"vulnerability_class":"Moderate","flood_score_contribution":8.36,"population_score_contribution":1.58,"service_gap_score_contribution":17.27,"river_vulnerability_score_contribution":7.5,"underserved_score":41.08,"welfare_priority_score":34.77,"welfare_priority":"Moderate","priority_rank":43,"priority_services":"Healthcare, Drinking Water, Drainage, Evacuation Preparedness","priority_reason":"Priority is influenced by limited healthcare accessibility, water-service gap, drainage-service gap."},"geometry":null},
{"type":"Feature","properties":{"fid":79,"dn":true,"fid_2":true,"dn_2":true,"fid_3":4697,"id":41955,"objectid_1":41955,"objectid":108490,"village":"Municipal Council Desaiganj","vlcode":248081,"block":null,"bkcode":0.0,"subdistric":"Desaiganj (Vadasa)","sdcode":4052,"sub_distri":null,"district":"Gadchiroli","dtcode":475,"district_h":null,"state":"MH","stcode":27,"country":"India","total_urba":"Urban","total_hous":6511,"total_popu":28781,"avg_househ":4.42036554,"total_geog":0,"total_male":0,"total_fema":0,"tapwater_t":null,"tapwater_u":null,"covered_we":null,"covered__1":"Not Available","covered__2":"Not Available","uncovered_":"Not Available","uncovere_1":"Not Available","uncovere_2":"Not Available","handpump_s":null,"hand_pump_":"Not Available","hand_pum_1":"Not Available","tubewell_b":null,"tube_wells":"Not Available","tube_wel_1":"Not Available","spring_sta":"Not Available","spring_fun":"Not Available","spring_f_1":"Not Available","river_cana":"Not Available","tank_pond_":"Not Available","others_sta":"Not Available","closed_dra":"Not Available","open_drain":null,"village_pi":"Not Available","forest_are":0,"area_under":0,"barren_unc":0,"permanent_":0,"land_under":0,"culturable":0,"fallows_la":0,"current_fa":0,"net_area_s":0,"total_unir":0,"area_irrig":0,"canals_are":0,"wells_tube":0,"tanks_lake":0,"waterfall_":0,"other_sour":0,"nearest_to":null,"nearest__1":0,"shape_leng":20108.95379,"shape_le_1":20108.95379,"shape_area":23798982.14,"ds_name":"Administrative Boundary","src_agency":"Survey of India (SOI)","state_name":"Maharashtra\n","village_area_km2":25,"village_id":4697,"flood_area_km2":0.372225374,"flood_exposure_pct":1.488901498,"flood_risk":"Low","hospital_dist_km":2.0636665268923622,"name":"Sparsh Child care and General Hospital","amenity":"hospital","population_density":1151.24,"water_availability":0.0,"drainage_availability":0.0,"healthcare_gap_score":12.049529487603508,"river_distance_km":false,"flood_score":3.9945372360915754,"population_score":61.53073222875468,"water_gap_score":100.0,"drainage_gap_score":50.0,"service_gap_score":54.016509829201169,"river_vulnerability_score":50.0,"ml_cluster":2,"ml_risk_group":"Moderate","vulnerability_score":34.91,"vulnerability_class":"Moderate","flood_score_contribution":1.6,"population_score_contribution":12.31,"service_gap_score_contribution":13.5,"river_vulnerability_score_contribution":7.5,"underserved_score":46.27,"welfare_priority_score":34.74,"welfare_priority":"Moderate","priority_rank":44,"priority_services":"Drinking Water, Drainage, Evacuation Preparedness","priority_reason":"Priority is influenced by high population exposure, water-service gap, drainage-service gap."},"geometry":null},
{"type":"Feature","properties":{"fid":80,"dn":true,"fid_2":true,"dn_2":true,"fid_3":3027,"id":39823,"objectid_1":39823,"objectid":106358,"village":"Donala","vlcode":540965,"block":"Sawali","bkcode":119.0,"subdistric":"Sawali","sdcode":4068,"sub_distri":"Sawali","district":"Chandrapur","dtcode":473,"district_h":"CHANDRAPUR","state":"MH","stcode":27,"country":"India","total_urba":"Rural","total_hous":303,"total_popu":1174,"avg_househ":3.87458746,"total_geog":170,"total_male":582,"total_fema":592,"tapwater_t":null,"tapwater_u":null,"covered_we":null,"covered__1":"Not Available","covered__2":"Not Available","uncovered_":"Available","uncovere_1":"Available","uncovere_2":"Available","handpump_s":null,"hand_pump_":"Available","hand_pum_1":"Available","tubewell_b":null,"tube_wells":"Not Available","tube_wel_1":"Not Available","spring_sta":"Not Available","spring_fun":"Not Available","spring_f_1":"Not Available","river_cana":"Available","tank_pond_":"Available","others_sta":"Not Available","closed_dra":"Not Available","open_drain":null,"village_pi":"Available","forest_are":15,"area_under":0,"barren_unc":34,"permanent_":5,"land_under":0,"culturable":3,"fallows_la":2,"current_fa":1,"net_area_s":110,"total_unir":71,"area_irrig":39,"canals_are":0,"wells_tube":0,"tanks_lake":71,"waterfall_":0,"other_sour":1,"nearest_to":"MUL","nearest__1":57,"shape_leng":4216.879302,"shape_le_1":4216.879302,"shape_area":913322.7374,"ds_name":"Administrative Boundary","src_agency":"Survey of India (SOI)","state_name":"Maharashtra\n","village_area_km2":1,"village_id":3027,"flood_area_km2":0.224783523,"flood_exposure_pct":22.47835227,"flood_risk":"Moderate","hospital_dist_km":12.103598416006864,"name":"Balprabha Hospital","amenity":"hospital","population_density":1174.0,"water_availability":71.0,"drainage_availability":0.0,"healthcare_gap_score":71.375794827728129,"river_distance_km":false,"flood_score":60.321637505689864,"population_score":62.747194013896312,"water_gap_score":83.86363636363636,"drainage_gap_score":50.0,"service_gap_score":68.41314373045482,"river_vulnerability_score":50.0,"ml_cluster":2,"ml_risk_group":"Moderate","vulnerability_score":61.28,"vulnerability_class":"High","flood_score_contribution":24.13,"population_score_contribution":12.55,"service_gap_score_contribution":17.1,"river_vulnerability_score_contribution":7.5,"underserved_score":65.1,"welfare_priority_score":63.71,"welfare_priority":"High","priority_rank":2,"priority_services":"Healthcare, Drinking Water, Drainage, Evacuation Preparedness, Emergency Flood Response","priority_reason":"Priority is influenced by high flood exposure, high population exposure, limited healthcare accessibility, water-service gap, drainage-service gap."},"geometry":null},
{"type":"Feature","properties":{"fid":81,"dn":true,"fid_2":true,"dn_2":true,"fid_3":4282,"id":41124,"objectid_1":41124,"objectid":107659,"village":"Sawalgaon","vlcode":540742,"block":"Brahmapuri","bkcode":118.0,"subdistric":"Brahmapuri","sdcode":4067,"sub_distri":"Brahmapuri","district":"Chandrapur","dtcode":473,"district_h":"CHANDRAPUR","state":"MH","stcode":27,"country":"India","total_urba":"Rural","total_hous":295,"total_popu":1230,"avg_househ":4.16949153,"total_geog":345,"total_male":621,"total_fema":609,"tapwater_t":null,"tapwater_u":null,"covered_we":null,"covered__1":"Not Available","covered__2":"Not Available","uncovered_":"Available","uncovere_1":"Not Available","uncovere_2":"Not Available","handpump_s":null,"hand_pump_":"Available","hand_pum_1":"Available","tubewell_b":null,"tube_wells":"Available","tube_wel_1":"Available","spring_sta":"Not Available","spring_fun":"Not Available","spring_f_1":"Not Available","river_cana":"Available","tank_pond_":"Not Available","others_sta":"Not Available","closed_dra":"Not Available","open_drain":null,"village_pi":"Available","forest_are":0,"area_under":47,"barren_unc":0,"permanent_":3,"land_under":0,"culturable":3,"fallows_la":2,"current_fa":2,"net_area_s":288,"total_unir":74,"area_irrig":213,"canals_are":0,"wells_tube":74,"tanks_lake":0,"waterfall_":0,"other_sour":0,"nearest_to":"BRAHMAPURI","nearest__1":10,"shape_leng":9048.808514,"shape_le_1":9048.808514,"shape_area":3107151.376,"ds_name":"Administrative Boundary","src_agency":"Survey of India (SOI)","state_name":"Maharashtra\n","village_area_km2":3,"village_id":4282,"flood_area_km2":0.14872122,"flood_exposure_pct":4.95737401,"flood_risk":"Low","hospital_dist_km":4.5878939834035357,"name":"Vikttubaba physiotherapy clinic, wadsa","amenity":"hospital","population_density":410.0,"water_availability":0.0,"drainage_availability":0.0,"healthcare_gap_score":26.965266916676605,"river_distance_km":false,"flood_score":13.302498701495539,"population_score":21.913415285943348,"water_gap_score":100.0,"drainage_gap_score":50.0,"service_gap_score":58.988422305558863,"river_vulnerability_score":50.0,"ml_cluster":4,"ml_risk_group":"Low","vulnerability_score":31.95,"vulnerability_class":"Moderate","flood_score_contribution":5.32,"population_score_contribution":4.38,"service_gap_score_contribution":14.75,"river_vulnerability_score_contribution":7.5,"underserved_score":38.73,"welfare_priority_score":31.27,"welfare_priority":"Moderate","priority_rank":81,"priority_services":"Drinking Water, Drainage, Evacuation Preparedness","priority_reason":"Priority is influenced by water-service gap, drainage-service gap."},"geometry":null},
{"type":"Feature","properties":{"fid":82,"dn":true,"fid_2":true,"dn_2":true,"fid_3":4352,"id":41194,"objectid_1":41194,"objectid":107729,"village":"Kitadi","vlcode":538588,"block":"Armori","bkcode":104.0,"subdistric":"Armori","sdcode":4053,"sub_distri":"Armori","district":"Gadchiroli","dtcode":475,"district_h":"GADCHIROLI","state":"MH","stcode":27,"country":"India","total_urba":"Rural","total_hous":291,"total_popu":1083,"avg_househ":3.72164948,"total_geog":297,"total_male":548,"total_fema":535,"tapwater_t":null,"tapwater_u":null,"covered_we":null,"covered__1":"Not Available","covered__2":"Not Available","uncovered_":"Available","uncovere_1":"Available","uncovere_2":"Available","handpump_s":null,"hand_pump_":"Available","hand_pum_1":"Available","tubewell_b":null,"tube_wells":"Available","tube_wel_1":"Available","spring_sta":"Not Available","spring_fun":"Not Available","spring_f_1":"Not Available","river_cana":"Not Available","tank_pond_":"Available","others_sta":"Not Available","closed_dra":"Not Available","open_drain":null,"village_pi":"Available","forest_are":17,"area_under":65,"barren_unc":1,"permanent_":2,"land_under":0,"culturable":10,"fallows_la":0,"current_fa":3,"net_area_s":198,"total_unir":102,"area_irrig":96,"canals_are":0,"wells_tube":80,"tanks_lake":22,"waterfall_":0,"other_sour":0,"nearest_to":"GADCHIROLI","nearest__1":25,"shape_leng":12068.25598,"shape_le_1":12068.25598,"shape_area":4759648.72,"ds_name":"Administrative Boundary","src_agency":"Survey of India (SOI)","state_name":"Maharashtra\n","village_area_km2":5,"village_id":4352,"flood_area_km2":0.32711919,"flood_exposure_pct":6.542383804,"flood_risk":"Low","hospital_dist_km":9.8637490635923797,"name":"SDH Armori","amenity":"hospital","population_density":216.6,"water_availability":22.0,"drainage_availability":0.0,"healthcare_gap_score":58.140456334314514,"river_distance_km":false,"flood_score":17.556016650332573,"population_score":11.5766969535008,"water_gap_score":95.0,"drainage_gap_score":50.0,"service_gap_score":67.713485444771507,"river_vulnerability_score":50.0,"ml_cluster":1,"ml_risk_group":"Very Low","vulnerability_score":33.77,"vulnerability_class":"Moderate","flood_score_contribution":7.02,"population_score_contribution":2.32,"service_gap_score_contribution":16.93,"river_vulnerability_score_contribution":7.5,"underserved_score":40.84,"welfare_priority_score":33.74,"welfare_priority":"Moderate","priority_rank":52,"priority_services":"Healthcare, Drinking Water, Drainage, Evacuation Preparedness","priority_reason":"Priority is influenced by limited healthcare accessibility, water-service gap, drainage-service gap."},"geometry":null},
{"type":"Feature","properties":{"fid":83,"dn":true,"fid_2":true,"dn_2":true,"fid_3":2999,"id":39797,"objectid_1":39797,"objectid":106332,"village":"Chamorshi","vlcode":276329,"block":null,"bkcode":0.0,"subdistric":"Chamorshi","sdcode":4058,"sub_distri":null,"district":"Gadchiroli","dtcode":475,"district_h":null,"state":"MH","stcode":27,"country":"India","total_urba":"Rural","total_hous":3943,"total_popu":15952,"avg_househ":4.04565052,"total_geog":0,"total_male":0,"total_fema":0,"tapwater_t":null,"tapwater_u":null,"covered_we":null,"covered__1":"Not Available","covered__2":"Not Available","uncovered_":"Not Available","uncovere_1":"Not Available","uncovere_2":"Not Available","handpump_s":null,"hand_pump_":"Not Available","hand_pum_1":"Not Available","tubewell_b":null,"tube_wells":"Not Available","tube_wel_1":"Not Available","spring_sta":"Not Available","spring_fun":"Not Available","spring_f_1":"Not Available","river_cana":"Not Available","tank_pond_":"Not Available","others_sta":"Not Available","closed_dra":"Not Available","open_drain":null,"village_pi":"Not Available","forest_are":0,"area_under":0,"barren_unc":0,"permanent_":0,"land_under":0,"culturable":0,"fallows_la":0,"current_fa":0,"net_area_s":0,"total_unir":0,"area_irrig":0,"canals_are":0,"wells_tube":0,"tanks_lake":0,"waterfall_":0,"other_sour":0,"nearest_to":null,"nearest__1":0,"shape_leng":20463.60157,"shape_le_1":20463.60157,"shape_area":20690032.54,"ds_name":"Administrative Boundary","src_agency":"Survey of India (SOI)","state_name":"Maharashtra\n","village_area_km2":21,"village_id":2999,"flood_area_km2":1.083115076,"flood_exposure_pct":5.157690837,"flood_risk":"Low","hospital_dist_km":2.4189180683373754,"name":"Balprabha Hospital","amenity":"hospital","population_density":759.61904761904759,"water_availability":0.0,"drainage_availability":0.0,"healthcare_gap_score":14.148721737414075,"river_distance_km":false,"flood_score":13.840067126828931,"population_score":40.599628413631613,"water_gap_score":100.0,"drainage_gap_score":50.0,"service_gap_score":54.716240579138024,"river_vulnerability_score":50.0,"ml_cluster":2,"ml_risk_group":"Moderate","vulnerability_score":34.84,"vulnerability_class":"Moderate","flood_score_contribution":5.54,"population_score_contribution":8.12,"service_gap_score_contribution":13.68,"river_vulnerability_score_contribution":7.5,"underserved_score":42.31,"welfare_priority_score":34.3,"welfare_priority":"Moderate","priority_rank":46,"priority_services":"Drinking Water, Drainage, Evacuation Preparedness","priority_reason":"Priority is influenced by water-service gap, drainage-service gap."},"geometry":null},
{"type":"Feature","properties":{"fid":84,"dn":true,"fid_2":true,"dn_2":true,"fid_3":4360,"id":41204,"objectid_1":41204,"objectid":107739,"village":"Waghala","vlcode":538517,"block":"Armori","bkcode":104.0,"subdistric":"Armori","sdcode":4053,"sub_distri":"Armori","district":"Gadchiroli","dtcode":475,"district_h":"GADCHIROLI","state":"MH","stcode":27,"country":"India","total_urba":"Rural","total_hous":406,"total_popu":1634,"avg_househ":4.02463054,"total_geog":315,"total_male":820,"total_fema":814,"tapwater_t":null,"tapwater_u":null,"covered_we":null,"covered__1":"Not Available","covered__2":"Not Available","uncovered_":"Available","uncovere_1":"Available","uncovere_2":"Available","handpump_s":null,"hand_pump_":"Available","hand_pum_1":"Available","tubewell_b":null,"tube_wells":"Available","tube_wel_1":"Available","spring_sta":"Not Available","spring_fun":"Not Available","spring_f_1":"Not Available","river_cana":"Available","tank_pond_":"Not Available","others_sta":"Not Available","closed_dra":"Not Available","open_drain":null,"village_pi":"Available","forest_are":0,"area_under":99,"barren_unc":0,"permanent_":3,"land_under":0,"culturable":9,"fallows_la":2,"current_fa":3,"net_area_s":199,"total_unir":172,"area_irrig":28,"canals_are":171,"wells_tube":1,"tanks_lake":0,"waterfall_":0,"other_sour":0,"nearest_to":"DESAIGANJ","nearest__1":24,"shape_leng":9418.473065,"shape_le_1":9418.473065,"shape_area":4804506.131,"ds_name":"Administrative Boundary","src_agency":"Survey of India (SOI)","state_name":"Maharashtra\n","village_area_km2":5,"village_id":4360,"flood_area_km2":0.410519452,"flood_exposure_pct":8.210389049,"flood_risk":"Low","hospital_dist_km":3.4613040004267712,"name":"SDH Armori","amenity":"hospital","population_density":326.8,"water_availability":0.0,"drainage_availability":0.0,"healthcare_gap_score":20.308212167921649,"river_distance_km":false,"flood_score":22.032260440887857,"population_score":17.466595403527528,"water_gap_score":100.0,"drainage_gap_score":50.0,"service_gap_score":56.769404055973887,"river_vulnerability_score":50.0,"ml_cluster":4,"ml_risk_group":"Low","vulnerability_score":34.0,"vulnerability_class":"Moderate","flood_score_contribution":8.81,"population_score_contribution":3.49,"service_gap_score_contribution":14.19,"river_vulnerability_score_contribution":7.5,"underserved_score":38.03,"welfare_priority_score":33.14,"welfare_priority":"Moderate","priority_rank":57,"priority_services":"Drinking Water, Drainage, Evacuation Preparedness","priority_reason":"Priority is influenced by water-service gap, drainage-service gap."},"geometry":null},
{"type":"Feature","properties":{"fid":85,"dn":true,"fid_2":true,"dn_2":true,"fid_3":4207,"id":41042,"objectid_1":41042,"objectid":107577,"village":"Jugnala","vlcode":540779,"block":"Brahmapuri","bkcode":118.0,"subdistric":"Brahmapuri","sdcode":4067,"sub_distri":"Brahmapuri","district":"Chandrapur","dtcode":473,"district_h":"CHANDRAPUR","state":"MH","stcode":27,"country":"India","total_urba":"Rural","total_hous":562,"total_popu":2426,"avg_househ":4.31672598,"total_geog":799,"total_male":1248,"total_fema":1178,"tapwater_t":null,"tapwater_u":null,"covered_we":null,"covered__1":"Available","covered__2":"Available","uncovered_":"Available","uncovere_1":"Available","uncovere_2":"Available","handpump_s":null,"hand_pump_":"Available","hand_pum_1":"Available","tubewell_b":null,"tube_wells":"Available","tube_wel_1":"Available","spring_sta":"Not Available","spring_fun":"Not Available","spring_f_1":"Not Available","river_cana":"Not Available","tank_pond_":"Not Available","others_sta":"Not Available","closed_dra":"Not Available","open_drain":null,"village_pi":"Available","forest_are":157,"area_under":11,"barren_unc":29,"permanent_":13,"land_under":0,"culturable":3,"fallows_la":0,"current_fa":4,"net_area_s":582,"total_unir":51,"area_irrig":531,"canals_are":0,"wells_tube":21,"tanks_lake":30,"waterfall_":0,"other_sour":0,"nearest_to":"BRAHMAPURI","nearest__1":10,"shape_leng":14545.79102,"shape_le_1":14545.79102,"shape_area":7585952.044,"ds_name":"Administrative Boundary","src_agency":"Survey of India (SOI)","state_name":"Maharashtra\n","village_area_km2":8,"village_id":4207,"flood_area_km2":0.358687795,"flood_exposure_pct":4.483597436,"flood_risk":"Low","hospital_dist_km":8.9157074627500048,"name":"Akshay Nursing Home","amenity":"hospital","population_density":303.25,"water_availability":30.0,"drainage_availability":0.0,"healthcare_gap_score":52.538449449583368,"river_distance_km":false,"flood_score":12.031076172198842,"population_score":16.20791020844468,"water_gap_score":93.181818181818187,"drainage_gap_score":50.0,"service_gap_score":65.24008921046719,"river_vulnerability_score":50.0,"ml_cluster":1,"ml_risk_group":"Very Low","vulnerability_score":31.86,"vulnerability_class":"Moderate","flood_score_contribution":4.81,"population_score_contribution":3.24,"service_gap_score_contribution":16.31,"river_vulnerability_score_contribution":7.5,"underserved_score":39.89,"welfare_priority_score":31.62,"welfare_priority":"Moderate","priority_rank":76,"priority_services":"Healthcare, Drinking Water, Drainage, Evacuation Preparedness","priority_reason":"Priority is influenced by limited healthcare accessibility, water-service gap, drainage-service gap."},"geometry":null},
{"type":"Feature","properties":{"fid":86,"dn":true,"fid_2":true,"dn_2":true,"fid_3":4248,"id":41084,"objectid_1":41084,"objectid":107619,"village":"Kosambi Khadasmara","vlcode":540838,"block":"Brahmapuri","bkcode":118.0,"subdistric":"Brahmapuri","sdcode":4067,"sub_distri":"Brahmapuri","district":"Chandrapur","dtcode":473,"district_h":"CHANDRAPUR","state":"MH","stcode":27,"country":"India","total_urba":"Rural","total_hous":251,"total_popu":1034,"avg_househ":4.11952191,"total_geog":801,"total_male":509,"total_fema":525,"tapwater_t":null,"tapwater_u":null,"covered_we":null,"covered__1":"Not Available","covered__2":"Not Available","uncovered_":"Available","uncovere_1":"Not Available","uncovere_2":"Not Available","handpump_s":null,"hand_pump_":"Not Available","hand_pum_1":"Not Available","tubewell_b":null,"tube_wells":"Not Available","tube_wel_1":"Not Available","spring_sta":"Not Available","spring_fun":"Not Available","spring_f_1":"Not Available","river_cana":"Not Available","tank_pond_":"Available","others_sta":"Not Available","closed_dra":"Not Available","open_drain":null,"village_pi":"Available","forest_are":302,"area_under":121,"barren_unc":0,"permanent_":30,"land_under":0,"culturable":0,"fallows_la":0,"current_fa":3,"net_area_s":345,"total_unir":142,"area_irrig":203,"canals_are":0,"wells_tube":0,"tanks_lake":142,"waterfall_":0,"other_sour":0,"nearest_to":"BRAHMAPURI","nearest__1":30,"shape_leng":15153.82534,"shape_le_1":15153.82534,"shape_area":9026246.68,"ds_name":"Administrative Boundary","src_agency":"Survey of India (SOI)","state_name":"Maharashtra\n","village_area_km2":9,"village_id":4248,"flood_area_km2":0.012881241,"flood_exposure_pct":0.143124902,"flood_risk":"Low","hospital_dist_km":11.949417211986452,"name":"SDH Armori","amenity":"hospital","population_density":114.88888888888889,"water_availability":142.0,"drainage_availability":0.0,"healthcare_gap_score":70.464733366236317,"river_distance_km":false,"flood_score":0.38302333385583648,"population_score":6.1405071560068887,"water_gap_score":67.72727272727272,"drainage_gap_score":50.0,"service_gap_score":62.730668697836343,"river_vulnerability_score":50.0,"ml_cluster":1,"ml_risk_group":"Very Low","vulnerability_score":24.56,"vulnerability_class":"Low","flood_score_contribution":0.15,"population_score_contribution":1.23,"service_gap_score_contribution":15.68,"river_vulnerability_score_contribution":7.5,"underserved_score":33.28,"welfare_priority_score":23.53,"welfare_priority":"Low","priority_rank":165,"priority_services":"Healthcare, Drinking Water, Drainage, Evacuation Preparedness","priority_reason":"Priority is influenced by limited healthcare accessibility, water-service gap, drainage-service gap."},"geometry":null},
{"type":"Feature","properties":{"fid":87,"dn":true,"fid_2":true,"dn_2":true,"fid_3":3098,"id":39895,"objectid_1":39895,"objectid":106430,"village":"Walsara","vlcode":539280,"block":"Chamorshi","bkcode":109.0,"subdistric":"Chamorshi","sdcode":4058,"sub_distri":"Chamorshi","district":"Gadchiroli","dtcode":475,"district_h":"GADCHIROLI","state":"MH","stcode":27,"country":"India","total_urba":"Rural","total_hous":255,"total_popu":910,"avg_househ":3.56862745,"total_geog":196,"total_male":443,"total_fema":467,"tapwater_t":null,"tapwater_u":null,"covered_we":null,"covered__1":"Not Available","covered__2":"Not Available","uncovered_":"Available","uncovere_1":"Available","uncovere_2":"Available","handpump_s":null,"hand_pump_":"Available","hand_pum_1":"Available","tubewell_b":null,"tube_wells":"Not Available","tube_wel_1":"Not Available","spring_sta":"Not Available","spring_fun":"Not Available","spring_f_1":"Not Available","river_cana":"Not Available","tank_pond_":"Available","others_sta":"Not Available","closed_dra":"Not Available","open_drain":null,"village_pi":"Available","forest_are":53,"area_under":46,"barren_unc":0,"permanent_":3,"land_under":0,"culturable":1,"fallows_la":0,"current_fa":0,"net_area_s":92,"total_unir":88,"area_irrig":4,"canals_are":88,"wells_tube":0,"tanks_lake":0,"waterfall_":0,"other_sour":0,"nearest_to":"GADCHIROLI","nearest__1":41,"shape_leng":5870.526385,"shape_le_1":5870.526385,"shape_area":1980695.992,"ds_name":"Administrative Boundary","src_agency":"Survey of India (SOI)","state_name":"Maharashtra\n","village_area_km2":2,"village_id":3098,"flood_area_km2":0.126353109,"flood_exposure_pct":6.317655466,"flood_risk":"Low","hospital_dist_km":7.3138914193549471,"name":"Balprabha Hospital","amenity":"hospital","population_density":455.0,"water_availability":0.0,"drainage_availability":0.0,"healthcare_gap_score":43.073269340188709,"river_distance_km":false,"flood_score":16.952937714849785,"population_score":24.31854623196152,"water_gap_score":100.0,"drainage_gap_score":50.0,"service_gap_score":64.357756446729567,"river_vulnerability_score":50.0,"ml_cluster":4,"ml_risk_group":"Low","vulnerability_score":35.23,"vulnerability_class":"Moderate","flood_score_contribution":6.78,"population_score_contribution":4.86,"service_gap_score_contribution":16.09,"river_vulnerability_score_contribution":7.5,"underserved_score":42.87,"welfare_priority_score":35.24,"welfare_priority":"Moderate","priority_rank":42,"priority_services":"Drinking Water, Drainage, Evacuation Preparedness","priority_reason":"Priority is influenced by water-service gap, drainage-service gap."},"geometry":null},
{"type":"Feature","properties":{"fid":88,"dn":true,"fid_2":true,"dn_2":true,"fid_3":2932,"id":39731,"objectid_1":39731,"objectid":106266,"village":"Mokhala","vlcode":540915,"block":"Sawali","bkcode":119.0,"subdistric":"Sawali","sdcode":4068,"sub_distri":"Sawali","district":"Chandrapur","dtcode":473,"district_h":"CHANDRAPUR","state":"MH","stcode":27,"country":"India","total_urba":"Rural","total_hous":456,"total_popu":1871,"avg_househ":4.10307018,"total_geog":499,"total_male":936,"total_fema":935,"tapwater_t":null,"tapwater_u":null,"covered_we":null,"covered__1":"Not Available","covered__2":"Not Available","uncovered_":"Available","uncovere_1":"Available","uncovere_2":"Available","handpump_s":null,"hand_pump_":"Available","hand_pum_1":"Available","tubewell_b":null,"tube_wells":"Not Available","tube_wel_1":"Not Available","spring_sta":"Not Available","spring_fun":"Not Available","spring_f_1":"Not Available","river_cana":"Not Available","tank_pond_":"Not Available","others_sta":"Not Available","closed_dra":"Not Available","open_drain":null,"village_pi":"Available","forest_are":50,"area_under":46,"barren_unc":0,"permanent_":6,"land_under":0,"culturable":20,"fallows_la":16,"current_fa":24,"net_area_s":336,"total_unir":185,"area_irrig":151,"canals_are":135,"wells_tube":0,"tanks_lake":45,"waterfall_":0,"other_sour":5,"nearest_to":"MUL","nearest__1":27,"shape_leng":5415.819555,"shape_le_1":5415.819555,"shape_area":1100098.57,"ds_name":"Administrative Boundary","src_agency":"Survey of India (SOI)","state_name":"Maharashtra\n","village_area_km2":1,"village_id":2932,"flood_area_km2":0.218425348,"flood_exposure_pct":21.84253484,"flood_risk":"Moderate","hospital_dist_km":9.5035499535775791,"name":"Sub District Hospital, Chimur","amenity":"hospital","population_density":1871.0,"water_availability":45.0,"drainage_availability":0.0,"healthcare_gap_score":56.012028750140985,"river_distance_km":false,"flood_score":58.61536360067926,"population_score":100.0,"water_gap_score":89.772727272727266,"drainage_gap_score":50.0,"service_gap_score":65.261585340956074,"river_vulnerability_score":50.0,"ml_cluster":2,"ml_risk_group":"Moderate","vulnerability_score":67.26,"vulnerability_class":"High","flood_score_contribution":23.45,"population_score_contribution":20.0,"service_gap_score_contribution":16.32,"river_vulnerability_score_contribution":7.5,"underserved_score":74.35,"welfare_priority_score":70.46,"welfare_priority":"High","priority_rank":1,"priority_services":"Healthcare, Drinking Water, Drainage, Evacuation Preparedness, Emergency Flood Response","priority_reason":"Priority is influenced by high flood exposure, high population exposure, limited healthcare accessibility, water-service gap, drainage-service gap."},"geometry":null},
{"type":"Feature","properties":{"fid":89,"dn":true,"fid_2":true,"dn_2":true,"fid_3":3024,"id":39820,"objectid_1":39820,"objectid":106355,"village":"Sonapur","vlcode":540938,"block":"Sawali","bkcode":119.0,"subdistric":"Sawali","sdcode":4068,"sub_distri":"Sawali","district":"Chandrapur","dtcode":473,"district_h":"CHANDRAPUR","state":"MH","stcode":27,"country":"India","total_urba":"Rural","total_hous":522,"total_popu":2035,"avg_househ":3.89846743,"total_geog":1008,"total_male":1005,"total_fema":1030,"tapwater_t":null,"tapwater_u":null,"covered_we":null,"covered__1":"Available","covered__2":"Available","uncovered_":"Available","uncovere_1":"Available","uncovere_2":"Available","handpump_s":null,"hand_pump_":"Available","hand_pum_1":"Available","tubewell_b":null,"tube_wells":"Not Available","tube_wel_1":"Not Available","spring_sta":"Not Available","spring_fun":"Not Available","spring_f_1":"Not Available","river_cana":"Available","tank_pond_":"Available","others_sta":"Not Available","closed_dra":"Not Available","open_drain":null,"village_pi":"Available","forest_are":279,"area_under":117,"barren_unc":14,"permanent_":11,"land_under":0,"culturable":80,"fallows_la":8,"current_fa":0,"net_area_s":499,"total_unir":362,"area_irrig":136,"canals_are":126,"wells_tube":4,"tanks_lake":178,"waterfall_":0,"other_sour":54,"nearest_to":"MUL","nearest__1":33,"shape_leng":12320.46478,"shape_le_1":12320.46478,"shape_area":9772242.21,"ds_name":"Administrative Boundary","src_agency":"Survey of India (SOI)","state_name":"Maharashtra\n","village_area_km2":10,"village_id":3024,"flood_area_km2":1.293553906,"flood_exposure_pct":12.93553906,"flood_risk":"Low","hospital_dist_km":6.2141183137389424,"name":"Rural Hospital Gadchandur","amenity":"hospital","population_density":203.5,"water_availability":178.0,"drainage_availability":0.0,"healthcare_gap_score":36.574676341918625,"river_distance_km":false,"flood_score":34.712630277603211,"population_score":10.876536611437734,"water_gap_score":59.545454545454547,"drainage_gap_score":50.0,"service_gap_score":48.706710295791055,"river_vulnerability_score":50.0,"ml_cluster":3,"ml_risk_group":"High","vulnerability_score":35.74,"vulnerability_class":"Moderate","flood_score_contribution":13.89,"population_score_contribution":2.18,"service_gap_score_contribution":12.18,"river_vulnerability_score_contribution":7.5,"underserved_score":34.56,"welfare_priority_score":34.13,"welfare_priority":"Moderate","priority_rank":48,"priority_services":"Drinking Water, Drainage, Evacuation Preparedness","priority_reason":"Priority is influenced by water-service gap, drainage-service gap."},"geometry":null},
{"type":"Feature","properties":{"fid":90,"dn":true,"fid_2":true,"dn_2":true,"fid_3":3097,"id":39894,"objectid_1":39894,"objectid":106429,"village":"Bhivapur","vlcode":539281,"block":"Chamorshi","bkcode":109.0,"subdistric":"Chamorshi","sdcode":4058,"sub_distri":"Chamorshi","district":"Gadchiroli","dtcode":475,"district_h":"GADCHIROLI","state":"MH","stcode":27,"country":"India","total_urba":"Rural","total_hous":312,"total_popu":1088,"avg_househ":3.48717949,"total_geog":322,"total_male":541,"total_fema":547,"tapwater_t":null,"tapwater_u":null,"covered_we":null,"covered__1":"Not Available","covered__2":"Not Available","uncovered_":"Available","uncovere_1":"Available","uncovere_2":"Available","handpump_s":null,"hand_pump_":"Available","hand_pum_1":"Available","tubewell_b":null,"tube_wells":"Not Available","tube_wel_1":"Not Available","spring_sta":"Not Available","spring_fun":"Not Available","spring_f_1":"Not Available","river_cana":"Not Available","tank_pond_":"Available","others_sta":"Not Available","closed_dra":"Not Available","open_drain":null,"village_pi":"Available","forest_are":180,"area_under":32,"barren_unc":0,"permanent_":2,"land_under":0,"culturable":0,"fallows_la":0,"current_fa":0,"net_area_s":108,"total_unir":108,"area_irrig":0,"canals_are":108,"wells_tube":0,"tanks_lake":0,"waterfall_":0,"other_sour":0,"nearest_to":"GADCHIROLI","nearest__1":40,"shape_leng":7677.693326,"shape_le_1":7677.693326,"shape_area":3078079.121,"ds_name":"Administrative Boundary","src_agency":"Survey of India (SOI)","state_name":"Maharashtra\n","village_area_km2":3,"village_id":3097,"flood_area_km2":0.000771784,"flood_exposure_pct":0.025726127,"flood_risk":"Low","hospital_dist_km":5.9552486018351889,"name":"Balprabha Hospital","amenity":"hospital","population_density":362.66666666666669,"water_availability":0.0,"drainage_availability":0.0,"healthcare_gap_score":35.045007277771397,"river_distance_km":false,"flood_score":0.067973042984270815,"population_score":19.383573846427936,"water_gap_score":100.0,"drainage_gap_score":50.0,"service_gap_score":61.681669092590461,"river_vulnerability_score":50.0,"ml_cluster":4,"ml_risk_group":"Low","vulnerability_score":26.82,"vulnerability_class":"Moderate","flood_score_contribution":0.03,"population_score_contribution":3.88,"service_gap_score_contribution":15.42,"river_vulnerability_score_contribution":7.5,"underserved_score":36.67,"welfare_priority_score":26.08,"welfare_priority":"Moderate","priority_rank":140,"priority_services":"Drinking Water, Drainage, Evacuation Preparedness","priority_reason":"Priority is influenced by water-service gap, drainage-service gap."},"geometry":null},
{"type":"Feature","properties":{"fid":91,"dn":true,"fid_2":true,"dn_2":true,"fid_3":4293,"id":41135,"objectid_1":41135,"objectid":107670,"village":"Chichgaon","vlcode":540832,"block":"Brahmapuri","bkcode":118.0,"subdistric":"Brahmapuri","sdcode":4067,"sub_distri":"Brahmapuri","district":"Chandrapur","dtcode":473,"district_h":"CHANDRAPUR","state":"MH","stcode":27,"country":"India","total_urba":"Rural","total_hous":372,"total_popu":1489,"avg_househ":4.00268817,"total_geog":729,"total_male":764,"total_fema":725,"tapwater_t":null,"tapwater_u":null,"covered_we":null,"covered__1":"Not Available","covered__2":"Not Available","uncovered_":"Available","uncovere_1":"Available","uncovere_2":"Available","handpump_s":null,"hand_pump_":"Available","hand_pum_1":"Available","tubewell_b":null,"tube_wells":"Not Available","tube_wel_1":"Not Available","spring_sta":"Not Available","spring_fun":"Not Available","spring_f_1":"Not Available","river_cana":"Available","tank_pond_":"Available","others_sta":"Not Available","closed_dra":"Not Available","open_drain":null,"village_pi":"Available","forest_are":259,"area_under":125,"barren_unc":0,"permanent_":2,"land_under":0,"culturable":0,"fallows_la":0,"current_fa":29,"net_area_s":314,"total_unir":58,"area_irrig":256,"canals_are":0,"wells_tube":8,"tanks_lake":17,"waterfall_":0,"other_sour":33,"nearest_to":"BRAHMAPURI","nearest__1":25,"shape_leng":13909.41428,"shape_le_1":13909.41428,"shape_area":8482918.322000001,"ds_name":"Administrative Boundary","src_agency":"Survey of India (SOI)","state_name":"Maharashtra\n","village_area_km2":9,"village_id":4293,"flood_area_km2":1.743498641,"flood_exposure_pct":19.37220712,"flood_risk":"Moderate","hospital_dist_km":6.5683383958164505,"name":"SDH Armori","amenity":"hospital","population_density":165.44444444444446,"water_availability":17.0,"drainage_availability":0.0,"healthcare_gap_score":38.667773666703802,"river_distance_km":false,"flood_score":51.986014472171817,"population_score":8.8425678484470573,"water_gap_score":96.13636363636364,"drainage_gap_score":50.0,"service_gap_score":61.601379101022481,"river_vulnerability_score":50.0,"ml_cluster":0,"ml_risk_group":"Very High","vulnerability_score":45.46,"vulnerability_class":"Moderate","flood_score_contribution":20.79,"population_score_contribution":1.77,"service_gap_score_contribution":15.4,"river_vulnerability_score_contribution":7.5,"underserved_score":43.85,"welfare_priority_score":45.43,"welfare_priority":"Moderate","priority_rank":15,"priority_services":"Drinking Water, Drainage, Evacuation Preparedness, Emergency Flood Response","priority_reason":"Priority is influenced by high flood exposure, water-service gap, drainage-service gap."},"geometry":null},
{"type":"Feature","properties":{"fid":92,"dn":true,"fid_2":true,"dn_2":true,"fid_3":4294,"id":41136,"objectid_1":41136,"objectid":107671,"village":"Wandra","vlcode":540833,"block":"Brahmapuri","bkcode":118.0,"subdistric":"Brahmapuri","sdcode":4067,"sub_distri":"Brahmapuri","district":"Chandrapur","dtcode":473,"district_h":"CHANDRAPUR","state":"MH","stcode":27,"country":"India","total_urba":"Rural","total_hous":436,"total_popu":1626,"avg_househ":3.7293578,"total_geog":600,"total_male":799,"total_fema":827,"tapwater_t":null,"tapwater_u":null,"covered_we":null,"covered__1":"Not Available","covered__2":"Not Available","uncovered_":"Available","uncovere_1":"Available","uncovere_2":"Available","handpump_s":null,"hand_pump_":"Available","hand_pum_1":"Available","tubewell_b":null,"tube_wells":"Not Available","tube_wel_1":"Not Available","spring_sta":"Not Available","spring_fun":"Not Available","spring_f_1":"Not Available","river_cana":"Not Available","tank_pond_":"Not Available","others_sta":"Not Available","closed_dra":"Not Available","open_drain":null,"village_pi":"Available","forest_are":121,"area_under":36,"barren_unc":0,"permanent_":9,"land_under":0,"culturable":0,"fallows_la":0,"current_fa":8,"net_area_s":426,"total_unir":107,"area_irrig":319,"canals_are":0,"wells_tube":2,"tanks_lake":40,"waterfall_":0,"other_sour":65,"nearest_to":"BRAHMAPURI","nearest__1":27,"shape_leng":10675.51416,"shape_le_1":10675.51416,"shape_area":6900941.068,"ds_name":"Administrative Boundary","src_agency":"Survey of India (SOI)","state_name":"Maharashtra\n","village_area_km2":7,"village_id":4294,"flood_area_km2":0.018424881,"flood_exposure_pct":0.263212579,"flood_risk":"Low","hospital_dist_km":8.6412460520221739,"name":"SDH Armori","amenity":"hospital","population_density":232.28571428571428,"water_availability":40.0,"drainage_availability":0.0,"healthcare_gap_score":50.916648559069536,"river_distance_km":false,"flood_score":0.7052895378169991,"population_score":12.415056883255707,"water_gap_score":90.909090909090907,"drainage_gap_score":50.0,"service_gap_score":63.941913156053481,"river_vulnerability_score":50.0,"ml_cluster":1,"ml_risk_group":"Very Low","vulnerability_score":26.25,"vulnerability_class":"Moderate","flood_score_contribution":0.28,"population_score_contribution":2.48,"service_gap_score_contribution":15.99,"river_vulnerability_score_contribution":7.5,"underserved_score":35.84,"welfare_priority_score":25.53,"welfare_priority":"Moderate","priority_rank":143,"priority_services":"Healthcare, Drinking Water, Drainage, Evacuation Preparedness","priority_reason":"Priority is influenced by limited healthcare accessibility, water-service gap, drainage-service gap."},"geometry":null},
{"type":"Feature","properties":{"fid":93,"dn":true,"fid_2":true,"dn_2":true,"fid_3":4152,"id":40985,"objectid_1":40985,"objectid":107520,"village":"Municipal Council Gadchiroli","vlcode":248080,"block":null,"bkcode":0.0,"subdistric":"Gadchiroli","sdcode":4057,"sub_distri":null,"district":"Gadchiroli","dtcode":475,"district_h":null,"state":"MH","stcode":27,"country":"India","total_urba":"Urban","total_hous":13111,"total_popu":54152,"avg_househ":4.13027229,"total_geog":0,"total_male":0,"total_fema":0,"tapwater_t":null,"tapwater_u":null,"covered_we":null,"covered__1":"Not Available","covered__2":"Not Available","uncovered_":"Not Available","uncovere_1":"Not Available","uncovere_2":"Not Available","handpump_s":null,"hand_pump_":"Not Available","hand_pum_1":"Not Available","tubewell_b":null,"tube_wells":"Not Available","tube_wel_1":"Not Available","spring_sta":"Not Available","spring_fun":"Not Available","spring_f_1":"Not Available","river_cana":"Not Available","tank_pond_":"Not Available","others_sta":"Not Available","closed_dra":"Not Available","open_drain":null,"village_pi":"Not Available","forest_are":0,"area_under":0,"barren_unc":0,"permanent_":0,"land_under":0,"culturable":0,"fallows_la":0,"current_fa":0,"net_area_s":0,"total_unir":0,"area_irrig":0,"canals_are":0,"wells_tube":0,"tanks_lake":0,"waterfall_":0,"other_sour":0,"nearest_to":null,"nearest__1":0,"shape_leng":25491.87284,"shape_le_1":25491.87284,"shape_area":27598676.06,"ds_name":"Administrative Boundary","src_agency":"Survey of India (SOI)","state_name":"Maharashtra\n","village_area_km2":29,"village_id":4152,"flood_area_km2":1.217321351,"flood_exposure_pct":4.197659829,"flood_risk":"Low","hospital_dist_km":0.0244945908562169,"name":"Seva Surgical and Multispeciality Hospital","amenity":"hospital","population_density":1867.3103448275863,"water_availability":0.0,"drainage_availability":0.0,"healthcare_gap_score":0.0,"river_distance_km":false,"flood_score":11.263736595985467,"population_score":99.802797692548708,"water_gap_score":100.0,"drainage_gap_score":50.0,"service_gap_score":50.0,"river_vulnerability_score":50.0,"ml_cluster":2,"ml_risk_group":"Moderate","vulnerability_score":44.47,"vulnerability_class":"Moderate","flood_score_contribution":4.51,"population_score_contribution":19.96,"service_gap_score_contribution":12.5,"river_vulnerability_score_contribution":7.5,"underserved_score":57.19,"welfare_priority_score":45.19,"welfare_priority":"Moderate","priority_rank":16,"priority_services":"Drinking Water, Drainage, Evacuation Preparedness","priority_reason":"Priority is influenced by high population exposure, water-service gap, drainage-service gap."},"geometry":null},
{"type":"Feature","properties":{"fid":94,"dn":true,"fid_2":true,"dn_2":true,"fid_3":4683,"id":41939,"objectid_1":41939,"objectid":108474,"village":"Soni","vlcode":537513,"block":"Lakhandur","bkcode":94.0,"subdistric":"Lakhandur","sdcode":4043,"sub_distri":"Lakhandur","district":"Bhandara","dtcode":471,"district_h":"BHANDARA","state":"MH","stcode":27,"country":"India","total_urba":"Rural","total_hous":845,"total_popu":3575,"avg_househ":4.23076923,"total_geog":594,"total_male":1779,"total_fema":1796,"tapwater_t":null,"tapwater_u":null,"covered_we":null,"covered__1":"Available","covered__2":"Available","uncovered_":"Available","uncovere_1":"Available","uncovere_2":"Available","handpump_s":null,"hand_pump_":"Available","hand_pum_1":"Available","tubewell_b":null,"tube_wells":"Available","tube_wel_1":"Available","spring_sta":"Not Available","spring_fun":"Not Available","spring_f_1":"Not Available","river_cana":"Available","tank_pond_":"Not Available","others_sta":"Not Available","closed_dra":"Not Available","open_drain":null,"village_pi":"Available","forest_are":0,"area_under":18,"barren_unc":0,"permanent_":12,"land_under":0,"culturable":0,"fallows_la":126,"current_fa":1,"net_area_s":437,"total_unir":267,"area_irrig":170,"canals_are":249,"wells_tube":18,"tanks_lake":0,"waterfall_":0,"other_sour":0,"nearest_to":"Desaiganj","nearest__1":6,"shape_leng":9865.424879,"shape_le_1":9865.424879,"shape_area":5130173.189,"ds_name":"Administrative Boundary","src_agency":"Survey of India (SOI)","state_name":"Maharashtra\n","village_area_km2":5,"village_id":4683,"flood_area_km2":0.761791678,"flood_exposure_pct":15.23583355,"flood_risk":"Moderate","hospital_dist_km":0.79489540030045769,"name":"Government Hospital, Soni","amenity":"hospital","population_density":715.0,"water_availability":0.0,"drainage_availability":0.0,"healthcare_gap_score":4.5523220021930735,"river_distance_km":false,"flood_score":40.88567976781092,"population_score":38.21485836451096,"water_gap_score":100.0,"drainage_gap_score":50.0,"service_gap_score":51.517440667397693,"river_vulnerability_score":50.0,"ml_cluster":0,"ml_risk_group":"Very High","vulnerability_score":44.38,"vulnerability_class":"Moderate","flood_score_contribution":16.35,"population_score_contribution":7.64,"service_gap_score_contribution":12.88,"river_vulnerability_score_contribution":7.5,"underserved_score":45.4,"welfare_priority_score":43.99,"welfare_priority":"Moderate","priority_rank":18,"priority_services":"Drinking Water, Drainage, Evacuation Preparedness","priority_reason":"Priority is influenced by water-service gap, drainage-service gap."},"geometry":null},
{"type":"Feature","properties":{"fid":95,"dn":true,"fid_2":true,"dn_2":true,"fid_3":4089,"id":40921,"objectid_1":40921,"objectid":107456,"village":"Adapalli","vlcode":539112,"block":"Gadchiroli","bkcode":108.0,"subdistric":"Gadchiroli","sdcode":4057,"sub_distri":"Gadchiroli","district":"Gadchiroli","dtcode":475,"district_h":"GADCHIROLI","state":"MH","stcode":27,"country":"India","total_urba":"Rural","total_hous":428,"total_popu":1693,"avg_househ":3.95560748,"total_geog":452,"total_male":869,"total_fema":824,"tapwater_t":null,"tapwater_u":null,"covered_we":null,"covered__1":"Available","covered__2":"Available","uncovered_":"Available","uncovere_1":"Available","uncovere_2":"Available","handpump_s":null,"hand_pump_":"Available","hand_pum_1":"Available","tubewell_b":null,"tube_wells":"Not Available","tube_wel_1":"Not Available","spring_sta":"Not Available","spring_fun":"Not Available","spring_f_1":"Not Available","river_cana":"Available","tank_pond_":"Available","others_sta":"Not Available","closed_dra":"Not Available","open_drain":null,"village_pi":"Available","forest_are":0,"area_under":120,"barren_unc":0,"permanent_":24,"land_under":0,"culturable":45,"fallows_la":13,"current_fa":10,"net_area_s":240,"total_unir":78,"area_irrig":161,"canals_are":0,"wells_tube":0,"tanks_lake":71,"waterfall_":0,"other_sour":8,"nearest_to":"GADCHIROLI","nearest__1":4,"shape_leng":10734.43579,"shape_le_1":10734.43579,"shape_area":4656164.711,"ds_name":"Administrative Boundary","src_agency":"Survey of India (SOI)","state_name":"Maharashtra\n","village_area_km2":5,"village_id":4089,"flood_area_km2":0.739680688,"flood_exposure_pct":14.79361375,"flood_risk":"Low","hospital_dist_km":1.6609877450908832,"name":"Janatal Hospital","amenity":"hospital","population_density":338.6,"water_availability":71.0,"drainage_availability":0.0,"healthcare_gap_score":9.6700882204875338,"river_distance_km":false,"flood_score":39.69894271183086,"population_score":18.097274184927848,"water_gap_score":83.86363636363636,"drainage_gap_score":50.0,"service_gap_score":47.844574861374632,"river_vulnerability_score":50.0,"ml_cluster":0,"ml_risk_group":"Very High","vulnerability_score":38.96,"vulnerability_class":"Moderate","flood_score_contribution":15.88,"population_score_contribution":3.62,"service_gap_score_contribution":11.96,"river_vulnerability_score_contribution":7.5,"underserved_score":37.29,"welfare_priority_score":37.58,"welfare_priority":"Moderate","priority_rank":31,"priority_services":"Drinking Water, Drainage, Evacuation Preparedness","priority_reason":"Priority is influenced by water-service gap, drainage-service gap."},"geometry":null},
{"type":"Feature","properties":{"fid":96,"dn":true,"fid_2":true,"dn_2":true,"fid_3":3069,"id":39867,"objectid_1":39867,"objectid":106402,"village":"Kunghada Raiyyatwari","vlcode":539252,"block":"Chamorshi","bkcode":109.0,"subdistric":"Chamorshi","sdcode":4058,"sub_distri":"Chamorshi","district":"Gadchiroli","dtcode":475,"district_h":"GADCHIROLI","state":"MH","stcode":27,"country":"India","total_urba":"Rural","total_hous":1796,"total_popu":6836,"avg_househ":3.80623608,"total_geog":2151,"total_male":3469,"total_fema":3367,"tapwater_t":null,"tapwater_u":null,"covered_we":null,"covered__1":"Available","covered__2":"Available","uncovered_":"Available","uncovere_1":"Available","uncovere_2":"Available","handpump_s":null,"hand_pump_":"Available","hand_pum_1":"Available","tubewell_b":null,"tube_wells":"Not Available","tube_wel_1":"Not Available","spring_sta":"Not Available","spring_fun":"Not Available","spring_f_1":"Not Available","river_cana":"Not Available","tank_pond_":"Available","others_sta":"Not Available","closed_dra":"Not Available","open_drain":null,"village_pi":"Available","forest_are":344,"area_under":381,"barren_unc":0,"permanent_":51,"land_under":5,"culturable":0,"fallows_la":86,"current_fa":114,"net_area_s":1170,"total_unir":826,"area_irrig":344,"canals_are":678,"wells_tube":0,"tanks_lake":148,"waterfall_":0,"other_sour":0,"nearest_to":"GADCHIROLI","nearest__1":25,"shape_leng":24866.09345,"shape_le_1":24866.09345,"shape_area":19217481.3,"ds_name":"Administrative Boundary","src_agency":"Survey of India (SOI)","state_name":"Maharashtra\n","village_area_km2":20,"village_id":3069,"flood_area_km2":0.29973011,"flood_exposure_pct":1.498650549,"flood_risk":"Low","hospital_dist_km":13.765578107352544,"name":"Balprabha Hospital","amenity":"hospital","population_density":341.8,"water_availability":148.0,"drainage_availability":0.0,"healthcare_gap_score":81.196483777378816,"river_distance_km":false,"flood_score":4.0206997011877545,"population_score":18.268305718866916,"water_gap_score":66.363636363636374,"drainage_gap_score":50.0,"service_gap_score":65.853373380338397,"river_vulnerability_score":50.0,"ml_cluster":1,"ml_risk_group":"Very Low","vulnerability_score":29.23,"vulnerability_class":"Moderate","flood_score_contribution":1.61,"population_score_contribution":3.65,"service_gap_score_contribution":16.46,"river_vulnerability_score_contribution":7.5,"underserved_score":39.21,"welfare_priority_score":28.94,"welfare_priority":"Moderate","priority_rank":110,"priority_services":"Healthcare, Drinking Water, Drainage, Evacuation Preparedness","priority_reason":"Priority is influenced by limited healthcare accessibility, water-service gap, drainage-service gap."},"geometry":null},
{"type":"Feature","properties":{"fid":97,"dn":true,"fid_2":true,"dn_2":true,"fid_3":4290,"id":41132,"objectid_1":41132,"objectid":107667,"village":"Gangalwadi","vlcode":540810,"block":"Brahmapuri","bkcode":118.0,"subdistric":"Brahmapuri","sdcode":4067,"sub_distri":"Brahmapuri","district":"Chandrapur","dtcode":473,"district_h":"CHANDRAPUR","state":"MH","stcode":27,"country":"India","total_urba":"Rural","total_hous":566,"total_popu":2047,"avg_househ":3.61660777,"total_geog":574,"total_male":1043,"total_fema":1004,"tapwater_t":null,"tapwater_u":null,"covered_we":null,"covered__1":"Available","covered__2":"Available","uncovered_":"Available","uncovere_1":"Available","uncovere_2":"Available","handpump_s":null,"hand_pump_":"Available","hand_pum_1":"Available","tubewell_b":null,"tube_wells":"Not Available","tube_wel_1":"Not Available","spring_sta":"Not Available","spring_fun":"Not Available","spring_f_1":"Not Available","river_cana":"Available","tank_pond_":"Available","others_sta":"Not Available","closed_dra":"Not Available","open_drain":null,"village_pi":"Available","forest_are":0,"area_under":41,"barren_unc":57,"permanent_":29,"land_under":0,"culturable":58,"fallows_la":20,"current_fa":1,"net_area_s":367,"total_unir":145,"area_irrig":222,"canals_are":0,"wells_tube":4,"tanks_lake":106,"waterfall_":0,"other_sour":34,"nearest_to":"BRAHMAPURI","nearest__1":20,"shape_leng":11130.59728,"shape_le_1":11130.59728,"shape_area":6792415.929,"ds_name":"Administrative Boundary","src_agency":"Survey of India (SOI)","state_name":"Maharashtra\n","village_area_km2":7,"village_id":4290,"flood_area_km2":1.00191921,"flood_exposure_pct":14.31313157,"flood_risk":"Low","hospital_dist_km":6.703238381100352,"name":"SDH Armori","amenity":"hospital","population_density":292.42857142857144,"water_availability":106.0,"drainage_availability":0.0,"healthcare_gap_score":39.464901815551983,"river_distance_km":false,"flood_score":38.409525078915998,"population_score":15.629533480949837,"water_gap_score":75.909090909090907,"drainage_gap_score":50.0,"service_gap_score":55.124664241547634,"river_vulnerability_score":50.0,"ml_cluster":0,"ml_risk_group":"Very High","vulnerability_score":39.77,"vulnerability_class":"Moderate","flood_score_contribution":15.36,"population_score_contribution":3.13,"service_gap_score_contribution":13.78,"river_vulnerability_score_contribution":7.5,"underserved_score":39.93,"welfare_priority_score":39.02,"welfare_priority":"Moderate","priority_rank":26,"priority_services":"Drinking Water, Drainage, Evacuation Preparedness","priority_reason":"Priority is influenced by water-service gap, drainage-service gap."},"geometry":null},
{"type":"Feature","properties":{"fid":98,"dn":true,"fid_2":true,"dn_2":true,"fid_3":3011,"id":39807,"objectid_1":39807,"objectid":106342,"village":"Ekodi","vlcode":539235,"block":"Chamorshi","bkcode":109.0,"subdistric":"Chamorshi","sdcode":4058,"sub_distri":"Chamorshi","district":"Gadchiroli","dtcode":475,"district_h":"GADCHIROLI","state":"MH","stcode":27,"country":"India","total_urba":"Rural","total_hous":130,"total_popu":503,"avg_househ":3.86923077,"total_geog":453,"total_male":254,"total_fema":249,"tapwater_t":null,"tapwater_u":null,"covered_we":null,"covered__1":"Not Available","covered__2":"Not Available","uncovered_":"Available","uncovere_1":"Available","uncovere_2":"Available","handpump_s":null,"hand_pump_":"Available","hand_pum_1":"Available","tubewell_b":null,"tube_wells":"Not Available","tube_wel_1":"Not Available","spring_sta":"Not Available","spring_fun":"Not Available","spring_f_1":"Not Available","river_cana":"Not Available","tank_pond_":"Not Available","others_sta":"Not Available","closed_dra":"Not Available","open_drain":null,"village_pi":"Available","forest_are":67,"area_under":106,"barren_unc":0,"permanent_":12,"land_under":0,"culturable":4,"fallows_la":3,"current_fa":0,"net_area_s":261,"total_unir":137,"area_irrig":124,"canals_are":137,"wells_tube":0,"tanks_lake":0,"waterfall_":0,"other_sour":0,"nearest_to":"MUL","nearest__1":22,"shape_leng":8669.520787,"shape_le_1":8669.520787,"shape_area":4489457.174,"ds_name":"Administrative Boundary","src_agency":"Survey of India (SOI)","state_name":"Maharashtra\n","village_area_km2":5,"village_id":3011,"flood_area_km2":0.256602339,"flood_exposure_pct":5.132046778,"flood_risk":"Low","hospital_dist_km":8.9960523439642319,"name":null,"amenity":null,"population_density":100.6,"water_availability":0.0,"drainage_availability":0.0,"healthcare_gap_score":53.013209815916539,"river_distance_km":false,"flood_score":13.771248962013519,"population_score":5.3768038482095131,"water_gap_score":100.0,"drainage_gap_score":50.0,"service_gap_score":67.671069938638837,"river_vulnerability_score":50.0,"ml_cluster":1,"ml_risk_group":"Very Low","vulnerability_score":31.0,"vulnerability_class":"Moderate","flood_score_contribution":5.51,"population_score_contribution":1.08,"service_gap_score_contribution":16.92,"river_vulnerability_score_contribution":7.5,"underserved_score":38.2,"welfare_priority_score":30.71,"welfare_priority":"Moderate","priority_rank":89,"priority_services":"Healthcare, Drinking Water, Drainage, Evacuation Preparedness","priority_reason":"Priority is influenced by limited healthcare accessibility, water-service gap, drainage-service gap."},"geometry":null},
{"type":"Feature","properties":{"fid":99,"dn":true,"fid_2":true,"dn_2":true,"fid_3":4051,"id":40876,"objectid_1":40876,"objectid":107411,"village":"Thergaon","vlcode":540909,"block":"Sawali","bkcode":119.0,"subdistric":"Sawali","sdcode":4068,"sub_distri":"Sawali","district":"Chandrapur","dtcode":473,"district_h":"CHANDRAPUR","state":"MH","stcode":27,"country":"India","total_urba":"Rural","total_hous":180,"total_popu":566,"avg_househ":3.14444444,"total_geog":235,"total_male":294,"total_fema":272,"tapwater_t":null,"tapwater_u":null,"covered_we":null,"covered__1":"Not Available","covered__2":"Not Available","uncovered_":"Available","uncovere_1":"Available","uncovere_2":"Available","handpump_s":null,"hand_pump_":"Available","hand_pum_1":"Available","tubewell_b":null,"tube_wells":"Not Available","tube_wel_1":"Not Available","spring_sta":"Not Available","spring_fun":"Not Available","spring_f_1":"Not Available","river_cana":"Not Available","tank_pond_":"Available","others_sta":"Not Available","closed_dra":"Not Available","open_drain":null,"village_pi":"Available","forest_are":0,"area_under":22,"barren_unc":6,"permanent_":11,"land_under":0,"culturable":0,"fallows_la":1,"current_fa":2,"net_area_s":193,"total_unir":147,"area_irrig":46,"canals_are":144,"wells_tube":0,"tanks_lake":0,"waterfall_":0,"other_sour":3,"nearest_to":"MUL","nearest__1":29,"shape_leng":8867.514541,"shape_le_1":8867.514541,"shape_area":2614680.152,"ds_name":"Administrative Boundary","src_agency":"Survey of India (SOI)","state_name":"Maharashtra\n","village_area_km2":3,"village_id":4051,"flood_area_km2":0.071211636,"flood_exposure_pct":2.373721194,"flood_risk":"Low","hospital_dist_km":11.78004662770581,"name":"Rural Hospital, Saoli","amenity":"hospital","population_density":188.66666666666666,"water_availability":0.0,"drainage_availability":0.0,"healthcare_gap_score":69.463917391106094,"river_distance_km":false,"flood_score":6.369031370239826,"population_score":10.083734188491004,"water_gap_score":100.0,"drainage_gap_score":50.0,"service_gap_score":73.154639130368693,"river_vulnerability_score":50.0,"ml_cluster":1,"ml_risk_group":"Very Low","vulnerability_score":30.35,"vulnerability_class":"Moderate","flood_score_contribution":2.55,"population_score_contribution":2.02,"service_gap_score_contribution":18.29,"river_vulnerability_score_contribution":7.5,"underserved_score":40.88,"welfare_priority_score":30.6,"welfare_priority":"Moderate","priority_rank":91,"priority_services":"Healthcare, Drinking Water, Drainage, Evacuation Preparedness","priority_reason":"Priority is influenced by limited healthcare accessibility, water-service gap, drainage-service gap."},"geometry":null},
{"type":"Feature","properties":{"fid":100,"dn":true,"fid_2":true,"dn_2":true,"fid_3":4189,"id":41022,"objectid_1":41022,"objectid":107557,"village":"Chaugaon","vlcode":540781,"block":"Brahmapuri","bkcode":118.0,"subdistric":"Brahmapuri","sdcode":4067,"sub_distri":"Brahmapuri","district":"Chandrapur","dtcode":473,"district_h":"CHANDRAPUR","state":"MH","stcode":27,"country":"India","total_urba":"Rural","total_hous":804,"total_popu":3041,"avg_househ":3.78233831,"total_geog":1083,"total_male":1530,"total_fema":1511,"tapwater_t":null,"tapwater_u":null,"covered_we":null,"covered__1":"Available","covered__2":"Available","uncovered_":"Available","uncovere_1":"Available","uncovere_2":"Available","handpump_s":null,"hand_pump_":"Available","hand_pum_1":"Available","tubewell_b":null,"tube_wells":"Available","tube_wel_1":"Available","spring_sta":"Not Available","spring_fun":"Not Available","spring_f_1":"Not Available","river_cana":"Not Available","tank_pond_":"Not Available","others_sta":"Not Available","closed_dra":"Not Available","open_drain":null,"village_pi":"Available","forest_are":117,"area_under":29,"barren_unc":54,"permanent_":8,"land_under":0,"culturable":36,"fallows_la":2,"current_fa":20,"net_area_s":816,"total_unir":85,"area_irrig":732,"canals_are":0,"wells_tube":0,"tanks_lake":85,"waterfall_":0,"other_sour":0,"nearest_to":"BRAHMAPURI","nearest__1":10,"shape_leng":15357.47392,"shape_le_1":15357.47392,"shape_area":9448734.008,"ds_name":"Administrative Boundary","src_agency":"Survey of India (SOI)","state_name":"Maharashtra\n","village_area_km2":10,"village_id":4189,"flood_area_km2":0.332920659,"flood_exposure_pct":3.329206592,"flood_risk":"Low","hospital_dist_km":6.4422971823134727,"name":null,"amenity":"hospital","population_density":304.1,"water_availability":85.0,"drainage_availability":0.0,"healthcare_gap_score":37.922992271904079,"river_distance_km":false,"flood_score":8.9331633431963908,"population_score":16.253340459647248,"water_gap_score":80.681818181818187,"drainage_gap_score":50.0,"service_gap_score":56.201603484574093,"river_vulnerability_score":50.0,"ml_cluster":4,"ml_risk_group":"Low","vulnerability_score":28.37,"vulnerability_class":"Moderate","flood_score_contribution":3.57,"population_score_contribution":3.25,"service_gap_score_contribution":14.05,"river_vulnerability_score_contribution":7.5,"underserved_score":34.76,"welfare_priority_score":27.16,"welfare_priority":"Moderate","priority_rank":130,"priority_services":"Drinking Water, Drainage, Evacuation Preparedness","priority_reason":"Priority is influenced by water-service gap, drainage-service gap."},"geometry":null},
{"type":"Feature","properties":{"fid":101,"dn":true,"fid_2":true,"dn_2":true,"fid_3":4281,"id":41123,"objectid_1":41123,"objectid":107658,"village":"Chicholi Bk","vlcode":540741,"block":"Brahmapuri","bkcode":118.0,"subdistric":"Brahmapuri","sdcode":4067,"sub_distri":"Brahmapuri","district":"Chandrapur","dtcode":473,"district_h":"CHANDRAPUR","state":"MH","stcode":27,"country":"India","total_urba":"Rural","total_hous":375,"total_popu":1636,"avg_househ":4.36266667,"total_geog":524,"total_male":833,"total_fema":803,"tapwater_t":null,"tapwater_u":null,"covered_we":null,"covered__1":"Not Available","covered__2":"Not Available","uncovered_":"Available","uncovere_1":"Available","uncovere_2":"Available","handpump_s":null,"hand_pump_":"Available","hand_pum_1":"Available","tubewell_b":null,"tube_wells":"Available","tube_wel_1":"Available","spring_sta":"Not Available","spring_fun":"Not Available","spring_f_1":"Not Available","river_cana":"Available","tank_pond_":"Not Available","others_sta":"Not Available","closed_dra":"Not Available","open_drain":null,"village_pi":"Available","forest_are":0,"area_under":105,"barren_unc":11,"permanent_":2,"land_under":0,"culturable":11,"fallows_la":6,"current_fa":2,"net_area_s":386,"total_unir":103,"area_irrig":283,"canals_are":0,"wells_tube":98,"tanks_lake":0,"waterfall_":0,"other_sour":5,"nearest_to":"BRAHMAPURI","nearest__1":9,"shape_leng":10061.59238,"shape_le_1":10061.59238,"shape_area":4874938.572,"ds_name":"Administrative Boundary","src_agency":"Survey of India (SOI)","state_name":"Maharashtra\n","village_area_km2":5,"village_id":4281,"flood_area_km2":0.656204739,"flood_exposure_pct":13.12409478,"flood_risk":"Low","hospital_dist_km":3.3112141694291641,"name":"Vikttubaba physiotherapy clinic, wadsa","amenity":"hospital","population_density":327.2,"water_availability":0.0,"drainage_availability":0.0,"healthcare_gap_score":19.421326755056182,"river_distance_km":false,"flood_score":35.218636702555237,"population_score":17.487974345269908,"water_gap_score":100.0,"drainage_gap_score":50.0,"service_gap_score":56.473775585018728,"river_vulnerability_score":50.0,"ml_cluster":0,"ml_risk_group":"Very High","vulnerability_score":39.2,"vulnerability_class":"Moderate","flood_score_contribution":14.09,"population_score_contribution":3.5,"service_gap_score_contribution":14.12,"river_vulnerability_score_contribution":7.5,"underserved_score":40.53,"welfare_priority_score":38.58,"welfare_priority":"Moderate","priority_rank":28,"priority_services":"Drinking Water, Drainage, Evacuation Preparedness","priority_reason":"Priority is influenced by water-service gap, drainage-service gap."},"geometry":null},
{"type":"Feature","properties":{"fid":102,"dn":true,"fid_2":true,"dn_2":true,"fid_3":3029,"id":39825,"objectid_1":39825,"objectid":106360,"village":"Londholi","vlcode":540971,"block":"Sawali","bkcode":119.0,"subdistric":"Sawali","sdcode":4068,"sub_distri":"Sawali","district":"Chandrapur","dtcode":473,"district_h":"CHANDRAPUR","state":"MH","stcode":27,"country":"India","total_urba":"Rural","total_hous":499,"total_popu":2015,"avg_househ":4.03807615,"total_geog":617,"total_male":1019,"total_fema":996,"tapwater_t":null,"tapwater_u":null,"covered_we":null,"covered__1":"Available","covered__2":"Available","uncovered_":"Available","uncovere_1":"Available","uncovere_2":"Available","handpump_s":null,"hand_pump_":"Available","hand_pum_1":"Available","tubewell_b":null,"tube_wells":"Not Available","tube_wel_1":"Not Available","spring_sta":"Not Available","spring_fun":"Not Available","spring_f_1":"Not Available","river_cana":"Available","tank_pond_":"Not Available","others_sta":"Not Available","closed_dra":"Not Available","open_drain":null,"village_pi":"Available","forest_are":122,"area_under":0,"barren_unc":61,"permanent_":18,"land_under":0,"culturable":17,"fallows_la":0,"current_fa":2,"net_area_s":397,"total_unir":175,"area_irrig":221,"canals_are":0,"wells_tube":0,"tanks_lake":166,"waterfall_":0,"other_sour":9,"nearest_to":"MUL","nearest__1":30,"shape_leng":12073.47321,"shape_le_1":12073.47321,"shape_area":7856469.278,"ds_name":"Administrative Boundary","src_agency":"Survey of India (SOI)","state_name":"Maharashtra\n","village_area_km2":8,"village_id":3029,"flood_area_km2":0.064956053,"flood_exposure_pct":0.811950668,"flood_risk":"Low","hospital_dist_km":5.8254050976967262,"name":"Balprabha Hospital","amenity":"hospital","population_density":251.875,"water_availability":166.0,"drainage_availability":0.0,"healthcare_gap_score":34.277758031034786,"river_distance_km":false,"flood_score":2.177878110838797,"population_score":13.462052378407268,"water_gap_score":62.272727272727273,"drainage_gap_score":50.0,"service_gap_score":48.850161767920689,"river_vulnerability_score":50.0,"ml_cluster":3,"ml_risk_group":"High","vulnerability_score":23.28,"vulnerability_class":"Low","flood_score_contribution":0.87,"population_score_contribution":2.69,"service_gap_score_contribution":12.21,"river_vulnerability_score_contribution":7.5,"underserved_score":28.9,"welfare_priority_score":21.11,"welfare_priority":"Low","priority_rank":187,"priority_services":"Drinking Water, Drainage, Evacuation Preparedness","priority_reason":"Priority is influenced by water-service gap, drainage-service gap."},"geometry":null},
{"type":"Feature","properties":{"fid":103,"dn":true,"fid_2":true,"dn_2":true,"fid_3":4588,"id":41841,"objectid_1":41841,"objectid":108376,"village":"Brahmapuri","vlcode":251373,"block":null,"bkcode":0.0,"subdistric":"Brahmapuri","sdcode":4067,"sub_distri":null,"district":"Chandrapur","dtcode":473,"district_h":null,"state":"MH","stcode":27,"country":"India","total_urba":"Urban","total_hous":8575,"total_popu":36025,"avg_househ":4.20116618,"total_geog":0,"total_male":0,"total_fema":0,"tapwater_t":null,"tapwater_u":null,"covered_we":null,"covered__1":"Not Available","covered__2":"Not Available","uncovered_":"Not Available","uncovere_1":"Not Available","uncovere_2":"Not Available","handpump_s":null,"hand_pump_":"Not Available","hand_pum_1":"Not Available","tubewell_b":null,"tube_wells":"Not Available","tube_wel_1":"Not Available","spring_sta":"Not Available","spring_fun":"Not Available","spring_f_1":"Not Available","river_cana":"Not Available","tank_pond_":"Not Available","others_sta":"Not Available","closed_dra":"Not Available","open_drain":null,"village_pi":"Not Available","forest_are":0,"area_under":0,"barren_unc":0,"permanent_":0,"land_under":0,"culturable":0,"fallows_la":0,"current_fa":0,"net_area_s":0,"total_unir":0,"area_irrig":0,"canals_are":0,"wells_tube":0,"tanks_lake":0,"waterfall_":0,"other_sour":0,"nearest_to":null,"nearest__1":0,"shape_leng":23456.78503,"shape_le_1":23456.78503,"shape_area":21094071.81,"ds_name":"Administrative Boundary","src_agency":"Survey of India (SOI)","state_name":"Maharashtra\n","village_area_km2":22,"village_id":4588,"flood_area_km2":0.199563621,"flood_exposure_pct":0.907107367,"flood_risk":"Low","hospital_dist_km":1.158676180128807,"name":"Akshay Nursing Home","amenity":"hospital","population_density":1637.5,"water_availability":0.0,"drainage_availability":0.0,"healthcare_gap_score":6.7019137831028113,"river_distance_km":false,"flood_score":2.4332397677072608,"population_score":87.520042757883488,"water_gap_score":100.0,"drainage_gap_score":50.0,"service_gap_score":52.23397126103427,"river_vulnerability_score":50.0,"ml_cluster":2,"ml_risk_group":"Moderate","vulnerability_score":39.04,"vulnerability_class":"Moderate","flood_score_contribution":0.97,"population_score_contribution":17.5,"service_gap_score_contribution":13.06,"river_vulnerability_score_contribution":7.5,"underserved_score":52.86,"welfare_priority_score":39.43,"welfare_priority":"Moderate","priority_rank":24,"priority_services":"Drinking Water, Drainage, Evacuation Preparedness","priority_reason":"Priority is influenced by high population exposure, water-service gap, drainage-service gap."},"geometry":null},
{"type":"Feature","properties":{"fid":104,"dn":true,"fid_2":true,"dn_2":true,"fid_3":3038,"id":39836,"objectid_1":39836,"objectid":106371,"village":"Wakadi","vlcode":539162,"block":"Gadchiroli","bkcode":108.0,"subdistric":"Gadchiroli","sdcode":4057,"sub_distri":"Gadchiroli","district":"Gadchiroli","dtcode":475,"district_h":"GADCHIROLI","state":"MH","stcode":27,"country":"India","total_urba":"Rural","total_hous":290,"total_popu":1123,"avg_househ":3.87241379,"total_geog":419,"total_male":581,"total_fema":542,"tapwater_t":null,"tapwater_u":null,"covered_we":null,"covered__1":"Available","covered__2":"Available","uncovered_":"Available","uncovere_1":"Available","uncovere_2":"Available","handpump_s":null,"hand_pump_":"Available","hand_pum_1":"Available","tubewell_b":null,"tube_wells":"Not Available","tube_wel_1":"Not Available","spring_sta":"Not Available","spring_fun":"Not Available","spring_f_1":"Not Available","river_cana":"Available","tank_pond_":"Available","others_sta":"Not Available","closed_dra":"Not Available","open_drain":null,"village_pi":"Available","forest_are":145,"area_under":46,"barren_unc":0,"permanent_":8,"land_under":0,"culturable":40,"fallows_la":0,"current_fa":0,"net_area_s":180,"total_unir":110,"area_irrig":70,"canals_are":0,"wells_tube":0,"tanks_lake":110,"waterfall_":0,"other_sour":0,"nearest_to":"GADCHIROLI","nearest__1":6,"shape_leng":9870.943364000001,"shape_le_1":9870.943364000001,"shape_area":4651164.056,"ds_name":"Administrative Boundary","src_agency":"Survey of India (SOI)","state_name":"Maharashtra\n","village_area_km2":5,"village_id":3038,"flood_area_km2":0.18161131,"flood_exposure_pct":3.632226192,"flood_risk":"Low","hospital_dist_km":3.8710699236919619,"name":null,"amenity":null,"population_density":224.6,"water_availability":110.0,"drainage_availability":0.0,"healthcare_gap_score":22.729531571226481,"river_distance_km":false,"flood_score":9.7463440013402725,"population_score":12.004275788348478,"water_gap_score":75.0,"drainage_gap_score":50.0,"service_gap_score":49.243177190408829,"river_vulnerability_score":50.0,"ml_cluster":4,"ml_risk_group":"Low","vulnerability_score":26.11,"vulnerability_class":"Moderate","flood_score_contribution":3.9,"population_score_contribution":2.4,"service_gap_score_contribution":12.31,"river_vulnerability_score_contribution":7.5,"underserved_score":30.17,"welfare_priority_score":24.09,"welfare_priority":"Low","priority_rank":161,"priority_services":"Drinking Water, Drainage, Evacuation Preparedness","priority_reason":"Priority is influenced by water-service gap, drainage-service gap."},"geometry":null},
{"type":"Feature","properties":{"fid":105,"dn":true,"fid_2":true,"dn_2":true,"fid_3":4676,"id":41932,"objectid_1":41932,"objectid":108467,"village":"Indora","vlcode":537510,"block":"Lakhandur","bkcode":94.0,"subdistric":"Lakhandur","sdcode":4043,"sub_distri":"Lakhandur","district":"Bhandara","dtcode":471,"district_h":"BHANDARA","state":"MH","stcode":27,"country":"India","total_urba":"Rural","total_hous":264,"total_popu":1084,"avg_househ":4.10606061,"total_geog":1080,"total_male":558,"total_fema":526,"tapwater_t":null,"tapwater_u":null,"covered_we":null,"covered__1":"Not Available","covered__2":"Not Available","uncovered_":"Available","uncovere_1":"Available","uncovere_2":"Available","handpump_s":null,"hand_pump_":"Available","hand_pum_1":"Available","tubewell_b":null,"tube_wells":"Available","tube_wel_1":"Available","spring_sta":"Not Available","spring_fun":"Not Available","spring_f_1":"Not Available","river_cana":"Available","tank_pond_":"Not Available","others_sta":"Not Available","closed_dra":"Not Available","open_drain":null,"village_pi":"Available","forest_are":550,"area_under":7,"barren_unc":77,"permanent_":3,"land_under":4,"culturable":0,"fallows_la":75,"current_fa":0,"net_area_s":363,"total_unir":185,"area_irrig":178,"canals_are":155,"wells_tube":0,"tanks_lake":30,"waterfall_":0,"other_sour":0,"nearest_to":"Desaiganj","nearest__1":8,"shape_leng":13381.93875,"shape_le_1":13381.93875,"shape_area":10474243.96,"ds_name":"Administrative Boundary","src_agency":"Survey of India (SOI)","state_name":"Maharashtra\n","village_area_km2":11,"village_id":4676,"flood_area_km2":0.097824873,"flood_exposure_pct":0.889317024,"flood_risk":"Low","hospital_dist_km":3.5364615988921013,"name":"Government Hospital, Soni","amenity":"hospital","population_density":98.545454545454547,"water_availability":30.0,"drainage_availability":0.0,"healthcare_gap_score":20.752320721458258,"river_distance_km":false,"flood_score":2.3854977641228547,"population_score":5.2669938292599969,"water_gap_score":93.181818181818187,"drainage_gap_score":50.0,"service_gap_score":54.644712967758814,"river_vulnerability_score":50.0,"ml_cluster":4,"ml_risk_group":"Low","vulnerability_score":23.17,"vulnerability_class":"Low","flood_score_contribution":0.95,"population_score_contribution":1.05,"service_gap_score_contribution":13.66,"river_vulnerability_score_contribution":7.5,"underserved_score":29.38,"welfare_priority_score":21.34,"welfare_priority":"Low","priority_rank":183,"priority_services":"Drinking Water, Drainage, Evacuation Preparedness","priority_reason":"Priority is influenced by water-service gap, drainage-service gap."},"geometry":null},
{"type":"Feature","properties":{"fid":106,"dn":true,"fid_2":true,"dn_2":true,"fid_3":4694,"id":41952,"objectid_1":41952,"objectid":108487,"village":"Keshori","vlcode":537512,"block":"Lakhandur","bkcode":94.0,"subdistric":"Lakhandur","sdcode":4043,"sub_distri":"Lakhandur","district":"Bhandara","dtcode":471,"district_h":"BHANDARA","state":"MH","stcode":27,"country":"India","total_urba":"Rural","total_hous":0,"total_popu":0,"avg_househ":0.0,"total_geog":82,"total_male":0,"total_fema":0,"tapwater_t":null,"tapwater_u":null,"covered_we":null,"covered__1":null,"covered__2":null,"uncovered_":null,"uncovere_1":null,"uncovere_2":null,"handpump_s":null,"hand_pump_":null,"hand_pum_1":null,"tubewell_b":null,"tube_wells":null,"tube_wel_1":null,"spring_sta":null,"spring_fun":null,"spring_f_1":null,"river_cana":null,"tank_pond_":null,"others_sta":null,"closed_dra":null,"open_drain":null,"village_pi":null,"forest_are":23,"area_under":2,"barren_unc":4,"permanent_":0,"land_under":0,"culturable":0,"fallows_la":4,"current_fa":1,"net_area_s":48,"total_unir":41,"area_irrig":7,"canals_are":41,"wells_tube":0,"tanks_lake":0,"waterfall_":0,"other_sour":0,"nearest_to":null,"nearest__1":0,"shape_leng":3174.040838,"shape_le_1":3174.040838,"shape_area":584449.0353,"ds_name":"Administrative Boundary","src_agency":"Survey of India (SOI)","state_name":"Maharashtra\n","village_area_km2":1,"village_id":4694,"flood_area_km2":0.051069639,"flood_exposure_pct":5.106963871,"flood_risk":"Low","hospital_dist_km":2.308589824922358,"name":"Government Hospital, Soni","amenity":"hospital","population_density":0.0,"water_availability":0.0,"drainage_availability":0.0,"healthcare_gap_score":13.496788764597218,"river_distance_km":false,"flood_score":13.703936699630418,"population_score":0.0,"water_gap_score":100.0,"drainage_gap_score":50.0,"service_gap_score":54.498929588199076,"river_vulnerability_score":50.0,"ml_cluster":4,"ml_risk_group":"Low","vulnerability_score":26.61,"vulnerability_class":"Moderate","flood_score_contribution":5.48,"population_score_contribution":0.0,"service_gap_score_contribution":13.62,"river_vulnerability_score_contribution":7.5,"underserved_score":29.99,"welfare_priority_score":24.83,"welfare_priority":"Low","priority_rank":154,"priority_services":"Drinking Water, Drainage, Evacuation Preparedness","priority_reason":"Priority is influenced by water-service gap, drainage-service gap."},"geometry":null},
{"type":"Feature","properties":{"fid":107,"dn":true,"fid_2":true,"dn_2":true,"fid_3":3037,"id":39835,"objectid_1":39835,"objectid":106370,"village":"Kurul","vlcode":539266,"block":"Chamorshi","bkcode":109.0,"subdistric":"Chamorshi","sdcode":4058,"sub_distri":"Chamorshi","district":"Gadchiroli","dtcode":475,"district_h":"GADCHIROLI","state":"MH","stcode":27,"country":"India","total_urba":"Rural","total_hous":493,"total_popu":2018,"avg_househ":4.09330629,"total_geog":898,"total_male":1017,"total_fema":1001,"tapwater_t":null,"tapwater_u":null,"covered_we":null,"covered__1":"Available","covered__2":"Available","uncovered_":"Available","uncovere_1":"Available","uncovere_2":"Available","handpump_s":null,"hand_pump_":"Available","hand_pum_1":"Available","tubewell_b":null,"tube_wells":"Not Available","tube_wel_1":"Not Available","spring_sta":"Not Available","spring_fun":"Not Available","spring_f_1":"Not Available","river_cana":"Available","tank_pond_":"Available","others_sta":"Not Available","closed_dra":"Not Available","open_drain":null,"village_pi":"Available","forest_are":320,"area_under":114,"barren_unc":44,"permanent_":0,"land_under":0,"culturable":6,"fallows_la":5,"current_fa":85,"net_area_s":323,"total_unir":294,"area_irrig":29,"canals_are":290,"wells_tube":0,"tanks_lake":0,"waterfall_":0,"other_sour":4,"nearest_to":"GADCHIROLI","nearest__1":29,"shape_leng":17995.17003,"shape_le_1":17995.17003,"shape_area":9581709.134,"ds_name":"Administrative Boundary","src_agency":"Survey of India (SOI)","state_name":"Maharashtra\n","village_area_km2":10,"village_id":3037,"flood_area_km2":0.702606292,"flood_exposure_pct":7.026062919,"flood_risk":"Low","hospital_dist_km":6.4579420061908674,"name":"Balprabha Hospital","amenity":"hospital","population_density":201.8,"water_availability":0.0,"drainage_availability":0.0,"healthcare_gap_score":38.015438015839464,"river_distance_km":false,"flood_score":18.854013549101335,"population_score":10.785676109032604,"water_gap_score":100.0,"drainage_gap_score":50.0,"service_gap_score":62.671812671946491,"river_vulnerability_score":50.0,"ml_cluster":4,"ml_risk_group":"Low","vulnerability_score":32.87,"vulnerability_class":"Moderate","flood_score_contribution":7.54,"population_score_contribution":2.16,"service_gap_score_contribution":15.67,"river_vulnerability_score_contribution":7.5,"underserved_score":38.34,"welfare_priority_score":32.33,"welfare_priority":"Moderate","priority_rank":66,"priority_services":"Drinking Water, Drainage, Evacuation Preparedness","priority_reason":"Priority is influenced by water-service gap, drainage-service gap."},"geometry":null},
{"type":"Feature","properties":{"fid":108,"dn":true,"fid_2":true,"dn_2":true,"fid_3":4637,"id":41889,"objectid_1":41889,"objectid":108424,"village":"Lakhandur","vlcode":276324,"block":null,"bkcode":0.0,"subdistric":"Lakhandur","sdcode":4043,"sub_distri":null,"district":"Bhandara","dtcode":471,"district_h":null,"state":"MH","stcode":27,"country":"India","total_urba":"Rural","total_hous":2343,"total_popu":9231,"avg_househ":3.93982074,"total_geog":0,"total_male":0,"total_fema":0,"tapwater_t":null,"tapwater_u":null,"covered_we":null,"covered__1":"Not Available","covered__2":"Not Available","uncovered_":"Not Available","uncovere_1":"Not Available","uncovere_2":"Not Available","handpump_s":null,"hand_pump_":"Not Available","hand_pum_1":"Not Available","tubewell_b":null,"tube_wells":"Not Available","tube_wel_1":"Not Available","spring_sta":"Not Available","spring_fun":"Not Available","spring_f_1":"Not Available","river_cana":"Not Available","tank_pond_":"Not Available","others_sta":"Not Available","closed_dra":"Not Available","open_drain":null,"village_pi":"Not Available","forest_are":0,"area_under":0,"barren_unc":0,"permanent_":0,"land_under":0,"culturable":0,"fallows_la":0,"current_fa":0,"net_area_s":0,"total_unir":0,"area_irrig":0,"canals_are":0,"wells_tube":0,"tanks_lake":0,"waterfall_":0,"other_sour":0,"nearest_to":null,"nearest__1":0,"shape_leng":12734.27492,"shape_le_1":12734.27492,"shape_area":8490497.982000001,"ds_name":"Administrative Boundary","src_agency":"Survey of India (SOI)","state_name":"Maharashtra\n","village_area_km2":9,"village_id":4637,"flood_area_km2":0.147270478,"flood_exposure_pct":1.636338646,"flood_risk":"Low","hospital_dist_km":1.5361794678997027,"name":"Rural Hospital, Lakhandur","amenity":"hospital","population_density":1025.6666666666667,"water_availability":0.0,"drainage_availability":0.0,"healthcare_gap_score":8.9325922841539622,"river_distance_km":false,"flood_score":4.3901982330881291,"population_score":54.819169784429015,"water_gap_score":100.0,"drainage_gap_score":50.0,"service_gap_score":52.977530761384656,"river_vulnerability_score":50.0,"ml_cluster":2,"ml_risk_group":"Moderate","vulnerability_score":33.46,"vulnerability_class":"Moderate","flood_score_contribution":1.76,"population_score_contribution":10.96,"service_gap_score_contribution":13.24,"river_vulnerability_score_contribution":7.5,"underserved_score":43.81,"welfare_priority_score":32.99,"welfare_priority":"Moderate","priority_rank":60,"priority_services":"Drinking Water, Drainage, Evacuation Preparedness","priority_reason":"Priority is influenced by high population exposure, water-service gap, drainage-service gap."},"geometry":null},
{"type":"Feature","properties":{"fid":109,"dn":true,"fid_2":true,"dn_2":true,"fid_3":4068,"id":40893,"objectid_1":40893,"objectid":107428,"village":"Dongargaon Maske","vlcode":540881,"block":"Sawali","bkcode":119.0,"subdistric":"Sawali","sdcode":4068,"sub_distri":"Sawali","district":"Chandrapur","dtcode":473,"district_h":"CHANDRAPUR","state":"MH","stcode":27,"country":"India","total_urba":"Rural","total_hous":241,"total_popu":952,"avg_househ":3.95020747,"total_geog":460,"total_male":498,"total_fema":454,"tapwater_t":null,"tapwater_u":null,"covered_we":null,"covered__1":"Not Available","covered__2":"Not Available","uncovered_":"Available","uncovere_1":"Available","uncovere_2":"Available","handpump_s":null,"hand_pump_":"Available","hand_pum_1":"Available","tubewell_b":null,"tube_wells":"Not Available","tube_wel_1":"Not Available","spring_sta":"Not Available","spring_fun":"Not Available","spring_f_1":"Not Available","river_cana":"Available","tank_pond_":"Available","others_sta":"Not Available","closed_dra":"Not Available","open_drain":null,"village_pi":"Available","forest_are":33,"area_under":1,"barren_unc":56,"permanent_":8,"land_under":0,"culturable":0,"fallows_la":78,"current_fa":4,"net_area_s":280,"total_unir":176,"area_irrig":104,"canals_are":0,"wells_tube":1,"tanks_lake":175,"waterfall_":0,"other_sour":0,"nearest_to":"MUL","nearest__1":31,"shape_leng":9663.69255,"shape_le_1":9663.69255,"shape_area":4661923.933,"ds_name":"Administrative Boundary","src_agency":"Survey of India (SOI)","state_name":"Maharashtra\n","village_area_km2":5,"village_id":4068,"flood_area_km2":0.010929233,"flood_exposure_pct":0.218584657,"flood_risk":"Low","hospital_dist_km":5.6306649528518919,"name":"Dr. Kilnake Hospital","amenity":"hospital","population_density":190.4,"water_availability":175.0,"drainage_availability":0.0,"healthcare_gap_score":33.127032544742875,"river_distance_km":false,"flood_score":0.58552644993900749,"population_score":10.176376269374666,"water_gap_score":60.227272727272727,"drainage_gap_score":50.0,"service_gap_score":47.7847684240052,"river_vulnerability_score":50.0,"ml_cluster":3,"ml_risk_group":"High","vulnerability_score":21.72,"vulnerability_class":"Low","flood_score_contribution":0.23,"population_score_contribution":2.04,"service_gap_score_contribution":11.95,"river_vulnerability_score_contribution":7.5,"underserved_score":27.06,"welfare_priority_score":19.31,"welfare_priority":"Low","priority_rank":197,"priority_services":"Drinking Water, Drainage, Evacuation Preparedness","priority_reason":"Priority is influenced by water-service gap, drainage-service gap."},"geometry":null},
{"type":"Feature","properties":{"fid":110,"dn":true,"fid_2":true,"dn_2":true,"fid_3":2995,"id":39793,"objectid_1":39793,"objectid":106328,"village":"Khandala","vlcode":539224,"block":"Chamorshi","bkcode":109.0,"subdistric":"Chamorshi","sdcode":4058,"sub_distri":"Chamorshi","district":"Gadchiroli","dtcode":475,"district_h":"GADCHIROLI","state":"MH","stcode":27,"country":"India","total_urba":"Rural","total_hous":154,"total_popu":604,"avg_househ":3.92207792,"total_geog":358,"total_male":305,"total_fema":299,"tapwater_t":null,"tapwater_u":null,"covered_we":null,"covered__1":"Not Available","covered__2":"Not Available","uncovered_":"Available","uncovere_1":"Available","uncovere_2":"Available","handpump_s":null,"hand_pump_":"Available","hand_pum_1":"Available","tubewell_b":null,"tube_wells":"Not Available","tube_wel_1":"Not Available","spring_sta":"Not Available","spring_fun":"Not Available","spring_f_1":"Not Available","river_cana":"Available","tank_pond_":"Not Available","others_sta":"Not Available","closed_dra":"Not Available","open_drain":null,"village_pi":"Available","forest_are":0,"area_under":4,"barren_unc":16,"permanent_":8,"land_under":0,"culturable":0,"fallows_la":0,"current_fa":24,"net_area_s":306,"total_unir":213,"area_irrig":93,"canals_are":213,"wells_tube":0,"tanks_lake":0,"waterfall_":0,"other_sour":0,"nearest_to":"MUL","nearest__1":10,"shape_leng":6978.825618,"shape_le_1":6978.825618,"shape_area":2471658.008,"ds_name":"Administrative Boundary","src_agency":"Survey of India (SOI)","state_name":"Maharashtra\n","village_area_km2":3,"village_id":2995,"flood_area_km2":0.101575454,"flood_exposure_pct":3.385848471,"flood_risk":"Low","hospital_dist_km":10.354414701587469,"name":"Rural Hospital, Saoli","amenity":"hospital","population_density":201.33333333333334,"water_availability":0.0,"drainage_availability":0.0,"healthcare_gap_score":61.039814632206877,"river_distance_km":false,"flood_score":9.0851669774290471,"population_score":10.760734010333156,"water_gap_score":100.0,"drainage_gap_score":50.0,"service_gap_score":70.346604877402299,"river_vulnerability_score":50.0,"ml_cluster":1,"ml_risk_group":"Very Low","vulnerability_score":30.87,"vulnerability_class":"Moderate","flood_score_contribution":3.63,"population_score_contribution":2.15,"service_gap_score_contribution":17.59,"river_vulnerability_score_contribution":7.5,"underserved_score":40.22,"welfare_priority_score":30.91,"welfare_priority":"Moderate","priority_rank":85,"priority_services":"Healthcare, Drinking Water, Drainage, Evacuation Preparedness","priority_reason":"Priority is influenced by limited healthcare accessibility, water-service gap, drainage-service gap."},"geometry":null},
{"type":"Feature","properties":{"fid":111,"dn":true,"fid_2":true,"dn_2":true,"fid_3":4088,"id":40920,"objectid_1":40920,"objectid":107455,"village":"Bordha","vlcode":540858,"block":"Brahmapuri","bkcode":118.0,"subdistric":"Brahmapuri","sdcode":4067,"sub_distri":"Brahmapuri","district":"Chandrapur","dtcode":473,"district_h":"CHANDRAPUR","state":"MH","stcode":27,"country":"India","total_urba":"Rural","total_hous":206,"total_popu":718,"avg_househ":3.48543689,"total_geog":445,"total_male":341,"total_fema":377,"tapwater_t":null,"tapwater_u":null,"covered_we":null,"covered__1":"Not Available","covered__2":"Not Available","uncovered_":"Available","uncovere_1":"Available","uncovere_2":"Available","handpump_s":null,"hand_pump_":"Available","hand_pum_1":"Available","tubewell_b":null,"tube_wells":"Available","tube_wel_1":"Not Available","spring_sta":"Not Available","spring_fun":"Not Available","spring_f_1":"Not Available","river_cana":"Available","tank_pond_":"Available","others_sta":"Not Available","closed_dra":"Not Available","open_drain":null,"village_pi":"Available","forest_are":206,"area_under":17,"barren_unc":44,"permanent_":3,"land_under":0,"culturable":2,"fallows_la":1,"current_fa":3,"net_area_s":169,"total_unir":43,"area_irrig":126,"canals_are":0,"wells_tube":0,"tanks_lake":43,"waterfall_":0,"other_sour":0,"nearest_to":"BRAHMAPURI","nearest__1":40,"shape_leng":12187.80512,"shape_le_1":12187.80512,"shape_area":5351251.142,"ds_name":"Administrative Boundary","src_agency":"Survey of India (SOI)","state_name":"Maharashtra\n","village_area_km2":6,"village_id":4088,"flood_area_km2":0.261527042,"flood_exposure_pct":4.358784041,"flood_risk":"Low","hospital_dist_km":14.323879416523964,"name":"Janatal Hospital","amenity":"hospital","population_density":119.66666666666667,"water_availability":43.0,"drainage_availability":0.0,"healthcare_gap_score":84.495503329847494,"river_distance_km":false,"flood_score":11.69612807415082,"population_score":6.395866737929806,"water_gap_score":90.22727272727272,"drainage_gap_score":50.0,"service_gap_score":74.907592019040067,"river_vulnerability_score":50.0,"ml_cluster":1,"ml_risk_group":"Very Low","vulnerability_score":32.18,"vulnerability_class":"Moderate","flood_score_contribution":4.68,"population_score_contribution":1.28,"service_gap_score_contribution":18.73,"river_vulnerability_score_contribution":7.5,"underserved_score":41.71,"welfare_priority_score":32.6,"welfare_priority":"Moderate","priority_rank":62,"priority_services":"Healthcare, Drinking Water, Drainage, Evacuation Preparedness","priority_reason":"Priority is influenced by limited healthcare accessibility, water-service gap, drainage-service gap."},"geometry":null},
{"type":"Feature","properties":{"fid":112,"dn":true,"fid_2":true,"dn_2":true,"fid_3":4122,"id":40952,"objectid_1":40952,"objectid":107487,"village":"Churchara Mal","vlcode":539106,"block":"Gadchiroli","bkcode":108.0,"subdistric":"Gadchiroli","sdcode":4057,"sub_distri":"Gadchiroli","district":"Gadchiroli","dtcode":475,"district_h":"GADCHIROLI","state":"MH","stcode":27,"country":"India","total_urba":"Rural","total_hous":222,"total_popu":813,"avg_househ":3.66216216,"total_geog":331,"total_male":402,"total_fema":411,"tapwater_t":null,"tapwater_u":null,"covered_we":null,"covered__1":"Not Available","covered__2":"Not Available","uncovered_":"Available","uncovere_1":"Available","uncovere_2":"Available","handpump_s":null,"hand_pump_":"Available","hand_pum_1":"Available","tubewell_b":null,"tube_wells":"Not Available","tube_wel_1":"Not Available","spring_sta":"Not Available","spring_fun":"Not Available","spring_f_1":"Not Available","river_cana":"Available","tank_pond_":"Available","others_sta":"Not Available","closed_dra":"Not Available","open_drain":null,"village_pi":"Available","forest_are":148,"area_under":4,"barren_unc":26,"permanent_":21,"land_under":0,"culturable":2,"fallows_la":7,"current_fa":1,"net_area_s":121,"total_unir":121,"area_irrig":0,"canals_are":0,"wells_tube":121,"tanks_lake":0,"waterfall_":0,"other_sour":0,"nearest_to":"GADCHIROLI","nearest__1":13,"shape_leng":8567.750208,"shape_le_1":8567.750208,"shape_area":3778845.577,"ds_name":"Administrative Boundary","src_agency":"Survey of India (SOI)","state_name":"Maharashtra\n","village_area_km2":4,"village_id":4122,"flood_area_km2":0.003827374,"flood_exposure_pct":0.095684342,"flood_risk":"Low","hospital_dist_km":3.482253982183166,"name":"Janatal Hospital","amenity":"hospital","population_density":203.25,"water_availability":0.0,"drainage_availability":0.0,"healthcare_gap_score":20.432006252411227,"river_distance_km":false,"flood_score":0.25571227607767855,"population_score":10.863174772848744,"water_gap_score":100.0,"drainage_gap_score":50.0,"service_gap_score":56.810668750803735,"river_vulnerability_score":50.0,"ml_cluster":4,"ml_risk_group":"Low","vulnerability_score":23.98,"vulnerability_class":"Low","flood_score_contribution":0.1,"population_score_contribution":2.17,"service_gap_score_contribution":14.2,"river_vulnerability_score_contribution":7.5,"underserved_score":31.72,"welfare_priority_score":22.49,"welfare_priority":"Low","priority_rank":174,"priority_services":"Drinking Water, Drainage, Evacuation Preparedness","priority_reason":"Priority is influenced by water-service gap, drainage-service gap."},"geometry":null},
{"type":"Feature","properties":{"fid":113,"dn":true,"fid_2":true,"dn_2":true,"fid_3":4351,"id":41203,"objectid_1":41203,"objectid":107738,"village":"Ravi","vlcode":538504,"block":"Armori","bkcode":104.0,"subdistric":"Armori","sdcode":4053,"sub_distri":"Armori","district":"Gadchiroli","dtcode":475,"district_h":"GADCHIROLI","state":"MH","stcode":27,"country":"India","total_urba":"Rural","total_hous":151,"total_popu":625,"avg_househ":4.13907285,"total_geog":165,"total_male":328,"total_fema":297,"tapwater_t":null,"tapwater_u":null,"covered_we":null,"covered__1":"Not Available","covered__2":"Not Available","uncovered_":"Available","uncovere_1":"Available","uncovere_2":"Available","handpump_s":null,"hand_pump_":"Available","hand_pum_1":"Available","tubewell_b":null,"tube_wells":"Available","tube_wel_1":"Available","spring_sta":"Not Available","spring_fun":"Not Available","spring_f_1":"Not Available","river_cana":"Available","tank_pond_":"Available","others_sta":"Not Available","closed_dra":"Not Available","open_drain":null,"village_pi":"Available","forest_are":37,"area_under":46,"barren_unc":0,"permanent_":13,"land_under":0,"culturable":6,"fallows_la":2,"current_fa":4,"net_area_s":57,"total_unir":78,"area_irrig":-21,"canals_are":71,"wells_tube":0,"tanks_lake":0,"waterfall_":0,"other_sour":7,"nearest_to":"DESAIGANJ","nearest__1":20,"shape_leng":6353.116831,"shape_le_1":6353.116831,"shape_area":2425189.384,"ds_name":"Administrative Boundary","src_agency":"Survey of India (SOI)","state_name":"Maharashtra\n","village_area_km2":3,"village_id":4351,"flood_area_km2":0.060145544,"flood_exposure_pct":2.004851454,"flood_risk":"Low","hospital_dist_km":6.801305783906507,"name":"SDH Armori","amenity":"hospital","population_density":208.33333333333334,"water_availability":0.0,"drainage_availability":0.0,"healthcare_gap_score":40.044385105314419,"river_distance_km":false,"flood_score":5.3791358719203703,"population_score":11.134865490824872,"water_gap_score":100.0,"drainage_gap_score":50.0,"service_gap_score":63.348128368438132,"river_vulnerability_score":50.0,"ml_cluster":4,"ml_risk_group":"Low","vulnerability_score":27.72,"vulnerability_class":"Moderate","flood_score_contribution":2.15,"population_score_contribution":2.23,"service_gap_score_contribution":15.84,"river_vulnerability_score_contribution":7.5,"underserved_score":36.09,"welfare_priority_score":26.99,"welfare_priority":"Moderate","priority_rank":134,"priority_services":"Drinking Water, Drainage, Evacuation Preparedness","priority_reason":"Priority is influenced by water-service gap, drainage-service gap."},"geometry":null},
{"type":"Feature","properties":{"fid":114,"dn":true,"fid_2":true,"dn_2":true,"fid_3":4555,"id":41809,"objectid_1":41809,"objectid":108344,"village":"Pimpalgaon","vlcode":540737,"block":"Brahmapuri","bkcode":118.0,"subdistric":"Brahmapuri","sdcode":4067,"sub_distri":"Brahmapuri","district":"Chandrapur","dtcode":473,"district_h":"CHANDRAPUR","state":"MH","stcode":27,"country":"India","total_urba":"Rural","total_hous":1141,"total_popu":4711,"avg_househ":4.12883436,"total_geog":782,"total_male":2350,"total_fema":2361,"tapwater_t":null,"tapwater_u":null,"covered_we":null,"covered__1":"Available","covered__2":"Available","uncovered_":"Available","uncovere_1":"Available","uncovere_2":"Available","handpump_s":null,"hand_pump_":"Available","hand_pum_1":"Available","tubewell_b":null,"tube_wells":"Not Available","tube_wel_1":"Not Available","spring_sta":"Not Available","spring_fun":"Not Available","spring_f_1":"Not Available","river_cana":"Available","tank_pond_":"Not Available","others_sta":"Not Available","closed_dra":"Not Available","open_drain":null,"village_pi":"Available","forest_are":0,"area_under":147,"barren_unc":0,"permanent_":9,"land_under":0,"culturable":0,"fallows_la":0,"current_fa":5,"net_area_s":621,"total_unir":107,"area_irrig":513,"canals_are":0,"wells_tube":107,"tanks_lake":0,"waterfall_":0,"other_sour":0,"nearest_to":"BRAHMAPURI","nearest__1":11,"shape_leng":15452.12515,"shape_le_1":15452.12515,"shape_area":9050903.512,"ds_name":"Administrative Boundary","src_agency":"Survey of India (SOI)","state_name":"Maharashtra\n","village_area_km2":9,"village_id":4555,"flood_area_km2":1.966553414,"flood_exposure_pct":21.85059349,"flood_risk":"Moderate","hospital_dist_km":4.3872091921898324,"name":"Government Hospital, Soni","amenity":"hospital","population_density":523.44444444444446,"water_availability":0.0,"drainage_availability":0.0,"healthcare_gap_score":25.779414332738238,"river_distance_km":false,"flood_score":58.636989720939312,"population_score":27.976720707880514,"water_gap_score":100.0,"drainage_gap_score":50.0,"service_gap_score":58.593138110912747,"river_vulnerability_score":50.0,"ml_cluster":0,"ml_risk_group":"Very High","vulnerability_score":51.2,"vulnerability_class":"High","flood_score_contribution":23.45,"population_score_contribution":5.6,"service_gap_score_contribution":14.65,"river_vulnerability_score_contribution":7.5,"underserved_score":49.42,"welfare_priority_score":51.57,"welfare_priority":"High","priority_rank":9,"priority_services":"Drinking Water, Drainage, Evacuation Preparedness, Emergency Flood Response","priority_reason":"Priority is influenced by high flood exposure, water-service gap, drainage-service gap."},"geometry":null},
{"type":"Feature","properties":{"fid":115,"dn":true,"fid_2":true,"dn_2":true,"fid_3":3028,"id":39824,"objectid_1":39824,"objectid":106359,"village":"Umri","vlcode":540968,"block":"Sawali","bkcode":119.0,"subdistric":"Sawali","sdcode":4068,"sub_distri":"Sawali","district":"Chandrapur","dtcode":473,"district_h":"CHANDRAPUR","state":"MH","stcode":27,"country":"India","total_urba":"Rural","total_hous":47,"total_popu":203,"avg_househ":4.31914894,"total_geog":626,"total_male":101,"total_fema":102,"tapwater_t":null,"tapwater_u":null,"covered_we":null,"covered__1":"Not Available","covered__2":"Not Available","uncovered_":"Available","uncovere_1":"Available","uncovere_2":"Available","handpump_s":null,"hand_pump_":"Available","hand_pum_1":"Available","tubewell_b":null,"tube_wells":"Not Available","tube_wel_1":"Not Available","spring_sta":"Not Available","spring_fun":"Not Available","spring_f_1":"Not Available","river_cana":"Not Available","tank_pond_":"Available","others_sta":"Not Available","closed_dra":"Not Available","open_drain":null,"village_pi":"Available","forest_are":313,"area_under":0,"barren_unc":26,"permanent_":12,"land_under":0,"culturable":45,"fallows_la":4,"current_fa":2,"net_area_s":224,"total_unir":78,"area_irrig":146,"canals_are":0,"wells_tube":0,"tanks_lake":78,"waterfall_":0,"other_sour":0,"nearest_to":"MUL","nearest__1":31,"shape_leng":9628.856547,"shape_le_1":9628.856547,"shape_area":6200700.707,"ds_name":"Administrative Boundary","src_agency":"Survey of India (SOI)","state_name":"Maharashtra\n","village_area_km2":6,"village_id":3028,"flood_area_km2":0.024304675,"flood_exposure_pct":0.405077922,"flood_risk":"Low","hospital_dist_km":9.2215362527244995,"name":"Balprabha Hospital","amenity":"hospital","population_density":33.833333333333336,"water_availability":78.0,"drainage_availability":0.0,"healthcare_gap_score":54.345601145736602,"river_distance_km":false,"flood_score":1.0859980893052446,"population_score":1.808302155709959,"water_gap_score":82.27272727272728,"drainage_gap_score":50.0,"service_gap_score":62.206109472821289,"river_vulnerability_score":50.0,"ml_cluster":1,"ml_risk_group":"Very Low","vulnerability_score":23.85,"vulnerability_class":"Low","flood_score_contribution":0.43,"population_score_contribution":0.36,"service_gap_score_contribution":15.55,"river_vulnerability_score_contribution":7.5,"underserved_score":31.86,"welfare_priority_score":22.64,"welfare_priority":"Low","priority_rank":173,"priority_services":"Healthcare, Drinking Water, Drainage, Evacuation Preparedness","priority_reason":"Priority is influenced by limited healthcare accessibility, water-service gap, drainage-service gap."},"geometry":null},
{"type":"Feature","properties":{"fid":116,"dn":true,"fid_2":true,"dn_2":true,"fid_3":2748,"id":39547,"objectid_1":39547,"objectid":106082,"village":"Chak Thana","vlcode":541467,"block":"Pombhurna","bkcode":124.0,"subdistric":"Pombhurna","sdcode":4073,"sub_distri":"Pombhurna","district":"Chandrapur","dtcode":473,"district_h":"CHANDRAPUR","state":"MH","stcode":27,"country":"India","total_urba":"Rural","total_hous":146,"total_popu":536,"avg_househ":3.67123288,"total_geog":533,"total_male":273,"total_fema":263,"tapwater_t":null,"tapwater_u":null,"covered_we":null,"covered__1":"Not Available","covered__2":"Not Available","uncovered_":"Available","uncovere_1":"Available","uncovere_2":"Available","handpump_s":null,"hand_pump_":"Available","hand_pum_1":"Available","tubewell_b":null,"tube_wells":"Available","tube_wel_1":"Available","spring_sta":"Not Available","spring_fun":"Not Available","spring_f_1":"Not Available","river_cana":"Not Available","tank_pond_":"Not Available","others_sta":"Not Available","closed_dra":"Not Available","open_drain":null,"village_pi":"Available","forest_are":36,"area_under":0,"barren_unc":74,"permanent_":0,"land_under":0,"culturable":0,"fallows_la":0,"current_fa":10,"net_area_s":412,"total_unir":42,"area_irrig":370,"canals_are":0,"wells_tube":27,"tanks_lake":0,"waterfall_":0,"other_sour":15,"nearest_to":"MUL","nearest__1":31,"shape_leng":8681.461112000001,"shape_le_1":8681.461112000001,"shape_area":3129961.853,"ds_name":"Administrative Boundary","src_agency":"Survey of India (SOI)","state_name":"Maharashtra\n","village_area_km2":3,"village_id":2748,"flood_area_km2":0.02095179,"flood_exposure_pct":0.698393006,"flood_risk":"Low","hospital_dist_km":16.88322933607401,"name":"Rural Hospital Gondpipari","amenity":"hospital","population_density":178.66666666666666,"water_availability":0.0,"drainage_availability":0.0,"healthcare_gap_score":99.618780469812648,"river_distance_km":false,"flood_score":1.8731357960761856,"population_score":9.5492606449314099,"water_gap_score":100.0,"drainage_gap_score":50.0,"service_gap_score":83.206260156604216,"river_vulnerability_score":50.0,"ml_cluster":1,"ml_risk_group":"Very Low","vulnerability_score":30.96,"vulnerability_class":"Moderate","flood_score_contribution":0.75,"population_score_contribution":1.91,"service_gap_score_contribution":20.8,"river_vulnerability_score_contribution":7.5,"underserved_score":44.84,"welfare_priority_score":32.1,"welfare_priority":"Moderate","priority_rank":70,"priority_services":"Healthcare, Drinking Water, Drainage, Evacuation Preparedness","priority_reason":"Priority is influenced by limited healthcare accessibility, water-service gap, drainage-service gap."},"geometry":null},
{"type":"Feature","properties":{"fid":117,"dn":true,"fid_2":true,"dn_2":true,"fid_3":4577,"id":41829,"objectid_1":41829,"objectid":108364,"village":"Hardoli","vlcode":540740,"block":"Brahmapuri","bkcode":118.0,"subdistric":"Brahmapuri","sdcode":4067,"sub_distri":"Brahmapuri","district":"Chandrapur","dtcode":473,"district_h":"CHANDRAPUR","state":"MH","stcode":27,"country":"India","total_urba":"Rural","total_hous":220,"total_popu":962,"avg_househ":4.37272727,"total_geog":273,"total_male":502,"total_fema":460,"tapwater_t":null,"tapwater_u":null,"covered_we":null,"covered__1":"Available","covered__2":"Available","uncovered_":"Available","uncovere_1":"Available","uncovere_2":"Available","handpump_s":null,"hand_pump_":"Available","hand_pum_1":"Available","tubewell_b":null,"tube_wells":"Available","tube_wel_1":"Available","spring_sta":"Not Available","spring_fun":"Not Available","spring_f_1":"Not Available","river_cana":"Available","tank_pond_":"Not Available","others_sta":"Not Available","closed_dra":"Not Available","open_drain":null,"village_pi":"Available","forest_are":0,"area_under":13,"barren_unc":57,"permanent_":2,"land_under":0,"culturable":2,"fallows_la":5,"current_fa":2,"net_area_s":192,"total_unir":34,"area_irrig":158,"canals_are":0,"wells_tube":34,"tanks_lake":0,"waterfall_":0,"other_sour":0,"nearest_to":"BRAHMAPURI","nearest__1":10,"shape_leng":6438.585509,"shape_le_1":6438.585509,"shape_area":2365471.771,"ds_name":"Administrative Boundary","src_agency":"Survey of India (SOI)","state_name":"Maharashtra\n","village_area_km2":2,"village_id":4577,"flood_area_km2":0.378876501,"flood_exposure_pct":18.94382504,"flood_risk":"Moderate","hospital_dist_km":2.1799393906592868,"name":"Vikttubaba physiotherapy clinic, wadsa","amenity":"hospital","population_density":481.0,"water_availability":0.0,"drainage_availability":0.0,"healthcare_gap_score":12.736589404331799,"river_distance_km":false,"flood_score":50.836412196439674,"population_score":25.708177445216464,"water_gap_score":100.0,"drainage_gap_score":50.0,"service_gap_score":54.245529801443929,"river_vulnerability_score":50.0,"ml_cluster":0,"ml_risk_group":"Very High","vulnerability_score":46.54,"vulnerability_class":"Moderate","flood_score_contribution":20.33,"population_score_contribution":5.14,"service_gap_score_contribution":13.56,"river_vulnerability_score_contribution":7.5,"underserved_score":45.0,"welfare_priority_score":46.25,"welfare_priority":"Moderate","priority_rank":13,"priority_services":"Drinking Water, Drainage, Evacuation Preparedness, Emergency Flood Response","priority_reason":"Priority is influenced by high flood exposure, water-service gap, drainage-service gap."},"geometry":null},
{"type":"Feature","properties":{"fid":118,"dn":true,"fid_2":true,"dn_2":true,"fid_3":3060,"id":39857,"objectid_1":39857,"objectid":106392,"village":"Navegaon Raiyyatwari","vlcode":539251,"block":"Chamorshi","bkcode":109.0,"subdistric":"Chamorshi","sdcode":4058,"sub_distri":"Chamorshi","district":"Gadchiroli","dtcode":475,"district_h":"GADCHIROLI","state":"MH","stcode":27,"country":"India","total_urba":"Rural","total_hous":566,"total_popu":2281,"avg_househ":4.03003534,"total_geog":256,"total_male":1151,"total_fema":1130,"tapwater_t":null,"tapwater_u":null,"covered_we":null,"covered__1":"Available","covered__2":"Available","uncovered_":"Available","uncovere_1":"Available","uncovere_2":"Available","handpump_s":null,"hand_pump_":"Available","hand_pum_1":"Available","tubewell_b":null,"tube_wells":"Not Available","tube_wel_1":"Not Available","spring_sta":"Not Available","spring_fun":"Not Available","spring_f_1":"Not Available","river_cana":"Not Available","tank_pond_":"Not Available","others_sta":"Not Available","closed_dra":"Not Available","open_drain":null,"village_pi":"Available","forest_are":17,"area_under":65,"barren_unc":0,"permanent_":2,"land_under":0,"culturable":2,"fallows_la":5,"current_fa":0,"net_area_s":165,"total_unir":128,"area_irrig":37,"canals_are":128,"wells_tube":0,"tanks_lake":0,"waterfall_":0,"other_sour":0,"nearest_to":"GADCHIROLI","nearest__1":20,"shape_leng":14079.75021,"shape_le_1":14079.75021,"shape_area":8197902.518,"ds_name":"Administrative Boundary","src_agency":"Survey of India (SOI)","state_name":"Maharashtra\n","village_area_km2":8,"village_id":3060,"flood_area_km2":0.425297614,"flood_exposure_pct":5.316220169,"flood_risk":"Low","hospital_dist_km":14.928524742147539,"name":"Balprabha Hospital","amenity":"hospital","population_density":285.125,"water_availability":0.0,"drainage_availability":0.0,"healthcare_gap_score":88.068371096361204,"river_distance_km":false,"flood_score":14.265495008493584,"population_score":15.239176910742918,"water_gap_score":100.0,"drainage_gap_score":50.0,"service_gap_score":79.356123698787073,"river_vulnerability_score":50.0,"ml_cluster":1,"ml_risk_group":"Very Low","vulnerability_score":36.09,"vulnerability_class":"Moderate","flood_score_contribution":5.71,"population_score_contribution":3.05,"service_gap_score_contribution":19.84,"river_vulnerability_score_contribution":7.5,"underserved_score":47.1,"welfare_priority_score":37.27,"welfare_priority":"Moderate","priority_rank":34,"priority_services":"Healthcare, Drinking Water, Drainage, Evacuation Preparedness","priority_reason":"Priority is influenced by limited healthcare accessibility, water-service gap, drainage-service gap."},"geometry":null},
{"type":"Feature","properties":{"fid":119,"dn":true,"fid_2":true,"dn_2":true,"fid_3":3086,"id":39883,"objectid_1":39883,"objectid":106418,"village":"Nimgaon Riyyatwari","vlcode":539264,"block":"Chamorshi","bkcode":109.0,"subdistric":"Chamorshi","sdcode":4058,"sub_distri":"Chamorshi","district":"Gadchiroli","dtcode":475,"district_h":"GADCHIROLI","state":"MH","stcode":27,"country":"India","total_urba":"Rural","total_hous":38,"total_popu":134,"avg_househ":3.52631579,"total_geog":283,"total_male":65,"total_fema":69,"tapwater_t":null,"tapwater_u":null,"covered_we":null,"covered__1":"Not Available","covered__2":"Not Available","uncovered_":"Available","uncovere_1":"Available","uncovere_2":"Available","handpump_s":null,"hand_pump_":"Available","hand_pum_1":"Available","tubewell_b":null,"tube_wells":"Not Available","tube_wel_1":"Not Available","spring_sta":"Not Available","spring_fun":"Not Available","spring_f_1":"Not Available","river_cana":"Available","tank_pond_":"Available","others_sta":"Not Available","closed_dra":"Not Available","open_drain":null,"village_pi":"Available","forest_are":28,"area_under":24,"barren_unc":1,"permanent_":4,"land_under":0,"culturable":10,"fallows_la":2,"current_fa":11,"net_area_s":204,"total_unir":194,"area_irrig":10,"canals_are":191,"wells_tube":0,"tanks_lake":0,"waterfall_":0,"other_sour":3,"nearest_to":"GADCHIROLI","nearest__1":30,"shape_leng":5894.717597,"shape_le_1":5894.717597,"shape_area":2502423.429,"ds_name":"Administrative Boundary","src_agency":"Survey of India (SOI)","state_name":"Maharashtra\n","village_area_km2":3,"village_id":3086,"flood_area_km2":0.116166611,"flood_exposure_pct":3.872220357,"flood_risk":"Low","hospital_dist_km":8.1414136164103539,"name":"Balprabha Hospital","amenity":"hospital","population_density":44.666666666666664,"water_availability":0.0,"drainage_availability":0.0,"healthcare_gap_score":47.963123373021389,"river_distance_km":false,"flood_score":10.390390172100815,"population_score":2.3873151612328525,"water_gap_score":100.0,"drainage_gap_score":50.0,"service_gap_score":65.987707791007139,"river_vulnerability_score":50.0,"ml_cluster":1,"ml_risk_group":"Very Low","vulnerability_score":28.63,"vulnerability_class":"Moderate","flood_score_contribution":4.16,"population_score_contribution":0.48,"service_gap_score_contribution":16.5,"river_vulnerability_score_contribution":7.5,"underserved_score":35.79,"welfare_priority_score":28.01,"welfare_priority":"Moderate","priority_rank":127,"priority_services":"Drinking Water, Drainage, Evacuation Preparedness","priority_reason":"Priority is influenced by water-service gap, drainage-service gap."},"geometry":null},
{"type":"Feature","properties":{"fid":120,"dn":true,"fid_2":true,"dn_2":true,"fid_3":4061,"id":40885,"objectid_1":40885,"objectid":107420,"village":"Vihirgaon","vlcode":540879,"block":"Sawali","bkcode":119.0,"subdistric":"Sawali","sdcode":4068,"sub_distri":"Sawali","district":"Chandrapur","dtcode":473,"district_h":"CHANDRAPUR","state":"MH","stcode":27,"country":"India","total_urba":"Rural","total_hous":353,"total_popu":1385,"avg_househ":3.92351275,"total_geog":809,"total_male":728,"total_fema":657,"tapwater_t":null,"tapwater_u":null,"covered_we":null,"covered__1":"Not Available","covered__2":"Not Available","uncovered_":"Available","uncovere_1":"Available","uncovere_2":"Available","handpump_s":null,"hand_pump_":"Available","hand_pum_1":"Available","tubewell_b":null,"tube_wells":"Available","tube_wel_1":"Available","spring_sta":"Not Available","spring_fun":"Not Available","spring_f_1":"Not Available","river_cana":"Available","tank_pond_":"Available","others_sta":"Not Available","closed_dra":"Not Available","open_drain":null,"village_pi":"Available","forest_are":104,"area_under":6,"barren_unc":0,"permanent_":16,"land_under":0,"culturable":86,"fallows_la":166,"current_fa":3,"net_area_s":428,"total_unir":162,"area_irrig":266,"canals_are":0,"wells_tube":10,"tanks_lake":107,"waterfall_":0,"other_sour":45,"nearest_to":"MUL","nearest__1":44,"shape_leng":17431.22488,"shape_le_1":17431.22488,"shape_area":8468720.894,"ds_name":"Administrative Boundary","src_agency":"Survey of India (SOI)","state_name":"Maharashtra\n","village_area_km2":9,"village_id":4061,"flood_area_km2":0.008144937,"flood_exposure_pct":0.090499296,"flood_risk":"Low","hospital_dist_km":2.683066629169065,"name":"Rural Hospital Gondpipari","amenity":"hospital","population_density":153.88888888888889,"water_availability":107.0,"drainage_availability":0.0,"healthcare_gap_score":15.709583681717065,"river_distance_km":false,"flood_score":0.2417977335240408,"population_score":8.2249539758893047,"water_gap_score":75.681818181818187,"drainage_gap_score":50.0,"service_gap_score":47.130467287845079,"river_vulnerability_score":50.0,"ml_cluster":4,"ml_risk_group":"Low","vulnerability_score":21.02,"vulnerability_class":"Low","flood_score_contribution":0.1,"population_score_contribution":1.64,"service_gap_score_contribution":11.78,"river_vulnerability_score_contribution":7.5,"underserved_score":26.08,"welfare_priority_score":18.49,"welfare_priority":"Low","priority_rank":198,"priority_services":"Drinking Water, Drainage, Evacuation Preparedness","priority_reason":"Priority is influenced by water-service gap, drainage-service gap."},"geometry":null},
{"type":"Feature","properties":{"fid":121,"dn":true,"fid_2":true,"dn_2":true,"fid_3":4063,"id":40887,"objectid_1":40887,"objectid":107422,"village":"Akapur","vlcode":540865,"block":"Sawali","bkcode":119.0,"subdistric":"Sawali","sdcode":4068,"sub_distri":"Sawali","district":"Chandrapur","dtcode":473,"district_h":"CHANDRAPUR","state":"MH","stcode":27,"country":"India","total_urba":"Rural","total_hous":195,"total_popu":783,"avg_househ":4.01538462,"total_geog":293,"total_male":401,"total_fema":382,"tapwater_t":null,"tapwater_u":null,"covered_we":null,"covered__1":"Not Available","covered__2":"Not Available","uncovered_":"Available","uncovere_1":"Available","uncovere_2":"Available","handpump_s":null,"hand_pump_":"Available","hand_pum_1":"Available","tubewell_b":null,"tube_wells":"Not Available","tube_wel_1":"Not Available","spring_sta":"Not Available","spring_fun":"Not Available","spring_f_1":"Not Available","river_cana":"Available","tank_pond_":"Available","others_sta":"Not Available","closed_dra":"Not Available","open_drain":null,"village_pi":"Available","forest_are":90,"area_under":65,"barren_unc":2,"permanent_":4,"land_under":0,"culturable":9,"fallows_la":0,"current_fa":0,"net_area_s":124,"total_unir":84,"area_irrig":40,"canals_are":63,"wells_tube":3,"tanks_lake":15,"waterfall_":0,"other_sour":4,"nearest_to":"MUL","nearest__1":48,"shape_leng":8676.628305,"shape_le_1":8676.628305,"shape_area":4299841.889,"ds_name":"Administrative Boundary","src_agency":"Survey of India (SOI)","state_name":"Maharashtra\n","village_area_km2":4,"village_id":4063,"flood_area_km2":0.482452181,"flood_exposure_pct":12.06130451,"flood_risk":"Low","hospital_dist_km":2.3219648000578714,"name":"Dr. Varhade Hospital","amenity":"hospital","population_density":195.75,"water_availability":15.0,"drainage_availability":0.0,"healthcare_gap_score":13.575821902727103,"river_distance_km":false,"flood_score":32.366542345531748,"population_score":10.462319615179048,"water_gap_score":96.590909090909093,"drainage_gap_score":50.0,"service_gap_score":53.38891033121206,"river_vulnerability_score":50.0,"ml_cluster":4,"ml_risk_group":"Low","vulnerability_score":35.89,"vulnerability_class":"Moderate","flood_score_contribution":12.95,"population_score_contribution":2.09,"service_gap_score_contribution":13.35,"river_vulnerability_score_contribution":7.5,"underserved_score":36.31,"welfare_priority_score":34.69,"welfare_priority":"Moderate","priority_rank":45,"priority_services":"Drinking Water, Drainage, Evacuation Preparedness","priority_reason":"Priority is influenced by water-service gap, drainage-service gap."},"geometry":null},
{"type":"Feature","properties":{"fid":122,"dn":true,"fid_2":true,"dn_2":true,"fid_3":2908,"id":39707,"objectid_1":39707,"objectid":106242,"village":"Gauripur","vlcode":539285,"block":"Chamorshi","bkcode":109.0,"subdistric":"Chamorshi","sdcode":4058,"sub_distri":"Chamorshi","district":"Gadchiroli","dtcode":475,"district_h":"GADCHIROLI","state":"MH","stcode":27,"country":"India","total_urba":"Rural","total_hous":294,"total_popu":1301,"avg_househ":4.42517007,"total_geog":471,"total_male":641,"total_fema":660,"tapwater_t":null,"tapwater_u":null,"covered_we":null,"covered__1":"Not Available","covered__2":"Not Available","uncovered_":"Available","uncovere_1":"Available","uncovere_2":"Available","handpump_s":null,"hand_pump_":"Available","hand_pum_1":"Available","tubewell_b":null,"tube_wells":"Not Available","tube_wel_1":"Not Available","spring_sta":"Not Available","spring_fun":"Not Available","spring_f_1":"Not Available","river_cana":"Not Available","tank_pond_":"Available","others_sta":"Not Available","closed_dra":"Not Available","open_drain":null,"village_pi":"Available","forest_are":134,"area_under":91,"barren_unc":0,"permanent_":11,"land_under":2,"culturable":3,"fallows_la":17,"current_fa":0,"net_area_s":212,"total_unir":109,"area_irrig":103,"canals_are":108,"wells_tube":0,"tanks_lake":0,"waterfall_":0,"other_sour":1,"nearest_to":"GADCHIROLI","nearest__1":40,"shape_leng":9797.26129,"shape_le_1":9797.26129,"shape_area":5557044.757,"ds_name":"Administrative Boundary","src_agency":"Survey of India (SOI)","state_name":"Maharashtra\n","village_area_km2":6,"village_id":2908,"flood_area_km2":0.04349652,"flood_exposure_pct":0.724942006,"flood_risk":"Low","hospital_dist_km":5.8938535750373884,"name":"General Hospital, Chamorshi","amenity":"hospital","population_density":216.83333333333334,"water_availability":0.0,"drainage_availability":0.0,"healthcare_gap_score":34.682222182155414,"river_distance_km":false,"flood_score":1.9443824523751905,"population_score":11.589168002850526,"water_gap_score":100.0,"drainage_gap_score":50.0,"service_gap_score":61.560740727385138,"river_vulnerability_score":50.0,"ml_cluster":4,"ml_risk_group":"Low","vulnerability_score":25.99,"vulnerability_class":"Moderate","flood_score_contribution":0.78,"population_score_contribution":2.32,"service_gap_score_contribution":15.39,"river_vulnerability_score_contribution":7.5,"underserved_score":34.65,"welfare_priority_score":25.03,"welfare_priority":"Moderate","priority_rank":151,"priority_services":"Drinking Water, Drainage, Evacuation Preparedness","priority_reason":"Priority is influenced by water-service gap, drainage-service gap."},"geometry":null},
{"type":"Feature","properties":{"fid":123,"dn":true,"fid_2":true,"dn_2":true,"fid_3":2751,"id":39550,"objectid_1":39550,"objectid":106085,"village":"Nawegaon More","vlcode":541476,"block":"Pombhurna","bkcode":124.0,"subdistric":"Pombhurna","sdcode":4073,"sub_distri":"Pombhurna","district":"Chandrapur","dtcode":473,"district_h":"CHANDRAPUR","state":"MH","stcode":27,"country":"India","total_urba":"Rural","total_hous":347,"total_popu":1372,"avg_househ":3.95389049,"total_geog":702,"total_male":722,"total_fema":650,"tapwater_t":null,"tapwater_u":null,"covered_we":null,"covered__1":"Not Available","covered__2":"Not Available","uncovered_":"Available","uncovere_1":"Available","uncovere_2":"Available","handpump_s":null,"hand_pump_":"Available","hand_pum_1":"Available","tubewell_b":null,"tube_wells":"Not Available","tube_wel_1":"Not Available","spring_sta":"Not Available","spring_fun":"Not Available","spring_f_1":"Not Available","river_cana":"Not Available","tank_pond_":"Not Available","others_sta":"Not Available","closed_dra":"Not Available","open_drain":null,"village_pi":"Available","forest_are":11,"area_under":6,"barren_unc":31,"permanent_":5,"land_under":0,"culturable":10,"fallows_la":0,"current_fa":14,"net_area_s":626,"total_unir":213,"area_irrig":413,"canals_are":0,"wells_tube":37,"tanks_lake":0,"waterfall_":0,"other_sour":175,"nearest_to":"MUL","nearest__1":34,"shape_leng":9693.97501,"shape_le_1":9693.97501,"shape_area":6481546.487,"ds_name":"Administrative Boundary","src_agency":"Survey of India (SOI)","state_name":"Maharashtra\n","village_area_km2":7,"village_id":2751,"flood_area_km2":0.060997564,"flood_exposure_pct":0.871393777,"flood_risk":"Low","hospital_dist_km":14.73261274514563,"name":"Rural Hospital Gondpipari","amenity":"hospital","population_density":196.0,"water_availability":0.0,"drainage_availability":0.0,"healthcare_gap_score":86.910721099746141,"river_distance_km":false,"flood_score":2.3373991005659911,"population_score":10.47568145376804,"water_gap_score":100.0,"drainage_gap_score":50.0,"service_gap_score":78.970240366582047,"river_vulnerability_score":50.0,"ml_cluster":1,"ml_risk_group":"Very Low","vulnerability_score":30.27,"vulnerability_class":"Moderate","flood_score_contribution":0.93,"population_score_contribution":2.1,"service_gap_score_contribution":19.74,"river_vulnerability_score_contribution":7.5,"underserved_score":43.1,"welfare_priority_score":31.03,"welfare_priority":"Moderate","priority_rank":83,"priority_services":"Healthcare, Drinking Water, Drainage, Evacuation Preparedness","priority_reason":"Priority is influenced by limited healthcare accessibility, water-service gap, drainage-service gap."},"geometry":null},
{"type":"Feature","properties":{"fid":124,"dn":true,"fid_2":true,"dn_2":true,"fid_3":3057,"id":39854,"objectid_1":39854,"objectid":106389,"village":"Yevli","vlcode":539182,"block":"Gadchiroli","bkcode":108.0,"subdistric":"Gadchiroli","sdcode":4057,"sub_distri":"Gadchiroli","district":"Gadchiroli","dtcode":475,"district_h":"GADCHIROLI","state":"MH","stcode":27,"country":"India","total_urba":"Rural","total_hous":669,"total_popu":2428,"avg_househ":3.62929746,"total_geog":982,"total_male":1185,"total_fema":1243,"tapwater_t":null,"tapwater_u":null,"covered_we":null,"covered__1":"Available","covered__2":"Available","uncovered_":"Available","uncovere_1":"Available","uncovere_2":"Available","handpump_s":null,"hand_pump_":"Available","hand_pum_1":"Available","tubewell_b":null,"tube_wells":"Not Available","tube_wel_1":"Not Available","spring_sta":"Not Available","spring_fun":"Not Available","spring_f_1":"Not Available","river_cana":"Available","tank_pond_":"Available","others_sta":"Not Available","closed_dra":"Not Available","open_drain":null,"village_pi":"Available","forest_are":252,"area_under":15,"barren_unc":161,"permanent_":10,"land_under":0,"culturable":40,"fallows_la":0,"current_fa":16,"net_area_s":488,"total_unir":205,"area_irrig":282,"canals_are":0,"wells_tube":2,"tanks_lake":178,"waterfall_":0,"other_sour":26,"nearest_to":"GADCHIROLI","nearest__1":13,"shape_leng":12282.39,"shape_le_1":12282.39,"shape_area":7400929.021,"ds_name":"Administrative Boundary","src_agency":"Survey of India (SOI)","state_name":"Maharashtra\n","village_area_km2":8,"village_id":3057,"flood_area_km2":1.936962303,"flood_exposure_pct":24.21202879,"flood_risk":"Moderate","hospital_dist_km":12.34662794757568,"name":"Dr. Mallick Hospital","amenity":"hospital","population_density":303.5,"water_availability":178.0,"drainage_availability":0.0,"healthcare_gap_score":72.811863780643051,"river_distance_km":false,"flood_score":64.974116135924348,"population_score":16.221272047033672,"water_gap_score":59.545454545454547,"drainage_gap_score":50.0,"service_gap_score":60.785772775365864,"river_vulnerability_score":50.0,"ml_cluster":0,"ml_risk_group":"Very High","vulnerability_score":51.93,"vulnerability_class":"High","flood_score_contribution":25.99,"population_score_contribution":3.24,"service_gap_score_contribution":15.2,"river_vulnerability_score_contribution":7.5,"underserved_score":48.25,"welfare_priority_score":52.29,"welfare_priority":"High","priority_rank":8,"priority_services":"Healthcare, Drinking Water, Drainage, Evacuation Preparedness, Emergency Flood Response","priority_reason":"Priority is influenced by high flood exposure, limited healthcare accessibility, water-service gap, drainage-service gap."},"geometry":null},
{"type":"Feature","properties":{"fid":125,"dn":true,"fid_2":true,"dn_2":true,"fid_3":4142,"id":40972,"objectid_1":40972,"objectid":107507,"village":"Indala","vlcode":539115,"block":"Gadchiroli","bkcode":108.0,"subdistric":"Gadchiroli","sdcode":4057,"sub_distri":"Gadchiroli","district":"Gadchiroli","dtcode":475,"district_h":"GADCHIROLI","state":"MH","stcode":27,"country":"India","total_urba":"Rural","total_hous":316,"total_popu":1235,"avg_househ":3.90822785,"total_geog":306,"total_male":630,"total_fema":605,"tapwater_t":null,"tapwater_u":null,"covered_we":null,"covered__1":"Available","covered__2":"Available","uncovered_":"Available","uncovere_1":"Available","uncovere_2":"Available","handpump_s":null,"hand_pump_":"Available","hand_pum_1":"Available","tubewell_b":null,"tube_wells":"Not Available","tube_wel_1":"Not Available","spring_sta":"Not Available","spring_fun":"Not Available","spring_f_1":"Not Available","river_cana":"Not Available","tank_pond_":"Available","others_sta":"Not Available","closed_dra":"Not Available","open_drain":null,"village_pi":"Available","forest_are":0,"area_under":62,"barren_unc":0,"permanent_":48,"land_under":0,"culturable":2,"fallows_la":13,"current_fa":0,"net_area_s":181,"total_unir":119,"area_irrig":62,"canals_are":0,"wells_tube":4,"tanks_lake":115,"waterfall_":0,"other_sour":0,"nearest_to":"GADCHIROLI","nearest__1":9,"shape_leng":6112.981414,"shape_le_1":6112.981414,"shape_area":2425118.143,"ds_name":"Administrative Boundary","src_agency":"Survey of India (SOI)","state_name":"Maharashtra\n","village_area_km2":3,"village_id":4142,"flood_area_km2":0.009919484,"flood_exposure_pct":0.330649458,"flood_risk":"Low","hospital_dist_km":4.8666977863921073,"name":"Nobel Multispeciality Hospital","amenity":"hospital","population_density":411.66666666666669,"water_availability":115.0,"drainage_availability":0.0,"healthcare_gap_score":28.612727136189577,"river_distance_km":false,"flood_score":0.88626253642299457,"population_score":22.002494209869948,"water_gap_score":73.86363636363636,"drainage_gap_score":50.0,"service_gap_score":50.825454499941976,"river_vulnerability_score":50.0,"ml_cluster":4,"ml_risk_group":"Low","vulnerability_score":24.96,"vulnerability_class":"Low","flood_score_contribution":0.35,"population_score_contribution":4.4,"service_gap_score_contribution":12.71,"river_vulnerability_score_contribution":7.5,"underserved_score":32.19,"welfare_priority_score":23.22,"welfare_priority":"Low","priority_rank":167,"priority_services":"Drinking Water, Drainage, Evacuation Preparedness","priority_reason":"Priority is influenced by water-service gap, drainage-service gap."},"geometry":null},
{"type":"Feature","properties":{"fid":126,"dn":true,"fid_2":true,"dn_2":true,"fid_3":4291,"id":41133,"objectid_1":41133,"objectid":107668,"village":"Baradkinhi","vlcode":540831,"block":"Brahmapuri","bkcode":118.0,"subdistric":"Brahmapuri","sdcode":4067,"sub_distri":"Brahmapuri","district":"Chandrapur","dtcode":473,"district_h":"CHANDRAPUR","state":"MH","stcode":27,"country":"India","total_urba":"Rural","total_hous":710,"total_popu":2930,"avg_househ":4.12676056,"total_geog":833,"total_male":1503,"total_fema":1427,"tapwater_t":null,"tapwater_u":null,"covered_we":null,"covered__1":"Available","covered__2":"Available","uncovered_":"Available","uncovere_1":"Available","uncovere_2":"Available","handpump_s":null,"hand_pump_":"Available","hand_pum_1":"Available","tubewell_b":null,"tube_wells":"Not Available","tube_wel_1":"Not Available","spring_sta":"Not Available","spring_fun":"Not Available","spring_f_1":"Not Available","river_cana":"Available","tank_pond_":"Available","others_sta":"Not Available","closed_dra":"Not Available","open_drain":null,"village_pi":"Available","forest_are":145,"area_under":117,"barren_unc":0,"permanent_":26,"land_under":0,"culturable":0,"fallows_la":0,"current_fa":19,"net_area_s":526,"total_unir":74,"area_irrig":452,"canals_are":0,"wells_tube":10,"tanks_lake":56,"waterfall_":0,"other_sour":8,"nearest_to":"BRAHMAPURI","nearest__1":22,"shape_leng":14661.43647,"shape_le_1":14661.43647,"shape_area":9552989.522,"ds_name":"Administrative Boundary","src_agency":"Survey of India (SOI)","state_name":"Maharashtra\n","village_area_km2":10,"village_id":4291,"flood_area_km2":1.847905813,"flood_exposure_pct":18.47905813,"flood_risk":"Moderate","hospital_dist_km":6.7865539479762473,"name":"SDH Armori","amenity":"hospital","population_density":293.0,"water_availability":56.0,"drainage_availability":0.0,"healthcare_gap_score":39.957216054536147,"river_distance_km":false,"flood_score":49.589167919972745,"population_score":15.660074826296096,"water_gap_score":87.27272727272728,"drainage_gap_score":50.0,"service_gap_score":59.076647775754473,"river_vulnerability_score":50.0,"ml_cluster":0,"ml_risk_group":"Very High","vulnerability_score":45.24,"vulnerability_class":"Moderate","flood_score_contribution":19.84,"population_score_contribution":3.13,"service_gap_score_contribution":14.77,"river_vulnerability_score_contribution":7.5,"underserved_score":44.15,"welfare_priority_score":45.11,"welfare_priority":"Moderate","priority_rank":17,"priority_services":"Drinking Water, Drainage, Evacuation Preparedness","priority_reason":"Priority is influenced by water-service gap, drainage-service gap."},"geometry":null},
{"type":"Feature","properties":{"fid":127,"dn":true,"fid_2":true,"dn_2":true,"fid_3":5896,"id":41944,"objectid_1":41944,"objectid":108479,"village":"Keshori Kh","vlcode":537511,"block":"Lakhandur","bkcode":94.0,"subdistric":"Lakhandur","sdcode":4043,"sub_distri":"Lakhandur","district":"Bhandara","dtcode":471,"district_h":"BHANDARA","state":"MH","stcode":27,"country":"India","total_urba":"Rural","total_hous":0,"total_popu":0,"avg_househ":0.0,"total_geog":145,"total_male":0,"total_fema":0,"tapwater_t":null,"tapwater_u":null,"covered_we":null,"covered__1":null,"covered__2":null,"uncovered_":null,"uncovere_1":null,"uncovere_2":null,"handpump_s":null,"hand_pump_":null,"hand_pum_1":null,"tubewell_b":null,"tube_wells":null,"tube_wel_1":null,"spring_sta":null,"spring_fun":null,"spring_f_1":null,"river_cana":null,"tank_pond_":null,"others_sta":null,"closed_dra":null,"open_drain":null,"village_pi":null,"forest_are":33,"area_under":1,"barren_unc":3,"permanent_":6,"land_under":0,"culturable":0,"fallows_la":6,"current_fa":1,"net_area_s":95,"total_unir":95,"area_irrig":0,"canals_are":80,"wells_tube":0,"tanks_lake":15,"waterfall_":0,"other_sour":0,"nearest_to":null,"nearest__1":0,"shape_leng":4344.844363,"shape_le_1":4344.844363,"shape_area":917878.9919,"ds_name":"Administrative Boundary","src_agency":"Survey of India (SOI)","state_name":"Maharashtra\n","village_area_km2":1,"village_id":5896,"flood_area_km2":0.000896705,"flood_exposure_pct":0.089670508,"flood_risk":"Low","hospital_dist_km":1.843377628791121,"name":"Government Hospital, Soni","amenity":"hospital","population_density":0.0,"water_availability":15.0,"drainage_availability":0.0,"healthcare_gap_score":10.747835635037886,"river_distance_km":false,"flood_score":0.23957360554254467,"population_score":0.0,"water_gap_score":96.590909090909093,"drainage_gap_score":50.0,"service_gap_score":52.446248241982325,"river_vulnerability_score":50.0,"ml_cluster":4,"ml_risk_group":"Low","vulnerability_score":20.71,"vulnerability_class":"Low","flood_score_contribution":0.1,"population_score_contribution":0.0,"service_gap_score_contribution":13.11,"river_vulnerability_score_contribution":7.5,"underserved_score":26.27,"welfare_priority_score":18.46,"welfare_priority":"Low","priority_rank":199,"priority_services":"Drinking Water, Drainage, Evacuation Preparedness","priority_reason":"Priority is influenced by water-service gap, drainage-service gap."},"geometry":null},
{"type":"Feature","properties":{"fid":128,"dn":true,"fid_2":true,"dn_2":true,"fid_3":2949,"id":39746,"objectid_1":39746,"objectid":106281,"village":"Sirsimal","vlcode":540959,"block":"Sawali","bkcode":119.0,"subdistric":"Sawali","sdcode":4068,"sub_distri":"Sawali","district":"Chandrapur","dtcode":473,"district_h":"CHANDRAPUR","state":"MH","stcode":27,"country":"India","total_urba":"Rural","total_hous":82,"total_popu":316,"avg_househ":3.85365854,"total_geog":150,"total_male":156,"total_fema":160,"tapwater_t":null,"tapwater_u":null,"covered_we":null,"covered__1":"Not Available","covered__2":"Not Available","uncovered_":"Available","uncovere_1":"Not Available","uncovere_2":"Not Available","handpump_s":null,"hand_pump_":"Available","hand_pum_1":"Available","tubewell_b":null,"tube_wells":"Not Available","tube_wel_1":"Not Available","spring_sta":"Not Available","spring_fun":"Not Available","spring_f_1":"Not Available","river_cana":"Not Available","tank_pond_":"Not Available","others_sta":"Not Available","closed_dra":"Not Available","open_drain":null,"village_pi":"Available","forest_are":0,"area_under":48,"barren_unc":0,"permanent_":0,"land_under":0,"culturable":0,"fallows_la":0,"current_fa":12,"net_area_s":90,"total_unir":6,"area_irrig":84,"canals_are":6,"wells_tube":0,"tanks_lake":0,"waterfall_":0,"other_sour":0,"nearest_to":"MUL","nearest__1":30,"shape_leng":6728.038434,"shape_le_1":6728.038434,"shape_area":2277489.263,"ds_name":"Administrative Boundary","src_agency":"Survey of India (SOI)","state_name":"Maharashtra\n","village_area_km2":2,"village_id":2949,"flood_area_km2":0.072935494,"flood_exposure_pct":3.646774718,"flood_risk":"Low","hospital_dist_km":8.9592147760101692,"name":"Balprabha Hospital","amenity":"hospital","population_density":158.0,"water_availability":0.0,"drainage_availability":0.0,"healthcare_gap_score":52.795535497498392,"river_distance_km":false,"flood_score":9.7853862941414747,"population_score":8.444681988241582,"water_gap_score":100.0,"drainage_gap_score":50.0,"service_gap_score":67.598511832499469,"river_vulnerability_score":50.0,"ml_cluster":1,"ml_risk_group":"Very Low","vulnerability_score":30.0,"vulnerability_class":"Moderate","flood_score_contribution":3.91,"population_score_contribution":1.69,"service_gap_score_contribution":16.9,"river_vulnerability_score_contribution":7.5,"underserved_score":38.29,"welfare_priority_score":29.71,"welfare_priority":"Moderate","priority_rank":102,"priority_services":"Healthcare, Drinking Water, Drainage, Evacuation Preparedness","priority_reason":"Priority is influenced by limited healthcare accessibility, water-service gap, drainage-service gap."},"geometry":null},
{"type":"Feature","properties":{"fid":129,"dn":true,"fid_2":true,"dn_2":true,"fid_3":1995,"id":39832,"objectid_1":39832,"objectid":106367,"village":"Kajalwahi Chak","vlcode":540966,"block":"Sawali","bkcode":119.0,"subdistric":"Sawali","sdcode":4068,"sub_distri":"Sawali","district":"Chandrapur","dtcode":473,"district_h":"CHANDRAPUR","state":"MH","stcode":27,"country":"India","total_urba":"Rural","total_hous":0,"total_popu":0,"avg_househ":0.0,"total_geog":154,"total_male":0,"total_fema":0,"tapwater_t":null,"tapwater_u":null,"covered_we":null,"covered__1":null,"covered__2":null,"uncovered_":null,"uncovere_1":null,"uncovere_2":null,"handpump_s":null,"hand_pump_":null,"hand_pum_1":null,"tubewell_b":null,"tube_wells":null,"tube_wel_1":null,"spring_sta":null,"spring_fun":null,"spring_f_1":null,"river_cana":null,"tank_pond_":null,"others_sta":null,"closed_dra":null,"open_drain":null,"village_pi":null,"forest_are":0,"area_under":0,"barren_unc":20,"permanent_":0,"land_under":0,"culturable":3,"fallows_la":0,"current_fa":3,"net_area_s":128,"total_unir":18,"area_irrig":110,"canals_are":0,"wells_tube":0,"tanks_lake":18,"waterfall_":0,"other_sour":0,"nearest_to":null,"nearest__1":0,"shape_leng":3977.244275,"shape_le_1":3977.244275,"shape_area":670560.8519,"ds_name":"Administrative Boundary","src_agency":"Survey of India (SOI)","state_name":"Maharashtra\n","village_area_km2":1,"village_id":1995,"flood_area_km2":0.053054493,"flood_exposure_pct":5.305449303,"flood_risk":"Low","hospital_dist_km":11.277099294223609,"name":"Balprabha Hospital","amenity":"hospital","population_density":0.0,"water_availability":18.0,"drainage_availability":0.0,"healthcare_gap_score":66.491986178044357,"river_distance_km":false,"flood_score":14.236590409904382,"population_score":0.0,"water_gap_score":95.909090909090907,"drainage_gap_score":50.0,"service_gap_score":70.800359029045083,"river_vulnerability_score":50.0,"ml_cluster":1,"ml_risk_group":"Very Low","vulnerability_score":30.89,"vulnerability_class":"Moderate","flood_score_contribution":5.69,"population_score_contribution":0.0,"service_gap_score_contribution":17.7,"river_vulnerability_score_contribution":7.5,"underserved_score":38.25,"welfare_priority_score":30.76,"welfare_priority":"Moderate","priority_rank":88,"priority_services":"Healthcare, Drinking Water, Drainage, Evacuation Preparedness","priority_reason":"Priority is influenced by limited healthcare accessibility, water-service gap, drainage-service gap."},"geometry":null},
{"type":"Feature","properties":{"fid":130,"dn":true,"fid_2":true,"dn_2":true,"fid_3":3054,"id":39851,"objectid_1":39851,"objectid":106386,"village":"Dongargaon Bk","vlcode":539180,"block":"Gadchiroli","bkcode":108.0,"subdistric":"Gadchiroli","sdcode":4057,"sub_distri":"Gadchiroli","district":"Gadchiroli","dtcode":475,"district_h":"GADCHIROLI","state":"MH","stcode":27,"country":"India","total_urba":"Rural","total_hous":188,"total_popu":771,"avg_househ":4.10106383,"total_geog":302,"total_male":397,"total_fema":374,"tapwater_t":null,"tapwater_u":null,"covered_we":null,"covered__1":"Available","covered__2":"Available","uncovered_":"Available","uncovere_1":"Available","uncovere_2":"Available","handpump_s":null,"hand_pump_":"Available","hand_pum_1":"Available","tubewell_b":null,"tube_wells":"Not Available","tube_wel_1":"Not Available","spring_sta":"Not Available","spring_fun":"Not Available","spring_f_1":"Not Available","river_cana":"Available","tank_pond_":"Available","others_sta":"Not Available","closed_dra":"Not Available","open_drain":null,"village_pi":"Available","forest_are":85,"area_under":2,"barren_unc":0,"permanent_":14,"land_under":1,"culturable":17,"fallows_la":0,"current_fa":14,"net_area_s":169,"total_unir":158,"area_irrig":11,"canals_are":0,"wells_tube":1,"tanks_lake":157,"waterfall_":0,"other_sour":0,"nearest_to":"GADCHIROLI","nearest__1":12,"shape_leng":12739.49984,"shape_le_1":12739.49984,"shape_area":4966032.571,"ds_name":"Administrative Boundary","src_agency":"Survey of India (SOI)","state_name":"Maharashtra\n","village_area_km2":5,"village_id":3054,"flood_area_km2":0.20347534,"flood_exposure_pct":4.069506794,"flood_risk":"Low","hospital_dist_km":9.3019295367813761,"name":"Lifeline Hospital & Ayurvedic Panchakarma Centre","amenity":"hospital","population_density":154.2,"water_availability":157.0,"drainage_availability":0.0,"healthcare_gap_score":54.820647525950925,"river_distance_km":false,"flood_score":10.919826270236122,"population_score":8.241582041688936,"water_gap_score":64.318181818181813,"drainage_gap_score":50.0,"service_gap_score":56.379609781377582,"river_vulnerability_score":50.0,"ml_cluster":3,"ml_risk_group":"High","vulnerability_score":27.61,"vulnerability_class":"Moderate","flood_score_contribution":4.37,"population_score_contribution":1.65,"service_gap_score_contribution":14.09,"river_vulnerability_score_contribution":7.5,"underserved_score":32.85,"welfare_priority_score":26.22,"welfare_priority":"Moderate","priority_rank":138,"priority_services":"Healthcare, Drinking Water, Drainage, Evacuation Preparedness","priority_reason":"Priority is influenced by limited healthcare accessibility, water-service gap, drainage-service gap."},"geometry":null},
{"type":"Feature","properties":{"fid":131,"dn":true,"fid_2":true,"dn_2":true,"fid_3":4431,"id":41399,"objectid_1":41399,"objectid":107934,"village":"Sirsi Reserved Reserved Forest","vlcode":999999,"block":null,"bkcode":null,"subdistric":"Armori","sdcode":4053,"sub_distri":null,"district":"Gadchiroli","dtcode":475,"district_h":null,"state":"MH","stcode":27,"country":"India","total_urba":"Rural","total_hous":0,"total_popu":0,"avg_househ":0.0,"total_geog":0,"total_male":0,"total_fema":0,"tapwater_t":null,"tapwater_u":null,"covered_we":null,"covered__1":null,"covered__2":null,"uncovered_":null,"uncovere_1":null,"uncovere_2":null,"handpump_s":null,"hand_pump_":null,"hand_pum_1":null,"tubewell_b":null,"tube_wells":null,"tube_wel_1":null,"spring_sta":null,"spring_fun":null,"spring_f_1":null,"river_cana":null,"tank_pond_":null,"others_sta":null,"closed_dra":null,"open_drain":null,"village_pi":null,"forest_are":0,"area_under":0,"barren_unc":0,"permanent_":0,"land_under":0,"culturable":0,"fallows_la":0,"current_fa":0,"net_area_s":0,"total_unir":0,"area_irrig":0,"canals_are":0,"wells_tube":0,"tanks_lake":0,"waterfall_":0,"other_sour":0,"nearest_to":null,"nearest__1":0,"shape_leng":106899.6421,"shape_le_1":106899.6421,"shape_area":125539198.6,"ds_name":"Administrative Boundary","src_agency":"Survey of India (SOI)","state_name":"Maharashtra\n","village_area_km2":130,"village_id":4431,"flood_area_km2":0.323140448,"flood_exposure_pct":0.248569575,"flood_risk":"Low","hospital_dist_km":13.1754891246776,"name":"Janatal Hospital","amenity":"hospital","population_density":0.0,"water_availability":0.0,"drainage_availability":0.0,"healthcare_gap_score":77.709629887621446,"river_distance_km":false,"flood_score":0.66599370470942609,"population_score":0.0,"water_gap_score":100.0,"drainage_gap_score":50.0,"service_gap_score":75.903209962540487,"river_vulnerability_score":50.0,"ml_cluster":1,"ml_risk_group":"Very Low","vulnerability_score":26.74,"vulnerability_class":"Moderate","flood_score_contribution":0.27,"population_score_contribution":0.0,"service_gap_score_contribution":18.98,"river_vulnerability_score_contribution":7.5,"underserved_score":38.08,"welfare_priority_score":26.85,"welfare_priority":"Moderate","priority_rank":135,"priority_services":"Healthcare, Drinking Water, Drainage, Evacuation Preparedness","priority_reason":"Priority is influenced by limited healthcare accessibility, water-service gap, drainage-service gap."},"geometry":null},
{"type":"Feature","properties":{"fid":132,"dn":true,"fid_2":true,"dn_2":true,"fid_3":4283,"id":41125,"objectid_1":41125,"objectid":107660,"village":"Sonegaon","vlcode":540743,"block":"Brahmapuri","bkcode":118.0,"subdistric":"Brahmapuri","sdcode":4067,"sub_distri":"Brahmapuri","district":"Chandrapur","dtcode":473,"district_h":"CHANDRAPUR","state":"MH","stcode":27,"country":"India","total_urba":"Rural","total_hous":315,"total_popu":1387,"avg_househ":4.4031746,"total_geog":439,"total_male":694,"total_fema":693,"tapwater_t":null,"tapwater_u":null,"covered_we":null,"covered__1":"Not Available","covered__2":"Not Available","uncovered_":"Available","uncovere_1":"Not Available","uncovere_2":"Not Available","handpump_s":null,"hand_pump_":"Available","hand_pum_1":"Available","tubewell_b":null,"tube_wells":"Available","tube_wel_1":"Available","spring_sta":"Not Available","spring_fun":"Not Available","spring_f_1":"Not Available","river_cana":"Available","tank_pond_":"Not Available","others_sta":"Not Available","closed_dra":"Not Available","open_drain":null,"village_pi":"Available","forest_are":0,"area_under":71,"barren_unc":1,"permanent_":3,"land_under":0,"culturable":10,"fallows_la":11,"current_fa":5,"net_area_s":338,"total_unir":104,"area_irrig":234,"canals_are":0,"wells_tube":104,"tanks_lake":0,"waterfall_":0,"other_sour":0,"nearest_to":"BRAHMAPURI","nearest__1":11,"shape_leng":9706.142283,"shape_le_1":9706.142283,"shape_area":4347721.406,"ds_name":"Administrative Boundary","src_agency":"Survey of India (SOI)","state_name":"Maharashtra\n","village_area_km2":5,"village_id":4283,"flood_area_km2":0.271208691,"flood_exposure_pct":5.424173825,"flood_risk":"Low","hospital_dist_km":4.5652995254736881,"name":"Sub District Hospital, Chimur","amenity":"hospital","population_density":277.4,"water_availability":0.0,"drainage_availability":0.0,"healthcare_gap_score":26.831755572061233,"river_distance_km":false,"flood_score":14.5551984634355,"population_score":14.82629609834313,"water_gap_score":100.0,"drainage_gap_score":50.0,"service_gap_score":58.943918524020411,"river_vulnerability_score":50.0,"ml_cluster":4,"ml_risk_group":"Low","vulnerability_score":31.02,"vulnerability_class":"Moderate","flood_score_contribution":5.82,"population_score_contribution":2.97,"service_gap_score_contribution":14.74,"river_vulnerability_score_contribution":7.5,"underserved_score":36.83,"welfare_priority_score":30.15,"welfare_priority":"Moderate","priority_rank":98,"priority_services":"Drinking Water, Drainage, Evacuation Preparedness","priority_reason":"Priority is influenced by water-service gap, drainage-service gap."},"geometry":null},
{"type":"Feature","properties":{"fid":133,"dn":true,"fid_2":true,"dn_2":true,"fid_3":3063,"id":39861,"objectid_1":39861,"objectid":106396,"village":"Sirpur Chak","vlcode":539175,"block":"Gadchiroli","bkcode":108.0,"subdistric":"Gadchiroli","sdcode":4057,"sub_distri":"Gadchiroli","district":"Gadchiroli","dtcode":475,"district_h":"GADCHIROLI","state":"MH","stcode":27,"country":"India","total_urba":"Rural","total_hous":0,"total_popu":0,"avg_househ":0.0,"total_geog":187,"total_male":0,"total_fema":0,"tapwater_t":null,"tapwater_u":null,"covered_we":null,"covered__1":null,"covered__2":null,"uncovered_":null,"uncovere_1":null,"uncovere_2":null,"handpump_s":null,"hand_pump_":null,"hand_pum_1":null,"tubewell_b":null,"tube_wells":null,"tube_wel_1":null,"spring_sta":null,"spring_fun":null,"spring_f_1":null,"river_cana":null,"tank_pond_":null,"others_sta":null,"closed_dra":null,"open_drain":null,"village_pi":null,"forest_are":46,"area_under":20,"barren_unc":0,"permanent_":1,"land_under":0,"culturable":8,"fallows_la":0,"current_fa":3,"net_area_s":110,"total_unir":86,"area_irrig":24,"canals_are":0,"wells_tube":0,"tanks_lake":80,"waterfall_":0,"other_sour":6,"nearest_to":null,"nearest__1":0,"shape_leng":8878.667339,"shape_le_1":8878.667339,"shape_area":4929565.259,"ds_name":"Administrative Boundary","src_agency":"Survey of India (SOI)","state_name":"Maharashtra\n","village_area_km2":5,"village_id":3063,"flood_area_km2":0.022536249,"flood_exposure_pct":0.450724978,"flood_risk":"Low","hospital_dist_km":6.6331015107900813,"name":"Lifeline Hospital & Ayurvedic Panchakarma Centre","amenity":"hospital","population_density":0.0,"water_availability":80.0,"drainage_availability":0.0,"healthcare_gap_score":39.050460898610659,"river_distance_km":false,"flood_score":1.2084961159689014,"population_score":0.0,"water_gap_score":81.818181818181813,"drainage_gap_score":50.0,"service_gap_score":56.956214238930819,"river_vulnerability_score":50.0,"ml_cluster":4,"ml_risk_group":"Low","vulnerability_score":22.22,"vulnerability_class":"Low","flood_score_contribution":0.48,"population_score_contribution":0.0,"service_gap_score_contribution":14.24,"river_vulnerability_score_contribution":7.5,"underserved_score":28.72,"welfare_priority_score":20.44,"welfare_priority":"Low","priority_rank":190,"priority_services":"Drinking Water, Drainage, Evacuation Preparedness","priority_reason":"Priority is influenced by water-service gap, drainage-service gap."},"geometry":null},
{"type":"Feature","properties":{"fid":134,"dn":true,"fid_2":true,"dn_2":true,"fid_3":4361,"id":41205,"objectid_1":41205,"objectid":107740,"village":"Saigaon","vlcode":538523,"block":"Armori","bkcode":104.0,"subdistric":"Armori","sdcode":4053,"sub_distri":"Armori","district":"Gadchiroli","dtcode":475,"district_h":"GADCHIROLI","state":"MH","stcode":27,"country":"India","total_urba":"Rural","total_hous":234,"total_popu":980,"avg_househ":4.18803419,"total_geog":427,"total_male":497,"total_fema":483,"tapwater_t":null,"tapwater_u":null,"covered_we":null,"covered__1":"Not Available","covered__2":"Not Available","uncovered_":"Available","uncovere_1":"Available","uncovere_2":"Available","handpump_s":null,"hand_pump_":"Available","hand_pum_1":"Available","tubewell_b":null,"tube_wells":"Available","tube_wel_1":"Available","spring_sta":"Not Available","spring_fun":"Not Available","spring_f_1":"Not Available","river_cana":"Available","tank_pond_":"Not Available","others_sta":"Not Available","closed_dra":"Not Available","open_drain":null,"village_pi":"Available","forest_are":0,"area_under":117,"barren_unc":0,"permanent_":9,"land_under":0,"culturable":0,"fallows_la":0,"current_fa":0,"net_area_s":301,"total_unir":226,"area_irrig":75,"canals_are":217,"wells_tube":5,"tanks_lake":0,"waterfall_":0,"other_sour":4,"nearest_to":"DESAIGANJ","nearest__1":23,"shape_leng":10023.91904,"shape_le_1":10023.91904,"shape_area":6855995.17,"ds_name":"Administrative Boundary","src_agency":"Survey of India (SOI)","state_name":"Maharashtra\n","village_area_km2":7,"village_id":4361,"flood_area_km2":0.528457227,"flood_exposure_pct":7.549388951,"flood_risk":"Low","hospital_dist_km":4.2884990927575473,"name":"SDH Armori","amenity":"hospital","population_density":140.0,"water_availability":0.0,"drainage_availability":0.0,"healthcare_gap_score":25.196133328908005,"river_distance_km":false,"flood_score":20.258406555776766,"population_score":7.4826296098343121,"water_gap_score":100.0,"drainage_gap_score":50.0,"service_gap_score":58.398711109635997,"river_vulnerability_score":50.0,"ml_cluster":4,"ml_risk_group":"Low","vulnerability_score":31.7,"vulnerability_class":"Moderate","flood_score_contribution":8.1,"population_score_contribution":1.5,"service_gap_score_contribution":14.6,"river_vulnerability_score_contribution":7.5,"underserved_score":35.5,"welfare_priority_score":30.67,"welfare_priority":"Moderate","priority_rank":90,"priority_services":"Drinking Water, Drainage, Evacuation Preparedness","priority_reason":"Priority is influenced by water-service gap, drainage-service gap."},"geometry":null},
{"type":"Feature","properties":{"fid":135,"dn":true,"fid_2":true,"dn_2":true,"fid_3":3123,"id":39922,"objectid_1":39922,"objectid":106457,"village":"Dongargaon Tukum","vlcode":539181,"block":"Gadchiroli","bkcode":108.0,"subdistric":"Gadchiroli","sdcode":4057,"sub_distri":"Gadchiroli","district":"Gadchiroli","dtcode":475,"district_h":"GADCHIROLI","state":"MH","stcode":27,"country":"India","total_urba":"Rural","total_hous":0,"total_popu":0,"avg_househ":0.0,"total_geog":72,"total_male":0,"total_fema":0,"tapwater_t":null,"tapwater_u":null,"covered_we":null,"covered__1":null,"covered__2":null,"uncovered_":null,"uncovere_1":null,"uncovere_2":null,"handpump_s":null,"hand_pump_":null,"hand_pum_1":null,"tubewell_b":null,"tube_wells":null,"tube_wel_1":null,"spring_sta":null,"spring_fun":null,"spring_f_1":null,"river_cana":null,"tank_pond_":null,"others_sta":null,"closed_dra":null,"open_drain":null,"village_pi":null,"forest_are":21,"area_under":2,"barren_unc":0,"permanent_":2,"land_under":0,"culturable":0,"fallows_la":0,"current_fa":0,"net_area_s":47,"total_unir":31,"area_irrig":16,"canals_are":0,"wells_tube":0,"tanks_lake":31,"waterfall_":0,"other_sour":0,"nearest_to":null,"nearest__1":0,"shape_leng":10843.98558,"shape_le_1":10843.98558,"shape_area":4425789.315,"ds_name":"Administrative Boundary","src_agency":"Survey of India (SOI)","state_name":"Maharashtra\n","village_area_km2":5,"village_id":3123,"flood_area_km2":0.21267587,"flood_exposure_pct":4.2535174,"flood_risk":"Low","hospital_dist_km":10.35704862594171,"name":"Lifeline Hospital & Ayurvedic Panchakarma Centre","amenity":"hospital","population_density":0.0,"water_availability":31.0,"drainage_availability":0.0,"healthcare_gap_score":61.055378571967758,"river_distance_km":false,"flood_score":11.413635468362363,"population_score":0.0,"water_gap_score":92.954545454545453,"drainage_gap_score":50.0,"service_gap_score":68.003308008837735,"river_vulnerability_score":50.0,"ml_cluster":1,"ml_risk_group":"Very Low","vulnerability_score":29.07,"vulnerability_class":"Moderate","flood_score_contribution":4.57,"population_score_contribution":0.0,"service_gap_score_contribution":17.0,"river_vulnerability_score_contribution":7.5,"underserved_score":36.28,"welfare_priority_score":28.59,"welfare_priority":"Moderate","priority_rank":111,"priority_services":"Healthcare, Drinking Water, Drainage, Evacuation Preparedness","priority_reason":"Priority is influenced by limited healthcare accessibility, water-service gap, drainage-service gap."},"geometry":null},
{"type":"Feature","properties":{"fid":136,"dn":true,"fid_2":true,"dn_2":true,"fid_3":4308,"id":41150,"objectid_1":41150,"objectid":107685,"village":"Shivrajpur Chak","vlcode":538495,"block":"Desaiganj (Vadasa)","bkcode":103.0,"subdistric":"Desaiganj (Vadasa)","sdcode":4052,"sub_distri":"Desaiganj (Vadasa)","district":"Gadchiroli","dtcode":475,"district_h":"GADCHIROLI","state":"MH","stcode":27,"country":"India","total_urba":"Rural","total_hous":306,"total_popu":1113,"avg_househ":3.6372549,"total_geog":727,"total_male":547,"total_fema":566,"tapwater_t":null,"tapwater_u":null,"covered_we":null,"covered__1":"Not Available","covered__2":"Not Available","uncovered_":"Available","uncovere_1":"Available","uncovere_2":"Available","handpump_s":null,"hand_pump_":"Available","hand_pum_1":"Available","tubewell_b":null,"tube_wells":"Not Available","tube_wel_1":"Not Available","spring_sta":"Not Available","spring_fun":"Not Available","spring_f_1":"Not Available","river_cana":"Not Available","tank_pond_":"Available","others_sta":"Not Available","closed_dra":"Not Available","open_drain":null,"village_pi":"Available","forest_are":424,"area_under":63,"barren_unc":0,"permanent_":5,"land_under":1,"culturable":2,"fallows_la":0,"current_fa":4,"net_area_s":228,"total_unir":128,"area_irrig":100,"canals_are":124,"wells_tube":4,"tanks_lake":0,"waterfall_":0,"other_sour":0,"nearest_to":"DESAIGANJ","nearest__1":8,"shape_leng":12293.77712,"shape_le_1":12293.77712,"shape_area":7115083.136,"ds_name":"Administrative Boundary","src_agency":"Survey of India (SOI)","state_name":"Maharashtra\n","village_area_km2":7,"village_id":4308,"flood_area_km2":0.004010692,"flood_exposure_pct":0.057295605,"flood_risk":"Low","hospital_dist_km":7.5664325154800949,"name":"Sparsh Child care and General Hospital","amenity":"hospital","population_density":159.0,"water_availability":0.0,"drainage_availability":0.0,"healthcare_gap_score":44.565542419675488,"river_distance_km":false,"flood_score":0.15269260864041581,"population_score":8.4981293425975419,"water_gap_score":100.0,"drainage_gap_score":50.0,"service_gap_score":64.855180806558494,"river_vulnerability_score":50.0,"ml_cluster":4,"ml_risk_group":"Low","vulnerability_score":25.47,"vulnerability_class":"Moderate","flood_score_contribution":0.06,"population_score_contribution":1.7,"service_gap_score_contribution":16.21,"river_vulnerability_score_contribution":7.5,"underserved_score":35.01,"welfare_priority_score":24.72,"welfare_priority":"Low","priority_rank":156,"priority_services":"Drinking Water, Drainage, Evacuation Preparedness","priority_reason":"Priority is influenced by water-service gap, drainage-service gap."},"geometry":null},
{"type":"Feature","properties":{"fid":137,"dn":true,"fid_2":true,"dn_2":true,"fid_3":4125,"id":40960,"objectid_1":40960,"objectid":107495,"village":"Mahadwadi","vlcode":539110,"block":"Gadchiroli","bkcode":108.0,"subdistric":"Gadchiroli","sdcode":4057,"sub_distri":"Gadchiroli","district":"Gadchiroli","dtcode":475,"district_h":"GADCHIROLI","state":"MH","stcode":27,"country":"India","total_urba":"Rural","total_hous":113,"total_popu":420,"avg_househ":3.71681416,"total_geog":270,"total_male":222,"total_fema":198,"tapwater_t":null,"tapwater_u":null,"covered_we":null,"covered__1":"Available","covered__2":"Available","uncovered_":"Available","uncovere_1":"Available","uncovere_2":"Available","handpump_s":null,"hand_pump_":"Available","hand_pum_1":"Available","tubewell_b":null,"tube_wells":"Not Available","tube_wel_1":"Not Available","spring_sta":"Not Available","spring_fun":"Not Available","spring_f_1":"Not Available","river_cana":"Available","tank_pond_":"Available","others_sta":"Not Available","closed_dra":"Not Available","open_drain":null,"village_pi":"Available","forest_are":35,"area_under":23,"barren_unc":0,"permanent_":0,"land_under":0,"culturable":18,"fallows_la":11,"current_fa":6,"net_area_s":177,"total_unir":111,"area_irrig":66,"canals_are":0,"wells_tube":1,"tanks_lake":106,"waterfall_":0,"other_sour":4,"nearest_to":"GADCHIROLI","nearest__1":7,"shape_leng":6395.571329,"shape_le_1":6395.571329,"shape_area":2084819.314,"ds_name":"Administrative Boundary","src_agency":"Survey of India (SOI)","state_name":"Maharashtra\n","village_area_km2":2,"village_id":4125,"flood_area_km2":0.040590023,"flood_exposure_pct":2.029501155,"flood_risk":"Low","hospital_dist_km":1.5059146930225631,"name":"Janatal Hospital","amenity":"hospital","population_density":210.0,"water_availability":106.0,"drainage_availability":0.0,"healthcare_gap_score":8.7537568015380849,"river_distance_km":false,"flood_score":5.4452855865996508,"population_score":11.22394441475147,"water_gap_score":75.909090909090907,"drainage_gap_score":50.0,"service_gap_score":44.887615903543001,"river_vulnerability_score":50.0,"ml_cluster":4,"ml_risk_group":"Low","vulnerability_score":23.14,"vulnerability_class":"Low","flood_score_contribution":2.18,"population_score_contribution":2.24,"service_gap_score_contribution":11.22,"river_vulnerability_score_contribution":7.5,"underserved_score":26.9,"welfare_priority_score":20.58,"welfare_priority":"Low","priority_rank":189,"priority_services":"Drinking Water, Drainage, Evacuation Preparedness","priority_reason":"Priority is influenced by water-service gap, drainage-service gap."},"geometry":null},
{"type":"Feature","properties":{"fid":138,"dn":true,"fid_2":true,"dn_2":true,"fid_3":4289,"id":41131,"objectid_1":41131,"objectid":107666,"village":"Panchagaon","vlcode":540807,"block":"Brahmapuri","bkcode":118.0,"subdistric":"Brahmapuri","sdcode":4067,"sub_distri":"Brahmapuri","district":"Chandrapur","dtcode":473,"district_h":"CHANDRAPUR","state":"MH","stcode":27,"country":"India","total_urba":"Rural","total_hous":106,"total_popu":454,"avg_househ":4.28301887,"total_geog":331,"total_male":221,"total_fema":233,"tapwater_t":null,"tapwater_u":null,"covered_we":null,"covered__1":"Not Available","covered__2":"Not Available","uncovered_":"Available","uncovere_1":"Available","uncovere_2":"Available","handpump_s":null,"hand_pump_":"Available","hand_pum_1":"Available","tubewell_b":null,"tube_wells":"Not Available","tube_wel_1":"Not Available","spring_sta":"Not Available","spring_fun":"Not Available","spring_f_1":"Not Available","river_cana":"Not Available","tank_pond_":"Not Available","others_sta":"Not Available","closed_dra":"Not Available","open_drain":null,"village_pi":"Available","forest_are":0,"area_under":2,"barren_unc":51,"permanent_":2,"land_under":0,"culturable":105,"fallows_la":0,"current_fa":0,"net_area_s":171,"total_unir":64,"area_irrig":107,"canals_are":0,"wells_tube":41,"tanks_lake":0,"waterfall_":0,"other_sour":23,"nearest_to":"BRAHMAPURI","nearest__1":21,"shape_leng":7101.641309,"shape_le_1":7101.641309,"shape_area":3200261.499,"ds_name":"Administrative Boundary","src_agency":"Survey of India (SOI)","state_name":"Maharashtra\n","village_area_km2":3,"village_id":4289,"flood_area_km2":0.212871915,"flood_exposure_pct":7.095730487,"flood_risk":"Low","hospital_dist_km":5.8163368914361175,"name":"SDH Armori","amenity":"hospital","population_density":151.33333333333334,"water_availability":0.0,"drainage_availability":0.0,"healthcare_gap_score":34.224173722224968,"river_distance_km":false,"flood_score":19.040972804534064,"population_score":8.0883662925351878,"water_gap_score":100.0,"drainage_gap_score":50.0,"service_gap_score":61.408057907408327,"river_vulnerability_score":50.0,"ml_cluster":4,"ml_risk_group":"Low","vulnerability_score":32.09,"vulnerability_class":"Moderate","flood_score_contribution":7.62,"population_score_contribution":1.62,"service_gap_score_contribution":15.35,"river_vulnerability_score_contribution":7.5,"underserved_score":36.94,"welfare_priority_score":31.35,"welfare_priority":"Moderate","priority_rank":79,"priority_services":"Drinking Water, Drainage, Evacuation Preparedness","priority_reason":"Priority is influenced by water-service gap, drainage-service gap."},"geometry":null},
{"type":"Feature","properties":{"fid":139,"dn":true,"fid_2":true,"dn_2":true,"fid_3":4141,"id":40971,"objectid_1":40971,"objectid":107506,"village":"Pardi Kupi","vlcode":539116,"block":"Gadchiroli","bkcode":108.0,"subdistric":"Gadchiroli","sdcode":4057,"sub_distri":"Gadchiroli","district":"Gadchiroli","dtcode":475,"district_h":"GADCHIROLI","state":"MH","stcode":27,"country":"India","total_urba":"Rural","total_hous":556,"total_popu":2301,"avg_househ":4.13848921,"total_geog":1035,"total_male":1178,"total_fema":1123,"tapwater_t":null,"tapwater_u":null,"covered_we":null,"covered__1":"Available","covered__2":"Available","uncovered_":"Available","uncovere_1":"Available","uncovere_2":"Available","handpump_s":null,"hand_pump_":"Available","hand_pum_1":"Available","tubewell_b":null,"tube_wells":"Not Available","tube_wel_1":"Not Available","spring_sta":"Not Available","spring_fun":"Not Available","spring_f_1":"Not Available","river_cana":"Not Available","tank_pond_":"Not Available","others_sta":"Not Available","closed_dra":"Not Available","open_drain":null,"village_pi":"Available","forest_are":308,"area_under":0,"barren_unc":90,"permanent_":0,"land_under":187,"culturable":0,"fallows_la":0,"current_fa":0,"net_area_s":450,"total_unir":172,"area_irrig":278,"canals_are":0,"wells_tube":9,"tanks_lake":0,"waterfall_":163,"other_sour":0,"nearest_to":"GADCHIROLI","nearest__1":13,"shape_leng":14061.16384,"shape_le_1":14061.16384,"shape_area":8859321.538000001,"ds_name":"Administrative Boundary","src_agency":"Survey of India (SOI)","state_name":"Maharashtra\n","village_area_km2":9,"village_id":4141,"flood_area_km2":0.661829378,"flood_exposure_pct":7.353659757,"flood_risk":"Low","hospital_dist_km":7.0965619334595313,"name":"Nobel Multispeciality Hospital","amenity":"hospital","population_density":255.66666666666666,"water_availability":0.0,"drainage_availability":0.0,"healthcare_gap_score":41.789062745077885,"river_distance_km":false,"flood_score":19.73314946087303,"population_score":13.664706930340282,"water_gap_score":100.0,"drainage_gap_score":50.0,"service_gap_score":63.929687581692633,"river_vulnerability_score":50.0,"ml_cluster":4,"ml_risk_group":"Low","vulnerability_score":34.11,"vulnerability_class":"Moderate","flood_score_contribution":7.89,"population_score_contribution":2.73,"service_gap_score_contribution":15.98,"river_vulnerability_score_contribution":7.5,"underserved_score":40.01,"welfare_priority_score":33.81,"welfare_priority":"Moderate","priority_rank":51,"priority_services":"Drinking Water, Drainage, Evacuation Preparedness","priority_reason":"Priority is influenced by water-service gap, drainage-service gap."},"geometry":null},
{"type":"Feature","properties":{"fid":140,"dn":true,"fid_2":true,"dn_2":true,"fid_3":4655,"id":41909,"objectid_1":41909,"objectid":108444,"village":"Madeghat","vlcode":537502,"block":"Lakhandur","bkcode":94.0,"subdistric":"Lakhandur","sdcode":4043,"sub_distri":"Lakhandur","district":"Bhandara","dtcode":471,"district_h":"BHANDARA","state":"MH","stcode":27,"country":"India","total_urba":"Rural","total_hous":592,"total_popu":2362,"avg_househ":3.98986486,"total_geog":844,"total_male":1175,"total_fema":1187,"tapwater_t":null,"tapwater_u":null,"covered_we":null,"covered__1":"Available","covered__2":"Available","uncovered_":"Available","uncovere_1":"Available","uncovere_2":"Available","handpump_s":null,"hand_pump_":"Available","hand_pum_1":"Available","tubewell_b":null,"tube_wells":"Not Available","tube_wel_1":"Not Available","spring_sta":"Not Available","spring_fun":"Not Available","spring_f_1":"Not Available","river_cana":"Not Available","tank_pond_":"Available","others_sta":"Not Available","closed_dra":"Not Available","open_drain":null,"village_pi":"Available","forest_are":70,"area_under":0,"barren_unc":0,"permanent_":54,"land_under":0,"culturable":0,"fallows_la":22,"current_fa":0,"net_area_s":697,"total_unir":330,"area_irrig":367,"canals_are":330,"wells_tube":0,"tanks_lake":0,"waterfall_":0,"other_sour":0,"nearest_to":"Desaiganj","nearest__1":20,"shape_leng":8896.887352,"shape_le_1":8896.887352,"shape_area":4641196.817,"ds_name":"Administrative Boundary","src_agency":"Survey of India (SOI)","state_name":"Maharashtra\n","village_area_km2":5,"village_id":4655,"flood_area_km2":0.130818918,"flood_exposure_pct":2.616378356,"flood_risk":"Low","hospital_dist_km":4.3262292331652183,"name":"Rural Hospital, Lakhandur","amenity":"hospital","population_density":472.4,"water_availability":0.0,"drainage_availability":0.0,"healthcare_gap_score":25.41908188531929,"river_distance_km":false,"flood_score":7.0202239356662419,"population_score":25.248530197755208,"water_gap_score":100.0,"drainage_gap_score":50.0,"service_gap_score":58.473027295106426,"river_vulnerability_score":50.0,"ml_cluster":4,"ml_risk_group":"Low","vulnerability_score":29.98,"vulnerability_class":"Moderate","flood_score_contribution":2.81,"population_score_contribution":5.05,"service_gap_score_contribution":14.62,"river_vulnerability_score_contribution":7.5,"underserved_score":38.22,"welfare_priority_score":29.22,"welfare_priority":"Moderate","priority_rank":109,"priority_services":"Drinking Water, Drainage, Evacuation Preparedness","priority_reason":"Priority is influenced by water-service gap, drainage-service gap."},"geometry":null},
{"type":"Feature","properties":{"fid":141,"dn":true,"fid_2":true,"dn_2":true,"fid_3":4344,"id":41187,"objectid_1":41187,"objectid":107722,"village":"Injewari","vlcode":538575,"block":"Armori","bkcode":104.0,"subdistric":"Armori","sdcode":4053,"sub_distri":"Armori","district":"Gadchiroli","dtcode":475,"district_h":"GADCHIROLI","state":"MH","stcode":27,"country":"India","total_urba":"Rural","total_hous":379,"total_popu":1492,"avg_househ":3.93667546,"total_geog":539,"total_male":746,"total_fema":746,"tapwater_t":null,"tapwater_u":null,"covered_we":null,"covered__1":"Not Available","covered__2":"Not Available","uncovered_":"Available","uncovere_1":"Available","uncovere_2":"Available","handpump_s":null,"hand_pump_":"Available","hand_pum_1":"Available","tubewell_b":null,"tube_wells":"Not Available","tube_wel_1":"Not Available","spring_sta":"Not Available","spring_fun":"Not Available","spring_f_1":"Not Available","river_cana":"Not Available","tank_pond_":"Available","others_sta":"Not Available","closed_dra":"Not Available","open_drain":null,"village_pi":"Available","forest_are":53,"area_under":160,"barren_unc":4,"permanent_":27,"land_under":3,"culturable":22,"fallows_la":0,"current_fa":21,"net_area_s":249,"total_unir":154,"area_irrig":95,"canals_are":0,"wells_tube":148,"tanks_lake":6,"waterfall_":0,"other_sour":0,"nearest_to":"DESAIGANJ","nearest__1":36,"shape_leng":8130.275531,"shape_le_1":8130.275531,"shape_area":3643113.052,"ds_name":"Administrative Boundary","src_agency":"Survey of India (SOI)","state_name":"Maharashtra\n","village_area_km2":4,"village_id":4344,"flood_area_km2":0.839144367,"flood_exposure_pct":20.97860918,"flood_risk":"Moderate","hospital_dist_km":6.9502724001664262,"name":"SDH Armori","amenity":"hospital","population_density":373.0,"water_availability":6.0,"drainage_availability":0.0,"healthcare_gap_score":40.924633407859027,"river_distance_km":false,"flood_score":56.296940512581372,"population_score":19.935863174772848,"water_gap_score":98.63636363636364,"drainage_gap_score":50.0,"service_gap_score":63.186999014740884,"river_vulnerability_score":50.0,"ml_cluster":0,"ml_risk_group":"Very High","vulnerability_score":49.8,"vulnerability_class":"Moderate","flood_score_contribution":22.52,"population_score_contribution":3.99,"service_gap_score_contribution":15.8,"river_vulnerability_score_contribution":7.5,"underserved_score":48.83,"welfare_priority_score":50.35,"welfare_priority":"High","priority_rank":10,"priority_services":"Drinking Water, Drainage, Evacuation Preparedness, Emergency Flood Response","priority_reason":"Priority is influenced by high flood exposure, water-service gap, drainage-service gap."},"geometry":null},
{"type":"Feature","properties":{"fid":142,"dn":true,"fid_2":true,"dn_2":true,"fid_3":4284,"id":41126,"objectid_1":41126,"objectid":107661,"village":"Boddegaon","vlcode":540776,"block":"Brahmapuri","bkcode":118.0,"subdistric":"Brahmapuri","sdcode":4067,"sub_distri":"Brahmapuri","district":"Chandrapur","dtcode":473,"district_h":"CHANDRAPUR","state":"MH","stcode":27,"country":"India","total_urba":"Rural","total_hous":139,"total_popu":603,"avg_househ":4.3381295,"total_geog":341,"total_male":303,"total_fema":300,"tapwater_t":null,"tapwater_u":null,"covered_we":null,"covered__1":"Not Available","covered__2":"Not Available","uncovered_":"Available","uncovere_1":"Available","uncovere_2":"Available","handpump_s":null,"hand_pump_":"Available","hand_pum_1":"Available","tubewell_b":null,"tube_wells":"Available","tube_wel_1":"Available","spring_sta":"Not Available","spring_fun":"Not Available","spring_f_1":"Not Available","river_cana":"Not Available","tank_pond_":"Not Available","others_sta":"Not Available","closed_dra":"Not Available","open_drain":null,"village_pi":"Available","forest_are":0,"area_under":7,"barren_unc":60,"permanent_":3,"land_under":0,"culturable":2,"fallows_la":0,"current_fa":3,"net_area_s":265,"total_unir":22,"area_irrig":243,"canals_are":0,"wells_tube":16,"tanks_lake":0,"waterfall_":0,"other_sour":6,"nearest_to":"BRAHMAPURI","nearest__1":9,"shape_leng":10177.88497,"shape_le_1":10177.88497,"shape_area":4313557.527,"ds_name":"Administrative Boundary","src_agency":"Survey of India (SOI)","state_name":"Maharashtra\n","village_area_km2":4,"village_id":4284,"flood_area_km2":0.627362509,"flood_exposure_pct":15.68406272,"flood_risk":"Moderate","hospital_dist_km":6.6231166497887513,"name":"Vikttubaba physiotherapy clinic, wadsa","amenity":"hospital","population_density":150.75,"water_availability":0.0,"drainage_availability":0.0,"healthcare_gap_score":38.991460048834838,"river_distance_km":false,"flood_score":42.088543514776084,"population_score":8.0571886691608761,"water_gap_score":100.0,"drainage_gap_score":50.0,"service_gap_score":62.997153349611608,"river_vulnerability_score":50.0,"ml_cluster":0,"ml_risk_group":"Very High","vulnerability_score":41.7,"vulnerability_class":"Moderate","flood_score_contribution":16.84,"population_score_contribution":1.61,"service_gap_score_contribution":15.75,"river_vulnerability_score_contribution":7.5,"underserved_score":42.33,"welfare_priority_score":41.58,"welfare_priority":"Moderate","priority_rank":21,"priority_services":"Drinking Water, Drainage, Evacuation Preparedness","priority_reason":"Priority is influenced by water-service gap, drainage-service gap."},"geometry":null},
{"type":"Feature","properties":{"fid":143,"dn":true,"fid_2":true,"dn_2":true,"fid_3":3045,"id":39843,"objectid_1":39843,"objectid":106378,"village":"Pulkhal","vlcode":539159,"block":"Gadchiroli","bkcode":108.0,"subdistric":"Gadchiroli","sdcode":4057,"sub_distri":"Gadchiroli","district":"Gadchiroli","dtcode":475,"district_h":"GADCHIROLI","state":"MH","stcode":27,"country":"India","total_urba":"Rural","total_hous":280,"total_popu":1082,"avg_househ":3.86428571,"total_geog":459,"total_male":540,"total_fema":542,"tapwater_t":null,"tapwater_u":null,"covered_we":null,"covered__1":"Not Available","covered__2":"Not Available","uncovered_":"Available","uncovere_1":"Available","uncovere_2":"Available","handpump_s":null,"hand_pump_":"Available","hand_pum_1":"Available","tubewell_b":null,"tube_wells":"Not Available","tube_wel_1":"Not Available","spring_sta":"Not Available","spring_fun":"Not Available","spring_f_1":"Not Available","river_cana":"Not Available","tank_pond_":"Not Available","others_sta":"Not Available","closed_dra":"Not Available","open_drain":null,"village_pi":"Available","forest_are":0,"area_under":85,"barren_unc":10,"permanent_":23,"land_under":0,"culturable":48,"fallows_la":0,"current_fa":0,"net_area_s":293,"total_unir":104,"area_irrig":189,"canals_are":0,"wells_tube":0,"tanks_lake":103,"waterfall_":0,"other_sour":1,"nearest_to":"GADCHIROLI","nearest__1":10,"shape_leng":12875.28962,"shape_le_1":12875.28962,"shape_area":9477970.062000001,"ds_name":"Administrative Boundary","src_agency":"Survey of India (SOI)","state_name":"Maharashtra\n","village_area_km2":10,"village_id":3045,"flood_area_km2":1.397807807,"flood_exposure_pct":13.97807807,"flood_risk":"Low","hospital_dist_km":5.5240144826924018,"name":"Dr. Mallick Hospital","amenity":"hospital","population_density":108.2,"water_availability":103.0,"drainage_availability":0.0,"healthcare_gap_score":32.496831646847241,"river_distance_km":false,"flood_score":37.51037853643686,"population_score":5.783003741314805,"water_gap_score":76.590909090909093,"drainage_gap_score":50.0,"service_gap_score":53.02924691258545,"river_vulnerability_score":50.0,"ml_cluster":0,"ml_risk_group":"Very High","vulnerability_score":36.92,"vulnerability_class":"Moderate","flood_score_contribution":15.0,"population_score_contribution":1.16,"service_gap_score_contribution":13.26,"river_vulnerability_score_contribution":7.5,"underserved_score":35.75,"welfare_priority_score":35.64,"welfare_priority":"Moderate","priority_rank":40,"priority_services":"Drinking Water, Drainage, Evacuation Preparedness","priority_reason":"Priority is influenced by water-service gap, drainage-service gap."},"geometry":null},
{"type":"Feature","properties":{"fid":144,"dn":true,"fid_2":true,"dn_2":true,"fid_3":4192,"id":41025,"objectid_1":41025,"objectid":107560,"village":"Kinhi","vlcode":540780,"block":"Brahmapuri","bkcode":118.0,"subdistric":"Brahmapuri","sdcode":4067,"sub_distri":"Brahmapuri","district":"Chandrapur","dtcode":473,"district_h":"CHANDRAPUR","state":"MH","stcode":27,"country":"India","total_urba":"Rural","total_hous":309,"total_popu":1381,"avg_househ":4.46925566,"total_geog":335,"total_male":671,"total_fema":710,"tapwater_t":null,"tapwater_u":null,"covered_we":null,"covered__1":"Not Available","covered__2":"Not Available","uncovered_":"Available","uncovere_1":"Available","uncovere_2":"Available","handpump_s":null,"hand_pump_":"Available","hand_pum_1":"Available","tubewell_b":null,"tube_wells":"Not Available","tube_wel_1":"Not Available","spring_sta":"Not Available","spring_fun":"Not Available","spring_f_1":"Not Available","river_cana":"Not Available","tank_pond_":"Not Available","others_sta":"Not Available","closed_dra":"Not Available","open_drain":null,"village_pi":"Available","forest_are":0,"area_under":8,"barren_unc":0,"permanent_":1,"land_under":0,"culturable":2,"fallows_la":15,"current_fa":2,"net_area_s":308,"total_unir":44,"area_irrig":265,"canals_are":0,"wells_tube":44,"tanks_lake":0,"waterfall_":0,"other_sour":0,"nearest_to":"BRAHMAPURI","nearest__1":7,"shape_leng":7806.901801,"shape_le_1":7806.901801,"shape_area":3629130.198,"ds_name":"Administrative Boundary","src_agency":"Survey of India (SOI)","state_name":"Maharashtra\n","village_area_km2":4,"village_id":4192,"flood_area_km2":0.467326961,"flood_exposure_pct":11.68317404,"flood_risk":"Low","hospital_dist_km":2.3343696766164692,"name":"Mohadi Hospital","amenity":"hospital","population_density":345.25,"water_availability":0.0,"drainage_availability":0.0,"healthcare_gap_score":13.649122698624414,"river_distance_km":false,"flood_score":31.351794835935486,"population_score":18.452699091394976,"water_gap_score":100.0,"drainage_gap_score":50.0,"service_gap_score":54.549707566208134,"river_vulnerability_score":50.0,"ml_cluster":4,"ml_risk_group":"Low","vulnerability_score":37.37,"vulnerability_class":"Moderate","flood_score_contribution":12.54,"population_score_contribution":3.69,"service_gap_score_contribution":13.64,"river_vulnerability_score_contribution":7.5,"underserved_score":39.08,"welfare_priority_score":36.5,"welfare_priority":"Moderate","priority_rank":38,"priority_services":"Drinking Water, Drainage, Evacuation Preparedness","priority_reason":"Priority is influenced by water-service gap, drainage-service gap."},"geometry":null},
{"type":"Feature","properties":{"fid":145,"dn":true,"fid_2":true,"dn_2":true,"fid_3":4060,"id":40884,"objectid_1":40884,"objectid":107419,"village":"Halda","vlcode":540857,"block":"Brahmapuri","bkcode":118.0,"subdistric":"Brahmapuri","sdcode":4067,"sub_distri":"Brahmapuri","district":"Chandrapur","dtcode":473,"district_h":"CHANDRAPUR","state":"MH","stcode":27,"country":"India","total_urba":"Rural","total_hous":930,"total_popu":3555,"avg_househ":3.82258065,"total_geog":1478,"total_male":1769,"total_fema":1786,"tapwater_t":null,"tapwater_u":null,"covered_we":null,"covered__1":"Available","covered__2":"Available","uncovered_":"Available","uncovere_1":"Available","uncovere_2":"Available","handpump_s":null,"hand_pump_":"Not Available","hand_pum_1":"Not Available","tubewell_b":null,"tube_wells":"Available","tube_wel_1":"Not Available","spring_sta":"Not Available","spring_fun":"Not Available","spring_f_1":"Not Available","river_cana":"Not Available","tank_pond_":"Available","others_sta":"Not Available","closed_dra":"Not Available","open_drain":null,"village_pi":"Available","forest_are":424,"area_under":75,"barren_unc":145,"permanent_":10,"land_under":0,"culturable":16,"fallows_la":11,"current_fa":47,"net_area_s":749,"total_unir":193,"area_irrig":557,"canals_are":0,"wells_tube":0,"tanks_lake":193,"waterfall_":0,"other_sour":0,"nearest_to":"BRAHMAPURI","nearest__1":37,"shape_leng":15857.48583,"shape_le_1":15857.48583,"shape_area":15953891.91,"ds_name":"Administrative Boundary","src_agency":"Survey of India (SOI)","state_name":"Maharashtra\n","village_area_km2":17,"village_id":4060,"flood_area_km2":0.663181159,"flood_exposure_pct":3.901065639,"flood_risk":"Low","hospital_dist_km":12.855352267135872,"name":"SDH Armori","amenity":"hospital","population_density":209.11764705882354,"water_availability":193.0,"drainage_availability":0.0,"healthcare_gap_score":75.817931381552256,"river_distance_km":false,"flood_score":10.467799110008151,"population_score":11.176784984437388,"water_gap_score":56.136363636363633,"drainage_gap_score":50.0,"service_gap_score":60.65143167263863,"river_vulnerability_score":50.0,"ml_cluster":3,"ml_risk_group":"High","vulnerability_score":29.09,"vulnerability_class":"Moderate","flood_score_contribution":4.19,"population_score_contribution":2.24,"service_gap_score_contribution":15.16,"river_vulnerability_score_contribution":7.5,"underserved_score":35.77,"welfare_priority_score":28.19,"welfare_priority":"Moderate","priority_rank":120,"priority_services":"Healthcare, Drinking Water, Drainage, Evacuation Preparedness","priority_reason":"Priority is influenced by limited healthcare accessibility, water-service gap, drainage-service gap."},"geometry":null},
{"type":"Feature","properties":{"fid":146,"dn":true,"fid_2":true,"dn_2":true,"fid_3":3115,"id":39914,"objectid_1":39914,"objectid":106449,"village":"Reserved Forest","vlcode":999999,"block":null,"bkcode":null,"subdistric":"Sawali","sdcode":4068,"sub_distri":null,"district":"Chandrapur","dtcode":473,"district_h":null,"state":"MH","stcode":27,"country":"India","total_urba":"Rural","total_hous":0,"total_popu":0,"avg_househ":0.0,"total_geog":0,"total_male":0,"total_fema":0,"tapwater_t":null,"tapwater_u":null,"covered_we":null,"covered__1":null,"covered__2":null,"uncovered_":null,"uncovere_1":null,"uncovere_2":null,"handpump_s":null,"hand_pump_":null,"hand_pum_1":null,"tubewell_b":null,"tube_wells":null,"tube_wel_1":null,"spring_sta":null,"spring_fun":null,"spring_f_1":null,"river_cana":null,"tank_pond_":null,"others_sta":null,"closed_dra":null,"open_drain":null,"village_pi":null,"forest_are":0,"area_under":0,"barren_unc":0,"permanent_":0,"land_under":0,"culturable":0,"fallows_la":0,"current_fa":0,"net_area_s":0,"total_unir":0,"area_irrig":0,"canals_are":0,"wells_tube":0,"tanks_lake":0,"waterfall_":0,"other_sour":0,"nearest_to":null,"nearest__1":0,"shape_leng":18090.20169,"shape_le_1":18090.20169,"shape_area":8349442.09,"ds_name":"Administrative Boundary","src_agency":"Survey of India (SOI)","state_name":"Maharashtra\n","village_area_km2":9,"village_id":3115,"flood_area_km2":0.019865797,"flood_exposure_pct":0.220731081,"flood_risk":"Low","hospital_dist_km":2.7838169467290927,"name":"Government Hospital, Kanpa","amenity":"hospital","population_density":0.0,"water_availability":0.0,"drainage_availability":0.0,"healthcare_gap_score":16.304920397013767,"river_distance_km":false,"flood_score":0.59128657397380868,"population_score":0.0,"water_gap_score":100.0,"drainage_gap_score":50.0,"service_gap_score":55.434973465671256,"river_vulnerability_score":50.0,"ml_cluster":4,"ml_risk_group":"Low","vulnerability_score":21.6,"vulnerability_class":"Low","flood_score_contribution":0.24,"population_score_contribution":0.0,"service_gap_score_contribution":13.86,"river_vulnerability_score_contribution":7.5,"underserved_score":27.84,"welfare_priority_score":19.65,"welfare_priority":"Low","priority_rank":194,"priority_services":"Drinking Water, Drainage, Evacuation Preparedness","priority_reason":"Priority is influenced by water-service gap, drainage-service gap."},"geometry":null},
{"type":"Feature","properties":{"fid":147,"dn":true,"fid_2":true,"dn_2":true,"fid_3":4585,"id":41839,"objectid_1":41839,"objectid":108374,"village":"Parsodi Jani","vlcode":540773,"block":"Brahmapuri","bkcode":118.0,"subdistric":"Brahmapuri","sdcode":4067,"sub_distri":"Brahmapuri","district":"Chandrapur","dtcode":473,"district_h":"CHANDRAPUR","state":"MH","stcode":27,"country":"India","total_urba":"Rural","total_hous":69,"total_popu":299,"avg_househ":4.33333333,"total_geog":114,"total_male":163,"total_fema":136,"tapwater_t":null,"tapwater_u":null,"covered_we":null,"covered__1":"Not Available","covered__2":"Not Available","uncovered_":"Available","uncovere_1":"Available","uncovere_2":"Available","handpump_s":null,"hand_pump_":"Available","hand_pum_1":"Available","tubewell_b":null,"tube_wells":"Not Available","tube_wel_1":"Not Available","spring_sta":"Not Available","spring_fun":"Not Available","spring_f_1":"Not Available","river_cana":"Not Available","tank_pond_":"Not Available","others_sta":"Not Available","closed_dra":"Not Available","open_drain":null,"village_pi":"Available","forest_are":5,"area_under":0,"barren_unc":16,"permanent_":1,"land_under":0,"culturable":0,"fallows_la":0,"current_fa":0,"net_area_s":91,"total_unir":27,"area_irrig":64,"canals_are":0,"wells_tube":0,"tanks_lake":27,"waterfall_":0,"other_sour":0,"nearest_to":"BRAHMAPURI","nearest__1":3,"shape_leng":7396.05311,"shape_le_1":7396.05311,"shape_area":1681203.371,"ds_name":"Administrative Boundary","src_agency":"Survey of India (SOI)","state_name":"Maharashtra\n","village_area_km2":2,"village_id":4585,"flood_area_km2":0.064062273,"flood_exposure_pct":3.203113654,"flood_risk":"Low","hospital_dist_km":3.0340294048113492,"name":"Akshay Nursing Home","amenity":"hospital","population_density":149.5,"water_availability":27.0,"drainage_availability":0.0,"healthcare_gap_score":17.783433482912994,"river_distance_km":false,"flood_score":8.5947814751253624,"population_score":7.990379476215927,"water_gap_score":93.86363636363636,"drainage_gap_score":50.0,"service_gap_score":53.88235661551645,"river_vulnerability_score":50.0,"ml_cluster":4,"ml_risk_group":"Low","vulnerability_score":26.01,"vulnerability_class":"Moderate","flood_score_contribution":3.44,"population_score_contribution":1.6,"service_gap_score_contribution":13.47,"river_vulnerability_score_contribution":7.5,"underserved_score":31.06,"welfare_priority_score":24.31,"welfare_priority":"Low","priority_rank":160,"priority_services":"Drinking Water, Drainage, Evacuation Preparedness","priority_reason":"Priority is influenced by water-service gap, drainage-service gap."},"geometry":null},
{"type":"Feature","properties":{"fid":148,"dn":true,"fid_2":true,"dn_2":true,"fid_3":3005,"id":39802,"objectid_1":39802,"objectid":106337,"village":"Weltur Tukum","vlcode":539233,"block":"Chamorshi","bkcode":109.0,"subdistric":"Chamorshi","sdcode":4058,"sub_distri":"Chamorshi","district":"Gadchiroli","dtcode":475,"district_h":"GADCHIROLI","state":"MH","stcode":27,"country":"India","total_urba":"Rural","total_hous":176,"total_popu":762,"avg_househ":4.32954545,"total_geog":256,"total_male":373,"total_fema":389,"tapwater_t":null,"tapwater_u":null,"covered_we":null,"covered__1":"Available","covered__2":"Available","uncovered_":"Available","uncovere_1":"Available","uncovere_2":"Available","handpump_s":null,"hand_pump_":"Available","hand_pum_1":"Available","tubewell_b":null,"tube_wells":"Available","tube_wel_1":"Available","spring_sta":"Not Available","spring_fun":"Not Available","spring_f_1":"Not Available","river_cana":"Available","tank_pond_":"Not Available","others_sta":"Not Available","closed_dra":"Not Available","open_drain":null,"village_pi":"Available","forest_are":0,"area_under":87,"barren_unc":0,"permanent_":14,"land_under":3,"culturable":0,"fallows_la":0,"current_fa":1,"net_area_s":151,"total_unir":109,"area_irrig":42,"canals_are":108,"wells_tube":1,"tanks_lake":0,"waterfall_":0,"other_sour":0,"nearest_to":"MUL","nearest__1":16,"shape_leng":8896.726222,"shape_le_1":8896.726222,"shape_area":3839467.268,"ds_name":"Administrative Boundary","src_agency":"Survey of India (SOI)","state_name":"Maharashtra\n","village_area_km2":4,"village_id":3005,"flood_area_km2":0.061547393,"flood_exposure_pct":1.538684818,"flood_risk":"Low","hospital_dist_km":9.8066522663815796,"name":"Balprabha Hospital","amenity":"hospital","population_density":190.5,"water_availability":0.0,"drainage_availability":0.0,"healthcare_gap_score":57.803069609104583,"river_distance_km":false,"flood_score":4.1281353034185324,"population_score":10.181721004810262,"water_gap_score":100.0,"drainage_gap_score":50.0,"service_gap_score":69.267689869701528,"river_vulnerability_score":50.0,"ml_cluster":1,"ml_risk_group":"Very Low","vulnerability_score":28.5,"vulnerability_class":"Moderate","flood_score_contribution":1.65,"population_score_contribution":2.04,"service_gap_score_contribution":17.32,"river_vulnerability_score_contribution":7.5,"underserved_score":38.51,"welfare_priority_score":28.32,"welfare_priority":"Moderate","priority_rank":117,"priority_services":"Healthcare, Drinking Water, Drainage, Evacuation Preparedness","priority_reason":"Priority is influenced by limited healthcare accessibility, water-service gap, drainage-service gap."},"geometry":null},
{"type":"Feature","properties":{"fid":149,"dn":true,"fid_2":true,"dn_2":true,"fid_3":4326,"id":41169,"objectid_1":41169,"objectid":107704,"village":"Arsoda","vlcode":538516,"block":"Armori","bkcode":104.0,"subdistric":"Armori","sdcode":4053,"sub_distri":"Armori","district":"Gadchiroli","dtcode":475,"district_h":"GADCHIROLI","state":"MH","stcode":27,"country":"India","total_urba":"Rural","total_hous":660,"total_popu":2621,"avg_househ":3.97121212,"total_geog":551,"total_male":1345,"total_fema":1276,"tapwater_t":null,"tapwater_u":null,"covered_we":null,"covered__1":"Available","covered__2":"Available","uncovered_":"Available","uncovere_1":"Available","uncovere_2":"Available","handpump_s":null,"hand_pump_":"Available","hand_pum_1":"Available","tubewell_b":null,"tube_wells":"Available","tube_wel_1":"Available","spring_sta":"Not Available","spring_fun":"Not Available","spring_f_1":"Not Available","river_cana":"Available","tank_pond_":"Available","others_sta":"Not Available","closed_dra":"Not Available","open_drain":null,"village_pi":"Available","forest_are":53,"area_under":108,"barren_unc":0,"permanent_":10,"land_under":0,"culturable":31,"fallows_la":5,"current_fa":5,"net_area_s":338,"total_unir":271,"area_irrig":67,"canals_are":270,"wells_tube":1,"tanks_lake":0,"waterfall_":0,"other_sour":0,"nearest_to":"DESAIGANJ","nearest__1":20,"shape_leng":10503.12115,"shape_le_1":10503.12115,"shape_area":4742420.463,"ds_name":"Administrative Boundary","src_agency":"Survey of India (SOI)","state_name":"Maharashtra\n","village_area_km2":5,"village_id":4326,"flood_area_km2":0.235203621,"flood_exposure_pct":4.70407242,"flood_risk":"Low","hospital_dist_km":2.9799352427739385,"name":"SDH Armori","amenity":"hospital","population_density":524.2,"water_availability":0.0,"drainage_availability":0.0,"healthcare_gap_score":17.463789420998332,"river_distance_km":false,"flood_score":12.622740845353258,"population_score":28.017103153393908,"water_gap_score":100.0,"drainage_gap_score":50.0,"service_gap_score":55.821263140332775,"river_vulnerability_score":50.0,"ml_cluster":4,"ml_risk_group":"Low","vulnerability_score":32.11,"vulnerability_class":"Moderate","flood_score_contribution":5.05,"population_score_contribution":5.6,"service_gap_score_contribution":13.96,"river_vulnerability_score_contribution":7.5,"underserved_score":38.84,"welfare_priority_score":31.28,"welfare_priority":"Moderate","priority_rank":80,"priority_services":"Drinking Water, Drainage, Evacuation Preparedness","priority_reason":"Priority is influenced by water-service gap, drainage-service gap."},"geometry":null},
{"type":"Feature","properties":{"fid":150,"dn":true,"fid_2":true,"dn_2":true,"fid_3":4100,"id":40931,"objectid_1":40931,"objectid":107466,"village":"Wasa Chak No 2","vlcode":539097,"block":"Gadchiroli","bkcode":108.0,"subdistric":"Gadchiroli","sdcode":4057,"sub_distri":"Gadchiroli","district":"Gadchiroli","dtcode":475,"district_h":"GADCHIROLI","state":"MH","stcode":27,"country":"India","total_urba":"Rural","total_hous":73,"total_popu":254,"avg_househ":3.47945205,"total_geog":230,"total_male":124,"total_fema":130,"tapwater_t":null,"tapwater_u":null,"covered_we":null,"covered__1":"Not Available","covered__2":"Not Available","uncovered_":"Available","uncovere_1":"Available","uncovere_2":"Available","handpump_s":null,"hand_pump_":"Available","hand_pum_1":"Available","tubewell_b":null,"tube_wells":"Available","tube_wel_1":"Available","spring_sta":"Not Available","spring_fun":"Not Available","spring_f_1":"Not Available","river_cana":"Not Available","tank_pond_":"Available","others_sta":"Not Available","closed_dra":"Not Available","open_drain":null,"village_pi":"Available","forest_are":0,"area_under":18,"barren_unc":0,"permanent_":50,"land_under":0,"culturable":20,"fallows_la":12,"current_fa":3,"net_area_s":126,"total_unir":38,"area_irrig":88,"canals_are":0,"wells_tube":0,"tanks_lake":36,"waterfall_":0,"other_sour":2,"nearest_to":"GADCHIROLI","nearest__1":15,"shape_leng":5961.420311,"shape_le_1":5961.420311,"shape_area":1917648.89,"ds_name":"Administrative Boundary","src_agency":"Survey of India (SOI)","state_name":"Maharashtra\n","village_area_km2":2,"village_id":4100,"flood_area_km2":0.082940389,"flood_exposure_pct":4.147019455,"flood_risk":"Low","hospital_dist_km":13.402102316444134,"name":"Janatal Hospital","amenity":"hospital","population_density":127.0,"water_availability":36.0,"drainage_availability":0.0,"healthcare_gap_score":79.048694185347429,"river_distance_km":false,"flood_score":11.127838546295042,"population_score":6.787814003206841,"water_gap_score":91.818181818181813,"drainage_gap_score":50.0,"service_gap_score":73.622292001176405,"river_vulnerability_score":50.0,"ml_cluster":1,"ml_risk_group":"Very Low","vulnerability_score":31.71,"vulnerability_class":"Moderate","flood_score_contribution":4.45,"population_score_contribution":1.36,"service_gap_score_contribution":18.41,"river_vulnerability_score_contribution":7.5,"underserved_score":41.07,"welfare_priority_score":32.0,"welfare_priority":"Moderate","priority_rank":71,"priority_services":"Healthcare, Drinking Water, Drainage, Evacuation Preparedness","priority_reason":"Priority is influenced by limited healthcare accessibility, water-service gap, drainage-service gap."},"geometry":null},
{"type":"Feature","properties":{"fid":151,"dn":true,"fid_2":true,"dn_2":true,"fid_3":2737,"id":39538,"objectid_1":39538,"objectid":106073,"village":"Pipari Deshpande","vlcode":541468,"block":"Pombhurna","bkcode":124.0,"subdistric":"Pombhurna","sdcode":4073,"sub_distri":"Pombhurna","district":"Chandrapur","dtcode":473,"district_h":"CHANDRAPUR","state":"MH","stcode":27,"country":"India","total_urba":"Rural","total_hous":280,"total_popu":1094,"avg_househ":3.90714286,"total_geog":727,"total_male":568,"total_fema":526,"tapwater_t":null,"tapwater_u":null,"covered_we":null,"covered__1":"Not Available","covered__2":"Not Available","uncovered_":"Available","uncovere_1":"Available","uncovere_2":"Available","handpump_s":null,"hand_pump_":"Available","hand_pum_1":"Available","tubewell_b":null,"tube_wells":"Not Available","tube_wel_1":"Not Available","spring_sta":"Not Available","spring_fun":"Not Available","spring_f_1":"Not Available","river_cana":"Available","tank_pond_":"Not Available","others_sta":"Not Available","closed_dra":"Not Available","open_drain":null,"village_pi":"Available","forest_are":0,"area_under":0,"barren_unc":0,"permanent_":73,"land_under":0,"culturable":115,"fallows_la":0,"current_fa":0,"net_area_s":540,"total_unir":82,"area_irrig":458,"canals_are":0,"wells_tube":70,"tanks_lake":0,"waterfall_":0,"other_sour":12,"nearest_to":"MUL","nearest__1":32,"shape_leng":10685.90538,"shape_le_1":10685.90538,"shape_area":7663754.663,"ds_name":"Administrative Boundary","src_agency":"Survey of India (SOI)","state_name":"Maharashtra\n","village_area_km2":8,"village_id":2737,"flood_area_km2":0.008057646,"flood_exposure_pct":0.100720577,"flood_risk":"Low","hospital_dist_km":14.602629428925916,"name":null,"amenity":null,"population_density":136.75,"water_availability":0.0,"drainage_availability":0.0,"healthcare_gap_score":86.142645699135002,"river_distance_km":false,"flood_score":0.2692274707775173,"population_score":7.308925708177445,"water_gap_score":100.0,"drainage_gap_score":50.0,"service_gap_score":78.71421523304501,"river_vulnerability_score":50.0,"ml_cluster":1,"ml_risk_group":"Very Low","vulnerability_score":28.75,"vulnerability_class":"Moderate","flood_score_contribution":0.11,"population_score_contribution":1.46,"service_gap_score_contribution":19.68,"river_vulnerability_score_contribution":7.5,"underserved_score":41.6,"welfare_priority_score":29.34,"welfare_priority":"Moderate","priority_rank":104,"priority_services":"Healthcare, Drinking Water, Drainage, Evacuation Preparedness","priority_reason":"Priority is influenced by limited healthcare accessibility, water-service gap, drainage-service gap."},"geometry":null},
{"type":"Feature","properties":{"fid":152,"dn":true,"fid_2":true,"dn_2":true,"fid_3":4672,"id":41928,"objectid_1":41928,"objectid":108463,"village":"Sawargaon","vlcode":537506,"block":"Lakhandur","bkcode":94.0,"subdistric":"Lakhandur","sdcode":4043,"sub_distri":"Lakhandur","district":"Bhandara","dtcode":471,"district_h":"BHANDARA","state":"MH","stcode":27,"country":"India","total_urba":"Rural","total_hous":122,"total_popu":492,"avg_househ":4.03278689,"total_geog":264,"total_male":235,"total_fema":257,"tapwater_t":null,"tapwater_u":null,"covered_we":null,"covered__1":"Not Available","covered__2":"Not Available","uncovered_":"Available","uncovere_1":"Available","uncovere_2":"Available","handpump_s":null,"hand_pump_":"Available","hand_pum_1":"Available","tubewell_b":null,"tube_wells":"Available","tube_wel_1":"Available","spring_sta":"Not Available","spring_fun":"Not Available","spring_f_1":"Not Available","river_cana":"Not Available","tank_pond_":"Not Available","others_sta":"Available","closed_dra":"Not Available","open_drain":null,"village_pi":"Available","forest_are":0,"area_under":26,"barren_unc":0,"permanent_":0,"land_under":0,"culturable":0,"fallows_la":2,"current_fa":0,"net_area_s":235,"total_unir":90,"area_irrig":145,"canals_are":0,"wells_tube":90,"tanks_lake":0,"waterfall_":0,"other_sour":0,"nearest_to":"Desaiganj","nearest__1":20,"shape_leng":7352.165579,"shape_le_1":7352.165579,"shape_area":2869311.642,"ds_name":"Administrative Boundary","src_agency":"Survey of India (SOI)","state_name":"Maharashtra\n","village_area_km2":3,"village_id":4672,"flood_area_km2":0.033250051,"flood_exposure_pct":1.108335044,"flood_risk":"Low","hospital_dist_km":4.7648761006339742,"name":"Sub District Hospital","amenity":"hospital","population_density":164.0,"water_availability":0.0,"drainage_availability":0.0,"healthcare_gap_score":28.011059673363931,"river_distance_km":false,"flood_score":2.9732525418632045,"population_score":8.7653661143773398,"water_gap_score":100.0,"drainage_gap_score":50.0,"service_gap_score":59.337019891121315,"river_vulnerability_score":50.0,"ml_cluster":4,"ml_risk_group":"Low","vulnerability_score":25.28,"vulnerability_class":"Moderate","flood_score_contribution":1.19,"population_score_contribution":1.75,"service_gap_score_contribution":14.83,"river_vulnerability_score_contribution":7.5,"underserved_score":32.89,"welfare_priority_score":24.03,"welfare_priority":"Low","priority_rank":162,"priority_services":"Drinking Water, Drainage, Evacuation Preparedness","priority_reason":"Priority is influenced by water-service gap, drainage-service gap."},"geometry":null},
{"type":"Feature","properties":{"fid":153,"dn":true,"fid_2":true,"dn_2":true,"fid_3":4162,"id":40995,"objectid_1":40995,"objectid":107530,"village":"Surbodi","vlcode":540744,"block":"Brahmapuri","bkcode":118.0,"subdistric":"Brahmapuri","sdcode":4067,"sub_distri":"Brahmapuri","district":"Chandrapur","dtcode":473,"district_h":"CHANDRAPUR","state":"MH","stcode":27,"country":"India","total_urba":"Rural","total_hous":231,"total_popu":899,"avg_househ":3.89177489,"total_geog":299,"total_male":455,"total_fema":444,"tapwater_t":null,"tapwater_u":null,"covered_we":null,"covered__1":"Not Available","covered__2":"Not Available","uncovered_":"Available","uncovere_1":"Not Available","uncovere_2":"Not Available","handpump_s":null,"hand_pump_":"Available","hand_pum_1":"Available","tubewell_b":null,"tube_wells":"Available","tube_wel_1":"Available","spring_sta":"Not Available","spring_fun":"Not Available","spring_f_1":"Not Available","river_cana":"Not Available","tank_pond_":"Not Available","others_sta":"Not Available","closed_dra":"Not Available","open_drain":null,"village_pi":"Available","forest_are":0,"area_under":24,"barren_unc":9,"permanent_":1,"land_under":0,"culturable":3,"fallows_la":2,"current_fa":3,"net_area_s":258,"total_unir":109,"area_irrig":149,"canals_are":0,"wells_tube":109,"tanks_lake":0,"waterfall_":0,"other_sour":0,"nearest_to":"BRAHMAPURI","nearest__1":8,"shape_leng":6300.017981,"shape_le_1":6300.017981,"shape_area":2107533.786,"ds_name":"Administrative Boundary","src_agency":"Survey of India (SOI)","state_name":"Maharashtra\n","village_area_km2":2,"village_id":4162,"flood_area_km2":0.081823918,"flood_exposure_pct":4.091195879,"flood_risk":"Low","hospital_dist_km":4.7429177070186599,"name":"Vikttubaba physiotherapy clinic, wadsa","amenity":"hospital","population_density":449.5,"water_availability":0.0,"drainage_availability":0.0,"healthcare_gap_score":27.881306852283792,"river_distance_km":false,"flood_score":10.978030902592705,"population_score":24.02458578300374,"water_gap_score":100.0,"drainage_gap_score":50.0,"service_gap_score":59.293768950761262,"river_vulnerability_score":50.0,"ml_cluster":4,"ml_risk_group":"Low","vulnerability_score":31.52,"vulnerability_class":"Moderate","flood_score_contribution":4.39,"population_score_contribution":4.8,"service_gap_score_contribution":14.82,"river_vulnerability_score_contribution":7.5,"underserved_score":39.05,"welfare_priority_score":30.89,"welfare_priority":"Moderate","priority_rank":87,"priority_services":"Drinking Water, Drainage, Evacuation Preparedness","priority_reason":"Priority is influenced by water-service gap, drainage-service gap."},"geometry":null},
{"type":"Feature","properties":{"fid":154,"dn":true,"fid_2":true,"dn_2":true,"fid_3":4307,"id":41149,"objectid_1":41149,"objectid":107684,"village":"Deulgaon","vlcode":538574,"block":"Armori","bkcode":104.0,"subdistric":"Armori","sdcode":4053,"sub_distri":"Armori","district":"Gadchiroli","dtcode":475,"district_h":"GADCHIROLI","state":"MH","stcode":27,"country":"India","total_urba":"Rural","total_hous":419,"total_popu":1691,"avg_househ":4.03579952,"total_geog":987,"total_male":844,"total_fema":847,"tapwater_t":null,"tapwater_u":null,"covered_we":null,"covered__1":"Not Available","covered__2":"Not Available","uncovered_":"Available","uncovere_1":"Available","uncovere_2":"Available","handpump_s":null,"hand_pump_":"Available","hand_pum_1":"Available","tubewell_b":null,"tube_wells":"Available","tube_wel_1":"Available","spring_sta":"Not Available","spring_fun":"Not Available","spring_f_1":"Not Available","river_cana":"Available","tank_pond_":"Available","others_sta":"Not Available","closed_dra":"Not Available","open_drain":null,"village_pi":"Available","forest_are":233,"area_under":111,"barren_unc":133,"permanent_":20,"land_under":0,"culturable":68,"fallows_la":0,"current_fa":0,"net_area_s":421,"total_unir":229,"area_irrig":192,"canals_are":0,"wells_tube":195,"tanks_lake":34,"waterfall_":0,"other_sour":0,"nearest_to":"DESAIGANJ","nearest__1":28,"shape_leng":11419.25848,"shape_le_1":11419.25848,"shape_area":7397932.652,"ds_name":"Administrative Boundary","src_agency":"Survey of India (SOI)","state_name":"Maharashtra\n","village_area_km2":8,"village_id":4307,"flood_area_km2":2.623238898,"flood_exposure_pct":32.79048622,"flood_risk":"High","hospital_dist_km":7.4847408268062798,"name":"SDH Armori","amenity":"hospital","population_density":211.375,"water_availability":34.0,"drainage_availability":0.0,"healthcare_gap_score":44.082823726772773,"river_distance_km":false,"flood_score":87.995186914140234,"population_score":11.297434526990914,"water_gap_score":92.27272727272728,"drainage_gap_score":50.0,"service_gap_score":62.118516999833354,"river_vulnerability_score":50.0,"ml_cluster":0,"ml_risk_group":"Very High","vulnerability_score":60.49,"vulnerability_class":"High","flood_score_contribution":35.2,"population_score_contribution":2.26,"service_gap_score_contribution":15.53,"river_vulnerability_score_contribution":7.5,"underserved_score":52.05,"welfare_priority_score":61.3,"welfare_priority":"High","priority_rank":4,"priority_services":"Drinking Water, Drainage, Evacuation Preparedness, Emergency Flood Response","priority_reason":"Priority is influenced by high flood exposure, water-service gap, drainage-service gap."},"geometry":null},
{"type":"Feature","properties":{"fid":155,"dn":true,"fid_2":true,"dn_2":true,"fid_3":4292,"id":41134,"objectid_1":41134,"objectid":107669,"village":"Awalgaon","vlcode":540840,"block":"Brahmapuri","bkcode":118.0,"subdistric":"Brahmapuri","sdcode":4067,"sub_distri":"Brahmapuri","district":"Chandrapur","dtcode":473,"district_h":"CHANDRAPUR","state":"MH","stcode":27,"country":"India","total_urba":"Rural","total_hous":1064,"total_popu":4114,"avg_househ":3.86654135,"total_geog":1714,"total_male":2038,"total_fema":2076,"tapwater_t":null,"tapwater_u":null,"covered_we":null,"covered__1":"Available","covered__2":"Available","uncovered_":"Available","uncovere_1":"Available","uncovere_2":"Available","handpump_s":null,"hand_pump_":"Available","hand_pum_1":"Available","tubewell_b":null,"tube_wells":"Not Available","tube_wel_1":"Not Available","spring_sta":"Not Available","spring_fun":"Not Available","spring_f_1":"Not Available","river_cana":"Available","tank_pond_":"Available","others_sta":"Not Available","closed_dra":"Not Available","open_drain":null,"village_pi":"Available","forest_are":710,"area_under":230,"barren_unc":0,"permanent_":20,"land_under":0,"culturable":0,"fallows_la":0,"current_fa":54,"net_area_s":701,"total_unir":249,"area_irrig":452,"canals_are":0,"wells_tube":5,"tanks_lake":240,"waterfall_":0,"other_sour":4,"nearest_to":"BRAHMAPURI","nearest__1":28,"shape_leng":18107.89066,"shape_le_1":18107.89066,"shape_area":19321749.18,"ds_name":"Administrative Boundary","src_agency":"Survey of India (SOI)","state_name":"Maharashtra\n","village_area_km2":20,"village_id":4292,"flood_area_km2":2.81230361,"flood_exposure_pct":14.06151805,"flood_risk":"Low","hospital_dist_km":9.0616954217541483,"name":"SDH Armori","amenity":"hospital","population_density":205.7,"water_availability":240.0,"drainage_availability":0.0,"healthcare_gap_score":53.401096775083005,"river_distance_km":false,"flood_score":37.734297312159335,"population_score":10.994120791020844,"water_gap_score":45.45454545454546,"drainage_gap_score":50.0,"service_gap_score":49.618547409876157,"river_vulnerability_score":50.0,"ml_cluster":3,"ml_risk_group":"High","vulnerability_score":37.2,"vulnerability_class":"Moderate","flood_score_contribution":15.09,"population_score_contribution":2.2,"service_gap_score_contribution":12.4,"river_vulnerability_score_contribution":7.5,"underserved_score":35.65,"welfare_priority_score":35.74,"welfare_priority":"Moderate","priority_rank":39,"priority_services":"Healthcare, Drainage, Evacuation Preparedness","priority_reason":"Priority is influenced by limited healthcare accessibility, drainage-service gap."},"geometry":null},
{"type":"Feature","properties":{"fid":156,"dn":true,"fid_2":true,"dn_2":true,"fid_3":4654,"id":41908,"objectid_1":41908,"objectid":108443,"village":"Asola","vlcode":537504,"block":"Lakhandur","bkcode":94.0,"subdistric":"Lakhandur","sdcode":4043,"sub_distri":"Lakhandur","district":"Bhandara","dtcode":471,"district_h":"BHANDARA","state":"MH","stcode":27,"country":"India","total_urba":"Rural","total_hous":450,"total_popu":1827,"avg_househ":4.06,"total_geog":587,"total_male":899,"total_fema":928,"tapwater_t":null,"tapwater_u":null,"covered_we":null,"covered__1":"Not Available","covered__2":"Not Available","uncovered_":"Available","uncovere_1":"Available","uncovere_2":"Available","handpump_s":null,"hand_pump_":"Available","hand_pum_1":"Available","tubewell_b":null,"tube_wells":"Available","tube_wel_1":"Available","spring_sta":"Not Available","spring_fun":"Not Available","spring_f_1":"Not Available","river_cana":"Not Available","tank_pond_":"Not Available","others_sta":"Not Available","closed_dra":"Not Available","open_drain":null,"village_pi":"Available","forest_are":0,"area_under":63,"barren_unc":0,"permanent_":2,"land_under":0,"culturable":0,"fallows_la":5,"current_fa":0,"net_area_s":518,"total_unir":217,"area_irrig":300,"canals_are":0,"wells_tube":217,"tanks_lake":0,"waterfall_":0,"other_sour":0,"nearest_to":"Desaiganj","nearest__1":20,"shape_leng":10155.93129,"shape_le_1":10155.93129,"shape_area":5707655.075,"ds_name":"Administrative Boundary","src_agency":"Survey of India (SOI)","state_name":"Maharashtra\n","village_area_km2":6,"village_id":4654,"flood_area_km2":0.003573174,"flood_exposure_pct":0.059552908,"flood_risk":"Low","hospital_dist_km":3.5018564159383656,"name":"Rural Hospital, Lakhandur","amenity":"hospital","population_density":304.5,"water_availability":0.0,"drainage_availability":0.0,"healthcare_gap_score":20.5478376344482,"river_distance_km":false,"flood_score":0.15875028655686135,"population_score":16.274719401389632,"water_gap_score":100.0,"drainage_gap_score":50.0,"service_gap_score":56.849279211482731,"river_vulnerability_score":50.0,"ml_cluster":4,"ml_risk_group":"Low","vulnerability_score":25.03,"vulnerability_class":"Moderate","flood_score_contribution":0.06,"population_score_contribution":3.25,"service_gap_score_contribution":14.21,"river_vulnerability_score_contribution":7.5,"underserved_score":33.34,"welfare_priority_score":23.71,"welfare_priority":"Low","priority_rank":164,"priority_services":"Drinking Water, Drainage, Evacuation Preparedness","priority_reason":"Priority is influenced by water-service gap, drainage-service gap."},"geometry":null},
{"type":"Feature","properties":{"fid":157,"dn":true,"fid_2":true,"dn_2":true,"fid_3":2996,"id":39794,"objectid_1":39794,"objectid":106329,"village":"Dotkuli","vlcode":539223,"block":"Chamorshi","bkcode":109.0,"subdistric":"Chamorshi","sdcode":4058,"sub_distri":"Chamorshi","district":"Gadchiroli","dtcode":475,"district_h":"GADCHIROLI","state":"MH","stcode":27,"country":"India","total_urba":"Rural","total_hous":246,"total_popu":1020,"avg_househ":4.14634146,"total_geog":466,"total_male":509,"total_fema":511,"tapwater_t":null,"tapwater_u":null,"covered_we":null,"covered__1":"Not Available","covered__2":"Not Available","uncovered_":"Available","uncovere_1":"Available","uncovere_2":"Available","handpump_s":null,"hand_pump_":"Available","hand_pum_1":"Available","tubewell_b":null,"tube_wells":"Not Available","tube_wel_1":"Not Available","spring_sta":"Not Available","spring_fun":"Not Available","spring_f_1":"Not Available","river_cana":"Available","tank_pond_":"Not Available","others_sta":"Not Available","closed_dra":"Not Available","open_drain":null,"village_pi":"Available","forest_are":20,"area_under":80,"barren_unc":3,"permanent_":0,"land_under":0,"culturable":0,"fallows_la":0,"current_fa":25,"net_area_s":338,"total_unir":248,"area_irrig":90,"canals_are":236,"wells_tube":0,"tanks_lake":0,"waterfall_":0,"other_sour":12,"nearest_to":"MUL","nearest__1":24,"shape_leng":13096.94569,"shape_le_1":13096.94569,"shape_area":6798983.925,"ds_name":"Administrative Boundary","src_agency":"Survey of India (SOI)","state_name":"Maharashtra\n","village_area_km2":7,"village_id":2996,"flood_area_km2":0.038648567,"flood_exposure_pct":0.552122379,"flood_risk":"Low","hospital_dist_km":10.44099892476714,"name":"Balprabha Hospital","amenity":"hospital","population_density":145.71428571428572,"water_availability":0.0,"drainage_availability":0.0,"healthcare_gap_score":61.551443461501535,"river_distance_km":false,"flood_score":1.4806052642855747,"population_score":7.7880430632969384,"water_gap_score":100.0,"drainage_gap_score":50.0,"service_gap_score":70.517147820500512,"river_vulnerability_score":50.0,"ml_cluster":1,"ml_risk_group":"Very Low","vulnerability_score":27.28,"vulnerability_class":"Moderate","flood_score_contribution":0.59,"population_score_contribution":1.56,"service_gap_score_contribution":17.63,"river_vulnerability_score_contribution":7.5,"underserved_score":37.89,"welfare_priority_score":27.09,"welfare_priority":"Moderate","priority_rank":131,"priority_services":"Healthcare, Drinking Water, Drainage, Evacuation Preparedness","priority_reason":"Priority is influenced by limited healthcare accessibility, water-service gap, drainage-service gap."},"geometry":null},
{"type":"Feature","properties":{"fid":158,"dn":true,"fid_2":true,"dn_2":true,"fid_3":4363,"id":41207,"objectid_1":41207,"objectid":107742,"village":"Dongarsawangi","vlcode":538573,"block":"Armori","bkcode":104.0,"subdistric":"Armori","sdcode":4053,"sub_distri":"Armori","district":"Gadchiroli","dtcode":475,"district_h":"GADCHIROLI","state":"MH","stcode":27,"country":"India","total_urba":"Rural","total_hous":328,"total_popu":1402,"avg_househ":4.27439024,"total_geog":570,"total_male":712,"total_fema":690,"tapwater_t":null,"tapwater_u":null,"covered_we":null,"covered__1":"Not Available","covered__2":"Not Available","uncovered_":"Available","uncovere_1":"Available","uncovere_2":"Available","handpump_s":null,"hand_pump_":"Available","hand_pum_1":"Available","tubewell_b":null,"tube_wells":"Available","tube_wel_1":"Available","spring_sta":"Not Available","spring_fun":"Not Available","spring_f_1":"Not Available","river_cana":"Available","tank_pond_":"Available","others_sta":"Not Available","closed_dra":"Not Available","open_drain":null,"village_pi":"Available","forest_are":0,"area_under":208,"barren_unc":0,"permanent_":3,"land_under":0,"culturable":2,"fallows_la":0,"current_fa":0,"net_area_s":357,"total_unir":94,"area_irrig":263,"canals_are":0,"wells_tube":9,"tanks_lake":85,"waterfall_":0,"other_sour":0,"nearest_to":"DESAIGANJ","nearest__1":29,"shape_leng":9988.168424,"shape_le_1":9988.168424,"shape_area":6418737.439,"ds_name":"Administrative Boundary","src_agency":"Survey of India (SOI)","state_name":"Maharashtra\n","village_area_km2":7,"village_id":4363,"flood_area_km2":0.596606987,"flood_exposure_pct":8.522956958,"flood_risk":"Low","hospital_dist_km":8.9947160745971413,"name":"SDH Armori","amenity":"hospital","population_density":200.28571428571428,"water_availability":85.0,"drainage_availability":0.0,"healthcare_gap_score":53.005313759258641,"river_distance_km":false,"flood_score":22.871064854712166,"population_score":10.704741543865007,"water_gap_score":80.681818181818187,"drainage_gap_score":50.0,"service_gap_score":61.229043980358938,"river_vulnerability_score":50.0,"ml_cluster":1,"ml_risk_group":"Very Low","vulnerability_score":34.1,"vulnerability_class":"Moderate","flood_score_contribution":9.15,"population_score_contribution":2.14,"service_gap_score_contribution":15.31,"river_vulnerability_score_contribution":7.5,"underserved_score":38.4,"welfare_priority_score":33.5,"welfare_priority":"Moderate","priority_rank":53,"priority_services":"Healthcare, Drinking Water, Drainage, Evacuation Preparedness","priority_reason":"Priority is influenced by limited healthcare accessibility, water-service gap, drainage-service gap."},"geometry":null},
{"type":"Feature","properties":{"fid":159,"dn":true,"fid_2":true,"dn_2":true,"fid_3":4703,"id":42019,"objectid_1":42019,"objectid":108554,"village":"Amgaon","vlcode":538470,"block":"Desaiganj (Vadasa)","bkcode":103.0,"subdistric":"Desaiganj (Vadasa)","sdcode":4052,"sub_distri":"Desaiganj (Vadasa)","district":"Gadchiroli","dtcode":475,"district_h":"GADCHIROLI","state":"MH","stcode":27,"country":"India","total_urba":"Rural","total_hous":1007,"total_popu":4021,"avg_househ":3.99304866,"total_geog":1474,"total_male":2043,"total_fema":1978,"tapwater_t":null,"tapwater_u":null,"covered_we":null,"covered__1":"Available","covered__2":"Available","uncovered_":"Available","uncovere_1":"Available","uncovere_2":"Available","handpump_s":null,"hand_pump_":"Available","hand_pum_1":"Available","tubewell_b":null,"tube_wells":"Not Available","tube_wel_1":"Not Available","spring_sta":"Not Available","spring_fun":"Not Available","spring_f_1":"Not Available","river_cana":"Available","tank_pond_":"Available","others_sta":"Not Available","closed_dra":"Not Available","open_drain":null,"village_pi":"Available","forest_are":82,"area_under":318,"barren_unc":0,"permanent_":30,"land_under":0,"culturable":88,"fallows_la":3,"current_fa":12,"net_area_s":940,"total_unir":554,"area_irrig":386,"canals_are":524,"wells_tube":11,"tanks_lake":0,"waterfall_":0,"other_sour":19,"nearest_to":"DESAIGANJ","nearest__1":3,"shape_leng":18278.97246,"shape_le_1":18278.97246,"shape_area":13417441.36,"ds_name":"Administrative Boundary","src_agency":"Survey of India (SOI)","state_name":"Maharashtra\n","village_area_km2":14,"village_id":4703,"flood_area_km2":0.391170955,"flood_exposure_pct":2.794078249,"flood_risk":"Low","hospital_dist_km":1.8900161761754839,"name":"Dr. Paapadkar Hospital","amenity":"hospital","population_density":287.21428571428572,"water_availability":0.0,"drainage_availability":0.0,"healthcare_gap_score":11.023424241391142,"river_distance_km":false,"flood_score":7.4970977614578338,"population_score":15.35084370466519,"water_gap_score":100.0,"drainage_gap_score":50.0,"service_gap_score":53.674474747130375,"river_vulnerability_score":50.0,"ml_cluster":4,"ml_risk_group":"Low","vulnerability_score":26.99,"vulnerability_class":"Moderate","flood_score_contribution":3.0,"population_score_contribution":3.07,"service_gap_score_contribution":13.42,"river_vulnerability_score_contribution":7.5,"underserved_score":32.94,"welfare_priority_score":25.47,"welfare_priority":"Moderate","priority_rank":145,"priority_services":"Drinking Water, Drainage, Evacuation Preparedness","priority_reason":"Priority is influenced by water-service gap, drainage-service gap."},"geometry":null},
{"type":"Feature","properties":{"fid":160,"dn":true,"fid_2":true,"dn_2":true,"fid_3":3031,"id":39827,"objectid_1":39827,"objectid":106362,"village":"Chak Upri Alias Madhe Bhansi","vlcode":540961,"block":"Sawali","bkcode":119.0,"subdistric":"Sawali","sdcode":4068,"sub_distri":"Sawali","district":"Chandrapur","dtcode":473,"district_h":"CHANDRAPUR","state":"MH","stcode":27,"country":"India","total_urba":"Rural","total_hous":0,"total_popu":0,"avg_househ":0.0,"total_geog":487,"total_male":0,"total_fema":0,"tapwater_t":null,"tapwater_u":null,"covered_we":null,"covered__1":null,"covered__2":null,"uncovered_":null,"uncovere_1":null,"uncovere_2":null,"handpump_s":null,"hand_pump_":null,"hand_pum_1":null,"tubewell_b":null,"tube_wells":null,"tube_wel_1":null,"spring_sta":null,"spring_fun":null,"spring_f_1":null,"river_cana":null,"tank_pond_":null,"others_sta":null,"closed_dra":null,"open_drain":null,"village_pi":null,"forest_are":0,"area_under":12,"barren_unc":0,"permanent_":28,"land_under":0,"culturable":36,"fallows_la":0,"current_fa":4,"net_area_s":407,"total_unir":57,"area_irrig":350,"canals_are":0,"wells_tube":0,"tanks_lake":56,"waterfall_":0,"other_sour":1,"nearest_to":null,"nearest__1":0,"shape_leng":10438.42041,"shape_le_1":10438.42041,"shape_area":6305126.163,"ds_name":"Administrative Boundary","src_agency":"Survey of India (SOI)","state_name":"Maharashtra\n","village_area_km2":7,"village_id":3031,"flood_area_km2":0.042131821,"flood_exposure_pct":0.601883154,"flood_risk":"Low","hospital_dist_km":13.87330497736299,"name":"Balprabha Hospital","amenity":"hospital","population_density":0.0,"water_availability":56.0,"drainage_availability":0.0,"healthcare_gap_score":81.833045154994338,"river_distance_km":false,"flood_score":1.6141428300544214,"population_score":0.0,"water_gap_score":87.27272727272728,"drainage_gap_score":50.0,"service_gap_score":73.035257475907201,"river_vulnerability_score":50.0,"ml_cluster":1,"ml_risk_group":"Very Low","vulnerability_score":26.4,"vulnerability_class":"Moderate","flood_score_contribution":0.65,"population_score_contribution":0.0,"service_gap_score_contribution":18.26,"river_vulnerability_score_contribution":7.5,"underserved_score":36.84,"welfare_priority_score":26.24,"welfare_priority":"Moderate","priority_rank":137,"priority_services":"Healthcare, Drinking Water, Drainage, Evacuation Preparedness","priority_reason":"Priority is influenced by limited healthcare accessibility, water-service gap, drainage-service gap."},"geometry":null},
{"type":"Feature","properties":{"fid":161,"dn":true,"fid_2":true,"dn_2":true,"fid_3":4580,"id":41832,"objectid_1":41832,"objectid":108367,"village":"Kothulna","vlcode":540747,"block":"Brahmapuri","bkcode":118.0,"subdistric":"Brahmapuri","sdcode":4067,"sub_distri":"Brahmapuri","district":"Chandrapur","dtcode":473,"district_h":"CHANDRAPUR","state":"MH","stcode":27,"country":"India","total_urba":"Rural","total_hous":140,"total_popu":536,"avg_househ":3.82857143,"total_geog":172,"total_male":262,"total_fema":274,"tapwater_t":null,"tapwater_u":null,"covered_we":null,"covered__1":"Not Available","covered__2":"Not Available","uncovered_":"Available","uncovere_1":"Available","uncovere_2":"Available","handpump_s":null,"hand_pump_":"Available","hand_pum_1":"Available","tubewell_b":null,"tube_wells":"Not Available","tube_wel_1":"Not Available","spring_sta":"Not Available","spring_fun":"Not Available","spring_f_1":"Not Available","river_cana":"Not Available","tank_pond_":"Not Available","others_sta":"Not Available","closed_dra":"Not Available","open_drain":null,"village_pi":"Available","forest_are":0,"area_under":5,"barren_unc":0,"permanent_":0,"land_under":1,"culturable":3,"fallows_la":1,"current_fa":0,"net_area_s":162,"total_unir":27,"area_irrig":135,"canals_are":0,"wells_tube":27,"tanks_lake":0,"waterfall_":0,"other_sour":0,"nearest_to":"BRAHMAPURI","nearest__1":4,"shape_leng":7321.987168,"shape_le_1":7321.987168,"shape_area":2100112.764,"ds_name":"Administrative Boundary","src_agency":"Survey of India (SOI)","state_name":"Maharashtra\n","village_area_km2":2,"village_id":4580,"flood_area_km2":0.138992381,"flood_exposure_pct":6.949619026,"flood_risk":"Low","hospital_dist_km":2.8130211990635536,"name":"Akshay Nursing Home","amenity":"hospital","population_density":268.0,"water_availability":0.0,"drainage_availability":0.0,"healthcare_gap_score":16.477489219411126,"river_distance_km":false,"flood_score":18.648869409181604,"population_score":14.323890967397112,"water_gap_score":100.0,"drainage_gap_score":50.0,"service_gap_score":55.492496406470373,"river_vulnerability_score":50.0,"ml_cluster":4,"ml_risk_group":"Low","vulnerability_score":31.7,"vulnerability_class":"Moderate","flood_score_contribution":7.46,"population_score_contribution":2.86,"service_gap_score_contribution":13.87,"river_vulnerability_score_contribution":7.5,"underserved_score":35.77,"welfare_priority_score":30.55,"welfare_priority":"Moderate","priority_rank":95,"priority_services":"Drinking Water, Drainage, Evacuation Preparedness","priority_reason":"Priority is influenced by water-service gap, drainage-service gap."},"geometry":null},
{"type":"Feature","properties":{"fid":162,"dn":true,"fid_2":true,"dn_2":true,"fid_3":4064,"id":40888,"objectid_1":40888,"objectid":107423,"village":"Karoli","vlcode":540866,"block":"Sawali","bkcode":119.0,"subdistric":"Sawali","sdcode":4068,"sub_distri":"Sawali","district":"Chandrapur","dtcode":473,"district_h":"CHANDRAPUR","state":"MH","stcode":27,"country":"India","total_urba":"Rural","total_hous":235,"total_popu":878,"avg_househ":3.73617021,"total_geog":415,"total_male":429,"total_fema":449,"tapwater_t":null,"tapwater_u":null,"covered_we":null,"covered__1":"Not Available","covered__2":"Not Available","uncovered_":"Available","uncovere_1":"Available","uncovere_2":"Available","handpump_s":null,"hand_pump_":"Available","hand_pum_1":"Available","tubewell_b":null,"tube_wells":"Not Available","tube_wel_1":"Not Available","spring_sta":"Not Available","spring_fun":"Not Available","spring_f_1":"Not Available","river_cana":"Available","tank_pond_":"Not Available","others_sta":"Not Available","closed_dra":"Not Available","open_drain":null,"village_pi":"Available","forest_are":70,"area_under":60,"barren_unc":2,"permanent_":40,"land_under":0,"culturable":11,"fallows_la":0,"current_fa":0,"net_area_s":232,"total_unir":220,"area_irrig":12,"canals_are":191,"wells_tube":1,"tanks_lake":17,"waterfall_":0,"other_sour":11,"nearest_to":"MUL","nearest__1":47,"shape_leng":11609.29937,"shape_le_1":11609.29937,"shape_area":7715660.39,"ds_name":"Administrative Boundary","src_agency":"Survey of India (SOI)","state_name":"Maharashtra\n","village_area_km2":8,"village_id":4064,"flood_area_km2":0.492365847,"flood_exposure_pct":6.154573084,"flood_risk":"Low","hospital_dist_km":11.201026694701108,"name":"Janatal Hospital","amenity":"hospital","population_density":109.75,"water_availability":17.0,"drainage_availability":0.0,"healthcare_gap_score":66.042470855208535,"river_distance_km":false,"flood_score":16.515291309381517,"population_score":5.865847140566542,"water_gap_score":96.13636363636364,"drainage_gap_score":50.0,"service_gap_score":70.726278163857387,"river_vulnerability_score":50.0,"ml_cluster":1,"ml_risk_group":"Very Low","vulnerability_score":32.96,"vulnerability_class":"Moderate","flood_score_contribution":6.61,"population_score_contribution":1.17,"service_gap_score_contribution":17.68,"river_vulnerability_score_contribution":7.5,"underserved_score":40.43,"welfare_priority_score":33.04,"welfare_priority":"Moderate","priority_rank":58,"priority_services":"Healthcare, Drinking Water, Drainage, Evacuation Preparedness","priority_reason":"Priority is influenced by limited healthcare accessibility, water-service gap, drainage-service gap."},"geometry":null},
{"type":"Feature","properties":{"fid":163,"dn":true,"fid_2":true,"dn_2":true,"fid_3":4118,"id":40947,"objectid_1":40947,"objectid":107482,"village":"Katali","vlcode":539105,"block":"Gadchiroli","bkcode":108.0,"subdistric":"Gadchiroli","sdcode":4057,"sub_distri":"Gadchiroli","district":"Gadchiroli","dtcode":475,"district_h":"GADCHIROLI","state":"MH","stcode":27,"country":"India","total_urba":"Rural","total_hous":316,"total_popu":1188,"avg_househ":3.75949367,"total_geog":543,"total_male":623,"total_fema":565,"tapwater_t":null,"tapwater_u":null,"covered_we":null,"covered__1":"Available","covered__2":"Available","uncovered_":"Not Available","uncovere_1":"Not Available","uncovere_2":"Not Available","handpump_s":null,"hand_pump_":"Available","hand_pum_1":"Available","tubewell_b":null,"tube_wells":"Not Available","tube_wel_1":"Not Available","spring_sta":"Not Available","spring_fun":"Not Available","spring_f_1":"Not Available","river_cana":"Not Available","tank_pond_":"Not Available","others_sta":"Not Available","closed_dra":"Not Available","open_drain":null,"village_pi":"Available","forest_are":119,"area_under":97,"barren_unc":0,"permanent_":80,"land_under":0,"culturable":10,"fallows_la":23,"current_fa":25,"net_area_s":190,"total_unir":106,"area_irrig":84,"canals_are":0,"wells_tube":4,"tanks_lake":0,"waterfall_":102,"other_sour":0,"nearest_to":"GADCHIROLI","nearest__1":12,"shape_leng":11055.08617,"shape_le_1":11055.08617,"shape_area":5702909.573,"ds_name":"Administrative Boundary","src_agency":"Survey of India (SOI)","state_name":"Maharashtra\n","village_area_km2":6,"village_id":4118,"flood_area_km2":0.078940468,"flood_exposure_pct":1.315674458,"flood_risk":"Low","hospital_dist_km":4.9369643440693114,"name":"Janatal Hospital","amenity":"hospital","population_density":198.0,"water_availability":0.0,"drainage_availability":0.0,"healthcare_gap_score":29.027934379758101,"river_distance_km":false,"flood_score":3.5296667181596777,"population_score":10.582576162479958,"water_gap_score":100.0,"drainage_gap_score":50.0,"service_gap_score":59.675978126586038,"river_vulnerability_score":50.0,"ml_cluster":4,"ml_risk_group":"Low","vulnerability_score":25.95,"vulnerability_class":"Moderate","flood_score_contribution":1.41,"population_score_contribution":2.12,"service_gap_score_contribution":14.92,"river_vulnerability_score_contribution":7.5,"underserved_score":33.72,"welfare_priority_score":24.8,"welfare_priority":"Low","priority_rank":155,"priority_services":"Drinking Water, Drainage, Evacuation Preparedness","priority_reason":"Priority is influenced by water-service gap, drainage-service gap."},"geometry":null},
{"type":"Feature","properties":{"fid":164,"dn":true,"fid_2":true,"dn_2":true,"fid_3":4107,"id":40938,"objectid_1":40938,"objectid":107473,"village":"Porla","vlcode":539099,"block":"Gadchiroli","bkcode":108.0,"subdistric":"Gadchiroli","sdcode":4057,"sub_distri":"Gadchiroli","district":"Gadchiroli","dtcode":475,"district_h":"GADCHIROLI","state":"MH","stcode":27,"country":"India","total_urba":"Rural","total_hous":1052,"total_popu":4005,"avg_househ":3.80703422,"total_geog":1485,"total_male":2061,"total_fema":1944,"tapwater_t":null,"tapwater_u":null,"covered_we":null,"covered__1":"Available","covered__2":"Available","uncovered_":"Available","uncovere_1":"Available","uncovere_2":"Available","handpump_s":null,"hand_pump_":"Available","hand_pum_1":"Available","tubewell_b":null,"tube_wells":"Available","tube_wel_1":"Available","spring_sta":"Not Available","spring_fun":"Not Available","spring_f_1":"Not Available","river_cana":"Available","tank_pond_":"Available","others_sta":"Not Available","closed_dra":"Not Available","open_drain":null,"village_pi":"Available","forest_are":220,"area_under":180,"barren_unc":0,"permanent_":21,"land_under":0,"culturable":1,"fallows_la":50,"current_fa":5,"net_area_s":1008,"total_unir":218,"area_irrig":790,"canals_are":0,"wells_tube":10,"tanks_lake":200,"waterfall_":0,"other_sour":8,"nearest_to":"GADCHIROLI","nearest__1":14,"shape_leng":17321.00538,"shape_le_1":17321.00538,"shape_area":18451232.67,"ds_name":"Administrative Boundary","src_agency":"Survey of India (SOI)","state_name":"Maharashtra\n","village_area_km2":19,"village_id":4107,"flood_area_km2":1.2028156,"flood_exposure_pct":6.330608423,"flood_risk":"Low","hospital_dist_km":9.6631222426280097,"name":"Janatal Hospital","amenity":"hospital","population_density":210.78947368421052,"water_availability":200.0,"drainage_availability":0.0,"healthcare_gap_score":56.954946298356731,"river_distance_km":false,"flood_score":16.987698153112422,"population_score":11.266139694506174,"water_gap_score":54.545454545454547,"drainage_gap_score":50.0,"service_gap_score":53.833466947937097,"river_vulnerability_score":50.0,"ml_cluster":3,"ml_risk_group":"High","vulnerability_score":30.01,"vulnerability_class":"Moderate","flood_score_contribution":6.8,"population_score_contribution":2.25,"service_gap_score_contribution":13.46,"river_vulnerability_score_contribution":7.5,"underserved_score":33.69,"welfare_priority_score":28.57,"welfare_priority":"Moderate","priority_rank":113,"priority_services":"Healthcare, Drinking Water, Drainage, Evacuation Preparedness","priority_reason":"Priority is influenced by limited healthcare accessibility, water-service gap, drainage-service gap."},"geometry":null},
{"type":"Feature","properties":{"fid":165,"dn":true,"fid_2":true,"dn_2":true,"fid_3":3055,"id":39852,"objectid_1":39852,"objectid":106387,"village":"Govindpur","vlcode":539183,"block":"Gadchiroli","bkcode":108.0,"subdistric":"Gadchiroli","sdcode":4057,"sub_distri":"Gadchiroli","district":"Gadchiroli","dtcode":475,"district_h":"GADCHIROLI","state":"MH","stcode":27,"country":"India","total_urba":"Rural","total_hous":315,"total_popu":1189,"avg_househ":3.77460317,"total_geog":544,"total_male":594,"total_fema":595,"tapwater_t":null,"tapwater_u":null,"covered_we":null,"covered__1":"Available","covered__2":"Available","uncovered_":"Available","uncovere_1":"Available","uncovere_2":"Available","handpump_s":null,"hand_pump_":"Available","hand_pum_1":"Available","tubewell_b":null,"tube_wells":"Not Available","tube_wel_1":"Not Available","spring_sta":"Not Available","spring_fun":"Not Available","spring_f_1":"Not Available","river_cana":"Available","tank_pond_":"Available","others_sta":"Not Available","closed_dra":"Not Available","open_drain":null,"village_pi":"Available","forest_are":69,"area_under":14,"barren_unc":32,"permanent_":10,"land_under":0,"culturable":79,"fallows_la":39,"current_fa":26,"net_area_s":276,"total_unir":230,"area_irrig":45,"canals_are":0,"wells_tube":0,"tanks_lake":230,"waterfall_":0,"other_sour":0,"nearest_to":"GADCHIROLI","nearest__1":15,"shape_leng":20540.87817,"shape_le_1":20540.87817,"shape_area":20523309.39,"ds_name":"Administrative Boundary","src_agency":"Survey of India (SOI)","state_name":"Maharashtra\n","village_area_km2":21,"village_id":3055,"flood_area_km2":0.329107449,"flood_exposure_pct":1.567178327,"flood_risk":"Low","hospital_dist_km":10.673349845370934,"name":"Government Hospital, Mulchera","amenity":"hospital","population_density":56.61904761904762,"water_availability":230.0,"drainage_availability":0.0,"healthcare_gap_score":62.924412174835965,"river_distance_km":false,"flood_score":4.2046002264843949,"population_score":3.0261383013921761,"water_gap_score":47.727272727272727,"drainage_gap_score":50.0,"service_gap_score":53.550561634036228,"river_vulnerability_score":50.0,"ml_cluster":3,"ml_risk_group":"High","vulnerability_score":23.17,"vulnerability_class":"Low","flood_score_contribution":1.68,"population_score_contribution":0.61,"service_gap_score_contribution":13.39,"river_vulnerability_score_contribution":7.5,"underserved_score":28.52,"welfare_priority_score":21.2,"welfare_priority":"Low","priority_rank":186,"priority_services":"Healthcare, Drainage, Evacuation Preparedness","priority_reason":"Priority is influenced by limited healthcare accessibility, drainage-service gap."},"geometry":null},
{"type":"Feature","properties":{"fid":166,"dn":true,"fid_2":true,"dn_2":true,"fid_3":4287,"id":41129,"objectid_1":41129,"objectid":107664,"village":"Nilaj","vlcode":540806,"block":"Brahmapuri","bkcode":118.0,"subdistric":"Brahmapuri","sdcode":4067,"sub_distri":"Brahmapuri","district":"Chandrapur","dtcode":473,"district_h":"CHANDRAPUR","state":"MH","stcode":27,"country":"India","total_urba":"Rural","total_hous":352,"total_popu":1557,"avg_househ":4.42329545,"total_geog":349,"total_male":801,"total_fema":756,"tapwater_t":null,"tapwater_u":null,"covered_we":null,"covered__1":"Not Available","covered__2":"Not Available","uncovered_":"Available","uncovere_1":"Available","uncovere_2":"Available","handpump_s":null,"hand_pump_":"Available","hand_pum_1":"Available","tubewell_b":null,"tube_wells":"Available","tube_wel_1":"Available","spring_sta":"Not Available","spring_fun":"Not Available","spring_f_1":"Not Available","river_cana":"Not Available","tank_pond_":"Not Available","others_sta":"Not Available","closed_dra":"Not Available","open_drain":null,"village_pi":"Available","forest_are":0,"area_under":1,"barren_unc":59,"permanent_":4,"land_under":0,"culturable":65,"fallows_la":0,"current_fa":0,"net_area_s":220,"total_unir":76,"area_irrig":143,"canals_are":0,"wells_tube":24,"tanks_lake":0,"waterfall_":0,"other_sour":52,"nearest_to":"BRAHMAPURI","nearest__1":21,"shape_leng":7247.210205,"shape_le_1":7247.210205,"shape_area":3235818.716,"ds_name":"Administrative Boundary","src_agency":"Survey of India (SOI)","state_name":"Maharashtra\n","village_area_km2":3,"village_id":4287,"flood_area_km2":0.118847082,"flood_exposure_pct":3.961569397,"flood_risk":"Low","hospital_dist_km":7.012271293226318,"name":"SDH Armori","amenity":"hospital","population_density":519.0,"water_availability":0.0,"drainage_availability":0.0,"healthcare_gap_score":41.290986767731226,"river_distance_km":false,"flood_score":10.630166447799562,"population_score":27.73917691074292,"water_gap_score":100.0,"drainage_gap_score":50.0,"service_gap_score":63.763662255910411,"river_vulnerability_score":50.0,"ml_cluster":4,"ml_risk_group":"Low","vulnerability_score":33.24,"vulnerability_class":"Moderate","flood_score_contribution":4.25,"population_score_contribution":5.55,"service_gap_score_contribution":15.94,"river_vulnerability_score_contribution":7.5,"underserved_score":42.33,"welfare_priority_score":33.16,"welfare_priority":"Moderate","priority_rank":56,"priority_services":"Drinking Water, Drainage, Evacuation Preparedness","priority_reason":"Priority is influenced by water-service gap, drainage-service gap."},"geometry":null},
{"type":"Feature","properties":{"fid":167,"dn":true,"fid_2":true,"dn_2":true,"fid_3":2743,"id":39543,"objectid_1":39543,"objectid":106078,"village":"Dewada Bk","vlcode":541469,"block":"Pombhurna","bkcode":124.0,"subdistric":"Pombhurna","sdcode":4073,"sub_distri":"Pombhurna","district":"Chandrapur","dtcode":473,"district_h":"CHANDRAPUR","state":"MH","stcode":27,"country":"India","total_urba":"Rural","total_hous":311,"total_popu":1233,"avg_househ":3.96463023,"total_geog":726,"total_male":639,"total_fema":594,"tapwater_t":null,"tapwater_u":null,"covered_we":null,"covered__1":"Not Available","covered__2":"Not Available","uncovered_":"Available","uncovere_1":"Available","uncovere_2":"Available","handpump_s":null,"hand_pump_":"Available","hand_pum_1":"Available","tubewell_b":null,"tube_wells":"Available","tube_wel_1":"Available","spring_sta":"Not Available","spring_fun":"Not Available","spring_f_1":"Not Available","river_cana":"Available","tank_pond_":"Not Available","others_sta":"Not Available","closed_dra":"Not Available","open_drain":null,"village_pi":"Available","forest_are":79,"area_under":0,"barren_unc":71,"permanent_":0,"land_under":0,"culturable":0,"fallows_la":0,"current_fa":11,"net_area_s":565,"total_unir":44,"area_irrig":521,"canals_are":0,"wells_tube":44,"tanks_lake":0,"waterfall_":0,"other_sour":0,"nearest_to":"MUL","nearest__1":27,"shape_leng":12372.28738,"shape_le_1":12372.28738,"shape_area":6974053.109,"ds_name":"Administrative Boundary","src_agency":"Survey of India (SOI)","state_name":"Maharashtra\n","village_area_km2":7,"village_id":2743,"flood_area_km2":0.049763997,"flood_exposure_pct":0.710914246,"flood_risk":"Low","hospital_dist_km":11.81360102647152,"name":null,"amenity":null,"population_density":176.14285714285714,"water_availability":0.0,"drainage_availability":0.0,"healthcare_gap_score":69.662191362133839,"river_distance_km":false,"flood_score":1.90673768250194,"population_score":9.4143697029854163,"water_gap_score":100.0,"drainage_gap_score":50.0,"service_gap_score":73.220730454044613,"river_vulnerability_score":50.0,"ml_cluster":1,"ml_risk_group":"Very Low","vulnerability_score":28.45,"vulnerability_class":"Moderate","flood_score_contribution":0.76,"population_score_contribution":1.88,"service_gap_score_contribution":18.31,"river_vulnerability_score_contribution":7.5,"underserved_score":39.82,"welfare_priority_score":28.59,"welfare_priority":"Moderate","priority_rank":111,"priority_services":"Healthcare, Drinking Water, Drainage, Evacuation Preparedness","priority_reason":"Priority is influenced by limited healthcare accessibility, water-service gap, drainage-service gap."},"geometry":null},
{"type":"Feature","properties":{"fid":168,"dn":true,"fid_2":true,"dn_2":true,"fid_3":4203,"id":41036,"objectid_1":41036,"objectid":107571,"village":"Dhanoli Tukum","vlcode":540783,"block":"Brahmapuri","bkcode":118.0,"subdistric":"Brahmapuri","sdcode":4067,"sub_distri":"Brahmapuri","district":"Chandrapur","dtcode":473,"district_h":"CHANDRAPUR","state":"MH","stcode":27,"country":"India","total_urba":"Rural","total_hous":0,"total_popu":0,"avg_househ":0.0,"total_geog":403,"total_male":0,"total_fema":0,"tapwater_t":null,"tapwater_u":null,"covered_we":null,"covered__1":null,"covered__2":null,"uncovered_":null,"uncovere_1":null,"uncovere_2":null,"handpump_s":null,"hand_pump_":null,"hand_pum_1":null,"tubewell_b":null,"tube_wells":null,"tube_wel_1":null,"spring_sta":null,"spring_fun":null,"spring_f_1":null,"river_cana":null,"tank_pond_":null,"others_sta":null,"closed_dra":null,"open_drain":null,"village_pi":null,"forest_are":45,"area_under":0,"barren_unc":29,"permanent_":1,"land_under":0,"culturable":9,"fallows_la":0,"current_fa":3,"net_area_s":315,"total_unir":102,"area_irrig":213,"canals_are":0,"wells_tube":2,"tanks_lake":100,"waterfall_":0,"other_sour":0,"nearest_to":null,"nearest__1":0,"shape_leng":12397.41119,"shape_le_1":12397.41119,"shape_area":4500796.636,"ds_name":"Administrative Boundary","src_agency":"Survey of India (SOI)","state_name":"Maharashtra\n","village_area_km2":5,"village_id":4203,"flood_area_km2":0.102644519,"flood_exposure_pct":2.052890387,"flood_risk":"Low","hospital_dist_km":4.2890638009470159,"name":null,"amenity":"hospital","population_density":0.0,"water_availability":100.0,"drainage_availability":0.0,"healthcare_gap_score":25.199470206912579,"river_distance_km":false,"flood_score":5.5080527180698269,"population_score":0.0,"water_gap_score":77.27272727272728,"drainage_gap_score":50.0,"service_gap_score":50.824065826546622,"river_vulnerability_score":50.0,"ml_cluster":4,"ml_risk_group":"Low","vulnerability_score":22.41,"vulnerability_class":"Low","flood_score_contribution":2.2,"population_score_contribution":0.0,"service_gap_score_contribution":12.71,"river_vulnerability_score_contribution":7.5,"underserved_score":26.51,"welfare_priority_score":20.1,"welfare_priority":"Low","priority_rank":192,"priority_services":"Drinking Water, Drainage, Evacuation Preparedness","priority_reason":"Priority is influenced by water-service gap, drainage-service gap."},"geometry":null},
{"type":"Feature","properties":{"fid":169,"dn":true,"fid_2":true,"dn_2":true,"fid_3":4167,"id":41000,"objectid_1":41000,"objectid":107535,"village":"Zilbodi","vlcode":540772,"block":"Brahmapuri","bkcode":118.0,"subdistric":"Brahmapuri","sdcode":4067,"sub_distri":"Brahmapuri","district":"Chandrapur","dtcode":473,"district_h":"CHANDRAPUR","state":"MH","stcode":27,"country":"India","total_urba":"Rural","total_hous":135,"total_popu":538,"avg_househ":3.98518519,"total_geog":153,"total_male":258,"total_fema":280,"tapwater_t":null,"tapwater_u":null,"covered_we":null,"covered__1":"Not Available","covered__2":"Not Available","uncovered_":"Available","uncovere_1":"Available","uncovere_2":"Available","handpump_s":null,"hand_pump_":"Available","hand_pum_1":"Available","tubewell_b":null,"tube_wells":"Not Available","tube_wel_1":"Not Available","spring_sta":"Not Available","spring_fun":"Not Available","spring_f_1":"Not Available","river_cana":"Not Available","tank_pond_":"Not Available","others_sta":"Not Available","closed_dra":"Not Available","open_drain":null,"village_pi":"Available","forest_are":0,"area_under":0,"barren_unc":13,"permanent_":0,"land_under":0,"culturable":0,"fallows_la":0,"current_fa":4,"net_area_s":135,"total_unir":22,"area_irrig":113,"canals_are":0,"wells_tube":22,"tanks_lake":0,"waterfall_":0,"other_sour":0,"nearest_to":"BRAHMAPURI","nearest__1":3,"shape_leng":6398.17521,"shape_le_1":6398.17521,"shape_area":1606451.855,"ds_name":"Administrative Boundary","src_agency":"Survey of India (SOI)","state_name":"Maharashtra\n","village_area_km2":2,"village_id":4167,"flood_area_km2":0.004812165,"flood_exposure_pct":0.240608262,"flood_risk":"Low","hospital_dist_km":3.0784716931157088,"name":"Akshay Nursing Home","amenity":"hospital","population_density":269.0,"water_availability":0.0,"drainage_availability":0.0,"healthcare_gap_score":18.04604432702892,"river_distance_km":false,"flood_score":0.64462879714229371,"population_score":14.377338321753072,"water_gap_score":100.0,"drainage_gap_score":50.0,"service_gap_score":56.015348109009643,"river_vulnerability_score":50.0,"ml_cluster":4,"ml_risk_group":"Low","vulnerability_score":24.64,"vulnerability_class":"Low","flood_score_contribution":0.26,"population_score_contribution":2.88,"service_gap_score_contribution":14.0,"river_vulnerability_score_contribution":7.5,"underserved_score":32.45,"welfare_priority_score":23.18,"welfare_priority":"Low","priority_rank":169,"priority_services":"Drinking Water, Drainage, Evacuation Preparedness","priority_reason":"Priority is influenced by water-service gap, drainage-service gap."},"geometry":null},
{"type":"Feature","properties":{"fid":170,"dn":true,"fid_2":true,"dn_2":true,"fid_3":2986,"id":39784,"objectid_1":39784,"objectid":106319,"village":"Vichora","vlcode":540914,"block":"Sawali","bkcode":119.0,"subdistric":"Sawali","sdcode":4068,"sub_distri":"Sawali","district":"Chandrapur","dtcode":473,"district_h":"CHANDRAPUR","state":"MH","stcode":27,"country":"India","total_urba":"Rural","total_hous":160,"total_popu":657,"avg_househ":4.10625,"total_geog":311,"total_male":319,"total_fema":338,"tapwater_t":null,"tapwater_u":null,"covered_we":null,"covered__1":"Not Available","covered__2":"Not Available","uncovered_":"Available","uncovere_1":"Available","uncovere_2":"Available","handpump_s":null,"hand_pump_":"Available","hand_pum_1":"Available","tubewell_b":null,"tube_wells":"Not Available","tube_wel_1":"Not Available","spring_sta":"Not Available","spring_fun":"Not Available","spring_f_1":"Not Available","river_cana":"Not Available","tank_pond_":"Not Available","others_sta":"Not Available","closed_dra":"Not Available","open_drain":null,"village_pi":"Available","forest_are":0,"area_under":13,"barren_unc":0,"permanent_":2,"land_under":0,"culturable":3,"fallows_la":17,"current_fa":16,"net_area_s":261,"total_unir":182,"area_irrig":79,"canals_are":165,"wells_tube":2,"tanks_lake":0,"waterfall_":0,"other_sour":16,"nearest_to":"MUL","nearest__1":27,"shape_leng":9822.262012,"shape_le_1":9822.262012,"shape_area":3257848.866,"ds_name":"Administrative Boundary","src_agency":"Survey of India (SOI)","state_name":"Maharashtra\n","village_area_km2":3,"village_id":2986,"flood_area_km2":0.536150803,"flood_exposure_pct":17.87169343,"flood_risk":"Moderate","hospital_dist_km":11.48328644747348,"name":"Dr. Mallick Hospital","amenity":"hospital","population_density":219.0,"water_availability":0.0,"drainage_availability":0.0,"healthcare_gap_score":67.710352387947566,"river_distance_km":false,"flood_score":47.9592495038724,"population_score":11.704970603955104,"water_gap_score":100.0,"drainage_gap_score":50.0,"service_gap_score":72.570117462649193,"river_vulnerability_score":50.0,"ml_cluster":0,"ml_risk_group":"Very High","vulnerability_score":47.17,"vulnerability_class":"Moderate","flood_score_contribution":19.18,"population_score_contribution":2.34,"service_gap_score_contribution":18.14,"river_vulnerability_score_contribution":7.5,"underserved_score":49.39,"welfare_priority_score":48.23,"welfare_priority":"Moderate","priority_rank":12,"priority_services":"Healthcare, Drinking Water, Drainage, Evacuation Preparedness","priority_reason":"Priority is influenced by limited healthcare accessibility, water-service gap, drainage-service gap."},"geometry":null},
{"type":"Feature","properties":{"fid":171,"dn":true,"fid_2":true,"dn_2":true,"fid_3":4286,"id":41128,"objectid_1":41128,"objectid":107663,"village":"Rui","vlcode":540805,"block":"Brahmapuri","bkcode":118.0,"subdistric":"Brahmapuri","sdcode":4067,"sub_distri":"Brahmapuri","district":"Chandrapur","dtcode":473,"district_h":"CHANDRAPUR","state":"MH","stcode":27,"country":"India","total_urba":"Rural","total_hous":420,"total_popu":1709,"avg_househ":4.06904762,"total_geog":417,"total_male":890,"total_fema":819,"tapwater_t":null,"tapwater_u":null,"covered_we":null,"covered__1":"Not Available","covered__2":"Not Available","uncovered_":"Available","uncovere_1":"Available","uncovere_2":"Available","handpump_s":null,"hand_pump_":"Available","hand_pum_1":"Available","tubewell_b":null,"tube_wells":"Not Available","tube_wel_1":"Not Available","spring_sta":"Not Available","spring_fun":"Not Available","spring_f_1":"Not Available","river_cana":"Not Available","tank_pond_":"Not Available","others_sta":"Not Available","closed_dra":"Not Available","open_drain":null,"village_pi":"Available","forest_are":0,"area_under":1,"barren_unc":15,"permanent_":13,"land_under":0,"culturable":48,"fallows_la":0,"current_fa":0,"net_area_s":339,"total_unir":87,"area_irrig":252,"canals_are":0,"wells_tube":25,"tanks_lake":0,"waterfall_":0,"other_sour":62,"nearest_to":"BRAHMAPURI","nearest__1":21,"shape_leng":9295.817691,"shape_le_1":9295.817691,"shape_area":4746723.19,"ds_name":"Administrative Boundary","src_agency":"Survey of India (SOI)","state_name":"Maharashtra\n","village_area_km2":5,"village_id":4286,"flood_area_km2":0.297315386,"flood_exposure_pct":5.946307724,"flood_risk":"Low","hospital_dist_km":8.2274022867190375,"name":"SDH Armori","amenity":"hospital","population_density":341.8,"water_availability":0.0,"drainage_availability":0.0,"healthcare_gap_score":48.47123306214273,"river_distance_km":false,"flood_score":15.956392272773417,"population_score":18.268305718866916,"water_gap_score":100.0,"drainage_gap_score":50.0,"service_gap_score":66.157077687380919,"river_vulnerability_score":50.0,"ml_cluster":4,"ml_risk_group":"Low","vulnerability_score":34.08,"vulnerability_class":"Moderate","flood_score_contribution":6.38,"population_score_contribution":3.65,"service_gap_score_contribution":16.54,"river_vulnerability_score_contribution":7.5,"underserved_score":41.75,"welfare_priority_score":34.06,"welfare_priority":"Moderate","priority_rank":49,"priority_services":"Drinking Water, Drainage, Evacuation Preparedness","priority_reason":"Priority is influenced by water-service gap, drainage-service gap."},"geometry":null},
{"type":"Feature","properties":{"fid":172,"dn":true,"fid_2":true,"dn_2":true,"fid_3":4365,"id":41208,"objectid_1":41208,"objectid":107743,"village":"Mulur Rith","vlcode":538514,"block":"Armori","bkcode":104.0,"subdistric":"Armori","sdcode":4053,"sub_distri":"Armori","district":"Gadchiroli","dtcode":475,"district_h":"GADCHIROLI","state":"MH","stcode":27,"country":"India","total_urba":"Rural","total_hous":0,"total_popu":0,"avg_househ":0.0,"total_geog":230,"total_male":0,"total_fema":0,"tapwater_t":null,"tapwater_u":null,"covered_we":null,"covered__1":null,"covered__2":null,"uncovered_":null,"uncovere_1":null,"uncovere_2":null,"handpump_s":null,"hand_pump_":null,"hand_pum_1":null,"tubewell_b":null,"tube_wells":null,"tube_wel_1":null,"spring_sta":null,"spring_fun":null,"spring_f_1":null,"river_cana":null,"tank_pond_":null,"others_sta":null,"closed_dra":null,"open_drain":null,"village_pi":null,"forest_are":10,"area_under":64,"barren_unc":0,"permanent_":4,"land_under":0,"culturable":3,"fallows_la":10,"current_fa":2,"net_area_s":137,"total_unir":93,"area_irrig":45,"canals_are":92,"wells_tube":0,"tanks_lake":0,"waterfall_":0,"other_sour":1,"nearest_to":null,"nearest__1":0,"shape_leng":11189.1894,"shape_le_1":11189.1894,"shape_area":4510288.401,"ds_name":"Administrative Boundary","src_agency":"Survey of India (SOI)","state_name":"Maharashtra\n","village_area_km2":5,"village_id":4365,"flood_area_km2":0.31869716,"flood_exposure_pct":6.373943208,"flood_risk":"Low","hospital_dist_km":5.4278342055708926,"name":"SDH Armori","amenity":"hospital","population_density":0.0,"water_availability":0.0,"drainage_availability":0.0,"healthcare_gap_score":31.928499440611464,"river_distance_km":false,"flood_score":17.103990990231949,"population_score":0.0,"water_gap_score":100.0,"drainage_gap_score":50.0,"service_gap_score":60.642833146870487,"river_vulnerability_score":50.0,"ml_cluster":4,"ml_risk_group":"Low","vulnerability_score":29.5,"vulnerability_class":"Moderate","flood_score_contribution":6.84,"population_score_contribution":0.0,"service_gap_score_contribution":15.16,"river_vulnerability_score_contribution":7.5,"underserved_score":33.74,"welfare_priority_score":28.41,"welfare_priority":"Moderate","priority_rank":116,"priority_services":"Drinking Water, Drainage, Evacuation Preparedness","priority_reason":"Priority is influenced by water-service gap, drainage-service gap."},"geometry":null},
{"type":"Feature","properties":{"fid":173,"dn":true,"fid_2":true,"dn_2":true,"fid_3":4347,"id":41190,"objectid_1":41190,"objectid":107725,"village":"Peth Tukum","vlcode":538586,"block":"Armori","bkcode":104.0,"subdistric":"Armori","sdcode":4053,"sub_distri":"Armori","district":"Gadchiroli","dtcode":475,"district_h":"GADCHIROLI","state":"MH","stcode":27,"country":"India","total_urba":"Rural","total_hous":157,"total_popu":612,"avg_househ":3.89808917,"total_geog":322,"total_male":307,"total_fema":305,"tapwater_t":null,"tapwater_u":null,"covered_we":null,"covered__1":"Not Available","covered__2":"Not Available","uncovered_":"Available","uncovere_1":"Available","uncovere_2":"Available","handpump_s":null,"hand_pump_":"Available","hand_pum_1":"Available","tubewell_b":null,"tube_wells":"Available","tube_wel_1":"Available","spring_sta":"Not Available","spring_fun":"Not Available","spring_f_1":"Not Available","river_cana":"Not Available","tank_pond_":"Available","others_sta":"Not Available","closed_dra":"Not Available","open_drain":null,"village_pi":"Available","forest_are":120,"area_under":3,"barren_unc":41,"permanent_":11,"land_under":0,"culturable":4,"fallows_la":0,"current_fa":0,"net_area_s":143,"total_unir":87,"area_irrig":57,"canals_are":0,"wells_tube":2,"tanks_lake":85,"waterfall_":0,"other_sour":0,"nearest_to":"DESAIGANJ","nearest__1":28,"shape_leng":8062.853649,"shape_le_1":8062.853649,"shape_area":3221878.198,"ds_name":"Administrative Boundary","src_agency":"Survey of India (SOI)","state_name":"Maharashtra\n","village_area_km2":3,"village_id":4347,"flood_area_km2":0.232129592,"flood_exposure_pct":7.737653069,"flood_risk":"Low","hospital_dist_km":8.9166933424736179,"name":"SDH Armori","amenity":"hospital","population_density":204.0,"water_availability":85.0,"drainage_availability":0.0,"healthcare_gap_score":52.54427504309561,"river_distance_km":false,"flood_score":20.763630440238749,"population_score":10.903260288615714,"water_gap_score":80.681818181818187,"drainage_gap_score":50.0,"service_gap_score":61.075364408304601,"river_vulnerability_score":50.0,"ml_cluster":1,"ml_risk_group":"Very Low","vulnerability_score":33.25,"vulnerability_class":"Moderate","flood_score_contribution":8.31,"population_score_contribution":2.18,"service_gap_score_contribution":15.27,"river_vulnerability_score_contribution":7.5,"underserved_score":37.96,"welfare_priority_score":32.6,"welfare_priority":"Moderate","priority_rank":62,"priority_services":"Healthcare, Drinking Water, Drainage, Evacuation Preparedness","priority_reason":"Priority is influenced by limited healthcare accessibility, water-service gap, drainage-service gap."},"geometry":null},
{"type":"Feature","properties":{"fid":174,"dn":true,"fid_2":true,"dn_2":true,"fid_3":4049,"id":40874,"objectid_1":40874,"objectid":107409,"village":"Dabgaon Maushi","vlcode":540908,"block":"Sawali","bkcode":119.0,"subdistric":"Sawali","sdcode":4068,"sub_distri":"Sawali","district":"Chandrapur","dtcode":473,"district_h":"CHANDRAPUR","state":"MH","stcode":27,"country":"India","total_urba":"Rural","total_hous":231,"total_popu":896,"avg_househ":3.87878788,"total_geog":537,"total_male":452,"total_fema":444,"tapwater_t":null,"tapwater_u":null,"covered_we":null,"covered__1":"Not Available","covered__2":"Not Available","uncovered_":"Available","uncovere_1":"Available","uncovere_2":"Available","handpump_s":null,"hand_pump_":"Available","hand_pum_1":"Available","tubewell_b":null,"tube_wells":"Available","tube_wel_1":"Not Available","spring_sta":"Not Available","spring_fun":"Not Available","spring_f_1":"Not Available","river_cana":"Not Available","tank_pond_":"Not Available","others_sta":"Not Available","closed_dra":"Not Available","open_drain":null,"village_pi":"Available","forest_are":0,"area_under":81,"barren_unc":0,"permanent_":65,"land_under":0,"culturable":0,"fallows_la":0,"current_fa":13,"net_area_s":377,"total_unir":301,"area_irrig":76,"canals_are":293,"wells_tube":1,"tanks_lake":0,"waterfall_":0,"other_sour":7,"nearest_to":"MUL","nearest__1":31,"shape_leng":16214.18577,"shape_le_1":16214.18577,"shape_area":7283379.525,"ds_name":"Administrative Boundary","src_agency":"Survey of India (SOI)","state_name":"Maharashtra\n","village_area_km2":8,"village_id":4049,"flood_area_km2":2.182280262,"flood_exposure_pct":27.27850328,"flood_risk":"Moderate","hospital_dist_km":10.222566543579918,"name":"Nobel Multispeciality Hospital","amenity":"hospital","population_density":112.0,"water_availability":0.0,"drainage_availability":0.0,"healthcare_gap_score":60.260719824298512,"river_distance_km":false,"flood_score":73.203279345035639,"population_score":5.986103687867451,"water_gap_score":100.0,"drainage_gap_score":50.0,"service_gap_score":70.086906608099511,"river_vulnerability_score":50.0,"ml_cluster":0,"ml_risk_group":"Very High","vulnerability_score":55.5,"vulnerability_class":"High","flood_score_contribution":29.28,"population_score_contribution":1.2,"service_gap_score_contribution":17.52,"river_vulnerability_score_contribution":7.5,"underserved_score":51.48,"welfare_priority_score":56.65,"welfare_priority":"High","priority_rank":6,"priority_services":"Healthcare, Drinking Water, Drainage, Evacuation Preparedness, Emergency Flood Response","priority_reason":"Priority is influenced by high flood exposure, limited healthcare accessibility, water-service gap, drainage-service gap."},"geometry":null},
{"type":"Feature","properties":{"fid":175,"dn":true,"fid_2":true,"dn_2":true,"fid_3":3022,"id":39818,"objectid_1":39818,"objectid":106353,"village":"Vyahad Bk","vlcode":540918,"block":"Sawali","bkcode":119.0,"subdistric":"Sawali","sdcode":4068,"sub_distri":"Sawali","district":"Chandrapur","dtcode":473,"district_h":"CHANDRAPUR","state":"MH","stcode":27,"country":"India","total_urba":"Rural","total_hous":1089,"total_popu":4241,"avg_househ":3.89439853,"total_geog":2082,"total_male":2142,"total_fema":2099,"tapwater_t":null,"tapwater_u":null,"covered_we":null,"covered__1":"Available","covered__2":"Available","uncovered_":"Available","uncovere_1":"Available","uncovere_2":"Available","handpump_s":null,"hand_pump_":"Available","hand_pum_1":"Available","tubewell_b":null,"tube_wells":"Available","tube_wel_1":"Available","spring_sta":"Not Available","spring_fun":"Not Available","spring_f_1":"Not Available","river_cana":"Available","tank_pond_":"Available","others_sta":"Not Available","closed_dra":"Not Available","open_drain":null,"village_pi":"Available","forest_are":925,"area_under":270,"barren_unc":0,"permanent_":16,"land_under":0,"culturable":31,"fallows_la":0,"current_fa":82,"net_area_s":759,"total_unir":488,"area_irrig":271,"canals_are":274,"wells_tube":2,"tanks_lake":202,"waterfall_":0,"other_sour":10,"nearest_to":"MUL","nearest__1":28,"shape_leng":10873.12985,"shape_le_1":10873.12985,"shape_area":3551602.186,"ds_name":"Administrative Boundary","src_agency":"Survey of India (SOI)","state_name":"Maharashtra\n","village_area_km2":4,"village_id":3022,"flood_area_km2":0.166494712,"flood_exposure_pct":4.162367803,"flood_risk":"Low","hospital_dist_km":9.8814965133942767,"name":"Dr. Mallick Hospital","amenity":"hospital","population_density":1060.25,"water_availability":202.0,"drainage_availability":0.0,"healthcare_gap_score":58.245326559300757,"river_distance_km":false,"flood_score":11.169027234182103,"population_score":56.667557455905936,"water_gap_score":54.090909090909086,"drainage_gap_score":50.0,"service_gap_score":54.112078550069953,"river_vulnerability_score":50.0,"ml_cluster":2,"ml_risk_group":"Moderate","vulnerability_score":36.83,"vulnerability_class":"Moderate","flood_score_contribution":4.47,"population_score_contribution":11.33,"service_gap_score_contribution":13.53,"river_vulnerability_score_contribution":7.5,"underserved_score":46.29,"welfare_priority_score":36.66,"welfare_priority":"Moderate","priority_rank":36,"priority_services":"Healthcare, Drinking Water, Drainage, Evacuation Preparedness","priority_reason":"Priority is influenced by high population exposure, limited healthcare accessibility, water-service gap, drainage-service gap."},"geometry":null},
{"type":"Feature","properties":{"fid":176,"dn":true,"fid_2":true,"dn_2":true,"fid_3":4111,"id":40949,"objectid_1":40949,"objectid":107484,"village":"Katali Chak","vlcode":539104,"block":"Gadchiroli","bkcode":108.0,"subdistric":"Gadchiroli","sdcode":4057,"sub_distri":"Gadchiroli","district":"Gadchiroli","dtcode":475,"district_h":"GADCHIROLI","state":"MH","stcode":27,"country":"India","total_urba":"Rural","total_hous":79,"total_popu":288,"avg_househ":3.64556962,"total_geog":90,"total_male":148,"total_fema":140,"tapwater_t":null,"tapwater_u":null,"covered_we":null,"covered__1":"Available","covered__2":"Available","uncovered_":"Available","uncovere_1":"Available","uncovere_2":"Available","handpump_s":null,"hand_pump_":"Available","hand_pum_1":"Available","tubewell_b":null,"tube_wells":"Not Available","tube_wel_1":"Not Available","spring_sta":"Not Available","spring_fun":"Not Available","spring_f_1":"Not Available","river_cana":"Not Available","tank_pond_":"Not Available","others_sta":"Not Available","closed_dra":"Not Available","open_drain":null,"village_pi":"Available","forest_are":0,"area_under":12,"barren_unc":0,"permanent_":7,"land_under":0,"culturable":6,"fallows_la":14,"current_fa":0,"net_area_s":52,"total_unir":20,"area_irrig":31,"canals_are":0,"wells_tube":20,"tanks_lake":0,"waterfall_":0,"other_sour":0,"nearest_to":"GADCHIROLI","nearest__1":14,"shape_leng":4098.737653,"shape_le_1":4098.737653,"shape_area":1016858.356,"ds_name":"Administrative Boundary","src_agency":"Survey of India (SOI)","state_name":"Maharashtra\n","village_area_km2":1,"village_id":4111,"flood_area_km2":0.051269404,"flood_exposure_pct":5.126940437,"flood_risk":"Low","hospital_dist_km":6.0626991926435174,"name":"Janatal Hospital","amenity":"hospital","population_density":288.0,"water_availability":0.0,"drainage_availability":0.0,"healthcare_gap_score":35.67993611311136,"river_distance_km":false,"flood_score":13.757545631486096,"population_score":15.3928380545163,"water_gap_score":100.0,"drainage_gap_score":50.0,"service_gap_score":61.893312037703787,"river_vulnerability_score":50.0,"ml_cluster":4,"ml_risk_group":"Low","vulnerability_score":31.55,"vulnerability_class":"Moderate","flood_score_contribution":5.5,"population_score_contribution":3.08,"service_gap_score_contribution":15.47,"river_vulnerability_score_contribution":7.5,"underserved_score":38.32,"welfare_priority_score":30.98,"welfare_priority":"Moderate","priority_rank":84,"priority_services":"Drinking Water, Drainage, Evacuation Preparedness","priority_reason":"Priority is influenced by water-service gap, drainage-service gap."},"geometry":null},
{"type":"Feature","properties":{"fid":177,"dn":true,"fid_2":true,"dn_2":true,"fid_3":4124,"id":40954,"objectid_1":40954,"objectid":107489,"village":"Sakhara","vlcode":539109,"block":"Gadchiroli","bkcode":108.0,"subdistric":"Gadchiroli","sdcode":4057,"sub_distri":"Gadchiroli","district":"Gadchiroli","dtcode":475,"district_h":"GADCHIROLI","state":"MH","stcode":27,"country":"India","total_urba":"Rural","total_hous":420,"total_popu":1526,"avg_househ":3.63333333,"total_geog":749,"total_male":774,"total_fema":752,"tapwater_t":null,"tapwater_u":null,"covered_we":null,"covered__1":"Not Available","covered__2":"Not Available","uncovered_":"Available","uncovere_1":"Available","uncovere_2":"Available","handpump_s":null,"hand_pump_":"Available","hand_pum_1":"Available","tubewell_b":null,"tube_wells":"Not Available","tube_wel_1":"Not Available","spring_sta":"Not Available","spring_fun":"Not Available","spring_f_1":"Not Available","river_cana":"Available","tank_pond_":"Not Available","others_sta":"Not Available","closed_dra":"Not Available","open_drain":null,"village_pi":"Available","forest_are":176,"area_under":10,"barren_unc":219,"permanent_":14,"land_under":0,"culturable":28,"fallows_la":4,"current_fa":38,"net_area_s":259,"total_unir":116,"area_irrig":143,"canals_are":0,"wells_tube":105,"tanks_lake":0,"waterfall_":0,"other_sour":11,"nearest_to":"GADCHIROLI","nearest__1":9,"shape_leng":12327.8738,"shape_le_1":12327.8738,"shape_area":8320900.491,"ds_name":"Administrative Boundary","src_agency":"Survey of India (SOI)","state_name":"Maharashtra\n","village_area_km2":9,"village_id":4124,"flood_area_km2":0.710728323,"flood_exposure_pct":7.896981362,"flood_risk":"Low","hospital_dist_km":2.5944454060459581,"name":"Janatal Hospital","amenity":"hospital","population_density":169.55555555555554,"water_availability":0.0,"drainage_availability":0.0,"healthcare_gap_score":15.185918157305672,"river_distance_km":false,"flood_score":21.191202406417446,"population_score":9.0622958607993347,"water_gap_score":100.0,"drainage_gap_score":50.0,"service_gap_score":55.061972719101895,"river_vulnerability_score":50.0,"ml_cluster":4,"ml_risk_group":"Low","vulnerability_score":31.55,"vulnerability_class":"Moderate","flood_score_contribution":8.48,"population_score_contribution":1.81,"service_gap_score_contribution":13.77,"river_vulnerability_score_contribution":7.5,"underserved_score":34.49,"welfare_priority_score":30.26,"welfare_priority":"Moderate","priority_rank":96,"priority_services":"Drinking Water, Drainage, Evacuation Preparedness","priority_reason":"Priority is influenced by water-service gap, drainage-service gap."},"geometry":null},
{"type":"Feature","properties":{"fid":178,"dn":true,"fid_2":true,"dn_2":true,"fid_3":4154,"id":40987,"objectid_1":40987,"objectid":107522,"village":"Wasa Chack No 1","vlcode":539096,"block":"Gadchiroli","bkcode":108.0,"subdistric":"Gadchiroli","sdcode":4057,"sub_distri":"Gadchiroli","district":"Gadchiroli","dtcode":475,"district_h":"GADCHIROLI","state":"MH","stcode":27,"country":"India","total_urba":"Rural","total_hous":0,"total_popu":0,"avg_househ":0.0,"total_geog":193,"total_male":0,"total_fema":0,"tapwater_t":null,"tapwater_u":null,"covered_we":null,"covered__1":null,"covered__2":null,"uncovered_":null,"uncovere_1":null,"uncovere_2":null,"handpump_s":null,"hand_pump_":null,"hand_pum_1":null,"tubewell_b":null,"tube_wells":null,"tube_wel_1":null,"spring_sta":null,"spring_fun":null,"spring_f_1":null,"river_cana":null,"tank_pond_":null,"others_sta":null,"closed_dra":null,"open_drain":null,"village_pi":null,"forest_are":0,"area_under":43,"barren_unc":0,"permanent_":15,"land_under":0,"culturable":7,"fallows_la":19,"current_fa":2,"net_area_s":107,"total_unir":10,"area_irrig":97,"canals_are":0,"wells_tube":5,"tanks_lake":2,"waterfall_":0,"other_sour":4,"nearest_to":null,"nearest__1":0,"shape_leng":6242.464729,"shape_le_1":6242.464729,"shape_area":2359926.819,"ds_name":"Administrative Boundary","src_agency":"Survey of India (SOI)","state_name":"Maharashtra\n","village_area_km2":2,"village_id":4154,"flood_area_km2":0.339155623,"flood_exposure_pct":16.95778115,"flood_risk":"Moderate","hospital_dist_km":13.077181463639151,"name":"SDH Armori","amenity":"hospital","population_density":0.0,"water_availability":2.0,"drainage_availability":0.0,"healthcare_gap_score":77.12872690459848,"river_distance_km":false,"flood_score":45.50668277440613,"population_score":0.0,"water_gap_score":99.545454545454547,"drainage_gap_score":50.0,"service_gap_score":75.558060483351014,"river_vulnerability_score":50.0,"ml_cluster":0,"ml_risk_group":"Very High","vulnerability_score":44.59,"vulnerability_class":"Moderate","flood_score_contribution":18.2,"population_score_contribution":0.0,"service_gap_score_contribution":18.89,"river_vulnerability_score_contribution":7.5,"underserved_score":46.88,"welfare_priority_score":45.56,"welfare_priority":"Moderate","priority_rank":14,"priority_services":"Healthcare, Drinking Water, Drainage, Evacuation Preparedness","priority_reason":"Priority is influenced by limited healthcare accessibility, water-service gap, drainage-service gap."},"geometry":null},
{"type":"Feature","properties":{"fid":179,"dn":true,"fid_2":true,"dn_2":true,"fid_3":4337,"id":41180,"objectid_1":41180,"objectid":107715,"village":"Dongargaon","vlcode":538525,"block":"Armori","bkcode":104.0,"subdistric":"Armori","sdcode":4053,"sub_distri":"Armori","district":"Gadchiroli","dtcode":475,"district_h":"GADCHIROLI","state":"MH","stcode":27,"country":"India","total_urba":"Rural","total_hous":493,"total_popu":1910,"avg_househ":3.87423935,"total_geog":719,"total_male":938,"total_fema":972,"tapwater_t":null,"tapwater_u":null,"covered_we":null,"covered__1":"Not Available","covered__2":"Not Available","uncovered_":"Available","uncovere_1":"Available","uncovere_2":"Available","handpump_s":null,"hand_pump_":"Available","hand_pum_1":"Available","tubewell_b":null,"tube_wells":"Not Available","tube_wel_1":"Not Available","spring_sta":"Not Available","spring_fun":"Not Available","spring_f_1":"Not Available","river_cana":"Not Available","tank_pond_":"Not Available","others_sta":"Not Available","closed_dra":"Not Available","open_drain":null,"village_pi":"Available","forest_are":70,"area_under":7,"barren_unc":73,"permanent_":0,"land_under":0,"culturable":24,"fallows_la":64,"current_fa":16,"net_area_s":465,"total_unir":82,"area_irrig":383,"canals_are":0,"wells_tube":0,"tanks_lake":3,"waterfall_":0,"other_sour":78,"nearest_to":"DESAIGANJ","nearest__1":24,"shape_leng":15721.65259,"shape_le_1":15721.65259,"shape_area":9391701.136,"ds_name":"Administrative Boundary","src_agency":"Survey of India (SOI)","state_name":"Maharashtra\n","village_area_km2":10,"village_id":4337,"flood_area_km2":1.423266963,"flood_exposure_pct":14.23266963,"flood_risk":"Low","hospital_dist_km":5.029781700447062,"name":"SDH Armori","amenity":"hospital","population_density":191.0,"water_availability":3.0,"drainage_availability":0.0,"healthcare_gap_score":29.57639498421754,"river_distance_km":false,"flood_score":38.193598144405051,"population_score":10.208444681988242,"water_gap_score":99.318181818181813,"drainage_gap_score":50.0,"service_gap_score":59.631525600799783,"river_vulnerability_score":50.0,"ml_cluster":0,"ml_risk_group":"Very High","vulnerability_score":39.73,"vulnerability_class":"Moderate","flood_score_contribution":15.28,"population_score_contribution":2.04,"service_gap_score_contribution":14.91,"river_vulnerability_score_contribution":7.5,"underserved_score":40.52,"welfare_priority_score":39.26,"welfare_priority":"Moderate","priority_rank":25,"priority_services":"Drinking Water, Drainage, Evacuation Preparedness","priority_reason":"Priority is influenced by water-service gap, drainage-service gap."},"geometry":null},
{"type":"Feature","properties":{"fid":180,"dn":true,"fid_2":true,"dn_2":true,"fid_3":4651,"id":41905,"objectid_1":41905,"objectid":108440,"village":"Vihirgaon","vlcode":537515,"block":"Lakhandur","bkcode":94.0,"subdistric":"Lakhandur","sdcode":4043,"sub_distri":"Lakhandur","district":"Bhandara","dtcode":471,"district_h":"BHANDARA","state":"MH","stcode":27,"country":"India","total_urba":"Rural","total_hous":49,"total_popu":220,"avg_househ":4.48979592,"total_geog":318,"total_male":112,"total_fema":108,"tapwater_t":null,"tapwater_u":null,"covered_we":null,"covered__1":"Not Available","covered__2":"Not Available","uncovered_":"Available","uncovere_1":"Available","uncovere_2":"Available","handpump_s":null,"hand_pump_":"Available","hand_pum_1":"Available","tubewell_b":null,"tube_wells":"Available","tube_wel_1":"Available","spring_sta":"Not Available","spring_fun":"Not Available","spring_f_1":"Not Available","river_cana":"Not Available","tank_pond_":"Not Available","others_sta":"Not Available","closed_dra":"Not Available","open_drain":null,"village_pi":"Available","forest_are":0,"area_under":21,"barren_unc":120,"permanent_":8,"land_under":0,"culturable":90,"fallows_la":0,"current_fa":0,"net_area_s":79,"total_unir":21,"area_irrig":58,"canals_are":0,"wells_tube":21,"tanks_lake":0,"waterfall_":0,"other_sour":0,"nearest_to":"Desaiganj","nearest__1":18,"shape_leng":6397.164006,"shape_le_1":6397.164006,"shape_area":2335462.234,"ds_name":"Administrative Boundary","src_agency":"Survey of India (SOI)","state_name":"Maharashtra\n","village_area_km2":2,"village_id":4651,"flood_area_km2":0.198838805,"flood_exposure_pct":9.941940238000001,"flood_risk":"Low","hospital_dist_km":3.1506929533185302,"name":"Government Hospital, Soni","amenity":"hospital","population_density":110.0,"water_availability":0.0,"drainage_availability":0.0,"healthcare_gap_score":18.472801967749195,"river_distance_km":false,"flood_score":26.679035552071561,"population_score":5.879208979155532,"water_gap_score":100.0,"drainage_gap_score":50.0,"service_gap_score":56.157600655916404,"river_vulnerability_score":50.0,"ml_cluster":4,"ml_risk_group":"Low","vulnerability_score":33.39,"vulnerability_class":"Moderate","flood_score_contribution":10.67,"population_score_contribution":1.18,"service_gap_score_contribution":14.04,"river_vulnerability_score_contribution":7.5,"underserved_score":35.18,"welfare_priority_score":32.21,"welfare_priority":"Moderate","priority_rank":68,"priority_services":"Drinking Water, Drainage, Evacuation Preparedness","priority_reason":"Priority is influenced by water-service gap, drainage-service gap."},"geometry":null},
{"type":"Feature","properties":{"fid":181,"dn":true,"fid_2":true,"dn_2":true,"fid_3":4325,"id":41168,"objectid_1":41168,"objectid":107703,"village":"Palora","vlcode":538519,"block":"Armori","bkcode":104.0,"subdistric":"Armori","sdcode":4053,"sub_distri":"Armori","district":"Gadchiroli","dtcode":475,"district_h":"GADCHIROLI","state":"MH","stcode":27,"country":"India","total_urba":"Rural","total_hous":130,"total_popu":540,"avg_househ":4.15384615,"total_geog":561,"total_male":269,"total_fema":271,"tapwater_t":null,"tapwater_u":null,"covered_we":null,"covered__1":"Not Available","covered__2":"Not Available","uncovered_":"Available","uncovere_1":"Available","uncovere_2":"Available","handpump_s":null,"hand_pump_":"Available","hand_pum_1":"Available","tubewell_b":null,"tube_wells":"Not Available","tube_wel_1":"Not Available","spring_sta":"Not Available","spring_fun":"Not Available","spring_f_1":"Not Available","river_cana":"Available","tank_pond_":"Available","others_sta":"Not Available","closed_dra":"Not Available","open_drain":null,"village_pi":"Available","forest_are":119,"area_under":26,"barren_unc":11,"permanent_":15,"land_under":18,"culturable":3,"fallows_la":0,"current_fa":7,"net_area_s":362,"total_unir":255,"area_irrig":107,"canals_are":201,"wells_tube":24,"tanks_lake":31,"waterfall_":0,"other_sour":0,"nearest_to":"DESAIGANJ","nearest__1":21,"shape_leng":10676.46923,"shape_le_1":10676.46923,"shape_area":4816134.833,"ds_name":"Administrative Boundary","src_agency":"Survey of India (SOI)","state_name":"Maharashtra\n","village_area_km2":5,"village_id":4325,"flood_area_km2":0.01123752,"flood_exposure_pct":0.224750404,"flood_risk":"Low","hospital_dist_km":2.6063163255830988,"name":"SDH Armori","amenity":"hospital","population_density":108.0,"water_availability":31.0,"drainage_availability":0.0,"healthcare_gap_score":15.256063784792969,"river_distance_km":false,"flood_score":0.60207279282708692,"population_score":5.772314270443613,"water_gap_score":92.954545454545453,"drainage_gap_score":50.0,"service_gap_score":52.736869746446139,"river_vulnerability_score":50.0,"ml_cluster":4,"ml_risk_group":"Low","vulnerability_score":22.08,"vulnerability_class":"Low","flood_score_contribution":0.24,"population_score_contribution":1.15,"service_gap_score_contribution":13.18,"river_vulnerability_score_contribution":7.5,"underserved_score":28.22,"welfare_priority_score":20.04,"welfare_priority":"Low","priority_rank":193,"priority_services":"Drinking Water, Drainage, Evacuation Preparedness","priority_reason":"Priority is influenced by water-service gap, drainage-service gap."},"geometry":null},
{"type":"Feature","properties":{"fid":182,"dn":true,"fid_2":true,"dn_2":true,"fid_3":4711,"id":42026,"objectid_1":42026,"objectid":108561,"village":"Sawangi","vlcode":538469,"block":"Desaiganj (Vadasa)","bkcode":103.0,"subdistric":"Desaiganj (Vadasa)","sdcode":4052,"sub_distri":"Desaiganj (Vadasa)","district":"Gadchiroli","dtcode":475,"district_h":"GADCHIROLI","state":"MH","stcode":27,"country":"India","total_urba":"Rural","total_hous":623,"total_popu":2498,"avg_househ":4.00963082,"total_geog":1248,"total_male":1282,"total_fema":1216,"tapwater_t":null,"tapwater_u":null,"covered_we":null,"covered__1":"Available","covered__2":"Available","uncovered_":"Available","uncovere_1":"Available","uncovere_2":"Available","handpump_s":null,"hand_pump_":"Available","hand_pum_1":"Available","tubewell_b":null,"tube_wells":"Available","tube_wel_1":"Available","spring_sta":"Not Available","spring_fun":"Not Available","spring_f_1":"Not Available","river_cana":"Available","tank_pond_":"Available","others_sta":"Not Available","closed_dra":"Not Available","open_drain":null,"village_pi":"Available","forest_are":393,"area_under":173,"barren_unc":184,"permanent_":4,"land_under":11,"culturable":0,"fallows_la":56,"current_fa":14,"net_area_s":413,"total_unir":217,"area_irrig":196,"canals_are":172,"wells_tube":1,"tanks_lake":0,"waterfall_":0,"other_sour":43,"nearest_to":"DESAIGANJ","nearest__1":7,"shape_leng":13052.61635,"shape_le_1":13052.61635,"shape_area":9263146.687000001,"ds_name":"Administrative Boundary","src_agency":"Survey of India (SOI)","state_name":"Maharashtra\n","village_area_km2":10,"village_id":4711,"flood_area_km2":0.729396114,"flood_exposure_pct":7.293961142,"flood_risk":"Low","hospital_dist_km":3.8541104709684726,"name":"Government Hospital, Soni","amenity":"hospital","population_density":249.8,"water_availability":0.0,"drainage_availability":0.0,"healthcare_gap_score":22.629317645135217,"river_distance_km":false,"flood_score":19.572942797554951,"population_score":13.351149118118656,"water_gap_score":100.0,"drainage_gap_score":50.0,"service_gap_score":57.543105881711739,"river_vulnerability_score":50.0,"ml_cluster":4,"ml_risk_group":"Low","vulnerability_score":32.39,"vulnerability_class":"Moderate","flood_score_contribution":7.83,"population_score_contribution":2.67,"service_gap_score_contribution":14.39,"river_vulnerability_score_contribution":7.5,"underserved_score":36.69,"welfare_priority_score":31.43,"welfare_priority":"Moderate","priority_rank":78,"priority_services":"Drinking Water, Drainage, Evacuation Preparedness","priority_reason":"Priority is influenced by water-service gap, drainage-service gap."},"geometry":null},
{"type":"Feature","properties":{"fid":183,"dn":true,"fid_2":true,"dn_2":true,"fid_3":2957,"id":39753,"objectid_1":39753,"objectid":106288,"village":"Jibgaon","vlcode":540957,"block":"Sawali","bkcode":119.0,"subdistric":"Sawali","sdcode":4068,"sub_distri":"Sawali","district":"Chandrapur","dtcode":473,"district_h":"CHANDRAPUR","state":"MH","stcode":27,"country":"India","total_urba":"Rural","total_hous":402,"total_popu":1472,"avg_househ":3.66169154,"total_geog":557,"total_male":742,"total_fema":730,"tapwater_t":null,"tapwater_u":null,"covered_we":null,"covered__1":"Not Available","covered__2":"Not Available","uncovered_":"Available","uncovere_1":"Available","uncovere_2":"Available","handpump_s":null,"hand_pump_":"Available","hand_pum_1":"Available","tubewell_b":null,"tube_wells":"Not Available","tube_wel_1":"Not Available","spring_sta":"Not Available","spring_fun":"Not Available","spring_f_1":"Not Available","river_cana":"Available","tank_pond_":"Available","others_sta":"Not Available","closed_dra":"Not Available","open_drain":null,"village_pi":"Available","forest_are":0,"area_under":211,"barren_unc":0,"permanent_":0,"land_under":0,"culturable":0,"fallows_la":0,"current_fa":6,"net_area_s":339,"total_unir":279,"area_irrig":61,"canals_are":120,"wells_tube":159,"tanks_lake":0,"waterfall_":0,"other_sour":0,"nearest_to":"MUL","nearest__1":30,"shape_leng":10882.5026,"shape_le_1":10882.5026,"shape_area":5404030.586,"ds_name":"Administrative Boundary","src_agency":"Survey of India (SOI)","state_name":"Maharashtra\n","village_area_km2":6,"village_id":2957,"flood_area_km2":0.339842155,"flood_exposure_pct":5.664035919,"flood_risk":"Low","hospital_dist_km":7.3122360822852377,"name":"Rural Hospital, Saoli","amenity":"hospital","population_density":245.33333333333334,"water_availability":0.0,"drainage_availability":0.0,"healthcare_gap_score":43.06348790269395,"river_distance_km":false,"flood_score":15.198890209654852,"population_score":13.112417601995368,"water_gap_score":100.0,"drainage_gap_score":50.0,"service_gap_score":64.35449596756466,"river_vulnerability_score":50.0,"ml_cluster":4,"ml_risk_group":"Low","vulnerability_score":32.29,"vulnerability_class":"Moderate","flood_score_contribution":6.08,"population_score_contribution":2.62,"service_gap_score_contribution":16.09,"river_vulnerability_score_contribution":7.5,"underserved_score":39.15,"welfare_priority_score":31.92,"welfare_priority":"Moderate","priority_rank":72,"priority_services":"Drinking Water, Drainage, Evacuation Preparedness","priority_reason":"Priority is influenced by water-service gap, drainage-service gap."},"geometry":null},
{"type":"Feature","properties":{"fid":184,"dn":true,"fid_2":true,"dn_2":true,"fid_3":2826,"id":39623,"objectid_1":39623,"objectid":106158,"village":"Haladi Chak","vlcode":539295,"block":"Chamorshi","bkcode":109.0,"subdistric":"Chamorshi","sdcode":4058,"sub_distri":"Chamorshi","district":"Gadchiroli","dtcode":475,"district_h":"GADCHIROLI","state":"MH","stcode":27,"country":"India","total_urba":"Rural","total_hous":89,"total_popu":378,"avg_househ":4.24719101,"total_geog":194,"total_male":191,"total_fema":187,"tapwater_t":null,"tapwater_u":null,"covered_we":null,"covered__1":"Not Available","covered__2":"Not Available","uncovered_":"Available","uncovere_1":"Available","uncovere_2":"Available","handpump_s":null,"hand_pump_":"Available","hand_pum_1":"Available","tubewell_b":null,"tube_wells":"Not Available","tube_wel_1":"Not Available","spring_sta":"Not Available","spring_fun":"Not Available","spring_f_1":"Not Available","river_cana":"Available","tank_pond_":"Not Available","others_sta":"Not Available","closed_dra":"Not Available","open_drain":null,"village_pi":"Available","forest_are":0,"area_under":46,"barren_unc":22,"permanent_":0,"land_under":0,"culturable":0,"fallows_la":0,"current_fa":0,"net_area_s":126,"total_unir":0,"area_irrig":126,"canals_are":0,"wells_tube":0,"tanks_lake":0,"waterfall_":0,"other_sour":0,"nearest_to":"GADCHIROLI","nearest__1":54,"shape_leng":8670.088513000001,"shape_le_1":8670.088513000001,"shape_area":2906738.66,"ds_name":"Administrative Boundary","src_agency":"Survey of India (SOI)","state_name":"Maharashtra\n","village_area_km2":3,"village_id":2826,"flood_area_km2":0.026007476,"flood_exposure_pct":0.866915855,"flood_risk":"Low","hospital_dist_km":14.361422682940701,"name":null,"amenity":null,"population_density":126.0,"water_availability":0.0,"drainage_availability":0.0,"healthcare_gap_score":84.717347642117105,"river_distance_km":false,"flood_score":2.325382189583741,"population_score":6.7343666488508811,"water_gap_score":100.0,"drainage_gap_score":50.0,"service_gap_score":78.239115880705697,"river_vulnerability_score":50.0,"ml_cluster":1,"ml_risk_group":"Very Low","vulnerability_score":29.34,"vulnerability_class":"Moderate","flood_score_contribution":0.93,"population_score_contribution":1.35,"service_gap_score_contribution":19.56,"river_vulnerability_score_contribution":7.5,"underserved_score":41.6,"welfare_priority_score":29.91,"welfare_priority":"Moderate","priority_rank":100,"priority_services":"Healthcare, Drinking Water, Drainage, Evacuation Preparedness","priority_reason":"Priority is influenced by limited healthcare accessibility, water-service gap, drainage-service gap."},"geometry":null},
{"type":"Feature","properties":{"fid":185,"dn":true,"fid_2":true,"dn_2":true,"fid_3":4573,"id":41826,"objectid_1":41826,"objectid":108361,"village":"Chikhalgaon","vlcode":540739,"block":"Brahmapuri","bkcode":118.0,"subdistric":"Brahmapuri","sdcode":4067,"sub_distri":"Brahmapuri","district":"Chandrapur","dtcode":473,"district_h":"CHANDRAPUR","state":"MH","stcode":27,"country":"India","total_urba":"Rural","total_hous":471,"total_popu":2012,"avg_househ":4.27176221,"total_geog":284,"total_male":1019,"total_fema":993,"tapwater_t":null,"tapwater_u":null,"covered_we":null,"covered__1":"Available","covered__2":"Available","uncovered_":"Available","uncovere_1":"Available","uncovere_2":"Available","handpump_s":null,"hand_pump_":"Available","hand_pum_1":"Available","tubewell_b":null,"tube_wells":"Available","tube_wel_1":"Available","spring_sta":"Not Available","spring_fun":"Not Available","spring_f_1":"Not Available","river_cana":"Not Available","tank_pond_":"Not Available","others_sta":"Not Available","closed_dra":"Not Available","open_drain":null,"village_pi":"Available","forest_are":0,"area_under":10,"barren_unc":78,"permanent_":2,"land_under":0,"culturable":1,"fallows_la":8,"current_fa":1,"net_area_s":184,"total_unir":25,"area_irrig":158,"canals_are":0,"wells_tube":25,"tanks_lake":0,"waterfall_":0,"other_sour":0,"nearest_to":"BRAHMAPURI","nearest__1":9,"shape_leng":6486.724524,"shape_le_1":6486.724524,"shape_area":2691822.028,"ds_name":"Administrative Boundary","src_agency":"Survey of India (SOI)","state_name":"Maharashtra\n","village_area_km2":3,"village_id":4573,"flood_area_km2":0.158362153,"flood_exposure_pct":5.278738428,"flood_risk":"Low","hospital_dist_km":2.4011571706777342,"name":"Vikttubaba physiotherapy clinic, wadsa","amenity":"hospital","population_density":670.66666666666663,"water_availability":0.0,"drainage_availability":0.0,"healthcare_gap_score":14.043772048624142,"river_distance_km":false,"flood_score":14.164909347319327,"population_score":35.845358988063424,"water_gap_score":100.0,"drainage_gap_score":50.0,"service_gap_score":54.681257349541376,"river_vulnerability_score":50.0,"ml_cluster":4,"ml_risk_group":"Low","vulnerability_score":34.01,"vulnerability_class":"Moderate","flood_score_contribution":5.67,"population_score_contribution":7.17,"service_gap_score_contribution":13.67,"river_vulnerability_score_contribution":7.5,"underserved_score":40.93,"welfare_priority_score":33.33,"welfare_priority":"Moderate","priority_rank":54,"priority_services":"Drinking Water, Drainage, Evacuation Preparedness","priority_reason":"Priority is influenced by water-service gap, drainage-service gap."},"geometry":null},
{"type":"Feature","properties":{"fid":186,"dn":true,"fid_2":true,"dn_2":true,"fid_3":4205,"id":41040,"objectid_1":41040,"objectid":107575,"village":"Gawarla Chak","vlcode":540803,"block":"Brahmapuri","bkcode":118.0,"subdistric":"Brahmapuri","sdcode":4067,"sub_distri":"Brahmapuri","district":"Chandrapur","dtcode":473,"district_h":"CHANDRAPUR","state":"MH","stcode":27,"country":"India","total_urba":"Rural","total_hous":66,"total_popu":233,"avg_househ":3.53030303,"total_geog":404,"total_male":122,"total_fema":111,"tapwater_t":null,"tapwater_u":null,"covered_we":null,"covered__1":"Not Available","covered__2":"Not Available","uncovered_":"Available","uncovere_1":"Available","uncovere_2":"Available","handpump_s":null,"hand_pump_":"Available","hand_pum_1":"Available","tubewell_b":null,"tube_wells":"Not Available","tube_wel_1":"Not Available","spring_sta":"Not Available","spring_fun":"Not Available","spring_f_1":"Not Available","river_cana":"Not Available","tank_pond_":"Available","others_sta":"Not Available","closed_dra":"Not Available","open_drain":null,"village_pi":"Available","forest_are":92,"area_under":30,"barren_unc":0,"permanent_":2,"land_under":0,"culturable":18,"fallows_la":0,"current_fa":0,"net_area_s":263,"total_unir":31,"area_irrig":232,"canals_are":0,"wells_tube":11,"tanks_lake":20,"waterfall_":0,"other_sour":0,"nearest_to":"BRAHMAPURI","nearest__1":14,"shape_leng":9511.778806,"shape_le_1":9511.778806,"shape_area":4840224.035,"ds_name":"Administrative Boundary","src_agency":"Survey of India (SOI)","state_name":"Maharashtra\n","village_area_km2":5,"village_id":4205,"flood_area_km2":0.012077017,"flood_exposure_pct":0.241540335,"flood_risk":"Low","hospital_dist_km":11.210817281630268,"name":"Akshay Nursing Home","amenity":"hospital","population_density":46.6,"water_availability":20.0,"drainage_availability":0.0,"healthcare_gap_score":66.100323733535802,"river_distance_km":false,"flood_score":0.64713009981571201,"population_score":2.4906467129877075,"water_gap_score":95.454545454545453,"drainage_gap_score":50.0,"service_gap_score":70.518289729360419,"river_vulnerability_score":50.0,"ml_cluster":1,"ml_risk_group":"Very Low","vulnerability_score":25.89,"vulnerability_class":"Moderate","flood_score_contribution":0.26,"population_score_contribution":0.5,"service_gap_score_contribution":17.63,"river_vulnerability_score_contribution":7.5,"underserved_score":36.14,"welfare_priority_score":25.53,"welfare_priority":"Moderate","priority_rank":143,"priority_services":"Healthcare, Drinking Water, Drainage, Evacuation Preparedness","priority_reason":"Priority is influenced by limited healthcare accessibility, water-service gap, drainage-service gap."},"geometry":null},
{"type":"Feature","properties":{"fid":187,"dn":true,"fid_2":true,"dn_2":true,"fid_3":3122,"id":39921,"objectid_1":39921,"objectid":106456,"village":"Rajangatta","vlcode":539284,"block":"Chamorshi","bkcode":109.0,"subdistric":"Chamorshi","sdcode":4058,"sub_distri":"Chamorshi","district":"Gadchiroli","dtcode":475,"district_h":"GADCHIROLI","state":"MH","stcode":27,"country":"India","total_urba":"Rural","total_hous":42,"total_popu":157,"avg_househ":3.73809524,"total_geog":43,"total_male":83,"total_fema":74,"tapwater_t":null,"tapwater_u":null,"covered_we":null,"covered__1":"Available","covered__2":"Available","uncovered_":"Available","uncovere_1":"Available","uncovere_2":"Available","handpump_s":null,"hand_pump_":"Available","hand_pum_1":"Available","tubewell_b":null,"tube_wells":"Not Available","tube_wel_1":"Not Available","spring_sta":"Not Available","spring_fun":"Not Available","spring_f_1":"Not Available","river_cana":"Not Available","tank_pond_":"Available","others_sta":"Not Available","closed_dra":"Not Available","open_drain":null,"village_pi":"Available","forest_are":6,"area_under":8,"barren_unc":0,"permanent_":2,"land_under":0,"culturable":0,"fallows_la":0,"current_fa":0,"net_area_s":27,"total_unir":52,"area_irrig":-25,"canals_are":52,"wells_tube":0,"tanks_lake":0,"waterfall_":0,"other_sour":0,"nearest_to":"GADCHIROLI","nearest__1":45,"shape_leng":3731.0651,"shape_le_1":3731.0651,"shape_area":823741.0582,"ds_name":"Administrative Boundary","src_agency":"Survey of India (SOI)","state_name":"Maharashtra\n","village_area_km2":1,"village_id":3122,"flood_area_km2":0.004357646,"flood_exposure_pct":0.435764622,"flood_risk":"Low","hospital_dist_km":7.1926704390086202,"name":null,"amenity":null,"population_density":157.0,"water_availability":0.0,"drainage_availability":0.0,"healthcare_gap_score":42.356970850891834,"river_distance_km":false,"flood_score":1.1683486399041623,"population_score":8.3912346338856239,"water_gap_score":100.0,"drainage_gap_score":50.0,"service_gap_score":64.118990283630609,"river_vulnerability_score":50.0,"ml_cluster":4,"ml_risk_group":"Low","vulnerability_score":25.68,"vulnerability_class":"Moderate","flood_score_contribution":0.47,"population_score_contribution":1.68,"service_gap_score_contribution":16.03,"river_vulnerability_score_contribution":7.5,"underserved_score":34.81,"welfare_priority_score":24.86,"welfare_priority":"Low","priority_rank":153,"priority_services":"Drinking Water, Drainage, Evacuation Preparedness","priority_reason":"Priority is influenced by water-service gap, drainage-service gap."},"geometry":null},
{"type":"Feature","properties":{"fid":188,"dn":true,"fid_2":true,"dn_2":true,"fid_3":3089,"id":39886,"objectid_1":39886,"objectid":106421,"village":"Nachangaon","vlcode":539265,"block":"Chamorshi","bkcode":109.0,"subdistric":"Chamorshi","sdcode":4058,"sub_distri":"Chamorshi","district":"Gadchiroli","dtcode":475,"district_h":"GADCHIROLI","state":"MH","stcode":27,"country":"India","total_urba":"Rural","total_hous":58,"total_popu":248,"avg_househ":4.27586207,"total_geog":39,"total_male":128,"total_fema":120,"tapwater_t":null,"tapwater_u":null,"covered_we":null,"covered__1":"Not Available","covered__2":"Not Available","uncovered_":"Available","uncovere_1":"Available","uncovere_2":"Available","handpump_s":null,"hand_pump_":"Available","hand_pum_1":"Available","tubewell_b":null,"tube_wells":"Not Available","tube_wel_1":"Not Available","spring_sta":"Not Available","spring_fun":"Not Available","spring_f_1":"Not Available","river_cana":"Not Available","tank_pond_":"Not Available","others_sta":"Not Available","closed_dra":"Not Available","open_drain":null,"village_pi":"Available","forest_are":0,"area_under":7,"barren_unc":1,"permanent_":1,"land_under":0,"culturable":0,"fallows_la":0,"current_fa":0,"net_area_s":30,"total_unir":73,"area_irrig":-43,"canals_are":30,"wells_tube":0,"tanks_lake":0,"waterfall_":0,"other_sour":43,"nearest_to":"GADCHIROLI","nearest__1":29,"shape_leng":2712.112264,"shape_le_1":2712.112264,"shape_area":543666.6625,"ds_name":"Administrative Boundary","src_agency":"Survey of India (SOI)","state_name":"Maharashtra\n","village_area_km2":1,"village_id":3089,"flood_area_km2":0.047656425,"flood_exposure_pct":4.765642541,"flood_risk":"Low","hospital_dist_km":5.9538954824877575,"name":"Balprabha Hospital","amenity":"hospital","population_density":248.0,"water_availability":0.0,"drainage_availability":0.0,"healthcare_gap_score":35.037011654063072,"river_distance_km":false,"flood_score":12.787969865247611,"population_score":13.254943880277924,"water_gap_score":100.0,"drainage_gap_score":50.0,"service_gap_score":61.679003884687688,"river_vulnerability_score":50.0,"ml_cluster":4,"ml_risk_group":"Low","vulnerability_score":30.69,"vulnerability_class":"Moderate","flood_score_contribution":5.12,"population_score_contribution":2.65,"service_gap_score_contribution":15.42,"river_vulnerability_score_contribution":7.5,"underserved_score":37.37,"welfare_priority_score":30.01,"welfare_priority":"Moderate","priority_rank":99,"priority_services":"Drinking Water, Drainage, Evacuation Preparedness","priority_reason":"Priority is influenced by water-service gap, drainage-service gap."},"geometry":null},
{"type":"Feature","properties":{"fid":189,"dn":true,"fid_2":true,"dn_2":true,"fid_3":4552,"id":41807,"objectid_1":41807,"objectid":108342,"village":"Nandgaon Jani","vlcode":540734,"block":"Brahmapuri","bkcode":118.0,"subdistric":"Brahmapuri","sdcode":4067,"sub_distri":"Brahmapuri","district":"Chandrapur","dtcode":473,"district_h":"CHANDRAPUR","state":"MH","stcode":27,"country":"India","total_urba":"Rural","total_hous":511,"total_popu":2075,"avg_househ":4.06066536,"total_geog":890,"total_male":1069,"total_fema":1006,"tapwater_t":null,"tapwater_u":null,"covered_we":null,"covered__1":"Available","covered__2":"Available","uncovered_":"Available","uncovere_1":"Available","uncovere_2":"Available","handpump_s":null,"hand_pump_":"Available","hand_pum_1":"Available","tubewell_b":null,"tube_wells":"Available","tube_wel_1":"Available","spring_sta":"Not Available","spring_fun":"Not Available","spring_f_1":"Not Available","river_cana":"Available","tank_pond_":"Not Available","others_sta":"Not Available","closed_dra":"Not Available","open_drain":null,"village_pi":"Available","forest_are":0,"area_under":15,"barren_unc":154,"permanent_":3,"land_under":4,"culturable":33,"fallows_la":8,"current_fa":24,"net_area_s":650,"total_unir":65,"area_irrig":586,"canals_are":0,"wells_tube":65,"tanks_lake":0,"waterfall_":0,"other_sour":0,"nearest_to":"BRAHMAPURI","nearest__1":8,"shape_leng":11619.4972,"shape_le_1":11619.4972,"shape_area":7987303.611,"ds_name":"Administrative Boundary","src_agency":"Survey of India (SOI)","state_name":"Maharashtra\n","village_area_km2":8,"village_id":4552,"flood_area_km2":0.031661007,"flood_exposure_pct":0.395762585,"flood_risk":"Low","hospital_dist_km":6.2252411023115579,"name":"Akshay Nursing Home","amenity":"hospital","population_density":259.375,"water_availability":0.0,"drainage_availability":0.0,"healthcare_gap_score":36.640401240600113,"river_distance_km":false,"flood_score":1.0609995351770889,"population_score":13.862907536076966,"water_gap_score":100.0,"drainage_gap_score":50.0,"service_gap_score":62.21346708020004,"river_vulnerability_score":50.0,"ml_cluster":4,"ml_risk_group":"Low","vulnerability_score":26.25,"vulnerability_class":"Moderate","flood_score_contribution":0.42,"population_score_contribution":2.77,"service_gap_score_contribution":15.55,"river_vulnerability_score_contribution":7.5,"underserved_score":35.48,"welfare_priority_score":25.41,"welfare_priority":"Moderate","priority_rank":147,"priority_services":"Drinking Water, Drainage, Evacuation Preparedness","priority_reason":"Priority is influenced by water-service gap, drainage-service gap."},"geometry":null},
{"type":"Feature","properties":{"fid":190,"dn":true,"fid_2":true,"dn_2":true,"fid_3":3091,"id":39888,"objectid_1":39888,"objectid":106423,"village":"Rampur","vlcode":539267,"block":"Chamorshi","bkcode":109.0,"subdistric":"Chamorshi","sdcode":4058,"sub_distri":"Chamorshi","district":"Gadchiroli","dtcode":475,"district_h":"GADCHIROLI","state":"MH","stcode":27,"country":"India","total_urba":"Rural","total_hous":117,"total_popu":492,"avg_househ":4.20512821,"total_geog":277,"total_male":251,"total_fema":241,"tapwater_t":null,"tapwater_u":null,"covered_we":null,"covered__1":"Not Available","covered__2":"Not Available","uncovered_":"Available","uncovere_1":"Available","uncovere_2":"Available","handpump_s":null,"hand_pump_":"Available","hand_pum_1":"Available","tubewell_b":null,"tube_wells":"Not Available","tube_wel_1":"Not Available","spring_sta":"Not Available","spring_fun":"Not Available","spring_f_1":"Not Available","river_cana":"Not Available","tank_pond_":"Not Available","others_sta":"Not Available","closed_dra":"Not Available","open_drain":null,"village_pi":"Available","forest_are":223,"area_under":3,"barren_unc":8,"permanent_":0,"land_under":0,"culturable":0,"fallows_la":0,"current_fa":1,"net_area_s":43,"total_unir":106,"area_irrig":-63,"canals_are":104,"wells_tube":0,"tanks_lake":0,"waterfall_":0,"other_sour":2,"nearest_to":"GADCHIROLI","nearest__1":30,"shape_leng":8271.612475,"shape_le_1":8271.612475,"shape_area":1523870.847,"ds_name":"Administrative Boundary","src_agency":"Survey of India (SOI)","state_name":"Maharashtra\n","village_area_km2":2,"village_id":3091,"flood_area_km2":0.056063415,"flood_exposure_pct":2.803170756,"flood_risk":"Low","hospital_dist_km":6.6604011398730796,"name":"Rural Hospital, Asti","amenity":"hospital","population_density":246.0,"water_availability":0.0,"drainage_availability":0.0,"healthcare_gap_score":39.211775243822601,"river_distance_km":false,"flood_score":7.5214983310131949,"population_score":13.148049171566006,"water_gap_score":100.0,"drainage_gap_score":50.0,"service_gap_score":63.070591747940874,"river_vulnerability_score":50.0,"ml_cluster":4,"ml_risk_group":"Low","vulnerability_score":28.91,"vulnerability_class":"Moderate","flood_score_contribution":3.01,"population_score_contribution":2.63,"service_gap_score_contribution":15.77,"river_vulnerability_score_contribution":7.5,"underserved_score":36.98,"welfare_priority_score":28.26,"welfare_priority":"Moderate","priority_rank":118,"priority_services":"Drinking Water, Drainage, Evacuation Preparedness","priority_reason":"Priority is influenced by water-service gap, drainage-service gap."},"geometry":null},
{"type":"Feature","properties":{"fid":191,"dn":true,"fid_2":true,"dn_2":true,"fid_3":4332,"id":41175,"objectid_1":41175,"objectid":107710,"village":"Shegaon","vlcode":538522,"block":"Armori","bkcode":104.0,"subdistric":"Armori","sdcode":4053,"sub_distri":"Armori","district":"Gadchiroli","dtcode":475,"district_h":"GADCHIROLI","state":"MH","stcode":27,"country":"India","total_urba":"Rural","total_hous":818,"total_popu":3842,"avg_househ":4.69682152,"total_geog":536,"total_male":2004,"total_fema":1838,"tapwater_t":null,"tapwater_u":null,"covered_we":null,"covered__1":"Available","covered__2":"Available","uncovered_":"Available","uncovere_1":"Available","uncovere_2":"Available","handpump_s":null,"hand_pump_":"Available","hand_pum_1":"Available","tubewell_b":null,"tube_wells":"Available","tube_wel_1":"Available","spring_sta":"Not Available","spring_fun":"Not Available","spring_f_1":"Not Available","river_cana":"Available","tank_pond_":"Available","others_sta":"Not Available","closed_dra":"Not Available","open_drain":null,"village_pi":"Available","forest_are":181,"area_under":29,"barren_unc":19,"permanent_":31,"land_under":26,"culturable":1,"fallows_la":0,"current_fa":12,"net_area_s":238,"total_unir":167,"area_irrig":72,"canals_are":150,"wells_tube":17,"tanks_lake":0,"waterfall_":0,"other_sour":0,"nearest_to":"DESAIGANJ","nearest__1":19,"shape_leng":8252.41065,"shape_le_1":8252.41065,"shape_area":3501128.017,"ds_name":"Administrative Boundary","src_agency":"Survey of India (SOI)","state_name":"Maharashtra\n","village_area_km2":4,"village_id":4332,"flood_area_km2":0.255358623,"flood_exposure_pct":6.383965583,"flood_risk":"Low","hospital_dist_km":3.4084096747201911,"name":"SDH Armori","amenity":"hospital","population_density":960.5,"water_availability":0.0,"drainage_availability":0.0,"healthcare_gap_score":19.99565797567082,"river_distance_km":false,"flood_score":17.13088694514267,"population_score":51.336183858898984,"water_gap_score":100.0,"drainage_gap_score":50.0,"service_gap_score":56.66521932522361,"river_vulnerability_score":50.0,"ml_cluster":2,"ml_risk_group":"Moderate","vulnerability_score":38.79,"vulnerability_class":"Moderate","flood_score_contribution":6.85,"population_score_contribution":10.27,"service_gap_score_contribution":14.17,"river_vulnerability_score_contribution":7.5,"underserved_score":47.16,"welfare_priority_score":38.84,"welfare_priority":"Moderate","priority_rank":27,"priority_services":"Drinking Water, Drainage, Evacuation Preparedness","priority_reason":"Priority is influenced by high population exposure, water-service gap, drainage-service gap."},"geometry":null},
{"type":"Feature","properties":{"fid":192,"dn":true,"fid_2":true,"dn_2":true,"fid_3":2955,"id":39751,"objectid_1":39751,"objectid":106286,"village":"Bhatti Jamb","vlcode":540945,"block":"Sawali","bkcode":119.0,"subdistric":"Sawali","sdcode":4068,"sub_distri":"Sawali","district":"Chandrapur","dtcode":473,"district_h":"CHANDRAPUR","state":"MH","stcode":27,"country":"India","total_urba":"Rural","total_hous":77,"total_popu":319,"avg_househ":4.14285714,"total_geog":375,"total_male":152,"total_fema":167,"tapwater_t":null,"tapwater_u":null,"covered_we":null,"covered__1":"Not Available","covered__2":"Not Available","uncovered_":"Available","uncovere_1":"Not Available","uncovere_2":"Not Available","handpump_s":null,"hand_pump_":"Not Available","hand_pum_1":"Not Available","tubewell_b":null,"tube_wells":"Not Available","tube_wel_1":"Not Available","spring_sta":"Not Available","spring_fun":"Not Available","spring_f_1":"Not Available","river_cana":"Not Available","tank_pond_":"Not Available","others_sta":"Not Available","closed_dra":"Not Available","open_drain":null,"village_pi":"Available","forest_are":0,"area_under":107,"barren_unc":0,"permanent_":0,"land_under":0,"culturable":0,"fallows_la":4,"current_fa":0,"net_area_s":264,"total_unir":69,"area_irrig":195,"canals_are":0,"wells_tube":0,"tanks_lake":69,"waterfall_":0,"other_sour":0,"nearest_to":"MUL","nearest__1":25,"shape_leng":7004.53604,"shape_le_1":7004.53604,"shape_area":2021689.464,"ds_name":"Administrative Boundary","src_agency":"Survey of India (SOI)","state_name":"Maharashtra\n","village_area_km2":2,"village_id":2955,"flood_area_km2":0.005455564,"flood_exposure_pct":0.272778177,"flood_risk":"Low","hospital_dist_km":6.0823138813910411,"name":"Rural Hospital, Saoli","amenity":"hospital","population_density":159.5,"water_availability":69.0,"drainage_availability":0.0,"healthcare_gap_score":35.795839910273692,"river_distance_km":false,"flood_score":0.7309596901014711,"population_score":8.5248530197755219,"water_gap_score":84.318181818181813,"drainage_gap_score":50.0,"service_gap_score":56.704673909485166,"river_vulnerability_score":50.0,"ml_cluster":4,"ml_risk_group":"Low","vulnerability_score":23.67,"vulnerability_class":"Low","flood_score_contribution":0.29,"population_score_contribution":1.7,"service_gap_score_contribution":14.18,"river_vulnerability_score_contribution":7.5,"underserved_score":31.06,"welfare_priority_score":22.11,"welfare_priority":"Low","priority_rank":176,"priority_services":"Drinking Water, Drainage, Evacuation Preparedness","priority_reason":"Priority is influenced by water-service gap, drainage-service gap."},"geometry":null},
{"type":"Feature","properties":{"fid":193,"dn":true,"fid_2":true,"dn_2":true,"fid_3":2990,"id":39788,"objectid_1":39788,"objectid":106323,"village":"Farada","vlcode":539220,"block":"Chamorshi","bkcode":109.0,"subdistric":"Chamorshi","sdcode":4058,"sub_distri":"Chamorshi","district":"Gadchiroli","dtcode":475,"district_h":"GADCHIROLI","state":"MH","stcode":27,"country":"India","total_urba":"Rural","total_hous":387,"total_popu":1561,"avg_househ":4.03359173,"total_geog":894,"total_male":793,"total_fema":768,"tapwater_t":null,"tapwater_u":null,"covered_we":null,"covered__1":"Not Available","covered__2":"Not Available","uncovered_":"Available","uncovere_1":"Available","uncovere_2":"Available","handpump_s":null,"hand_pump_":"Available","hand_pum_1":"Available","tubewell_b":null,"tube_wells":"Not Available","tube_wel_1":"Not Available","spring_sta":"Not Available","spring_fun":"Not Available","spring_f_1":"Not Available","river_cana":"Not Available","tank_pond_":"Not Available","others_sta":"Available","closed_dra":"Not Available","open_drain":null,"village_pi":"Available","forest_are":0,"area_under":167,"barren_unc":0,"permanent_":16,"land_under":0,"culturable":31,"fallows_la":3,"current_fa":0,"net_area_s":677,"total_unir":382,"area_irrig":295,"canals_are":324,"wells_tube":13,"tanks_lake":0,"waterfall_":0,"other_sour":45,"nearest_to":"MUL","nearest__1":25,"shape_leng":13579.56972,"shape_le_1":13579.56972,"shape_area":10022035.04,"ds_name":"Administrative Boundary","src_agency":"Survey of India (SOI)","state_name":"Maharashtra\n","village_area_km2":10,"village_id":2990,"flood_area_km2":0.253153532,"flood_exposure_pct":2.531535323,"flood_risk":"Low","hospital_dist_km":9.0837944260063157,"name":"Balprabha Hospital","amenity":"hospital","population_density":156.1,"water_availability":0.0,"drainage_availability":0.0,"healthcare_gap_score":53.531680468727181,"river_distance_km":false,"flood_score":6.7925399396017534,"population_score":8.3431320149652581,"water_gap_score":100.0,"drainage_gap_score":50.0,"service_gap_score":67.843893489575734,"river_vulnerability_score":50.0,"ml_cluster":1,"ml_risk_group":"Very Low","vulnerability_score":28.85,"vulnerability_class":"Moderate","flood_score_contribution":2.72,"population_score_contribution":1.67,"service_gap_score_contribution":16.96,"river_vulnerability_score_contribution":7.5,"underserved_score":37.78,"welfare_priority_score":28.52,"welfare_priority":"Moderate","priority_rank":115,"priority_services":"Healthcare, Drinking Water, Drainage, Evacuation Preparedness","priority_reason":"Priority is influenced by limited healthcare accessibility, water-service gap, drainage-service gap."},"geometry":null},
{"type":"Feature","properties":{"fid":194,"dn":true,"fid_2":true,"dn_2":true,"fid_3":4285,"id":41127,"objectid_1":41127,"objectid":107662,"village":"Ranmochan","vlcode":540777,"block":"Brahmapuri","bkcode":118.0,"subdistric":"Brahmapuri","sdcode":4067,"sub_distri":"Brahmapuri","district":"Chandrapur","dtcode":473,"district_h":"CHANDRAPUR","state":"MH","stcode":27,"country":"India","total_urba":"Rural","total_hous":374,"total_popu":1428,"avg_househ":3.81818182,"total_geog":605,"total_male":723,"total_fema":705,"tapwater_t":null,"tapwater_u":null,"covered_we":null,"covered__1":"Not Available","covered__2":"Not Available","uncovered_":"Available","uncovere_1":"Available","uncovere_2":"Available","handpump_s":null,"hand_pump_":"Available","hand_pum_1":"Available","tubewell_b":null,"tube_wells":"Available","tube_wel_1":"Available","spring_sta":"Not Available","spring_fun":"Not Available","spring_f_1":"Not Available","river_cana":"Not Available","tank_pond_":"Not Available","others_sta":"Not Available","closed_dra":"Not Available","open_drain":null,"village_pi":"Available","forest_are":0,"area_under":11,"barren_unc":69,"permanent_":7,"land_under":0,"culturable":2,"fallows_la":0,"current_fa":5,"net_area_s":511,"total_unir":16,"area_irrig":495,"canals_are":0,"wells_tube":16,"tanks_lake":0,"waterfall_":0,"other_sour":0,"nearest_to":"BRAHMAPURI","nearest__1":12,"shape_leng":10387.2744,"shape_le_1":10387.2744,"shape_area":5115775.082,"ds_name":"Administrative Boundary","src_agency":"Survey of India (SOI)","state_name":"Maharashtra\n","village_area_km2":5,"village_id":4285,"flood_area_km2":0.159986371,"flood_exposure_pct":3.199727424,"flood_risk":"Low","hospital_dist_km":8.674277104121126,"name":"Akshay Nursing Home","amenity":"hospital","population_density":285.6,"water_availability":0.0,"drainage_availability":0.0,"healthcare_gap_score":51.111830058598485,"river_distance_km":false,"flood_score":8.5856942189213861,"population_score":15.264564404062,"water_gap_score":100.0,"drainage_gap_score":50.0,"service_gap_score":67.03727668619949,"river_vulnerability_score":50.0,"ml_cluster":1,"ml_risk_group":"Very Low","vulnerability_score":30.75,"vulnerability_class":"Moderate","flood_score_contribution":3.43,"population_score_contribution":3.05,"service_gap_score_contribution":16.76,"river_vulnerability_score_contribution":7.5,"underserved_score":39.82,"welfare_priority_score":30.58,"welfare_priority":"Moderate","priority_rank":93,"priority_services":"Healthcare, Drinking Water, Drainage, Evacuation Preparedness","priority_reason":"Priority is influenced by limited healthcare accessibility, water-service gap, drainage-service gap."},"geometry":null},
{"type":"Feature","properties":{"fid":195,"dn":true,"fid_2":true,"dn_2":true,"fid_3":2993,"id":39791,"objectid_1":39791,"objectid":106326,"village":"Markandadeo","vlcode":539221,"block":"Chamorshi","bkcode":109.0,"subdistric":"Chamorshi","sdcode":4058,"sub_distri":"Chamorshi","district":"Gadchiroli","dtcode":475,"district_h":"GADCHIROLI","state":"MH","stcode":27,"country":"India","total_urba":"Rural","total_hous":261,"total_popu":994,"avg_househ":3.80842912,"total_geog":464,"total_male":523,"total_fema":471,"tapwater_t":null,"tapwater_u":null,"covered_we":null,"covered__1":"Available","covered__2":"Available","uncovered_":"Available","uncovere_1":"Available","uncovere_2":"Available","handpump_s":null,"hand_pump_":"Available","hand_pum_1":"Available","tubewell_b":null,"tube_wells":"Available","tube_wel_1":"Available","spring_sta":"Not Available","spring_fun":"Not Available","spring_f_1":"Not Available","river_cana":"Available","tank_pond_":"Available","others_sta":"Available","closed_dra":"Not Available","open_drain":null,"village_pi":"Available","forest_are":0,"area_under":95,"barren_unc":0,"permanent_":4,"land_under":0,"culturable":73,"fallows_la":8,"current_fa":0,"net_area_s":283,"total_unir":240,"area_irrig":43,"canals_are":214,"wells_tube":0,"tanks_lake":0,"waterfall_":0,"other_sour":26,"nearest_to":"MUL","nearest__1":26,"shape_leng":10391.98981,"shape_le_1":10391.98981,"shape_area":6477260.609,"ds_name":"Administrative Boundary","src_agency":"Survey of India (SOI)","state_name":"Maharashtra\n","village_area_km2":7,"village_id":2993,"flood_area_km2":0.100503622,"flood_exposure_pct":1.435766031,"flood_risk":"Low","hospital_dist_km":6.2689528830137409,"name":"Balprabha Hospital","amenity":"hospital","population_density":142.0,"water_availability":0.0,"drainage_availability":0.0,"healthcare_gap_score":36.898695492898646,"river_distance_km":false,"flood_score":3.8519433773912057,"population_score":7.5895243185462311,"water_gap_score":100.0,"drainage_gap_score":50.0,"service_gap_score":62.299565164299544,"river_vulnerability_score":50.0,"ml_cluster":4,"ml_risk_group":"Low","vulnerability_score":26.13,"vulnerability_class":"Moderate","flood_score_contribution":1.54,"population_score_contribution":1.52,"service_gap_score_contribution":15.57,"river_vulnerability_score_contribution":7.5,"underserved_score":34.2,"welfare_priority_score":25.17,"welfare_priority":"Moderate","priority_rank":150,"priority_services":"Drinking Water, Drainage, Evacuation Preparedness","priority_reason":"Priority is influenced by water-service gap, drainage-service gap."},"geometry":null},
{"type":"Feature","properties":{"fid":196,"dn":true,"fid_2":true,"dn_2":true,"fid_3":4102,"id":40933,"objectid_1":40933,"objectid":107468,"village":"Wasa","vlcode":539098,"block":"Gadchiroli","bkcode":108.0,"subdistric":"Gadchiroli","sdcode":4057,"sub_distri":"Gadchiroli","district":"Gadchiroli","dtcode":475,"district_h":"GADCHIROLI","state":"MH","stcode":27,"country":"India","total_urba":"Rural","total_hous":408,"total_popu":1516,"avg_househ":3.71568627,"total_geog":457,"total_male":769,"total_fema":747,"tapwater_t":null,"tapwater_u":null,"covered_we":null,"covered__1":"Not Available","covered__2":"Not Available","uncovered_":"Available","uncovere_1":"Available","uncovere_2":"Available","handpump_s":null,"hand_pump_":"Available","hand_pum_1":"Available","tubewell_b":null,"tube_wells":"Available","tube_wel_1":"Available","spring_sta":"Not Available","spring_fun":"Not Available","spring_f_1":"Not Available","river_cana":"Available","tank_pond_":"Available","others_sta":"Not Available","closed_dra":"Not Available","open_drain":null,"village_pi":"Available","forest_are":9,"area_under":76,"barren_unc":0,"permanent_":16,"land_under":0,"culturable":2,"fallows_la":23,"current_fa":3,"net_area_s":328,"total_unir":133,"area_irrig":195,"canals_are":0,"wells_tube":10,"tanks_lake":100,"waterfall_":0,"other_sour":23,"nearest_to":"GADCHIROLI","nearest__1":14,"shape_leng":12073.68095,"shape_le_1":12073.68095,"shape_area":7236363.214,"ds_name":"Administrative Boundary","src_agency":"Survey of India (SOI)","state_name":"Maharashtra\n","village_area_km2":7,"village_id":4102,"flood_area_km2":0.71802515,"flood_exposure_pct":10.25750215,"flood_risk":"Low","hospital_dist_km":12.365770575980791,"name":"Janatal Hospital","amenity":"hospital","population_density":216.57142857142858,"water_availability":100.0,"drainage_availability":0.0,"healthcare_gap_score":72.924978158769491,"river_distance_km":false,"flood_score":27.525874645269827,"population_score":11.575169886233489,"water_gap_score":77.27272727272728,"drainage_gap_score":50.0,"service_gap_score":66.7325684771656,"river_vulnerability_score":50.0,"ml_cluster":1,"ml_risk_group":"Very Low","vulnerability_score":37.51,"vulnerability_class":"Moderate","flood_score_contribution":11.01,"population_score_contribution":2.32,"service_gap_score_contribution":16.68,"river_vulnerability_score_contribution":7.5,"underserved_score":42.34,"welfare_priority_score":37.58,"welfare_priority":"Moderate","priority_rank":31,"priority_services":"Healthcare, Drinking Water, Drainage, Evacuation Preparedness","priority_reason":"Priority is influenced by limited healthcare accessibility, water-service gap, drainage-service gap."},"geometry":null},
{"type":"Feature","properties":{"fid":197,"dn":true,"fid_2":true,"dn_2":true,"fid_3":4288,"id":41130,"objectid_1":41130,"objectid":107665,"village":"Belpatali","vlcode":540808,"block":"Brahmapuri","bkcode":118.0,"subdistric":"Brahmapuri","sdcode":4067,"sub_distri":"Brahmapuri","district":"Chandrapur","dtcode":473,"district_h":"CHANDRAPUR","state":"MH","stcode":27,"country":"India","total_urba":"Rural","total_hous":168,"total_popu":651,"avg_househ":3.875,"total_geog":203,"total_male":333,"total_fema":318,"tapwater_t":null,"tapwater_u":null,"covered_we":null,"covered__1":"Not Available","covered__2":"Not Available","uncovered_":"Available","uncovere_1":"Available","uncovere_2":"Available","handpump_s":null,"hand_pump_":"Available","hand_pum_1":"Available","tubewell_b":null,"tube_wells":"Not Available","tube_wel_1":"Not Available","spring_sta":"Not Available","spring_fun":"Not Available","spring_f_1":"Not Available","river_cana":"Not Available","tank_pond_":"Not Available","others_sta":"Not Available","closed_dra":"Not Available","open_drain":null,"village_pi":"Available","forest_are":0,"area_under":0,"barren_unc":24,"permanent_":9,"land_under":0,"culturable":44,"fallows_la":0,"current_fa":0,"net_area_s":126,"total_unir":38,"area_irrig":88,"canals_are":0,"wells_tube":30,"tanks_lake":0,"waterfall_":0,"other_sour":8,"nearest_to":"BRAHMAPURI","nearest__1":23,"shape_leng":7625.165483,"shape_le_1":7625.165483,"shape_area":2208545.973,"ds_name":"Administrative Boundary","src_agency":"Survey of India (SOI)","state_name":"Maharashtra\n","village_area_km2":2,"village_id":4288,"flood_area_km2":0.580983506,"flood_exposure_pct":29.04917529,"flood_risk":"Moderate","hospital_dist_km":8.2156498312491557,"name":"SDH Armori","amenity":"hospital","population_density":325.5,"water_availability":0.0,"drainage_availability":0.0,"healthcare_gap_score":48.401787442460773,"river_distance_km":false,"flood_score":77.955038737658271,"population_score":17.39711384286478,"water_gap_score":100.0,"drainage_gap_score":50.0,"service_gap_score":66.133929147486924,"river_vulnerability_score":50.0,"ml_cluster":0,"ml_risk_group":"Very High","vulnerability_score":58.69,"vulnerability_class":"High","flood_score_contribution":31.18,"population_score_contribution":3.48,"service_gap_score_contribution":16.53,"river_vulnerability_score_contribution":7.5,"underserved_score":53.88,"welfare_priority_score":59.89,"welfare_priority":"High","priority_rank":5,"priority_services":"Drinking Water, Drainage, Evacuation Preparedness, Emergency Flood Response","priority_reason":"Priority is influenced by high flood exposure, water-service gap, drainage-service gap."},"geometry":null},
{"type":"Feature","properties":{"fid":198,"dn":true,"fid_2":true,"dn_2":true,"fid_3":2752,"id":39551,"objectid_1":39551,"objectid":106086,"village":"Chakthane Wasana","vlcode":541475,"block":"Pombhurna","bkcode":124.0,"subdistric":"Pombhurna","sdcode":4073,"sub_distri":"Pombhurna","district":"Chandrapur","dtcode":473,"district_h":"CHANDRAPUR","state":"MH","stcode":27,"country":"India","total_urba":"Rural","total_hous":296,"total_popu":1113,"avg_househ":3.76013514,"total_geog":601,"total_male":566,"total_fema":547,"tapwater_t":null,"tapwater_u":null,"covered_we":null,"covered__1":"Not Available","covered__2":"Not Available","uncovered_":"Available","uncovere_1":"Available","uncovere_2":"Available","handpump_s":null,"hand_pump_":"Available","hand_pum_1":"Available","tubewell_b":null,"tube_wells":"Not Available","tube_wel_1":"Not Available","spring_sta":"Not Available","spring_fun":"Not Available","spring_f_1":"Not Available","river_cana":"Not Available","tank_pond_":"Not Available","others_sta":"Not Available","closed_dra":"Not Available","open_drain":null,"village_pi":"Available","forest_are":0,"area_under":25,"barren_unc":14,"permanent_":0,"land_under":0,"culturable":77,"fallows_la":0,"current_fa":0,"net_area_s":485,"total_unir":71,"area_irrig":414,"canals_are":0,"wells_tube":71,"tanks_lake":0,"waterfall_":0,"other_sour":0,"nearest_to":"MUL","nearest__1":37,"shape_leng":12600.41478,"shape_le_1":12600.41478,"shape_area":5146747.787,"ds_name":"Administrative Boundary","src_agency":"Survey of India (SOI)","state_name":"Maharashtra\n","village_area_km2":5,"village_id":2752,"flood_area_km2":0.132426713,"flood_exposure_pct":2.648534266,"flood_risk":"Low","hospital_dist_km":13.43387471480942,"name":"Rural Hospital Gondpipari","amenity":"hospital","population_density":222.6,"water_availability":0.0,"drainage_availability":0.0,"healthcare_gap_score":79.236438261375966,"river_distance_km":false,"flood_score":7.1065172449340768,"population_score":11.897381079636556,"water_gap_score":100.0,"drainage_gap_score":50.0,"service_gap_score":76.412146087125322,"river_vulnerability_score":50.0,"ml_cluster":1,"ml_risk_group":"Very Low","vulnerability_score":31.83,"vulnerability_class":"Moderate","flood_score_contribution":2.84,"population_score_contribution":2.38,"service_gap_score_contribution":19.1,"river_vulnerability_score_contribution":7.5,"underserved_score":43.2,"welfare_priority_score":32.47,"welfare_priority":"Moderate","priority_rank":64,"priority_services":"Healthcare, Drinking Water, Drainage, Evacuation Preparedness","priority_reason":"Priority is influenced by limited healthcare accessibility, water-service gap, drainage-service gap."},"geometry":null},
{"type":"Feature","properties":{"fid":199,"dn":true,"fid_2":true,"dn_2":true,"fid_3":4043,"id":40867,"objectid_1":40867,"objectid":107402,"village":"Nimgaon","vlcode":540889,"block":"Sawali","bkcode":119.0,"subdistric":"Sawali","sdcode":4068,"sub_distri":"Sawali","district":"Chandrapur","dtcode":473,"district_h":"CHANDRAPUR","state":"MH","stcode":27,"country":"India","total_urba":"Rural","total_hous":766,"total_popu":2970,"avg_househ":3.8772846,"total_geog":586,"total_male":1519,"total_fema":1451,"tapwater_t":null,"tapwater_u":null,"covered_we":null,"covered__1":"Available","covered__2":"Available","uncovered_":"Available","uncovere_1":"Available","uncovere_2":"Available","handpump_s":null,"hand_pump_":"Available","hand_pum_1":"Available","tubewell_b":null,"tube_wells":"Not Available","tube_wel_1":"Not Available","spring_sta":"Not Available","spring_fun":"Not Available","spring_f_1":"Not Available","river_cana":"Not Available","tank_pond_":"Not Available","others_sta":"Not Available","closed_dra":"Not Available","open_drain":null,"village_pi":"Available","forest_are":0,"area_under":86,"barren_unc":0,"permanent_":55,"land_under":0,"culturable":1,"fallows_la":6,"current_fa":10,"net_area_s":427,"total_unir":253,"area_irrig":175,"canals_are":174,"wells_tube":4,"tanks_lake":73,"waterfall_":0,"other_sour":2,"nearest_to":"MUL","nearest__1":33,"shape_leng":9139.236806000001,"shape_le_1":9139.236806000001,"shape_area":5261229.72,"ds_name":"Administrative Boundary","src_agency":"Survey of India (SOI)","state_name":"Maharashtra\n","village_area_km2":5,"village_id":4043,"flood_area_km2":0.21725348,"flood_exposure_pct":4.34506961,"flood_risk":"Low","hospital_dist_km":9.3605879456375192,"name":"Ladukar Hospital","amenity":"hospital","population_density":594.0,"water_availability":73.0,"drainage_availability":0.0,"healthcare_gap_score":55.167261862249575,"river_distance_km":false,"flood_score":11.65932415114832,"population_score":31.747728487439868,"water_gap_score":83.409090909090907,"drainage_gap_score":50.0,"service_gap_score":62.858784257113491,"river_vulnerability_score":50.0,"ml_cluster":1,"ml_risk_group":"Very Low","vulnerability_score":34.23,"vulnerability_class":"Moderate","flood_score_contribution":4.66,"population_score_contribution":6.35,"service_gap_score_contribution":15.71,"river_vulnerability_score_contribution":7.5,"underserved_score":43.29,"welfare_priority_score":34.2,"welfare_priority":"Moderate","priority_rank":47,"priority_services":"Healthcare, Drinking Water, Drainage, Evacuation Preparedness","priority_reason":"Priority is influenced by limited healthcare accessibility, water-service gap, drainage-service gap."},"geometry":null}
]
}
