fid,dn,fid_2,dn_2,fid_3,id,objectid_1,objectid,village,vlcode,block,bkcode,subdistric,sdcode,sub_distri,district,dtcode,district_h,state,stcode,country,total_urba,total_hous,total_popu,avg_househ,total_geog,total_male,total_fema,tapwater_t,tapwater_u,covered_we,covered__1,covered__2,uncovered_,uncovere_1,uncovere_2,handpump_s,hand_pump_,hand_pum_1,tubewell_b,tube_wells,tube_wel_1,spring_sta,spring_fun,spring_f_1,river_cana,tank_pond_,others_sta,closed_dra,open_drain,village_pi,forest_are,area_under,barren_unc,permanent_,land_under,culturable,fallows_la,current_fa,net_area_s,total_unir,area_irrig,canals_are,wells_tube,tanks_lake,waterfall_,other_sour,nearest_to,nearest__1,shape_leng,shape_le_1,shape_area,ds_name,src_agency,state_name,village_area_km2,village_id,flood_area_km2,flood_exposure_pct,flood_risk,hospital_dist_km,name,amenity,population_density,water_availability,drainage_availability,healthcare_gap_score,river_distance_km,flood_score,population_score,water_gap_score,drainage_gap_score,service_gap_score,river_vulnerability_score,ml_cluster,ml_risk_group,vulnerability_score,vulnerability_class,flood_score_contribution,population_score_contribution,service_gap_score_contribution,river_vulnerability_score_contribution,underserved_score,welfare_priority_score,welfare_priority,priority_rank,priority_services,priority_reason
1,1,1,1,4171,41004,41004,107539,Udapur,540770,Brahmapuri,118.0,Brahmapuri,4067,Brahmapuri,Chandrapur,473,CHANDRAPUR,MH,27,India,Rural,578,2405,4.16089965,315,1225,1180,,,,Available,Available,Available,Not Available,Not Available,,Available,Available,,Not Available,Not Available,Not Available,Not Available,Not Available,Not Available,Available,Not Available,Not Available,,Available,7,6,43,0,0,0,0,6,253,48,205,0,48,0,0,0,BRAHMAPURI,3,9117.822868,9117.822868,2475183.701,Administrative Boundary,Survey of India (SOI),"Maharashtra
",3,4171,0.007218707,0.240623579,Low,2.488309486577624,Akshay Nursing Home,hospital,801.6666666666666,0.0,0.0,14.558757755219334,0,0.6446699017049715,42.8469624086941,100.0,50.0,54.852919251739785,50.0,2,Moderate,30.04,Moderate,0.26,8.57,13.71,7.5,40.41,29.32,Moderate,105,"Drinking Water, Drainage, Evacuation Preparedness","Priority is influenced by water-service gap, drainage-service gap."
2,1,1,1,4320,41163,41163,107698,Mulur Chak,538515,Armori,104.0,Armori,4053,Armori,Gadchiroli,475,GADCHIROLI,MH,27,India,Rural,18,71,3.94444444,140,44,27,,,,Not Available,Not Available,Available,Available,Available,,Available,Available,,Not Available,Not Available,Not Available,Not Available,Not Available,Not Available,Not Available,Not Available,Not Available,,Available,0,24,0,72,0,11,1,0,32,65,-33,65,0,0,0,0,DESAIGANJ,27,11327.14544,11327.14544,5245195.984,Administrative Boundary,Survey of India (SOI),"Maharashtra
",5,4320,0.024030352,0.480607047,Low,4.396752454544,SDH Armori,hospital,14.2,0.0,0.0,25.835805762569308,0,1.2886873660930547,0.7589524318546231,100.0,50.0,58.61193525418977,50.0,4,Low,22.82,Low,0.52,0.15,14.65,7.5,29.79,21.23,Low,185,"Drinking Water, Drainage, Evacuation Preparedness","Priority is influenced by water-service gap, drainage-service gap."
3,1,1,1,2965,39762,39762,106297,Pardi,540953,Sawali,119.0,Sawali,4068,Sawali,Chandrapur,473,CHANDRAPUR,MH,27,India,Rural,318,1419,4.46226415,530,738,681,,,,Not Available,Not Available,Available,Available,Available,,Available,Available,,Not Available,Not Available,Not Available,Not Available,Not Available,Available,Not Available,Not Available,Not Available,,Available,9,66,25,0,70,0,0,8,352,210,141,104,3,54,0,50,MUL,22,9864.038811,9864.038811,4416252.861,Administrative Boundary,Survey of India (SOI),"Maharashtra
",5,2965,0.184347313,3.686946262,Low,6.267754586412697,"Rural Hospital, Korpana",hospital,283.8,54.0,0.0,36.89161472154533,0,9.89319028632078,15.168359166221274,87.72727272727272,50.0,58.20629581627268,50.0,4,Low,29.04,Moderate,3.96,3.03,14.55,7.5,35.63,28.02,Moderate,126,"Drinking Water, Drainage, Evacuation Preparedness","Priority is influenced by water-service gap, drainage-service gap."
4,1,1,1,4062,40886,40886,107421,Kudesawali,540859,Brahmapuri,118.0,Brahmapuri,4067,Brahmapuri,Chandrapur,473,CHANDRAPUR,MH,27,India,Rural,298,1147,3.84899329,350,597,550,,,,Not Available,Not Available,Available,Available,Available,,Available,Available,,Not Available,Not Available,Not Available,Not Available,Not Available,Available,Not Available,Not Available,Not Available,,Available,42,0,80,5,0,2,7,23,191,29,162,0,1,22,0,5,BRAHMAPURI,41,11086.60803,11086.60803,6063382.921,Administrative Boundary,Survey of India (SOI),"Maharashtra
",6,4062,1.411073698,23.51789497,Moderate,13.40782304883896,Janatal Hospital,hospital,191.16666666666666,22.0,0.0,79.08249816845645,0,63.11134489410524,10.217352574380902,95.0,50.0,74.69416605615216,50.0,0,Very High,53.46,High,25.24,2.04,18.67,7.5,53.03,55.0,High,7,"Healthcare, Drinking Water, Drainage, Evacuation Preparedness, Emergency Flood Response","Priority is influenced by high flood exposure, limited healthcare accessibility, water-service gap, drainage-service gap."
5,1,1,1,3021,39817,39817,106352,Samada Bk,540917,Sawali,119.0,Sawali,4068,Sawali,Chandrapur,473,CHANDRAPUR,MH,27,India,Rural,804,3081,3.83208955,1140,1569,1512,,,,Available,Available,Available,Available,Available,,Available,Available,,Available,Available,Not Available,Not Available,Not Available,Available,Available,Not Available,Not Available,,Available,155,65,0,12,0,60,0,109,739,510,229,263,2,238,0,7,MUL,31,16629.72898,16629.72898,13027383.56,Administrative Boundary,Survey of India (SOI),"Maharashtra
",13,3021,0.8636599,6.643537696,Low,8.782395336673241,Dr. Mallick Hospital,hospital,237.0,238.0,0.0,51.75070400947125,0,17.82747232009907,12.667022982362372,45.909090909090914,50.0,49.21993163952072,50.0,3,High,29.47,Moderate,7.13,2.53,12.3,7.5,31.98,27.63,Moderate,128,"Healthcare, Drainage, Evacuation Preparedness","Priority is influenced by limited healthcare accessibility, drainage-service gap."
6,1,1,1,4295,41138,41138,107673,Kharkada,540778,Brahmapuri,118.0,Brahmapuri,4067,Brahmapuri,Chandrapur,473,CHANDRAPUR,MH,27,India,Rural,476,1966,4.1302521,659,989,977,,,,Not Available,Not Available,Available,Available,Available,,Available,Available,,Available,Available,Not Available,Not Available,Not Available,Not Available,Not Available,Not Available,Not Available,,Available,0,18,111,3,0,2,0,4,522,11,511,0,6,0,0,5,BRAHMAPURI,13,9686.887399,9686.887399,5966767.422,Administrative Boundary,Survey of India (SOI),"Maharashtra
",6,4295,0.774053136,12.9008856,Low,5.930208970251071,"Sub District Hospital, Chimur",hospital,327.6666666666667,0.0,0.0,34.89704732706805,0,34.619634565742444,17.51291644396936,100.0,50.0,61.63234910902268,50.0,0,Very High,40.26,Moderate,13.85,3.5,15.41,7.5,42.99,40.14,Moderate,23,"Drinking Water, Drainage, Evacuation Preparedness","Priority is influenced by water-service gap, drainage-service gap."
7,1,1,1,3090,39887,39887,106422,Visapur Raiyyatwari,539270,Chamorshi,109.0,Chamorshi,4058,Chamorshi,Gadchiroli,475,GADCHIROLI,MH,27,India,Rural,156,703,4.50641026,447,359,344,,,,Available,Available,Available,Available,Available,,Available,Available,,Not Available,Not Available,Not Available,Not Available,Not Available,Available,Not Available,Not Available,Not Available,,Available,219,20,28,22,0,7,2,2,147,83,64,0,0,81,0,2,GADCHIROLI,32,9965.398098,9965.398098,5420736.544,Administrative Boundary,Survey of India (SOI),"Maharashtra
",6,3090,0.000410283,0.006838054,Low,8.864686310457333,"General Hospital, Chamorshi",hospital,117.16666666666667,81.0,0.0,52.236963896463664,0,0.01728518109939708,6.262248352039908,81.5909090909091,50.0,61.275957662457586,50.0,1,Very Low,24.08,Low,0.01,1.25,15.32,7.5,32.52,22.89,Low,171,"Healthcare, Drinking Water, Drainage, Evacuation Preparedness","Priority is influenced by limited healthcare accessibility, water-service gap, drainage-service gap."
8,1,1,1,3999,40825,40825,107360,Mudaza,540860,Brahmapuri,118.0,Brahmapuri,4067,Brahmapuri,Chandrapur,473,CHANDRAPUR,MH,27,India,Rural,925,3659,3.95567568,1447,1866,1793,,,,Not Available,Not Available,Available,Available,Available,,Available,Available,,Not Available,Not Available,Not Available,Not Available,Not Available,Available,Available,Not Available,Not Available,,Available,839,1,104,7,0,29,21,14,431,298,133,10,283,0,5,0,BRAHMAPURI,43,19955.47093,19955.47093,14349352.35,Administrative Boundary,Survey of India (SOI),"Maharashtra
",15,3999,0.113439206,0.756261376,Low,16.947744068224065,Janatal Hospital,hospital,243.93333333333334,0.0,0.0,100.0,0,2.028430830464435,13.037591305897026,100.0,50.0,83.33333333333333,50.0,1,Very Low,31.75,Moderate,0.81,2.61,20.83,7.5,45.98,33.02,Moderate,59,"Healthcare, Drinking Water, Drainage, Evacuation Preparedness","Priority is influenced by limited healthcare accessibility, water-service gap, drainage-service gap."
9,1,1,1,4158,40991,40991,107526,Paradgaon,540774,Brahmapuri,118.0,Brahmapuri,4067,Brahmapuri,Chandrapur,473,CHANDRAPUR,MH,27,India,Rural,391,1633,4.17647059,318,848,785,,,,Available,Available,Available,Available,Available,,Available,Available,,Not Available,Not Available,Not Available,Not Available,Not Available,Not Available,Not Available,Not Available,Not Available,,Available,1,10,12,0,0,1,0,1,292,50,242,0,44,0,0,6,BRAHMAPURI,5,6955.224927,6955.224927,2694881.579,Administrative Boundary,Survey of India (SOI),"Maharashtra
",3,4158,0.032085295,1.069509822,Low,3.979382350126367,Akshay Nursing Home,hospital,544.3333333333334,0.0,0.0,23.369553019703357,0,2.869061527227378,29.093176554427224,100.0,50.0,57.78985100656778,50.0,4,Low,28.91,Moderate,1.15,5.82,14.45,7.5,38.2,28.12,Moderate,124,"Drinking Water, Drainage, Evacuation Preparedness","Priority is influenced by water-service gap, drainage-service gap."
10,1,1,1,4069,40894,40894,107429,Chikhali,540882,Sawali,119.0,Sawali,4068,Sawali,Chandrapur,473,CHANDRAPUR,MH,27,India,Rural,155,601,3.87741935,384,311,290,,,,Not Available,Not Available,Available,Not Available,Available,,Not Available,Not Available,,Not Available,Not Available,Not Available,Not Available,Not Available,Available,Available,Not Available,Not Available,,Available,110,0,0,12,0,3,61,2,195,110,85,0,1,107,0,2,MUL,30,9819.288268,9819.288268,4332143.837,Administrative Boundary,Survey of India (SOI),"Maharashtra
",4,4069,0.383828836,9.595720889,Low,6.330242556526812,Dr. Kilnake Hospital,hospital,150.25,107.0,0.0,37.26085805272522,0,25.74992443819653,8.030464991982896,75.68181818181819,50.0,54.314225411514464,50.0,3,High,32.98,Moderate,10.3,1.61,13.58,7.5,34.72,31.67,Moderate,74,"Drinking Water, Drainage, Evacuation Preparedness","Priority is influenced by water-service gap, drainage-service gap."
11,1,1,1,4067,40892,40892,107427,Bormala,540880,Sawali,119.0,Sawali,4068,Sawali,Chandrapur,473,CHANDRAPUR,MH,27,India,Rural,372,1545,4.15322581,860,781,764,,,,Not Available,Not Available,Available,Available,Available,,Available,Available,,Available,Available,Not Available,Not Available,Not Available,Available,Available,Not Available,Not Available,,Available,21,2,0,68,0,65,133,51,521,107,414,0,3,96,0,8,MUL,44,12546.5113,12546.5113,9483235.025,Administrative Boundary,Survey of India (SOI),"Maharashtra
",10,4067,0.73894433,7.389443301,Low,4.44164266369662,Sindhu Hospital,hospital,154.5,96.0,0.0,26.101063384710105,0,19.82917785593606,8.257616247995724,78.18181818181819,50.0,51.42762718884276,50.0,4,Low,29.94,Moderate,7.93,1.65,12.86,7.5,32.16,28.23,Moderate,119,"Drinking Water, Drainage, Evacuation Preparedness","Priority is influenced by water-service gap, drainage-service gap."
12,1,1,1,4339,41182,41182,107717,Wankhi,538528,Armori,104.0,Armori,4053,Armori,Gadchiroli,475,GADCHIROLI,MH,27,India,Rural,233,947,4.06437768,499,491,456,,,,Available,Available,Available,Available,Available,,Available,Available,,Not Available,Not Available,Not Available,Not Available,Not Available,Available,Available,Not Available,Not Available,,Available,83,47,41,10,0,3,2,4,308,153,155,0,10,143,0,0,DESAIGANJ,26,9633.97181,9633.97181,4365908.543,Administrative Boundary,Survey of India (SOI),"Maharashtra
",5,4339,0.044476418,0.889528356,Low,6.176978094254225,SDH Armori,hospital,189.4,143.0,0.0,36.35521364632706,0,2.386064892766833,10.122928915018708,67.5,50.0,51.28507121544235,50.0,3,High,23.3,Low,0.95,2.02,12.82,7.5,29.16,21.28,Low,184,"Drinking Water, Drainage, Evacuation Preparedness","Priority is influenced by water-service gap, drainage-service gap."
13,1,1,1,4668,41924,41924,108459,Kinhala,537503,Lakhandur,94.0,Lakhandur,4043,Lakhandur,Bhandara,471,BHANDARA,MH,27,India,Rural,122,564,4.62295082,244,274,290,,,,Not Available,Not Available,Available,Available,Available,,Available,Available,,Available,Available,Not Available,Not Available,Not Available,Not Available,Not Available,Not Available,Not Available,,Available,2,50,0,0,0,0,5,0,187,100,87,76,24,0,0,0,Desaiganj,17,6838.759197,6838.759197,2942418.827,Administrative Boundary,Survey of India (SOI),"Maharashtra
",3,4668,0.200358072,6.678602407,Low,3.65220818965759,"Rural Hospital, Lakhandur",hospital,188.0,0.0,0.0,21.436270874886425,0,17.9215716614242,10.048102618920364,100.0,50.0,57.14542362496214,50.0,4,Low,30.96,Moderate,7.17,2.01,14.29,7.5,35.17,29.84,Moderate,101,"Drinking Water, Drainage, Evacuation Preparedness","Priority is influenced by water-service gap, drainage-service gap."
14,1,1,1,4112,40942,40942,107477,Mohazari Patch,539101,Gadchiroli,108.0,Gadchiroli,4057,Gadchiroli,Gadchiroli,475,GADCHIROLI,MH,27,India,Rural,61,244,4.0,815,129,115,,,,Available,Available,Available,Available,Available,,Available,Available,,Not Available,Not Available,Not Available,Not Available,Not Available,Not Available,Not Available,Not Available,Not Available,,Available,763,4,6,19,0,1,3,2,17,18,-1,0,0,18,0,0,GADCHIROLI,14,18656.62328,18656.62328,10259296.81,Administrative Boundary,Survey of India (SOI),"Maharashtra
",11,4112,0.348539939,3.168544899,Low,5.558929966679267,Janatal Hospital,hospital,22.181818181818183,18.0,0.0,32.70314831217537,0,8.502013076836556,1.185559496623099,95.9090909090909,50.0,59.53741307375543,50.0,4,Low,26.02,Moderate,3.4,0.24,14.88,7.5,31.82,24.68,Low,157,"Drinking Water, Drainage, Evacuation Preparedness","Priority is influenced by water-service gap, drainage-service gap."
15,1,1,1,4695,41953,41953,108488,Visora,538483,Desaiganj (Vadasa),103.0,Desaiganj (Vadasa),4052,Desaiganj (Vadasa),Gadchiroli,475,GADCHIROLI,MH,27,India,Rural,1146,4604,4.01745201,1136,2357,2247,,,,Available,Available,Available,Available,Available,,Available,Available,,Not Available,Not Available,Not Available,Not Available,Not Available,Available,Available,Not Available,Not Available,,Available,166,0,133,43,0,316,0,5,473,389,84,21,314,55,0,0,DESAIGANJ,6,14491.18842,14491.18842,10703584.62,Administrative Boundary,Survey of India (SOI),"Maharashtra
",11,4695,0.036086951,0.32806319,Low,5.641703736181792,Dr. Paapadkar Hospital,hospital,418.54545454545456,55.0,0.0,33.19226105386969,0,0.8793220510076074,22.370147223167,87.5,50.0,56.897420351289895,50.0,4,Low,26.55,Moderate,0.35,4.47,14.22,7.5,35.34,25.43,Moderate,146,"Drinking Water, Drainage, Evacuation Preparedness","Priority is influenced by water-service gap, drainage-service gap."
16,1,1,1,4674,41930,41930,108465,Khairi,537507,Lakhandur,94.0,Lakhandur,4043,Lakhandur,Bhandara,471,BHANDARA,MH,27,India,Rural,290,1286,4.43448276,561,644,642,,,,Not Available,Not Available,Available,Available,Available,,Available,Available,,Available,Available,Not Available,Not Available,Not Available,Not Available,Not Available,Not Available,Not Available,,Available,0,57,2,0,1,0,0,0,501,116,385,0,116,0,0,0,Desaiganj,20,10243.27944,10243.27944,5726393.169,Administrative Boundary,Survey of India (SOI),"Maharashtra
",6,4674,0.813883889,13.56473149,Low,1.7019664369685767,"Rural Hospital, Palandur",hospital,214.33333333333334,0.0,0.0,9.912232567130276,0,36.40112539252827,11.455549616960628,100.0,50.0,53.30407752237676,50.0,0,Very High,37.68,Moderate,14.56,2.29,13.33,7.5,37.37,36.58,Moderate,37,"Drinking Water, Drainage, Evacuation Preparedness","Priority is influenced by water-service gap, drainage-service gap."
17,1,1,1,4334,41177,41177,107712,Thanegaon,538526,Armori,104.0,Armori,4053,Armori,Gadchiroli,475,GADCHIROLI,MH,27,India,Rural,763,3353,4.39449541,656,1720,1633,,,,Available,Available,Available,Available,Available,,Available,Available,,Not Available,Not Available,Not Available,Not Available,Not Available,Available,Available,Not Available,Not Available,,Available,245,10,0,0,0,7,25,8,361,25,337,0,0,8,0,17,DESAIGANJ,23,12782.56136,12782.56136,6523278.873,Administrative Boundary,Survey of India (SOI),"Maharashtra
",7,4334,0.357392237,5.105603381,Low,3.679189691328482,SDH Armori,hospital,479.0,8.0,0.0,21.595705395466975,0,13.700285700970271,25.601282736504544,98.18181818181819,50.0,56.59250785909506,50.0,4,Low,32.25,Moderate,5.48,5.12,14.15,7.5,38.72,31.45,Moderate,77,"Drinking Water, Drainage, Evacuation Preparedness","Priority is influenced by water-service gap, drainage-service gap."
18,1,1,1,3132,39930,39930,106465,Nilsani Pethgaon,540939,Sawali,119.0,Sawali,4068,Sawali,Chandrapur,473,CHANDRAPUR,MH,27,India,Rural,398,1588,3.98994975,429,754,834,,,,Available,Available,Available,Available,Available,,Available,Available,,Not Available,Not Available,Not Available,Not Available,Not Available,Available,Available,Not Available,Not Available,,Available,74,84,0,0,0,3,24,6,239,116,123,50,3,63,0,0,MUL,38,12449.37445,12449.37445,4546747.144,Administrative Boundary,Survey of India (SOI),"Maharashtra
",5,3132,0.167073937,3.341478731,Low,13.406114179316674,Dr. Mallick Hospital,hospital,317.6,63.0,0.0,79.07240040605822,0,8.966096744431336,16.9748797434527,85.68181818181819,50.0,71.58473952929214,50.0,1,Very Low,32.38,Moderate,3.59,3.39,17.9,7.5,42.68,32.72,Moderate,61,"Healthcare, Drinking Water, Drainage, Evacuation Preparedness","Priority is influenced by limited healthcare accessibility, water-service gap, drainage-service gap."
19,1,1,1,3007,39804,39804,106339,Shankarpur,539229,Chamorshi,109.0,Chamorshi,4058,Chamorshi,Gadchiroli,475,GADCHIROLI,MH,27,India,Rural,221,1001,4.52941176,608,515,486,,,,Not Available,Not Available,Available,Available,Available,,Available,Available,,Not Available,Not Available,Not Available,Not Available,Not Available,Not Available,Not Available,Not Available,Not Available,,Available,3,30,3,0,1,2,18,12,539,504,35,482,22,0,0,0,MUL,31,10160.15358,10160.15358,4619640.473,Administrative Boundary,Survey of India (SOI),"Maharashtra
",5,3007,0.05154424,1.030884804,Low,1.058906537198162,Balprabha Hospital,hospital,200.2,0.0,0.0,6.11237190425696,0,2.7654077782353683,10.700160342063066,100.0,50.0,52.03745730141899,50.0,4,Low,23.76,Low,1.11,2.14,13.01,7.5,29.78,21.84,Low,178,"Drinking Water, Drainage, Evacuation Preparedness","Priority is influenced by water-service gap, drainage-service gap."
20,1,1,1,4319,41162,41162,107697,Armori,538518,Armori,104.0,Armori,4053,Armori,Gadchiroli,475,GADCHIROLI,MH,27,India,Rural,4441,18504,4.16662914,2300,9162,9342,,,,Available,Available,Available,Available,Available,,Available,Available,,Available,Available,Not Available,Not Available,Not Available,Available,Available,Not Available,Not Available,,Available,152,41,352,216,62,27,18,27,1405,639,766,517,22,100,0,0,DESAIGANJ,18,23842.45691,23842.45691,19704938.44,Administrative Boundary,Survey of India (SOI),"Maharashtra
",20,4319,0.727915915,3.639579577,Low,0.8794842715365073,SDH Armori,hospital,925.2,100.0,0.0,5.052160235678752,0,9.766077478824519,49.449492250133616,77.27272727272728,50.0,44.10829583613535,50.0,2,Moderate,32.32,Moderate,3.91,9.89,11.03,7.5,38.84,30.91,Moderate,85,"Drinking Water, Drainage, Evacuation Preparedness","Priority is influenced by water-service gap, drainage-service gap."
21,1,1,1,4437,41404,41404,107939,Reserved Forest,999999,,,Brahmapuri,4067,,Chandrapur,473,,MH,27,India,Rural,0,0,0.0,0,0,0,,,,,,,,,,,,,,,,,,,,,,,,0,0,0,0,0,0,0,0,0,0,0,0,0,0,0,0,,0,208282.9005,208282.9005,187227824.9,Administrative Boundary,Survey of India (SOI),"Maharashtra
",194,4437,0.00077016,0.00039699,Low,2.7838169467290927,"Government Hospital, Kanpa",hospital,0.0,0.0,0.0,16.304920397013767,0,0.0,0.0,100.0,50.0,55.434973465671256,50.0,4,Low,21.36,Low,0.0,0.0,13.86,7.5,27.72,19.4,Low,196,"Drinking Water, Drainage, Evacuation Preparedness","Priority is influenced by water-service gap, drainage-service gap."
22,1,1,1,3035,39833,39833,106368,Kadholi,540967,Sawali,119.0,Sawali,4068,Sawali,Chandrapur,473,CHANDRAPUR,MH,27,India,Rural,198,785,3.96464646,617,388,397,,,,Not Available,Not Available,Available,Available,Available,,Available,Available,,Not Available,Not Available,Not Available,Not Available,Not Available,Available,Available,Not Available,Not Available,,Available,222,0,139,5,0,42,0,20,188,95,93,0,0,66,0,29,MUL,34,5189.356301,5189.356301,1116592.324,Administrative Boundary,Survey of India (SOI),"Maharashtra
",1,3035,0.024983931,2.4983931,Low,5.378532784146623,"Government Hospital, Majri",hospital,785.0,66.0,0.0,31.63717582991718,0,6.703599769687031,41.95617316942811,85.0,50.0,55.545725276639054,50.0,2,Moderate,32.46,Moderate,2.68,8.39,13.89,7.5,41.7,31.91,Moderate,73,"Drinking Water, Drainage, Evacuation Preparedness","Priority is influenced by water-service gap, drainage-service gap."
23,1,1,1,4305,41146,41146,107681,Kurud,538493,Desaiganj (Vadasa),103.0,Desaiganj (Vadasa),4052,Desaiganj (Vadasa),Gadchiroli,475,GADCHIROLI,MH,27,India,Rural,1486,5910,3.97711978,872,2905,3005,,,,Available,Available,Available,Available,Available,,Available,Available,,Not Available,Not Available,Not Available,Not Available,Not Available,Available,Available,Not Available,Not Available,,Available,32,150,5,69,0,1,0,1,615,418,196,415,3,0,0,0,DESAIGANJ,6,15378.17483,15378.17483,15015917.3,Administrative Boundary,Survey of India (SOI),"Maharashtra
",16,4305,0.451949942,2.824687135,Low,4.233294599751174,Bansod Hospital,hospital,369.375,0.0,0.0,24.86992828725687,0,7.579239491110077,19.742116515232496,100.0,50.0,58.28997609575229,50.0,4,Low,29.05,Moderate,3.03,3.95,14.57,7.5,36.58,28.13,Moderate,123,"Drinking Water, Drainage, Evacuation Preparedness","Priority is influenced by water-service gap, drainage-service gap."
24,1,1,1,4559,41812,41812,108347,Ladaj,540738,Brahmapuri,118.0,Brahmapuri,4067,Brahmapuri,Chandrapur,473,CHANDRAPUR,MH,27,India,Rural,316,1300,4.11392405,968,688,612,,,,Available,Available,Available,Available,Available,,Not Available,Not Available,,Available,Available,Not Available,Not Available,Not Available,Available,Not Available,Not Available,Not Available,,Available,13,8,287,0,0,2,2,12,643,281,362,0,281,0,0,0,BRAHMAPURI,24,12001.61049,12001.61049,7306666.327,Administrative Boundary,Survey of India (SOI),"Maharashtra
",8,4559,1.465398695,18.31748369,Moderate,3.830932435006576,"Government Hospital, Soni",hospital,162.5,0.0,0.0,22.49235792003695,0,49.15556821401832,8.6851950828434,100.0,50.0,57.49745264001232,50.0,0,Very High,43.27,Moderate,19.66,1.74,14.37,7.5,41.19,42.77,Moderate,20,"Drinking Water, Drainage, Evacuation Preparedness","Priority is influenced by water-service gap, drainage-service gap."
25,1,1,1,3074,39871,39871,106406,Talodhi Mokasa,539263,Chamorshi,109.0,Chamorshi,4058,Chamorshi,Gadchiroli,475,GADCHIROLI,MH,27,India,Rural,937,3597,3.83884739,1068,1798,1799,,,,Available,Available,Available,Available,Available,,Available,Available,,Not Available,Not Available,Not Available,Not Available,Not Available,Available,Available,Not Available,Not Available,,Available,9,257,6,18,0,105,0,0,672,452,220,0,12,440,0,0,GADCHIROLI,26,16145.57049,16145.57049,11787162.21,Administrative Boundary,Survey of India (SOI),"Maharashtra
",12,3074,0.546048979,4.550408157,Low,9.934744831412123,Balprabha Hospital,hospital,299.75,440.0,0.0,58.55997250297167,0,12.210368818858818,16.020844468198824,0.0,50.0,36.186657500990556,50.0,3,High,24.63,Low,4.88,3.2,9.05,7.5,25.34,21.48,Low,181,"Healthcare, Drainage, Evacuation Preparedness","Priority is influenced by limited healthcare accessibility, drainage-service gap."
26,1,1,1,4090,40925,40925,107460,Churmura,538589,Armori,104.0,Armori,4053,Armori,Gadchiroli,475,GADCHIROLI,MH,27,India,Rural,366,1513,4.13387978,461,762,751,,,,Not Available,Not Available,Available,Available,Available,,Available,Available,,Not Available,Not Available,Not Available,Not Available,Not Available,Not Available,Not Available,Not Available,Not Available,,Available,30,125,1,5,0,9,0,2,288,173,115,0,0,149,0,24,GADCHIROLI,23,10494.76214,10494.76214,5239773.079,Administrative Boundary,Survey of India (SOI),"Maharashtra
",5,4090,0.580030485,11.6006097,Low,11.443405768878597,SDH Armori,hospital,302.6,149.0,0.0,67.47469623545618,0,31.130225919798,16.17316942811331,66.13636363636364,50.0,61.20368662393994,50.0,3,High,38.49,Moderate,12.45,3.23,15.3,7.5,41.68,38.22,Moderate,30,"Healthcare, Drinking Water, Drainage, Evacuation Preparedness","Priority is influenced by limited healthcare accessibility, water-service gap, drainage-service gap."
27,1,1,1,3050,39848,39848,106383,Shivni,539176,Gadchiroli,108.0,Gadchiroli,4057,Gadchiroli,Gadchiroli,475,GADCHIROLI,MH,27,India,Rural,482,1883,3.906639,877,954,929,,,,Available,Available,Available,Available,Available,,Available,Available,,Not Available,Not Available,Not Available,Not Available,Not Available,Available,Available,Not Available,Not Available,,Available,10,58,20,2,2,0,2,0,784,356,428,0,7,169,0,180,GADCHIROLI,10,17041.919,17041.919,11963491.47,Administrative Boundary,Survey of India (SOI),"Maharashtra
",12,3050,2.529473186,21.07894321,Moderate,6.999307838401909,SDH Kurkheda,hospital,156.91666666666666,169.0,0.0,41.214385315736166,0,56.56619600809925,8.386780687689292,61.59090909090909,50.0,50.93509813554842,50.0,0,Very High,44.54,Moderate,22.63,1.68,12.73,7.5,39.3,43.51,Moderate,19,"Drinking Water, Drainage, Evacuation Preparedness, Emergency Flood Response","Priority is influenced by high flood exposure, water-service gap, drainage-service gap."
28,1,1,1,3039,39837,39837,106372,Krupala,539163,Gadchiroli,108.0,Gadchiroli,4057,Gadchiroli,Gadchiroli,475,GADCHIROLI,MH,27,India,Rural,47,204,4.34042553,51,104,100,,,,Available,Available,Available,Available,Available,,Available,Available,,Not Available,Not Available,Not Available,Not Available,Not Available,Available,Available,Not Available,Not Available,,Available,0,7,0,3,0,1,4,0,36,45,-8,0,0,45,0,0,GADCHIROLI,9,9923.128263,9923.128263,4614782.326,Administrative Boundary,Survey of India (SOI),"Maharashtra
",5,3039,0.023927585,0.478551693,Low,4.746513045843392,Lifeline Hospital & Ayurvedic Panchakarma Centre,hospital,40.8,45.0,0.0,27.902551819626154,0,1.2831716366866444,2.1806520577231425,89.77272727272727,50.0,55.89175969745114,50.0,4,Low,22.42,Low,0.51,0.44,13.97,7.5,28.86,20.6,Low,188,"Drinking Water, Drainage, Evacuation Preparedness","Priority is influenced by water-service gap, drainage-service gap."
29,1,1,1,2919,39755,39755,106290,Rudrapur,540955,Sawali,119.0,Sawali,4068,Sawali,Chandrapur,473,CHANDRAPUR,MH,27,India,Rural,180,668,3.71111111,583,435,233,,,,Not Available,Not Available,Available,Available,Available,,Available,Available,,Not Available,Not Available,Not Available,Not Available,Not Available,Available,Not Available,Not Available,Not Available,,Available,22,67,19,0,51,0,0,20,404,67,337,18,6,43,0,0,MUL,17,9292.900175,9292.900175,4700067.85,Administrative Boundary,Survey of India (SOI),"Maharashtra
",5,2919,0.04844347,0.968869402,Low,4.419071944931336,"Rural Hospital, Saoli",hospital,133.6,43.0,0.0,25.967692315545936,0,2.5989838062764012,7.140566541956172,90.22727272727272,50.0,55.398321680939546,50.0,4,Low,23.82,Low,1.04,1.43,13.85,7.5,30.36,22.12,Low,175,"Drinking Water, Drainage, Evacuation Preparedness","Priority is influenced by water-service gap, drainage-service gap."
30,1,1,1,3130,39928,39928,106463,Amgaon Chak No 2,539352,Chamorshi,109.0,Chamorshi,4058,Chamorshi,Gadchiroli,475,GADCHIROLI,MH,27,India,Rural,70,240,3.42857143,177,120,120,,,,Not Available,Not Available,Available,Available,Available,,Available,Available,,Not Available,Not Available,Not Available,Not Available,Not Available,Not Available,Not Available,Not Available,Not Available,,Available,58,8,1,0,0,0,0,0,110,81,29,81,0,0,0,0,GADCHIROLI,42,9056.683296,9056.683296,2893717.482,Administrative Boundary,Survey of India (SOI),"Maharashtra
",3,3130,6.86e-05,0.002285233,Low,6.859438171449264,"General Hospital, Chamorshi",hospital,80.0,0.0,0.0,40.38789116554534,0,0.0050672718381107274,4.275788348476751,100.0,50.0,63.462630388515116,50.0,4,Low,24.22,Low,0.0,0.86,15.87,7.5,33.02,23.2,Low,168,"Drinking Water, Drainage, Evacuation Preparedness","Priority is influenced by water-service gap, drainage-service gap."
31,1,1,1,4135,40965,40965,107500,Jepra,539146,Gadchiroli,108.0,Gadchiroli,4057,Gadchiroli,Gadchiroli,475,GADCHIROLI,MH,27,India,Rural,239,929,3.88702929,165,473,456,,,,Not Available,Not Available,Available,Available,Available,,Available,Available,,Not Available,Not Available,Not Available,Not Available,Not Available,Available,Available,Not Available,Not Available,,Available,0,5,30,4,0,9,1,0,116,98,18,0,5,93,0,0,GADCHIROLI,11,4646.90465,4646.90465,1245131.853,Administrative Boundary,Survey of India (SOI),"Maharashtra
",1,4135,0.009647854,0.964785358,Low,6.000412511654756,Janatal Hospital,hospital,929.0,93.0,0.0,35.31188220554438,0,2.5880239027328398,49.652592196686264,78.86363636363636,50.0,54.72517285639358,50.0,2,Moderate,32.15,Moderate,1.04,9.93,13.68,7.5,42.78,31.66,Moderate,75,"Drinking Water, Drainage, Evacuation Preparedness","Priority is influenced by water-service gap, drainage-service gap."
32,1,1,1,2952,39761,39761,106296,Pethgaon,540958,Sawali,119.0,Sawali,4068,Sawali,Chandrapur,473,CHANDRAPUR,MH,27,India,Rural,142,585,4.11971831,354,294,291,,,,Not Available,Not Available,Available,Not Available,Not Available,,Available,Available,,Not Available,Not Available,Not Available,Not Available,Not Available,Not Available,Not Available,Not Available,Not Available,,Available,0,141,0,0,0,0,0,13,201,149,52,105,44,0,0,0,MUL,18,9960.577663,9960.577663,5560779.904,Administrative Boundary,Survey of India (SOI),"Maharashtra
",6,2952,0.007244689,0.120744823,Low,9.43037516130608,"Rural Hospital, Saoli",hospital,97.5,0.0,0.0,55.57963665919321,0,0.32296435624999165,5.21111704970604,100.0,50.0,68.52654555306441,50.0,1,Very Low,25.8,Moderate,0.13,1.04,17.13,7.5,35.89,25.32,Moderate,148,"Healthcare, Drinking Water, Drainage, Evacuation Preparedness","Priority is influenced by limited healthcare accessibility, water-service gap, drainage-service gap."
33,1,1,1,4302,41201,41201,107736,Pewati Alies Nawegaon,538576,Armori,104.0,Armori,4053,Armori,Gadchiroli,475,GADCHIROLI,MH,27,India,Rural,0,0,0.0,401,0,0,,,,,,,,,,,,,,,,,,,,,,,,89,42,0,6,0,101,0,0,162,78,85,0,0,78,0,0,,0,6165.409767,6165.409767,2275616.108,Administrative Boundary,Survey of India (SOI),"Maharashtra
",2,4302,0.008545169,0.42725843,Low,8.482256616073077,SDH Armori,hospital,0.0,78.0,0.0,49.977175107698855,0,1.1455214999803482,0.0,82.27272727272728,50.0,60.749967460142045,50.0,1,Very Low,23.15,Low,0.46,0.0,15.19,7.5,30.6,21.74,Low,179,"Drinking Water, Drainage, Evacuation Preparedness","Priority is influenced by water-service gap, drainage-service gap."
34,1,1,1,4131,40961,40961,107496,Gogaon,539111,Gadchiroli,108.0,Gadchiroli,4057,Gadchiroli,Gadchiroli,475,GADCHIROLI,MH,27,India,Rural,500,2040,4.08,888,1027,1013,,,,Available,Available,Available,Available,Available,,Available,Available,,Not Available,Not Available,Not Available,Not Available,Not Available,Available,Available,Not Available,Not Available,,Available,363,111,0,21,0,9,4,3,377,198,179,0,1,187,0,10,GADCHIROLI,5,16164.24509,16164.24509,8522063.61,Administrative Boundary,Survey of India (SOI),"Maharashtra
",9,4131,0.671162168,7.457357427,Low,0.8809579594212746,Janatal Hospital,hospital,226.66666666666666,187.0,0.0,5.060868302570622,0,20.011431590275176,12.11473365401746,57.5,50.0,37.52028943419021,50.0,3,High,27.31,Moderate,8.0,2.42,9.38,7.5,26.4,24.32,Low,159,"Drinking Water, Drainage, Evacuation Preparedness","Priority is influenced by water-service gap, drainage-service gap."
35,1,1,1,4353,41195,41195,107730,Akapur Chak,538587,Armori,104.0,Armori,4053,Armori,Gadchiroli,475,GADCHIROLI,MH,27,India,Rural,164,572,3.48780488,428,287,285,,,,Not Available,Not Available,Available,Not Available,Not Available,,Available,Available,,Not Available,Not Available,Not Available,Not Available,Not Available,Not Available,Not Available,Not Available,Not Available,,Available,122,53,0,0,0,0,6,2,245,12,234,0,0,12,0,0,GADCHIROLI,27,10142.16361,10142.16361,4509742.97,Administrative Boundary,Survey of India (SOI),"Maharashtra
",5,4353,0.017670266,0.353405325,Low,10.502377384286593,SDH Armori,hospital,114.4,12.0,0.0,61.91413066056184,0,0.9473299753071284,6.114377338321753,97.27272727272727,50.0,69.7289526444297,50.0,1,Very Low,26.53,Moderate,0.38,1.22,17.43,7.5,36.89,26.21,Moderate,139,"Healthcare, Drinking Water, Drainage, Evacuation Preparedness","Priority is influenced by limited healthcare accessibility, water-service gap, drainage-service gap."
36,1,1,1,4441,41409,41409,107944,Pathargaon R F,999999,,,Armori,4053,,Gadchiroli,475,,MH,27,India,Rural,0,0,0.0,0,0,0,,,,,,,,,,,,,,,,,,,,,,,,0,0,0,0,0,0,0,0,0,0,0,0,0,0,0,0,,0,85326.29652,85326.29652,85000755.84,Administrative Boundary,Survey of India (SOI),"Maharashtra
",88,4441,0.211281204,0.240092277,Low,11.31311896654436,SDH Armori,hospital,0.0,0.0,0.0,66.70482752608997,0,0.6432441044627034,0.0,100.0,50.0,72.23494250869665,50.0,1,Very Low,25.82,Moderate,0.26,0.0,18.06,7.5,36.25,25.55,Moderate,142,"Healthcare, Drinking Water, Drainage, Evacuation Preparedness","Priority is influenced by limited healthcare accessibility, water-service gap, drainage-service gap."
37,1,1,1,4652,41906,41906,108441,Awali,537514,Lakhandur,94.0,Lakhandur,4043,Lakhandur,Bhandara,471,BHANDARA,MH,27,India,Rural,98,431,4.39795918,328,208,223,,,,Not Available,Not Available,Available,Available,Available,,Available,Available,,Available,Available,Not Available,Not Available,Not Available,Available,Not Available,Not Available,Not Available,,Available,0,2,4,3,0,0,139,2,177,13,164,0,13,0,0,0,Desaiganj,8,6646.915213,6646.915213,2693400.51,Administrative Boundary,Survey of India (SOI),"Maharashtra
",3,4652,0.035671915,1.189063824,Low,1.5338401982595573,"Government Hospital, Soni",hospital,143.66666666666666,0.0,0.0,8.918769468132288,0,3.189895565784933,7.67860324247283,100.0,50.0,52.97292315604409,50.0,4,Low,23.55,Low,1.28,1.54,13.24,7.5,29.43,21.65,Low,180,"Drinking Water, Drainage, Evacuation Preparedness","Priority is influenced by water-service gap, drainage-service gap."
38,1,1,1,4114,40944,40944,107479,Nagri,539100,Gadchiroli,108.0,Gadchiroli,4057,Gadchiroli,Gadchiroli,475,GADCHIROLI,MH,27,India,Rural,285,1053,3.69473684,665,537,516,,,,Available,Available,Available,Available,Available,,Available,Available,,Not Available,Not Available,Not Available,Not Available,Not Available,Not Available,Not Available,Not Available,Not Available,,Available,0,118,0,54,0,49,50,8,386,281,105,0,3,278,0,0,GADCHIROLI,16,11822.58368,11822.58368,6239173.146,Administrative Boundary,Survey of India (SOI),"Maharashtra
",6,4114,0.613893292,10.23155486,Low,6.90502761469324,Janatal Hospital,hospital,175.5,278.0,0.0,40.65728058336929,0,27.45624273248514,9.380010689470872,36.81818181818181,50.0,42.49182080051704,50.0,3,High,30.98,Moderate,10.98,1.88,10.62,7.5,29.55,28.56,Moderate,114,"Drainage, Evacuation Preparedness",Priority is influenced by drainage-service gap.
39,1,1,1,4183,41015,41015,107550,Betala,540775,Brahmapuri,118.0,Brahmapuri,4067,Brahmapuri,Chandrapur,473,CHANDRAPUR,MH,27,India,Rural,397,1669,4.20403023,429,830,839,,,,Not Available,Not Available,Available,Available,Available,,Available,Available,,Not Available,Not Available,Not Available,Not Available,Not Available,Not Available,Not Available,Not Available,Not Available,,Available,0,12,0,1,0,2,36,2,376,23,353,0,23,0,0,0,BRAHMAPURI,7,7823.784912,7823.784912,3570438.593,Administrative Boundary,Survey of India (SOI),"Maharashtra
",4,4183,0.262614772,6.565369298,Low,5.5747760583126285,Akshay Nursing Home,hospital,417.25,0.0,0.0,32.796783353451296,0,17.61770031415723,22.30090860502405,100.0,50.0,60.9322611178171,50.0,4,Low,34.24,Moderate,7.05,4.46,15.23,7.5,40.68,33.85,Moderate,50,"Drinking Water, Drainage, Evacuation Preparedness","Priority is influenced by water-service gap, drainage-service gap."
40,1,1,1,4338,41181,41181,107716,Wasala,538527,Armori,104.0,Armori,4053,Armori,Gadchiroli,475,GADCHIROLI,MH,27,India,Rural,670,2738,4.08656716,398,1374,1364,,,,Available,Available,Available,Available,Available,,Available,Available,,Not Available,Not Available,Not Available,Not Available,Not Available,Available,Available,Not Available,Not Available,,Available,33,19,0,24,0,6,10,0,306,126,179,0,20,106,0,0,DESAIGANJ,25,9672.637156,9672.637156,3625076.728,Administrative Boundary,Survey of India (SOI),"Maharashtra
",4,4338,0.023990175,0.599754385,Low,5.101603377062598,SDH Armori,hospital,684.5,106.0,0.0,30.000791473269988,0,1.608430084817954,36.58471405665419,75.9090909090909,50.0,51.96996079412029,50.0,2,Moderate,28.45,Moderate,0.64,7.32,12.99,7.5,37.28,27.28,Moderate,129,"Drinking Water, Drainage, Evacuation Preparedness","Priority is influenced by water-service gap, drainage-service gap."
41,1,1,1,3023,39819,39819,106354,Wagholi,540916,Sawali,119.0,Sawali,4068,Sawali,Chandrapur,473,CHANDRAPUR,MH,27,India,Rural,176,675,3.83522727,128,329,346,,,,Not Available,Not Available,Available,Available,Available,,Available,Available,,Not Available,Not Available,Not Available,Not Available,Not Available,Available,Not Available,Not Available,Not Available,,Available,0,40,0,1,0,4,0,12,72,75,-3,68,0,7,0,0,GADCHIROLI,13,5338.681717,5338.681717,1602457.225,Administrative Boundary,Survey of India (SOI),"Maharashtra
",2,3023,0.067290395,3.364519746,Low,8.53595525034834,Dr. Mallick Hospital,hospital,337.5,7.0,0.0,50.294481983940784,0,9.02792940390948,18.038482095136292,98.4090909090909,50.0,66.23452429767723,50.0,1,Very Low,31.28,Moderate,3.61,3.61,16.56,7.5,40.33,31.12,Moderate,82,"Healthcare, Drinking Water, Drainage, Evacuation Preparedness","Priority is influenced by limited healthcare accessibility, water-service gap, drainage-service gap."
42,1,1,1,4066,40891,40891,107426,Kasargaon,540878,Sawali,119.0,Sawali,4068,Sawali,Chandrapur,473,CHANDRAPUR,MH,27,India,Rural,192,719,3.74479167,247,360,359,,,,Not Available,Not Available,Available,Available,Available,,Not Available,Not Available,,Not Available,Not Available,Not Available,Not Available,Not Available,Not Available,Available,Not Available,Not Available,,Available,0,1,0,5,0,16,36,4,186,70,115,0,1,63,0,6,MUL,42,9379.034963,9379.034963,3050641.413,Administrative Boundary,Survey of India (SOI),"Maharashtra
",3,4066,0.15341921,5.113973675,Low,6.870728077440735,Janatal Hospital,hospital,239.66666666666666,63.0,0.0,40.454603566178385,0,13.722748146250307,12.809549260644932,85.68181818181819,50.0,58.71214058266552,50.0,4,Low,30.23,Moderate,5.49,2.56,14.68,7.5,35.94,29.26,Moderate,107,"Drinking Water, Drainage, Evacuation Preparedness","Priority is influenced by water-service gap, drainage-service gap."
43,1,1,1,3095,39891,39891,106426,Amgaon Mahal,539348,Chamorshi,109.0,Chamorshi,4058,Chamorshi,Gadchiroli,475,GADCHIROLI,MH,27,India,Rural,682,2491,3.65249267,532,1283,1208,,,,Available,Available,Available,Available,Available,,Available,Available,,Not Available,Not Available,Not Available,Not Available,Not Available,Not Available,Not Available,Not Available,Not Available,,Available,90,118,9,14,0,21,0,1,279,260,18,0,1,259,0,0,GADCHIROLI,44,6860.344512,6860.344512,2381397.833,Administrative Boundary,Survey of India (SOI),"Maharashtra
",2,3095,0.014807982,0.740399099,Low,8.188719454168853,"General Hospital, Chamorshi",hospital,1245.5,259.0,0.0,48.24265501865341,0,1.9858629673607928,66.56867985034741,41.13636363636364,50.0,46.45967288500568,50.0,2,Moderate,33.22,Moderate,0.79,13.31,11.61,7.5,43.6,32.41,Moderate,65,"Drainage, Evacuation Preparedness","Priority is influenced by high population exposure, drainage-service gap."
44,1,1,1,4070,40895,40895,107430,Nifandra,540886,Sawali,119.0,Sawali,4068,Sawali,Chandrapur,473,CHANDRAPUR,MH,27,India,Rural,584,2373,4.06335616,877,1172,1201,,,,Available,Available,Available,Available,Available,,Available,Available,,Available,Available,Not Available,Not Available,Not Available,Available,Available,Not Available,Not Available,,Available,46,3,0,22,0,45,134,12,616,380,236,0,1,366,0,12,MUL,28,13049.9461,13049.9461,9071496.631,Administrative Boundary,Survey of India (SOI),"Maharashtra
",9,4070,1.050883206,11.67648007,Low,7.372110344388304,Nobel Multispeciality Hospital,hospital,263.6666666666667,366.0,0.0,43.417286753104676,0,31.333830958581693,14.092285765187956,16.818181818181827,50.0,36.74515619042884,50.0,3,High,32.04,Moderate,12.53,2.82,9.19,7.5,28.87,29.26,Moderate,107,"Drainage, Evacuation Preparedness",Priority is influenced by drainage-service gap.
45,1,1,1,4671,41927,41927,108462,Chaprad,537509,Lakhandur,94.0,Lakhandur,4043,Lakhandur,Bhandara,471,BHANDARA,MH,27,India,Rural,717,3090,4.30962343,1156,1563,1527,,,,Available,Available,Available,Available,Available,,Available,Available,,Available,Available,Not Available,Not Available,Not Available,Available,Not Available,Not Available,Not Available,,Available,154,15,142,14,0,154,85,0,591,548,43,520,28,0,0,0,Desaiganj,12,11948.37782,11948.37782,8311093.072,Administrative Boundary,Survey of India (SOI),"Maharashtra
",9,4671,0.799978205,8.888646725,Low,2.2765811930034774,"Government Hospital, Soni",hospital,343.3333333333333,0.0,0.0,13.307648777257983,0,23.85242660624752,18.350258328879388,100.0,50.0,54.43588292575266,50.0,4,Low,34.32,Moderate,9.54,3.67,13.61,7.5,37.49,33.29,Moderate,55,"Drinking Water, Drainage, Evacuation Preparedness","Priority is influenced by water-service gap, drainage-service gap."
46,1,1,1,2960,39757,39757,106292,Usegaon,540956,Sawali,119.0,Sawali,4068,Sawali,Chandrapur,473,CHANDRAPUR,MH,27,India,Rural,434,1667,3.84101382,601,825,842,,,,Available,Available,Available,Not Available,Not Available,,Available,Available,,Not Available,Not Available,Not Available,Not Available,Not Available,Available,Available,Not Available,Not Available,,Available,0,135,0,0,0,0,0,44,422,301,122,161,140,0,0,0,MUL,22,10134.03599,10134.03599,5416893.08,Administrative Boundary,Survey of India (SOI),"Maharashtra
",6,2960,0.383162078,6.38603464,Low,6.123038542250441,"Rural Hospital, Saoli",hospital,277.8333333333333,0.0,0.0,36.03648317984118,0,17.136439447795954,14.849456618564046,100.0,50.0,62.01216105994706,50.0,4,Low,32.83,Moderate,6.85,2.97,15.5,7.5,38.89,32.32,Moderate,67,"Drinking Water, Drainage, Evacuation Preparedness","Priority is influenced by water-service gap, drainage-service gap."
47,1,1,1,2992,39790,39790,106325,Ghargaon,539218,Chamorshi,109.0,Chamorshi,4058,Chamorshi,Gadchiroli,475,GADCHIROLI,MH,27,India,Rural,344,1521,4.42151163,907,747,774,,,,Not Available,Not Available,Available,Available,Available,,Available,Available,,Not Available,Not Available,Not Available,Not Available,Not Available,Available,Available,Not Available,Not Available,,Available,4,210,1,4,0,0,0,11,677,496,181,472,1,11,0,12,MUL,14,14294.99836,14294.99836,11060412.34,Administrative Boundary,Survey of India (SOI),"Maharashtra
",11,2992,0.310536473,2.82305885,Low,8.635865274783582,"Rural Hospital, Saoli",hospital,138.27272727272728,11.0,0.0,50.88485338140115,0,7.574869840209786,7.390311452310384,97.5,50.0,66.12828446046704,50.0,1,Very Low,28.54,Moderate,3.03,1.48,16.53,7.5,36.8,28.03,Moderate,125,"Healthcare, Drinking Water, Drainage, Evacuation Preparedness","Priority is influenced by limited healthcare accessibility, water-service gap, drainage-service gap."
48,1,1,1,4548,41803,41803,108338,Bhaleshwar,540735,Brahmapuri,118.0,Brahmapuri,4067,Brahmapuri,Chandrapur,473,CHANDRAPUR,MH,27,India,Rural,144,658,4.56944444,507,337,321,,,,Not Available,Not Available,Available,Available,Available,,Available,Available,,Available,Available,Not Available,Not Available,Not Available,Available,Not Available,Not Available,Not Available,,Available,0,2,169,6,0,10,0,20,300,134,166,0,134,0,0,0,BRAHMAPURI,11,8669.070674,8669.070674,5119777.257,Administrative Boundary,Survey of India (SOI),"Maharashtra
",5,4548,0.105037929,2.100758575,Low,5.450307049201823,"Government Hospital, Soni",hospital,131.6,0.0,0.0,32.061292162606044,0,5.636511354481448,7.033671833244254,100.0,50.0,60.687097387535346,50.0,4,Low,26.33,Moderate,2.25,1.41,15.17,7.5,33.58,25.23,Moderate,149,"Drinking Water, Drainage, Evacuation Preparedness","Priority is influenced by water-service gap, drainage-service gap."
49,1,1,1,4592,41845,41845,108380,Khamb Talodhi,540748,Brahmapuri,118.0,Brahmapuri,4067,Brahmapuri,Chandrapur,473,CHANDRAPUR,MH,27,India,Rural,0,0,0.0,175,0,0,,,,,,,,,,,,,,,,,,,,,,,,0,1,0,0,0,0,0,1,173,46,127,0,46,0,0,0,,0,4649.239799,4649.239799,1346694.47,Administrative Boundary,Survey of India (SOI),"Maharashtra
",1,4592,0.372639001,37.26390012,High,3.928277961627491,Akshay Nursing Home,hospital,0.0,0.0,0.0,23.0675756212893,0,100.0,0.0,100.0,50.0,57.6891918737631,50.0,0,Very High,61.92,High,40.0,0.0,14.42,7.5,48.84,62.19,High,3,"Drinking Water, Drainage, Evacuation Preparedness, Emergency Flood Response","Priority is influenced by high flood exposure, water-service gap, drainage-service gap."
50,1,1,1,2954,39750,39750,106285,Sindola,540946,Sawali,119.0,Sawali,4068,Sawali,Chandrapur,473,CHANDRAPUR,MH,27,India,Rural,262,896,3.41984733,424,454,442,,,,Not Available,Not Available,Available,Not Available,Not Available,,Available,Available,,Not Available,Not Available,Not Available,Not Available,Not Available,Not Available,Not Available,Not Available,Not Available,,Available,0,111,0,0,0,0,0,20,293,184,109,98,86,0,0,0,MUL,21,8507.27003,8507.27003,3411086.577,Administrative Boundary,Survey of India (SOI),"Maharashtra
",4,2954,0.007156649,0.17891622,Low,4.384381412442453,"Rural Hospital, Saoli",hospital,224.0,0.0,0.0,25.76270489551602,0,0.47907259115495826,11.972207375734902,100.0,50.0,58.587568298505346,50.0,4,Low,24.73,Low,0.19,2.39,14.65,7.5,32.98,23.46,Low,166,"Drinking Water, Drainage, Evacuation Preparedness","Priority is influenced by water-service gap, drainage-service gap."
51,1,1,1,3070,40919,40919,107454,Mohad Chak,540888,Sawali,119.0,Sawali,4068,Sawali,Chandrapur,473,CHANDRAPUR,MH,27,India,Rural,0,0,0.0,184,0,0,,,,,,,,,,,,,,,,,,,,,,,,0,0,35,0,0,51,62,0,37,0,37,0,0,0,0,0,,0,6507.39138,6507.39138,1923971.044,Administrative Boundary,Survey of India (SOI),"Maharashtra
",2,3070,0.470949865,23.54749327,Moderate,8.094398636582278,Nobel Multispeciality Hospital,hospital,0.0,0.0,0.0,47.68531041581745,0,63.19077462430731,0.0,100.0,50.0,65.89510347193915,50.0,0,Very High,49.25,Moderate,25.28,0.0,16.47,7.5,45.59,49.6,Moderate,11,"Drinking Water, Drainage, Evacuation Preparedness, Emergency Flood Response","Priority is influenced by high flood exposure, water-service gap, drainage-service gap."
52,1,1,1,4106,40937,40937,107472,Kharpundi,539155,Gadchiroli,108.0,Gadchiroli,4057,Gadchiroli,Gadchiroli,475,GADCHIROLI,MH,27,India,Rural,359,1342,3.73816156,504,675,667,,,,Not Available,Not Available,Available,Available,Available,,Available,Available,,Not Available,Not Available,Not Available,Not Available,Not Available,Available,Available,Not Available,Not Available,,Available,113,7,46,4,0,10,33,3,289,220,69,0,7,212,0,0,GADCHIROLI,4,13705.40003,13705.40003,8262224.164,Administrative Boundary,Survey of India (SOI),"Maharashtra
",9,4106,0.428398309,4.759981214,Low,3.34335438483734,Janatal Hospital,hospital,149.11111111111111,212.0,0.0,19.61124427326779,0,12.77277717930971,7.969594393966388,51.81818181818182,50.0,40.47647536381654,50.0,3,High,24.32,Low,5.11,1.59,10.12,7.5,25.18,21.36,Low,182,"Drinking Water, Drainage, Evacuation Preparedness","Priority is influenced by water-service gap, drainage-service gap."
53,1,1,1,2968,39765,39765,106300,Sakhari,540970,Sawali,119.0,Sawali,4068,Sawali,Chandrapur,473,CHANDRAPUR,MH,27,India,Rural,291,1052,3.61512027,1341,527,525,,,,Not Available,Not Available,Available,Available,Available,,Available,Available,,Not Available,Not Available,Not Available,Not Available,Not Available,Available,Available,Not Available,Not Available,,Available,467,0,38,22,0,167,132,35,480,313,167,0,146,163,0,4,MUL,29,19887.42362,19887.42362,19388333.05,Administrative Boundary,Survey of India (SOI),"Maharashtra
",20,2968,0.324781667,1.623908334,Low,6.84155159853633,Balprabha Hospital,hospital,52.6,163.0,0.0,40.282198857830714,0,4.3568403602208505,2.8113308391234635,62.95454545454545,50.0,51.07891477079206,50.0,3,High,22.57,Low,1.74,0.56,12.77,7.5,27.25,20.35,Low,191,"Drinking Water, Drainage, Evacuation Preparedness","Priority is influenced by water-service gap, drainage-service gap."
54,1,1,1,4324,41167,41167,107702,Rampur Chak,538513,Armori,104.0,Armori,4053,Armori,Gadchiroli,475,GADCHIROLI,MH,27,India,Rural,168,729,4.33928571,665,358,371,,,,Not Available,Not Available,Available,Available,Available,,Available,Available,,Not Available,Not Available,Not Available,Not Available,Not Available,Available,Available,Not Available,Not Available,,Available,96,20,38,6,0,7,0,18,479,151,328,131,10,10,0,0,DESAIGANJ,25,13660.19149,13660.19149,7341346.203,Administrative Boundary,Survey of India (SOI),"Maharashtra
",8,4324,0.09470923,1.18386538,Low,4.50704559068957,SDH Armori,hospital,91.125,10.0,0.0,26.487531285454676,0,3.1759450684796633,4.870390165686798,97.72727272727273,50.0,58.07160133757581,50.0,4,Low,24.26,Low,1.27,0.97,14.52,7.5,31.13,22.78,Low,172,"Drinking Water, Drainage, Evacuation Preparedness","Priority is influenced by water-service gap, drainage-service gap."
55,1,1,1,3042,39840,39840,106375,Mudaza Bk,539160,Gadchiroli,108.0,Gadchiroli,4057,Gadchiroli,Gadchiroli,475,GADCHIROLI,MH,27,India,Rural,472,1826,3.86864407,673,896,930,,,,Not Available,Not Available,Available,Available,Available,,Available,Available,,Not Available,Not Available,Not Available,Not Available,Not Available,Not Available,Not Available,Not Available,Not Available,,Available,256,27,45,6,0,100,0,0,239,94,145,0,1,93,0,0,GADCHIROLI,9,13935.17165,13935.17165,7958062.646,Administrative Boundary,Survey of India (SOI),"Maharashtra
",8,3042,0.171436944,2.142961801,Low,4.229014847289997,Dr. Mallick Hospital,hospital,228.25,93.0,0.0,24.844639098753795,0,5.749767550102045,12.199358631747728,78.86363636363636,50.0,51.23609182079672,50.0,4,Low,25.05,Moderate,2.3,2.44,12.81,7.5,30.43,23.15,Low,170,"Drinking Water, Drainage, Evacuation Preparedness","Priority is influenced by water-service gap, drainage-service gap."
56,1,1,1,3000,39798,39798,106333,Wagholi,539225,Chamorshi,109.0,Chamorshi,4058,Chamorshi,Gadchiroli,475,GADCHIROLI,MH,27,India,Rural,396,1559,3.93686869,959,801,758,,,,Available,Available,Available,Available,Available,,Available,Available,,Available,Available,Not Available,Not Available,Not Available,Available,Not Available,Not Available,Not Available,,Available,0,170,0,104,0,0,3,2,679,372,307,354,7,0,0,11,MUL,16,13701.17198,13701.17198,8676564.827,Administrative Boundary,Survey of India (SOI),"Maharashtra
",9,3000,0.006441658,0.071573983,Low,10.649443726071183,Balprabha Hospital,hospital,173.22222222222223,0.0,0.0,62.78315018297253,0,0.19100993471195413,9.258269493437853,100.0,50.0,70.92771672765751,50.0,1,Very Low,27.16,Moderate,0.08,1.85,17.73,7.5,38.28,27.03,Moderate,133,"Healthcare, Drinking Water, Drainage, Evacuation Preparedness","Priority is influenced by limited healthcare accessibility, water-service gap, drainage-service gap."
57,1,1,1,4362,41206,41206,107741,Shioni Bk,538524,Armori,104.0,Armori,4053,Armori,Gadchiroli,475,GADCHIROLI,MH,27,India,Rural,443,1956,4.41534989,770,1015,941,,,,Not Available,Not Available,Available,Available,Available,,Available,Available,,Available,Available,Not Available,Not Available,Not Available,Available,Not Available,Not Available,Not Available,,Available,0,144,0,25,0,0,1,2,598,298,300,222,33,0,0,43,DESAIGANJ,27,13627.35689,13627.35689,9237292.981,Administrative Boundary,Survey of India (SOI),"Maharashtra
",10,4362,0.631683932,6.316839317,Low,4.588560776631749,SDH Armori,hospital,195.6,0.0,0.0,26.969207018304875,0,16.950747504774384,10.454302512025654,100.0,50.0,58.98973567276829,50.0,4,Low,31.12,Moderate,6.78,2.09,14.75,7.5,36.02,30.17,Moderate,97,"Drinking Water, Drainage, Evacuation Preparedness","Priority is influenced by water-service gap, drainage-service gap."
58,1,1,1,2961,39758,39758,106293,Kawathi,540954,Sawali,119.0,Sawali,4068,Sawali,Chandrapur,473,CHANDRAPUR,MH,27,India,Rural,459,1934,4.21350763,617,963,971,,,,Not Available,Not Available,Available,Available,Available,,Available,Available,,Not Available,Not Available,Not Available,Not Available,Not Available,Available,Not Available,Not Available,Not Available,,Available,26,94,9,0,0,18,0,0,469,171,298,166,5,0,0,0,MUL,20,10129.81353,10129.81353,4613317.681,Administrative Boundary,Survey of India (SOI),"Maharashtra
",5,2961,0.089250262,1.785005239,Low,5.6832929054343815,"Rural Hospital, Saoli",hospital,386.8,0.0,0.0,33.4380127300369,0,4.78915855756796,20.673436664885088,100.0,50.0,61.14600424334564,50.0,4,Low,28.84,Moderate,1.92,4.13,15.29,7.5,37.73,28.17,Moderate,121,"Drinking Water, Drainage, Evacuation Preparedness","Priority is influenced by water-service gap, drainage-service gap."
59,1,1,1,4040,40864,40864,107399,Antargaon Tola,540887,Sawali,119.0,Sawali,4068,Sawali,Chandrapur,473,CHANDRAPUR,MH,27,India,Rural,186,755,4.05913978,295,378,377,,,,Not Available,Not Available,Available,Available,Available,,Available,Available,,Not Available,Not Available,Not Available,Not Available,Not Available,Not Available,Available,Not Available,Not Available,,Available,82,7,32,15,0,1,0,0,157,107,50,27,0,80,0,0,GADCHIROLI,17,8619.716162,8619.716162,4629393.583,Administrative Boundary,Survey of India (SOI),"Maharashtra
",5,4040,0.376746201,7.534924027,Low,9.31192011278318,Nobel Multispeciality Hospital,hospital,151.0,80.0,0.0,54.87968214583977,0,20.21958861654669,8.070550507749866,81.81818181818181,50.0,62.23262132134053,50.0,1,Very Low,32.76,Moderate,8.09,1.61,15.56,7.5,37.58,32.13,Moderate,69,"Healthcare, Drinking Water, Drainage, Evacuation Preparedness","Priority is influenced by limited healthcare accessibility, water-service gap, drainage-service gap."
60,1,1,1,2931,39730,39730,106265,Vyahad Kh,540919,Sawali,119.0,Sawali,4068,Sawali,Chandrapur,473,CHANDRAPUR,MH,27,India,Rural,675,2621,3.88296296,220,1336,1285,,,,Available,Available,Available,Available,Available,,Available,Available,,Not Available,Not Available,Not Available,Not Available,Not Available,Not Available,Not Available,Not Available,Not Available,,Available,0,35,0,5,0,5,20,5,150,113,37,51,7,44,0,11,MUL,24,22038.71043,22038.71043,16385829.97,Administrative Boundary,Survey of India (SOI),"Maharashtra
",17,2931,0.102032103,0.600188839,Low,11.89867276867801,"Rural Hospital, Saoli",hospital,154.1764705882353,44.0,0.0,70.16488289498785,0,1.6095959816432854,8.240324456880561,90.0,50.0,70.05496096499594,50.0,1,Very Low,27.31,Moderate,0.64,1.65,17.51,7.5,37.82,27.09,Moderate,131,"Healthcare, Drinking Water, Drainage, Evacuation Preparedness","Priority is influenced by limited healthcare accessibility, water-service gap, drainage-service gap."
61,1,1,1,4329,41172,41172,107707,Kaneri,538520,Armori,104.0,Armori,4053,Armori,Gadchiroli,475,GADCHIROLI,MH,27,India,Rural,90,378,4.2,64,183,195,,,,Not Available,Not Available,Available,Available,Available,,Available,Available,,Not Available,Not Available,Not Available,Not Available,Not Available,Available,Available,Not Available,Not Available,,Available,24,5,8,6,0,2,0,0,21,34,-14,0,0,34,0,1,DESAIGANJ,23,7735.127688,7735.127688,2664741.481,Administrative Boundary,Survey of India (SOI),"Maharashtra
",3,4329,0.004013378,0.133779257,Low,5.231359695912404,SDH Armori,hospital,126.0,34.0,0.0,30.767525539462977,0,0.3579434454529772,6.734366648850881,92.27272727272728,50.0,57.680084270730084,50.0,4,Low,23.41,Low,0.14,1.35,14.42,7.5,30.93,21.89,Low,177,"Drinking Water, Drainage, Evacuation Preparedness","Priority is influenced by water-service gap, drainage-service gap."
62,1,1,1,4212,41047,41047,107582,Mangli,540804,Brahmapuri,118.0,Brahmapuri,4067,Brahmapuri,Chandrapur,473,CHANDRAPUR,MH,27,India,Rural,275,1037,3.77090909,345,504,533,,,,Not Available,Not Available,Available,Available,Available,,Available,Available,,Available,Available,Not Available,Not Available,Not Available,Not Available,Available,Not Available,Not Available,,Available,0,14,0,10,0,2,0,0,319,19,300,0,7,0,0,12,BRAHMAPURI,12,7892.65059,7892.65059,4030060.72,Administrative Boundary,Survey of India (SOI),"Maharashtra
",4,4212,0.323966257,8.099156417,Low,10.391799455955038,Akshay Nursing Home,hospital,259.25,0.0,0.0,61.26072229191825,0,21.733757555606388,13.856226616782468,100.0,50.0,70.42024076397276,50.0,1,Very Low,36.57,Moderate,8.69,2.77,17.61,7.5,43.71,36.96,Moderate,35,"Healthcare, Drinking Water, Drainage, Evacuation Preparedness","Priority is influenced by limited healthcare accessibility, water-service gap, drainage-service gap."
63,1,1,1,4650,41904,41904,108439,Tembhari,537516,Lakhandur,94.0,Lakhandur,4043,Lakhandur,Bhandara,471,BHANDARA,MH,27,India,Rural,120,501,4.175,242,246,255,,,,Not Available,Not Available,Available,Available,Available,,Available,Available,,Available,Available,Not Available,Not Available,Not Available,Not Available,Not Available,Not Available,Not Available,,Available,0,87,0,3,0,1,0,0,151,40,111,0,40,0,0,0,Desaiganj,20,6199.309496,6199.309496,2353862.943,Administrative Boundary,Survey of India (SOI),"Maharashtra
",2,4650,0.012825314,0.64126568,Low,5.207590936143384,"Government Hospital, Soni",hospital,250.5,0.0,0.0,30.627075209277827,0,1.7198294206645617,13.388562266167824,100.0,50.0,60.20902506975927,50.0,4,Low,25.92,Moderate,0.69,2.68,15.05,7.5,34.47,24.88,Low,152,"Drinking Water, Drainage, Evacuation Preparedness","Priority is influenced by water-service gap, drainage-service gap."
64,1,1,1,2991,39789,39789,106324,Mohurli Mokasa,539219,Chamorshi,109.0,Chamorshi,4058,Chamorshi,Gadchiroli,475,GADCHIROLI,MH,27,India,Rural,262,1059,4.04198473,610,522,537,,,,Not Available,Not Available,Available,Available,Available,,Available,Available,,Not Available,Not Available,Not Available,Not Available,Not Available,Not Available,Not Available,Available,Not Available,,Available,0,126,0,12,0,2,1,0,469,306,163,301,0,0,0,5,MUL,34,10130.66686,10130.66686,6403157.679,Administrative Boundary,Survey of India (SOI),"Maharashtra
",7,2991,0.349213928,4.988770393,Low,8.175369980890554,"Rural Hospital, Saoli",hospital,151.28571428571428,0.0,0.0,48.16377257177965,0,13.386753750975103,8.085821180422997,100.0,50.0,66.05459085725988,50.0,1,Very Low,30.99,Moderate,5.35,1.62,16.51,7.5,38.13,30.6,Moderate,91,"Drinking Water, Drainage, Evacuation Preparedness","Priority is influenced by water-service gap, drainage-service gap."
65,1,1,1,4170,41003,41003,107538,Borgaon,540771,Brahmapuri,118.0,Brahmapuri,4067,Brahmapuri,Chandrapur,473,CHANDRAPUR,MH,27,India,Rural,203,785,3.86699507,268,388,397,,,,Not Available,Not Available,Available,Available,Available,,Available,Available,,Available,Available,Not Available,Not Available,Not Available,Not Available,Not Available,Not Available,Not Available,,Available,0,0,20,0,0,0,0,2,246,14,232,0,4,10,0,0,BRAHMAPURI,3,6501.297162,6501.297162,2040538.415,Administrative Boundary,Survey of India (SOI),"Maharashtra
",2,4170,0.008020644,0.401032177,Low,3.0701703987395463,Akshay Nursing Home,hospital,392.5,10.0,0.0,17.996991724056517,0,1.0751409646117185,20.978086584714056,97.72727272727273,50.0,55.24142148377641,50.0,4,Low,25.94,Moderate,0.43,4.2,13.81,7.5,34.13,24.61,Low,158,"Drinking Water, Drainage, Evacuation Preparedness","Priority is influenced by water-service gap, drainage-service gap."
66,1,1,1,2735,39536,39536,106071,Jungaon,541470,Pombhurna,124.0,Pombhurna,4073,Pombhurna,Chandrapur,473,CHANDRAPUR,MH,27,India,Rural,322,1309,4.06521739,978,650,659,,,,Not Available,Not Available,Available,Available,Available,,Available,Available,,Available,Available,Not Available,Not Available,Not Available,Available,Not Available,Not Available,Not Available,,Available,123,0,250,0,0,0,0,13,592,31,561,0,31,0,0,0,MUL,41,11006.89571,11006.89571,3827534.279,Administrative Boundary,Survey of India (SOI),"Maharashtra
",4,2735,0.036443786,0.911094651,Low,10.376351962593311,,,327.25,0.0,0.0,61.16944258004976,0,2.44394000698989,17.490646712987708,100.0,50.0,70.38981419334992,50.0,1,Very Low,29.57,Moderate,0.98,3.5,17.6,7.5,40.93,29.69,Moderate,103,"Healthcare, Drinking Water, Drainage, Evacuation Preparedness","Priority is influenced by limited healthcare accessibility, water-service gap, drainage-service gap."
67,1,1,1,2821,39618,39618,106153,Ganpur Raiyyatwari,539301,Chamorshi,109.0,Chamorshi,4058,Chamorshi,Gadchiroli,475,GADCHIROLI,MH,27,India,Rural,485,1950,4.02061856,1021,978,972,,,,Not Available,Not Available,Available,Available,Available,,Available,Available,,Not Available,Not Available,Not Available,Not Available,Not Available,Available,Not Available,Not Available,Not Available,,Available,145,224,5,10,0,5,33,0,599,58,540,0,0,31,0,27,GADCHIROLI,60,15955.82089,15955.82089,12914968.82,Administrative Boundary,Survey of India (SOI),"Maharashtra
",13,2821,0.049967864,0.384368187,Low,15.020930336325849,Rural Hospital Gondpipari,hospital,150.0,31.0,0.0,88.6143985853602,0,1.0304216317517219,8.017103153393906,92.95454545454545,50.0,77.18964801330189,50.0,1,Very Low,28.81,Moderate,0.41,1.6,19.3,7.5,41.21,29.29,Moderate,106,"Healthcare, Drinking Water, Drainage, Evacuation Preparedness","Priority is influenced by limited healthcare accessibility, water-service gap, drainage-service gap."
68,1,1,1,3030,39826,39826,106361,Haramba,540972,Sawali,119.0,Sawali,4068,Sawali,Chandrapur,473,CHANDRAPUR,MH,27,India,Rural,533,2153,4.03939962,684,1070,1083,,,,Available,Available,Available,Available,Available,,Available,Available,,Not Available,Not Available,Not Available,Not Available,Not Available,Available,Available,Not Available,Not Available,,Available,0,0,95,22,0,33,29,4,502,317,185,50,4,200,0,62,MUL,32,12076.73189,12076.73189,4549548.938,Administrative Boundary,Survey of India (SOI),"Maharashtra
",5,3030,0.364389053,7.287781067,Low,7.0749275206345255,Balprabha Hospital,hospital,430.6,200.0,0.0,41.66122433642038,0,19.556358004175653,23.01443078567611,54.54545454545455,50.0,48.73555962729164,50.0,3,High,32.11,Moderate,7.82,4.6,12.18,7.5,35.18,30.56,Moderate,94,"Drinking Water, Drainage, Evacuation Preparedness","Priority is influenced by water-service gap, drainage-service gap."
69,1,1,1,4549,41804,41804,108339,Ahernavargaon,540736,Brahmapuri,118.0,Brahmapuri,4067,Brahmapuri,Chandrapur,473,CHANDRAPUR,MH,27,India,Rural,1125,4666,4.14755556,1202,2311,2355,,,,Available,Available,Available,Not Available,Not Available,,Available,Available,,Available,Available,Not Available,Not Available,Not Available,Available,Not Available,Not Available,Not Available,,Available,0,25,132,5,0,21,0,62,958,214,744,0,214,0,0,0,BRAHMAPURI,7,16244.38183,16244.38183,13261315.63,Administrative Boundary,Survey of India (SOI),"Maharashtra
",14,4549,1.913531324,13.66808088,Low,4.864976969124482,"Government Hospital, Soni",hospital,333.2857142857143,0.0,0.0,28.602558774197828,0,36.67847288087216,17.813239673207605,100.0,50.0,59.534186258065944,50.0,0,Very High,40.62,Moderate,14.67,3.56,14.88,7.5,42.45,40.34,Moderate,22,"Drinking Water, Drainage, Evacuation Preparedness","Priority is influenced by water-service gap, drainage-service gap."
70,1,1,1,4572,41825,41825,108360,Sondri,540745,Brahmapuri,118.0,Brahmapuri,4067,Brahmapuri,Chandrapur,473,CHANDRAPUR,MH,27,India,Rural,354,1455,4.11016949,479,713,742,,,,Available,Available,Available,Available,Available,,Available,Available,,Available,Available,Not Available,Not Available,Not Available,Not Available,Not Available,Not Available,Not Available,,Available,0,8,18,6,0,8,2,15,422,28,394,0,28,0,0,0,BRAHMAPURI,9,9568.315774,9568.315774,4845460.836,Administrative Boundary,Survey of India (SOI),"Maharashtra
",5,4572,0.509644765,10.1928953,Low,4.218016049307679,"Vikttubaba physiotherapy clinic, wadsa",hospital,291.0,0.0,0.0,24.77964686427172,0,27.35249628689432,15.553180117584178,100.0,50.0,58.25988228809057,50.0,4,Low,36.12,Moderate,10.94,3.11,14.56,7.5,39.27,35.46,Moderate,41,"Drinking Water, Drainage, Evacuation Preparedness","Priority is influenced by water-service gap, drainage-service gap."
71,1,1,1,3061,39858,39858,106393,Darshani Chak,539184,Gadchiroli,108.0,Gadchiroli,4057,Gadchiroli,Gadchiroli,475,GADCHIROLI,MH,27,India,Rural,75,276,3.68,807,145,131,,,,Available,Available,Available,Available,Available,,Available,Available,,Not Available,Not Available,Not Available,Not Available,Not Available,Not Available,Available,Available,Not Available,,Available,171,4,45,12,0,84,145,38,308,86,222,0,0,84,0,2,GADCHIROLI,20,7150.176645,7150.176645,2332188.544,Administrative Boundary,Survey of India (SOI),"Maharashtra
",2,3061,0.014865122,0.743256124,Low,15.030229902363144,Lifeline Hospital & Ayurvedic Panchakarma Centre,hospital,138.0,84.0,0.0,88.66935000618358,0,1.993530053812737,7.375734901122394,80.9090909090909,50.0,73.19281363842482,50.0,1,Very Low,28.07,Moderate,0.8,1.48,18.3,7.5,39.21,28.15,Moderate,122,"Healthcare, Drinking Water, Drainage, Evacuation Preparedness","Priority is influenced by limited healthcare accessibility, water-service gap, drainage-service gap."
72,1,1,1,3041,39839,39839,106374,Kaneri,539117,Gadchiroli,108.0,Gadchiroli,4057,Gadchiroli,Gadchiroli,475,GADCHIROLI,MH,27,India,Rural,482,1900,3.94190871,652,943,957,,,,Available,Available,Available,Available,Available,,Available,Available,,Available,Available,Not Available,Not Available,Not Available,Not Available,Available,Not Available,Not Available,,Available,46,116,0,23,0,121,0,0,346,167,179,0,7,160,0,0,GADCHIROLI,10,11692.97808,11692.97808,6773991.086,Administrative Boundary,Survey of India (SOI),"Maharashtra
",7,3041,0.380492167,5.435602383,Low,5.231359695912404,SDH Armori,hospital,271.42857142857144,160.0,0.0,30.767525539462977,0,14.585868038327934,14.507139039474689,63.63636363636363,50.0,48.13462972527554,50.0,3,High,28.27,Moderate,5.83,2.9,12.03,7.5,31.34,26.31,Moderate,136,"Drinking Water, Drainage, Evacuation Preparedness","Priority is influenced by water-service gap, drainage-service gap."
73,1,1,1,3113,39913,39913,106448,Reserved Forest,999999,,,Sawali,4068,,Chandrapur,473,,MH,27,India,Rural,0,0,0.0,0,0,0,,,,,,,,,,,,,,,,,,,,,,,,0,0,0,0,0,0,0,0,0,0,0,0,0,0,0,0,,0,28854.3424,28854.3424,24493069.91,Administrative Boundary,Survey of India (SOI),"Maharashtra
",25,3113,0.00482388,0.019295521,Low,2.7838169467290927,"Government Hospital, Kanpa",hospital,0.0,0.0,0.0,16.304920397013767,0,0.05071592687909479,0.0,100.0,50.0,55.434973465671256,50.0,4,Low,21.38,Low,0.02,0.0,13.86,7.5,27.73,19.42,Low,195,"Drinking Water, Drainage, Evacuation Preparedness","Priority is influenced by water-service gap, drainage-service gap."
74,1,1,1,4153,40986,40986,107521,Kotgal,539114,Gadchiroli,108.0,Gadchiroli,4057,Gadchiroli,Gadchiroli,475,GADCHIROLI,MH,27,India,Rural,821,3338,4.06577345,917,1648,1690,,,,Not Available,Not Available,Available,Not Available,Not Available,,Available,Available,,Not Available,Not Available,Not Available,Not Available,Not Available,Available,Available,Not Available,Not Available,,Available,98,211,18,87,0,13,20,0,472,212,260,0,18,193,0,0,GADCHIROLI,7,13160.28444,13160.28444,10501060.55,Administrative Boundary,Survey of India (SOI),"Maharashtra
",11,4153,0.506839016,4.607627416,Low,3.97042218171089,Nobel Multispeciality Hospital,hospital,303.45454545454544,193.0,0.0,23.31660710983268,0,12.363921904837829,16.218842621835673,56.13636363636363,50.0,43.15099024873211,50.0,3,High,26.48,Moderate,4.95,3.24,10.79,7.5,28.91,24.03,Low,162,"Drinking Water, Drainage, Evacuation Preparedness","Priority is influenced by water-service gap, drainage-service gap."
75,1,1,1,4355,41202,41202,107737,Kondhala,538494,Desaiganj (Vadasa),103.0,Desaiganj (Vadasa),4052,Desaiganj (Vadasa),Gadchiroli,475,GADCHIROLI,MH,27,India,Rural,974,3873,3.97638604,1672,1960,1913,,,,Available,Available,Available,Available,Available,,Available,Available,,Not Available,Not Available,Not Available,Not Available,Not Available,Available,Available,Not Available,Not Available,,Available,233,252,8,80,0,17,0,6,1075,464,611,451,12,0,0,0,DESAIGANJ,8,21195.57759,21195.57759,19244176.84,Administrative Boundary,Survey of India (SOI),"Maharashtra
",20,4355,2.208682004,11.04341002,Low,7.55261725402854,Bansod Hospital,hospital,193.65,0.0,0.0,44.48390761620568,0,29.63492989769263,10.350080171031534,100.0,50.0,64.82796920540189,50.0,0,Very High,37.63,Moderate,11.85,2.07,16.21,7.5,41.45,37.52,Moderate,33,"Drinking Water, Drainage, Evacuation Preparedness","Priority is influenced by water-service gap, drainage-service gap."
76,1,1,1,2791,39589,39589,106124,Haladi,539294,Chamorshi,109.0,Chamorshi,4058,Chamorshi,Gadchiroli,475,GADCHIROLI,MH,27,India,Rural,108,430,3.98148148,286,226,204,,,,Not Available,Not Available,Available,Available,Available,,Available,Available,,Not Available,Not Available,Not Available,Not Available,Not Available,Available,Available,Not Available,Not Available,,Available,53,158,0,0,0,3,1,0,72,66,6,0,0,65,0,1,GADCHIROLI,52,9187.910184,9187.910184,4226203.259,Administrative Boundary,Survey of India (SOI),"Maharashtra
",4,2791,0.015893773,0.397344316,Low,11.674139084136112,,,107.5,65.0,0.0,68.83810646920641,0,1.0652442541839997,5.745590593265634,85.22727272727272,50.0,68.02179306549304,50.0,1,Very Low,26.08,Moderate,0.43,1.15,17.01,7.5,35.95,25.58,Moderate,141,"Healthcare, Drinking Water, Drainage, Evacuation Preparedness","Priority is influenced by limited healthcare accessibility, water-service gap, drainage-service gap."
77,1,1,1,3034,39830,39830,106365,Donala Chak,540964,Sawali,119.0,Sawali,4068,Sawali,Chandrapur,473,CHANDRAPUR,MH,27,India,Rural,0,0,0.0,443,0,0,,,,,,,,,,,,,,,,,,,,,,,,0,0,64,17,0,93,92,10,166,124,42,0,82,42,0,0,,0,7709.241553,7709.241553,2555741.193,Administrative Boundary,Survey of India (SOI),"Maharashtra
",3,3034,0.345985042,11.53283472,Low,13.099301922034863,Balprabha Hospital,hospital,0.0,42.0,0.0,77.25943737143461,0,30.948345596406085,0.0,90.45454545454545,50.0,72.57132760866001,50.0,1,Very Low,38.02,Moderate,12.38,0.0,18.14,7.5,42.48,38.4,Moderate,29,"Healthcare, Drinking Water, Drainage, Evacuation Preparedness","Priority is influenced by limited healthcare accessibility, water-service gap, drainage-service gap."
78,1,1,1,3019,39815,39815,106350,Chichbodi,540913,Sawali,119.0,Sawali,4068,Sawali,Chandrapur,473,CHANDRAPUR,MH,27,India,Rural,342,1330,3.88888889,671,679,651,,,,Not Available,Not Available,Available,Available,Available,,Available,Available,,Not Available,Not Available,Not Available,Not Available,Not Available,Not Available,Not Available,Not Available,Not Available,,Available,200,61,0,38,0,4,25,22,319,236,82,205,0,20,0,11,MUL,26,14293.8483,14293.8483,8513531.899,Administrative Boundary,Survey of India (SOI),"Maharashtra
",9,3019,0.700987231,7.788747008,Low,10.47138443553808,"Rural Hospital, Saoli",hospital,147.77777777777777,20.0,0.0,61.73099237621544,0,20.90074567286127,7.898331254825108,95.45454545454545,50.0,69.06184594358696,50.0,1,Very Low,34.71,Moderate,8.36,1.58,17.27,7.5,41.08,34.77,Moderate,43,"Healthcare, Drinking Water, Drainage, Evacuation Preparedness","Priority is influenced by limited healthcare accessibility, water-service gap, drainage-service gap."
79,1,1,1,4697,41955,41955,108490,Municipal Council Desaiganj,248081,,0.0,Desaiganj (Vadasa),4052,,Gadchiroli,475,,MH,27,India,Urban,6511,28781,4.42036554,0,0,0,,,,Not Available,Not Available,Not Available,Not Available,Not Available,,Not Available,Not Available,,Not Available,Not Available,Not Available,Not Available,Not Available,Not Available,Not Available,Not Available,Not Available,,Not Available,0,0,0,0,0,0,0,0,0,0,0,0,0,0,0,0,,0,20108.95379,20108.95379,23798982.14,Administrative Boundary,Survey of India (SOI),"Maharashtra
",25,4697,0.372225374,1.488901498,Low,2.063666526892362,Sparsh Child care and General Hospital,hospital,1151.24,0.0,0.0,12.049529487603508,0,3.9945372360915754,61.53073222875468,100.0,50.0,54.01650982920117,50.0,2,Moderate,34.91,Moderate,1.6,12.31,13.5,7.5,46.27,34.74,Moderate,44,"Drinking Water, Drainage, Evacuation Preparedness","Priority is influenced by high population exposure, water-service gap, drainage-service gap."
80,1,1,1,3027,39823,39823,106358,Donala,540965,Sawali,119.0,Sawali,4068,Sawali,Chandrapur,473,CHANDRAPUR,MH,27,India,Rural,303,1174,3.87458746,170,582,592,,,,Not Available,Not Available,Available,Available,Available,,Available,Available,,Not Available,Not Available,Not Available,Not Available,Not Available,Available,Available,Not Available,Not Available,,Available,15,0,34,5,0,3,2,1,110,71,39,0,0,71,0,1,MUL,57,4216.879302,4216.879302,913322.7374,Administrative Boundary,Survey of India (SOI),"Maharashtra
",1,3027,0.224783523,22.47835227,Moderate,12.103598416006864,Balprabha Hospital,hospital,1174.0,71.0,0.0,71.37579482772813,0,60.321637505689864,62.74719401389631,83.86363636363636,50.0,68.41314373045482,50.0,2,Moderate,61.28,High,24.13,12.55,17.1,7.5,65.1,63.71,High,2,"Healthcare, Drinking Water, Drainage, Evacuation Preparedness, Emergency Flood Response","Priority is influenced by high flood exposure, high population exposure, limited healthcare accessibility, water-service gap, drainage-service gap."
81,1,1,1,4282,41124,41124,107659,Sawalgaon,540742,Brahmapuri,118.0,Brahmapuri,4067,Brahmapuri,Chandrapur,473,CHANDRAPUR,MH,27,India,Rural,295,1230,4.16949153,345,621,609,,,,Not Available,Not Available,Available,Not Available,Not Available,,Available,Available,,Available,Available,Not Available,Not Available,Not Available,Available,Not Available,Not Available,Not Available,,Available,0,47,0,3,0,3,2,2,288,74,213,0,74,0,0,0,BRAHMAPURI,10,9048.808514,9048.808514,3107151.376,Administrative Boundary,Survey of India (SOI),"Maharashtra
",3,4282,0.14872122,4.95737401,Low,4.587893983403536,"Vikttubaba physiotherapy clinic, wadsa",hospital,410.0,0.0,0.0,26.965266916676605,0,13.302498701495539,21.913415285943348,100.0,50.0,58.98842230555886,50.0,4,Low,31.95,Moderate,5.32,4.38,14.75,7.5,38.73,31.27,Moderate,81,"Drinking Water, Drainage, Evacuation Preparedness","Priority is influenced by water-service gap, drainage-service gap."
82,1,1,1,4352,41194,41194,107729,Kitadi,538588,Armori,104.0,Armori,4053,Armori,Gadchiroli,475,GADCHIROLI,MH,27,India,Rural,291,1083,3.72164948,297,548,535,,,,Not Available,Not Available,Available,Available,Available,,Available,Available,,Available,Available,Not Available,Not Available,Not Available,Not Available,Available,Not Available,Not Available,,Available,17,65,1,2,0,10,0,3,198,102,96,0,80,22,0,0,GADCHIROLI,25,12068.25598,12068.25598,4759648.72,Administrative Boundary,Survey of India (SOI),"Maharashtra
",5,4352,0.32711919,6.542383804,Low,9.86374906359238,SDH Armori,hospital,216.6,22.0,0.0,58.140456334314514,0,17.556016650332573,11.5766969535008,95.0,50.0,67.7134854447715,50.0,1,Very Low,33.77,Moderate,7.02,2.32,16.93,7.5,40.84,33.74,Moderate,52,"Healthcare, Drinking Water, Drainage, Evacuation Preparedness","Priority is influenced by limited healthcare accessibility, water-service gap, drainage-service gap."
83,1,1,1,2999,39797,39797,106332,Chamorshi,276329,,0.0,Chamorshi,4058,,Gadchiroli,475,,MH,27,India,Rural,3943,15952,4.04565052,0,0,0,,,,Not Available,Not Available,Not Available,Not Available,Not Available,,Not Available,Not Available,,Not Available,Not Available,Not Available,Not Available,Not Available,Not Available,Not Available,Not Available,Not Available,,Not Available,0,0,0,0,0,0,0,0,0,0,0,0,0,0,0,0,,0,20463.60157,20463.60157,20690032.54,Administrative Boundary,Survey of India (SOI),"Maharashtra
",21,2999,1.083115076,5.157690837,Low,2.4189180683373754,Balprabha Hospital,hospital,759.6190476190476,0.0,0.0,14.148721737414075,0,13.84006712682893,40.59962841363161,100.0,50.0,54.716240579138024,50.0,2,Moderate,34.84,Moderate,5.54,8.12,13.68,7.5,42.31,34.3,Moderate,46,"Drinking Water, Drainage, Evacuation Preparedness","Priority is influenced by water-service gap, drainage-service gap."
84,1,1,1,4360,41204,41204,107739,Waghala,538517,Armori,104.0,Armori,4053,Armori,Gadchiroli,475,GADCHIROLI,MH,27,India,Rural,406,1634,4.02463054,315,820,814,,,,Not Available,Not Available,Available,Available,Available,,Available,Available,,Available,Available,Not Available,Not Available,Not Available,Available,Not Available,Not Available,Not Available,,Available,0,99,0,3,0,9,2,3,199,172,28,171,1,0,0,0,DESAIGANJ,24,9418.473065,9418.473065,4804506.131,Administrative Boundary,Survey of India (SOI),"Maharashtra
",5,4360,0.410519452,8.210389049,Low,3.461304000426771,SDH Armori,hospital,326.8,0.0,0.0,20.30821216792165,0,22.032260440887857,17.466595403527528,100.0,50.0,56.76940405597389,50.0,4,Low,34.0,Moderate,8.81,3.49,14.19,7.5,38.03,33.14,Moderate,57,"Drinking Water, Drainage, Evacuation Preparedness","Priority is influenced by water-service gap, drainage-service gap."
85,1,1,1,4207,41042,41042,107577,Jugnala,540779,Brahmapuri,118.0,Brahmapuri,4067,Brahmapuri,Chandrapur,473,CHANDRAPUR,MH,27,India,Rural,562,2426,4.31672598,799,1248,1178,,,,Available,Available,Available,Available,Available,,Available,Available,,Available,Available,Not Available,Not Available,Not Available,Not Available,Not Available,Not Available,Not Available,,Available,157,11,29,13,0,3,0,4,582,51,531,0,21,30,0,0,BRAHMAPURI,10,14545.79102,14545.79102,7585952.044,Administrative Boundary,Survey of India (SOI),"Maharashtra
",8,4207,0.358687795,4.483597436,Low,8.915707462750005,Akshay Nursing Home,hospital,303.25,30.0,0.0,52.53844944958337,0,12.031076172198842,16.20791020844468,93.18181818181819,50.0,65.24008921046719,50.0,1,Very Low,31.86,Moderate,4.81,3.24,16.31,7.5,39.89,31.62,Moderate,76,"Healthcare, Drinking Water, Drainage, Evacuation Preparedness","Priority is influenced by limited healthcare accessibility, water-service gap, drainage-service gap."
86,1,1,1,4248,41084,41084,107619,Kosambi Khadasmara,540838,Brahmapuri,118.0,Brahmapuri,4067,Brahmapuri,Chandrapur,473,CHANDRAPUR,MH,27,India,Rural,251,1034,4.11952191,801,509,525,,,,Not Available,Not Available,Available,Not Available,Not Available,,Not Available,Not Available,,Not Available,Not Available,Not Available,Not Available,Not Available,Not Available,Available,Not Available,Not Available,,Available,302,121,0,30,0,0,0,3,345,142,203,0,0,142,0,0,BRAHMAPURI,30,15153.82534,15153.82534,9026246.68,Administrative Boundary,Survey of India (SOI),"Maharashtra
",9,4248,0.012881241,0.143124902,Low,11.949417211986452,SDH Armori,hospital,114.88888888888889,142.0,0.0,70.46473336623632,0,0.3830233338558365,6.140507156006889,67.72727272727272,50.0,62.73066869783634,50.0,1,Very Low,24.56,Low,0.15,1.23,15.68,7.5,33.28,23.53,Low,165,"Healthcare, Drinking Water, Drainage, Evacuation Preparedness","Priority is influenced by limited healthcare accessibility, water-service gap, drainage-service gap."
87,1,1,1,3098,39895,39895,106430,Walsara,539280,Chamorshi,109.0,Chamorshi,4058,Chamorshi,Gadchiroli,475,GADCHIROLI,MH,27,India,Rural,255,910,3.56862745,196,443,467,,,,Not Available,Not Available,Available,Available,Available,,Available,Available,,Not Available,Not Available,Not Available,Not Available,Not Available,Not Available,Available,Not Available,Not Available,,Available,53,46,0,3,0,1,0,0,92,88,4,88,0,0,0,0,GADCHIROLI,41,5870.526385,5870.526385,1980695.992,Administrative Boundary,Survey of India (SOI),"Maharashtra
",2,3098,0.126353109,6.317655466,Low,7.313891419354947,Balprabha Hospital,hospital,455.0,0.0,0.0,43.07326934018871,0,16.952937714849785,24.31854623196152,100.0,50.0,64.35775644672957,50.0,4,Low,35.23,Moderate,6.78,4.86,16.09,7.5,42.87,35.24,Moderate,42,"Drinking Water, Drainage, Evacuation Preparedness","Priority is influenced by water-service gap, drainage-service gap."
88,1,1,1,2932,39731,39731,106266,Mokhala,540915,Sawali,119.0,Sawali,4068,Sawali,Chandrapur,473,CHANDRAPUR,MH,27,India,Rural,456,1871,4.10307018,499,936,935,,,,Not Available,Not Available,Available,Available,Available,,Available,Available,,Not Available,Not Available,Not Available,Not Available,Not Available,Not Available,Not Available,Not Available,Not Available,,Available,50,46,0,6,0,20,16,24,336,185,151,135,0,45,0,5,MUL,27,5415.819555,5415.819555,1100098.57,Administrative Boundary,Survey of India (SOI),"Maharashtra
",1,2932,0.218425348,21.84253484,Moderate,9.50354995357758,"Sub District Hospital, Chimur",hospital,1871.0,45.0,0.0,56.012028750140985,0,58.61536360067926,100.0,89.77272727272727,50.0,65.26158534095607,50.0,2,Moderate,67.26,High,23.45,20.0,16.32,7.5,74.35,70.46,High,1,"Healthcare, Drinking Water, Drainage, Evacuation Preparedness, Emergency Flood Response","Priority is influenced by high flood exposure, high population exposure, limited healthcare accessibility, water-service gap, drainage-service gap."
89,1,1,1,3024,39820,39820,106355,Sonapur,540938,Sawali,119.0,Sawali,4068,Sawali,Chandrapur,473,CHANDRAPUR,MH,27,India,Rural,522,2035,3.89846743,1008,1005,1030,,,,Available,Available,Available,Available,Available,,Available,Available,,Not Available,Not Available,Not Available,Not Available,Not Available,Available,Available,Not Available,Not Available,,Available,279,117,14,11,0,80,8,0,499,362,136,126,4,178,0,54,MUL,33,12320.46478,12320.46478,9772242.21,Administrative Boundary,Survey of India (SOI),"Maharashtra
",10,3024,1.293553906,12.93553906,Low,6.214118313738942,Rural Hospital Gadchandur,hospital,203.5,178.0,0.0,36.574676341918625,0,34.71263027760321,10.876536611437734,59.54545454545455,50.0,48.706710295791055,50.0,3,High,35.74,Moderate,13.89,2.18,12.18,7.5,34.56,34.13,Moderate,48,"Drinking Water, Drainage, Evacuation Preparedness","Priority is influenced by water-service gap, drainage-service gap."
90,1,1,1,3097,39894,39894,106429,Bhivapur,539281,Chamorshi,109.0,Chamorshi,4058,Chamorshi,Gadchiroli,475,GADCHIROLI,MH,27,India,Rural,312,1088,3.48717949,322,541,547,,,,Not Available,Not Available,Available,Available,Available,,Available,Available,,Not Available,Not Available,Not Available,Not Available,Not Available,Not Available,Available,Not Available,Not Available,,Available,180,32,0,2,0,0,0,0,108,108,0,108,0,0,0,0,GADCHIROLI,40,7677.693326,7677.693326,3078079.121,Administrative Boundary,Survey of India (SOI),"Maharashtra
",3,3097,0.000771784,0.025726127,Low,5.955248601835189,Balprabha Hospital,hospital,362.6666666666667,0.0,0.0,35.0450072777714,0,0.06797304298427082,19.383573846427936,100.0,50.0,61.68166909259046,50.0,4,Low,26.82,Moderate,0.03,3.88,15.42,7.5,36.67,26.08,Moderate,140,"Drinking Water, Drainage, Evacuation Preparedness","Priority is influenced by water-service gap, drainage-service gap."
91,1,1,1,4293,41135,41135,107670,Chichgaon,540832,Brahmapuri,118.0,Brahmapuri,4067,Brahmapuri,Chandrapur,473,CHANDRAPUR,MH,27,India,Rural,372,1489,4.00268817,729,764,725,,,,Not Available,Not Available,Available,Available,Available,,Available,Available,,Not Available,Not Available,Not Available,Not Available,Not Available,Available,Available,Not Available,Not Available,,Available,259,125,0,2,0,0,0,29,314,58,256,0,8,17,0,33,BRAHMAPURI,25,13909.41428,13909.41428,8482918.322,Administrative Boundary,Survey of India (SOI),"Maharashtra
",9,4293,1.743498641,19.37220712,Moderate,6.5683383958164505,SDH Armori,hospital,165.44444444444446,17.0,0.0,38.6677736667038,0,51.98601447217182,8.842567848447057,96.13636363636364,50.0,61.60137910102248,50.0,0,Very High,45.46,Moderate,20.79,1.77,15.4,7.5,43.85,45.43,Moderate,15,"Drinking Water, Drainage, Evacuation Preparedness, Emergency Flood Response","Priority is influenced by high flood exposure, water-service gap, drainage-service gap."
92,1,1,1,4294,41136,41136,107671,Wandra,540833,Brahmapuri,118.0,Brahmapuri,4067,Brahmapuri,Chandrapur,473,CHANDRAPUR,MH,27,India,Rural,436,1626,3.7293578,600,799,827,,,,Not Available,Not Available,Available,Available,Available,,Available,Available,,Not Available,Not Available,Not Available,Not Available,Not Available,Not Available,Not Available,Not Available,Not Available,,Available,121,36,0,9,0,0,0,8,426,107,319,0,2,40,0,65,BRAHMAPURI,27,10675.51416,10675.51416,6900941.068,Administrative Boundary,Survey of India (SOI),"Maharashtra
",7,4294,0.018424881,0.263212579,Low,8.641246052022174,SDH Armori,hospital,232.28571428571428,40.0,0.0,50.916648559069536,0,0.7052895378169991,12.415056883255707,90.9090909090909,50.0,63.94191315605348,50.0,1,Very Low,26.25,Moderate,0.28,2.48,15.99,7.5,35.84,25.53,Moderate,143,"Healthcare, Drinking Water, Drainage, Evacuation Preparedness","Priority is influenced by limited healthcare accessibility, water-service gap, drainage-service gap."
93,1,1,1,4152,40985,40985,107520,Municipal Council Gadchiroli,248080,,0.0,Gadchiroli,4057,,Gadchiroli,475,,MH,27,India,Urban,13111,54152,4.13027229,0,0,0,,,,Not Available,Not Available,Not Available,Not Available,Not Available,,Not Available,Not Available,,Not Available,Not Available,Not Available,Not Available,Not Available,Not Available,Not Available,Not Available,Not Available,,Not Available,0,0,0,0,0,0,0,0,0,0,0,0,0,0,0,0,,0,25491.87284,25491.87284,27598676.06,Administrative Boundary,Survey of India (SOI),"Maharashtra
",29,4152,1.217321351,4.197659829,Low,0.0244945908562169,Seva Surgical and Multispeciality Hospital,hospital,1867.3103448275863,0.0,0.0,0.0,0,11.263736595985467,99.80279769254871,100.0,50.0,50.0,50.0,2,Moderate,44.47,Moderate,4.51,19.96,12.5,7.5,57.19,45.19,Moderate,16,"Drinking Water, Drainage, Evacuation Preparedness","Priority is influenced by high population exposure, water-service gap, drainage-service gap."
94,1,1,1,4683,41939,41939,108474,Soni,537513,Lakhandur,94.0,Lakhandur,4043,Lakhandur,Bhandara,471,BHANDARA,MH,27,India,Rural,845,3575,4.23076923,594,1779,1796,,,,Available,Available,Available,Available,Available,,Available,Available,,Available,Available,Not Available,Not Available,Not Available,Available,Not Available,Not Available,Not Available,,Available,0,18,0,12,0,0,126,1,437,267,170,249,18,0,0,0,Desaiganj,6,9865.424879,9865.424879,5130173.189,Administrative Boundary,Survey of India (SOI),"Maharashtra
",5,4683,0.761791678,15.23583355,Moderate,0.7948954003004577,"Government Hospital, Soni",hospital,715.0,0.0,0.0,4.5523220021930735,0,40.88567976781092,38.21485836451096,100.0,50.0,51.51744066739769,50.0,0,Very High,44.38,Moderate,16.35,7.64,12.88,7.5,45.4,43.99,Moderate,18,"Drinking Water, Drainage, Evacuation Preparedness","Priority is influenced by water-service gap, drainage-service gap."
95,1,1,1,4089,40921,40921,107456,Adapalli,539112,Gadchiroli,108.0,Gadchiroli,4057,Gadchiroli,Gadchiroli,475,GADCHIROLI,MH,27,India,Rural,428,1693,3.95560748,452,869,824,,,,Available,Available,Available,Available,Available,,Available,Available,,Not Available,Not Available,Not Available,Not Available,Not Available,Available,Available,Not Available,Not Available,,Available,0,120,0,24,0,45,13,10,240,78,161,0,0,71,0,8,GADCHIROLI,4,10734.43579,10734.43579,4656164.711,Administrative Boundary,Survey of India (SOI),"Maharashtra
",5,4089,0.739680688,14.79361375,Low,1.6609877450908832,Janatal Hospital,hospital,338.6,71.0,0.0,9.670088220487534,0,39.69894271183086,18.097274184927848,83.86363636363636,50.0,47.84457486137463,50.0,0,Very High,38.96,Moderate,15.88,3.62,11.96,7.5,37.29,37.58,Moderate,31,"Drinking Water, Drainage, Evacuation Preparedness","Priority is influenced by water-service gap, drainage-service gap."
96,1,1,1,3069,39867,39867,106402,Kunghada Raiyyatwari,539252,Chamorshi,109.0,Chamorshi,4058,Chamorshi,Gadchiroli,475,GADCHIROLI,MH,27,India,Rural,1796,6836,3.80623608,2151,3469,3367,,,,Available,Available,Available,Available,Available,,Available,Available,,Not Available,Not Available,Not Available,Not Available,Not Available,Not Available,Available,Not Available,Not Available,,Available,344,381,0,51,5,0,86,114,1170,826,344,678,0,148,0,0,GADCHIROLI,25,24866.09345,24866.09345,19217481.3,Administrative Boundary,Survey of India (SOI),"Maharashtra
",20,3069,0.29973011,1.498650549,Low,13.765578107352544,Balprabha Hospital,hospital,341.8,148.0,0.0,81.19648377737882,0,4.0206997011877545,18.268305718866916,66.36363636363637,50.0,65.8533733803384,50.0,1,Very Low,29.23,Moderate,1.61,3.65,16.46,7.5,39.21,28.94,Moderate,110,"Healthcare, Drinking Water, Drainage, Evacuation Preparedness","Priority is influenced by limited healthcare accessibility, water-service gap, drainage-service gap."
97,1,1,1,4290,41132,41132,107667,Gangalwadi,540810,Brahmapuri,118.0,Brahmapuri,4067,Brahmapuri,Chandrapur,473,CHANDRAPUR,MH,27,India,Rural,566,2047,3.61660777,574,1043,1004,,,,Available,Available,Available,Available,Available,,Available,Available,,Not Available,Not Available,Not Available,Not Available,Not Available,Available,Available,Not Available,Not Available,,Available,0,41,57,29,0,58,20,1,367,145,222,0,4,106,0,34,BRAHMAPURI,20,11130.59728,11130.59728,6792415.929,Administrative Boundary,Survey of India (SOI),"Maharashtra
",7,4290,1.00191921,14.31313157,Low,6.703238381100352,SDH Armori,hospital,292.42857142857144,106.0,0.0,39.46490181555198,0,38.409525078916,15.629533480949837,75.9090909090909,50.0,55.124664241547634,50.0,0,Very High,39.77,Moderate,15.36,3.13,13.78,7.5,39.93,39.02,Moderate,26,"Drinking Water, Drainage, Evacuation Preparedness","Priority is influenced by water-service gap, drainage-service gap."
98,1,1,1,3011,39807,39807,106342,Ekodi,539235,Chamorshi,109.0,Chamorshi,4058,Chamorshi,Gadchiroli,475,GADCHIROLI,MH,27,India,Rural,130,503,3.86923077,453,254,249,,,,Not Available,Not Available,Available,Available,Available,,Available,Available,,Not Available,Not Available,Not Available,Not Available,Not Available,Not Available,Not Available,Not Available,Not Available,,Available,67,106,0,12,0,4,3,0,261,137,124,137,0,0,0,0,MUL,22,8669.520787,8669.520787,4489457.174,Administrative Boundary,Survey of India (SOI),"Maharashtra
",5,3011,0.256602339,5.132046778,Low,8.996052343964232,,,100.6,0.0,0.0,53.01320981591654,0,13.77124896201352,5.376803848209513,100.0,50.0,67.67106993863884,50.0,1,Very Low,31.0,Moderate,5.51,1.08,16.92,7.5,38.2,30.71,Moderate,89,"Healthcare, Drinking Water, Drainage, Evacuation Preparedness","Priority is influenced by limited healthcare accessibility, water-service gap, drainage-service gap."
99,1,1,1,4051,40876,40876,107411,Thergaon,540909,Sawali,119.0,Sawali,4068,Sawali,Chandrapur,473,CHANDRAPUR,MH,27,India,Rural,180,566,3.14444444,235,294,272,,,,Not Available,Not Available,Available,Available,Available,,Available,Available,,Not Available,Not Available,Not Available,Not Available,Not Available,Not Available,Available,Not Available,Not Available,,Available,0,22,6,11,0,0,1,2,193,147,46,144,0,0,0,3,MUL,29,8867.514541,8867.514541,2614680.152,Administrative Boundary,Survey of India (SOI),"Maharashtra
",3,4051,0.071211636,2.373721194,Low,11.78004662770581,"Rural Hospital, Saoli",hospital,188.66666666666666,0.0,0.0,69.4639173911061,0,6.369031370239826,10.083734188491004,100.0,50.0,73.1546391303687,50.0,1,Very Low,30.35,Moderate,2.55,2.02,18.29,7.5,40.88,30.6,Moderate,91,"Healthcare, Drinking Water, Drainage, Evacuation Preparedness","Priority is influenced by limited healthcare accessibility, water-service gap, drainage-service gap."
100,1,1,1,4189,41022,41022,107557,Chaugaon,540781,Brahmapuri,118.0,Brahmapuri,4067,Brahmapuri,Chandrapur,473,CHANDRAPUR,MH,27,India,Rural,804,3041,3.78233831,1083,1530,1511,,,,Available,Available,Available,Available,Available,,Available,Available,,Available,Available,Not Available,Not Available,Not Available,Not Available,Not Available,Not Available,Not Available,,Available,117,29,54,8,0,36,2,20,816,85,732,0,0,85,0,0,BRAHMAPURI,10,15357.47392,15357.47392,9448734.008,Administrative Boundary,Survey of India (SOI),"Maharashtra
",10,4189,0.332920659,3.329206592,Low,6.442297182313473,,hospital,304.1,85.0,0.0,37.92299227190408,0,8.93316334319639,16.253340459647248,80.68181818181819,50.0,56.20160348457409,50.0,4,Low,28.37,Moderate,3.57,3.25,14.05,7.5,34.76,27.16,Moderate,130,"Drinking Water, Drainage, Evacuation Preparedness","Priority is influenced by water-service gap, drainage-service gap."
101,1,1,1,4281,41123,41123,107658,Chicholi Bk,540741,Brahmapuri,118.0,Brahmapuri,4067,Brahmapuri,Chandrapur,473,CHANDRAPUR,MH,27,India,Rural,375,1636,4.36266667,524,833,803,,,,Not Available,Not Available,Available,Available,Available,,Available,Available,,Available,Available,Not Available,Not Available,Not Available,Available,Not Available,Not Available,Not Available,,Available,0,105,11,2,0,11,6,2,386,103,283,0,98,0,0,5,BRAHMAPURI,9,10061.59238,10061.59238,4874938.572,Administrative Boundary,Survey of India (SOI),"Maharashtra
",5,4281,0.656204739,13.12409478,Low,3.311214169429164,"Vikttubaba physiotherapy clinic, wadsa",hospital,327.2,0.0,0.0,19.42132675505618,0,35.21863670255524,17.487974345269908,100.0,50.0,56.47377558501873,50.0,0,Very High,39.2,Moderate,14.09,3.5,14.12,7.5,40.53,38.58,Moderate,28,"Drinking Water, Drainage, Evacuation Preparedness","Priority is influenced by water-service gap, drainage-service gap."
102,1,1,1,3029,39825,39825,106360,Londholi,540971,Sawali,119.0,Sawali,4068,Sawali,Chandrapur,473,CHANDRAPUR,MH,27,India,Rural,499,2015,4.03807615,617,1019,996,,,,Available,Available,Available,Available,Available,,Available,Available,,Not Available,Not Available,Not Available,Not Available,Not Available,Available,Not Available,Not Available,Not Available,,Available,122,0,61,18,0,17,0,2,397,175,221,0,0,166,0,9,MUL,30,12073.47321,12073.47321,7856469.278,Administrative Boundary,Survey of India (SOI),"Maharashtra
",8,3029,0.064956053,0.811950668,Low,5.825405097696726,Balprabha Hospital,hospital,251.875,166.0,0.0,34.277758031034786,0,2.177878110838797,13.462052378407268,62.27272727272727,50.0,48.85016176792069,50.0,3,High,23.28,Low,0.87,2.69,12.21,7.5,28.9,21.11,Low,187,"Drinking Water, Drainage, Evacuation Preparedness","Priority is influenced by water-service gap, drainage-service gap."
103,1,1,1,4588,41841,41841,108376,Brahmapuri,251373,,0.0,Brahmapuri,4067,,Chandrapur,473,,MH,27,India,Urban,8575,36025,4.20116618,0,0,0,,,,Not Available,Not Available,Not Available,Not Available,Not Available,,Not Available,Not Available,,Not Available,Not Available,Not Available,Not Available,Not Available,Not Available,Not Available,Not Available,Not Available,,Not Available,0,0,0,0,0,0,0,0,0,0,0,0,0,0,0,0,,0,23456.78503,23456.78503,21094071.81,Administrative Boundary,Survey of India (SOI),"Maharashtra
",22,4588,0.199563621,0.907107367,Low,1.158676180128807,Akshay Nursing Home,hospital,1637.5,0.0,0.0,6.701913783102811,0,2.433239767707261,87.52004275788349,100.0,50.0,52.23397126103427,50.0,2,Moderate,39.04,Moderate,0.97,17.5,13.06,7.5,52.86,39.43,Moderate,24,"Drinking Water, Drainage, Evacuation Preparedness","Priority is influenced by high population exposure, water-service gap, drainage-service gap."
104,1,1,1,3038,39836,39836,106371,Wakadi,539162,Gadchiroli,108.0,Gadchiroli,4057,Gadchiroli,Gadchiroli,475,GADCHIROLI,MH,27,India,Rural,290,1123,3.87241379,419,581,542,,,,Available,Available,Available,Available,Available,,Available,Available,,Not Available,Not Available,Not Available,Not Available,Not Available,Available,Available,Not Available,Not Available,,Available,145,46,0,8,0,40,0,0,180,110,70,0,0,110,0,0,GADCHIROLI,6,9870.943364,9870.943364,4651164.056,Administrative Boundary,Survey of India (SOI),"Maharashtra
",5,3038,0.18161131,3.632226192,Low,3.871069923691962,,,224.6,110.0,0.0,22.72953157122648,0,9.746344001340272,12.004275788348478,75.0,50.0,49.24317719040883,50.0,4,Low,26.11,Moderate,3.9,2.4,12.31,7.5,30.17,24.09,Low,161,"Drinking Water, Drainage, Evacuation Preparedness","Priority is influenced by water-service gap, drainage-service gap."
105,1,1,1,4676,41932,41932,108467,Indora,537510,Lakhandur,94.0,Lakhandur,4043,Lakhandur,Bhandara,471,BHANDARA,MH,27,India,Rural,264,1084,4.10606061,1080,558,526,,,,Not Available,Not Available,Available,Available,Available,,Available,Available,,Available,Available,Not Available,Not Available,Not Available,Available,Not Available,Not Available,Not Available,,Available,550,7,77,3,4,0,75,0,363,185,178,155,0,30,0,0,Desaiganj,8,13381.93875,13381.93875,10474243.96,Administrative Boundary,Survey of India (SOI),"Maharashtra
",11,4676,0.097824873,0.889317024,Low,3.5364615988921013,"Government Hospital, Soni",hospital,98.54545454545455,30.0,0.0,20.752320721458258,0,2.3854977641228547,5.266993829259997,93.18181818181819,50.0,54.644712967758814,50.0,4,Low,23.17,Low,0.95,1.05,13.66,7.5,29.38,21.34,Low,183,"Drinking Water, Drainage, Evacuation Preparedness","Priority is influenced by water-service gap, drainage-service gap."
106,1,1,1,4694,41952,41952,108487,Keshori,537512,Lakhandur,94.0,Lakhandur,4043,Lakhandur,Bhandara,471,BHANDARA,MH,27,India,Rural,0,0,0.0,82,0,0,,,,,,,,,,,,,,,,,,,,,,,,23,2,4,0,0,0,4,1,48,41,7,41,0,0,0,0,,0,3174.040838,3174.040838,584449.0353,Administrative Boundary,Survey of India (SOI),"Maharashtra
",1,4694,0.051069639,5.106963871,Low,2.308589824922358,"Government Hospital, Soni",hospital,0.0,0.0,0.0,13.496788764597218,0,13.703936699630418,0.0,100.0,50.0,54.498929588199076,50.0,4,Low,26.61,Moderate,5.48,0.0,13.62,7.5,29.99,24.83,Low,154,"Drinking Water, Drainage, Evacuation Preparedness","Priority is influenced by water-service gap, drainage-service gap."
107,1,1,1,3037,39835,39835,106370,Kurul,539266,Chamorshi,109.0,Chamorshi,4058,Chamorshi,Gadchiroli,475,GADCHIROLI,MH,27,India,Rural,493,2018,4.09330629,898,1017,1001,,,,Available,Available,Available,Available,Available,,Available,Available,,Not Available,Not Available,Not Available,Not Available,Not Available,Available,Available,Not Available,Not Available,,Available,320,114,44,0,0,6,5,85,323,294,29,290,0,0,0,4,GADCHIROLI,29,17995.17003,17995.17003,9581709.134,Administrative Boundary,Survey of India (SOI),"Maharashtra
",10,3037,0.702606292,7.026062919,Low,6.4579420061908674,Balprabha Hospital,hospital,201.8,0.0,0.0,38.015438015839464,0,18.854013549101335,10.785676109032604,100.0,50.0,62.67181267194649,50.0,4,Low,32.87,Moderate,7.54,2.16,15.67,7.5,38.34,32.33,Moderate,66,"Drinking Water, Drainage, Evacuation Preparedness","Priority is influenced by water-service gap, drainage-service gap."
108,1,1,1,4637,41889,41889,108424,Lakhandur,276324,,0.0,Lakhandur,4043,,Bhandara,471,,MH,27,India,Rural,2343,9231,3.93982074,0,0,0,,,,Not Available,Not Available,Not Available,Not Available,Not Available,,Not Available,Not Available,,Not Available,Not Available,Not Available,Not Available,Not Available,Not Available,Not Available,Not Available,Not Available,,Not Available,0,0,0,0,0,0,0,0,0,0,0,0,0,0,0,0,,0,12734.27492,12734.27492,8490497.982,Administrative Boundary,Survey of India (SOI),"Maharashtra
",9,4637,0.147270478,1.636338646,Low,1.5361794678997027,"Rural Hospital, Lakhandur",hospital,1025.6666666666667,0.0,0.0,8.932592284153962,0,4.390198233088129,54.819169784429015,100.0,50.0,52.977530761384656,50.0,2,Moderate,33.46,Moderate,1.76,10.96,13.24,7.5,43.81,32.99,Moderate,60,"Drinking Water, Drainage, Evacuation Preparedness","Priority is influenced by high population exposure, water-service gap, drainage-service gap."
109,1,1,1,4068,40893,40893,107428,Dongargaon Maske,540881,Sawali,119.0,Sawali,4068,Sawali,Chandrapur,473,CHANDRAPUR,MH,27,India,Rural,241,952,3.95020747,460,498,454,,,,Not Available,Not Available,Available,Available,Available,,Available,Available,,Not Available,Not Available,Not Available,Not Available,Not Available,Available,Available,Not Available,Not Available,,Available,33,1,56,8,0,0,78,4,280,176,104,0,1,175,0,0,MUL,31,9663.69255,9663.69255,4661923.933,Administrative Boundary,Survey of India (SOI),"Maharashtra
",5,4068,0.010929233,0.218584657,Low,5.630664952851892,Dr. Kilnake Hospital,hospital,190.4,175.0,0.0,33.127032544742875,0,0.5855264499390075,10.176376269374666,60.22727272727273,50.0,47.7847684240052,50.0,3,High,21.72,Low,0.23,2.04,11.95,7.5,27.06,19.31,Low,197,"Drinking Water, Drainage, Evacuation Preparedness","Priority is influenced by water-service gap, drainage-service gap."
110,1,1,1,2995,39793,39793,106328,Khandala,539224,Chamorshi,109.0,Chamorshi,4058,Chamorshi,Gadchiroli,475,GADCHIROLI,MH,27,India,Rural,154,604,3.92207792,358,305,299,,,,Not Available,Not Available,Available,Available,Available,,Available,Available,,Not Available,Not Available,Not Available,Not Available,Not Available,Available,Not Available,Not Available,Not Available,,Available,0,4,16,8,0,0,0,24,306,213,93,213,0,0,0,0,MUL,10,6978.825618,6978.825618,2471658.008,Administrative Boundary,Survey of India (SOI),"Maharashtra
",3,2995,0.101575454,3.385848471,Low,10.35441470158747,"Rural Hospital, Saoli",hospital,201.33333333333334,0.0,0.0,61.03981463220688,0,9.085166977429047,10.760734010333156,100.0,50.0,70.3466048774023,50.0,1,Very Low,30.87,Moderate,3.63,2.15,17.59,7.5,40.22,30.91,Moderate,85,"Healthcare, Drinking Water, Drainage, Evacuation Preparedness","Priority is influenced by limited healthcare accessibility, water-service gap, drainage-service gap."
111,1,1,1,4088,40920,40920,107455,Bordha,540858,Brahmapuri,118.0,Brahmapuri,4067,Brahmapuri,Chandrapur,473,CHANDRAPUR,MH,27,India,Rural,206,718,3.48543689,445,341,377,,,,Not Available,Not Available,Available,Available,Available,,Available,Available,,Available,Not Available,Not Available,Not Available,Not Available,Available,Available,Not Available,Not Available,,Available,206,17,44,3,0,2,1,3,169,43,126,0,0,43,0,0,BRAHMAPURI,40,12187.80512,12187.80512,5351251.142,Administrative Boundary,Survey of India (SOI),"Maharashtra
",6,4088,0.261527042,4.358784041,Low,14.323879416523964,Janatal Hospital,hospital,119.66666666666667,43.0,0.0,84.4955033298475,0,11.69612807415082,6.395866737929806,90.22727272727272,50.0,74.90759201904007,50.0,1,Very Low,32.18,Moderate,4.68,1.28,18.73,7.5,41.71,32.6,Moderate,62,"Healthcare, Drinking Water, Drainage, Evacuation Preparedness","Priority is influenced by limited healthcare accessibility, water-service gap, drainage-service gap."
112,1,1,1,4122,40952,40952,107487,Churchara Mal,539106,Gadchiroli,108.0,Gadchiroli,4057,Gadchiroli,Gadchiroli,475,GADCHIROLI,MH,27,India,Rural,222,813,3.66216216,331,402,411,,,,Not Available,Not Available,Available,Available,Available,,Available,Available,,Not Available,Not Available,Not Available,Not Available,Not Available,Available,Available,Not Available,Not Available,,Available,148,4,26,21,0,2,7,1,121,121,0,0,121,0,0,0,GADCHIROLI,13,8567.750208,8567.750208,3778845.577,Administrative Boundary,Survey of India (SOI),"Maharashtra
",4,4122,0.003827374,0.095684342,Low,3.482253982183166,Janatal Hospital,hospital,203.25,0.0,0.0,20.432006252411227,0,0.25571227607767855,10.863174772848744,100.0,50.0,56.810668750803735,50.0,4,Low,23.98,Low,0.1,2.17,14.2,7.5,31.72,22.49,Low,174,"Drinking Water, Drainage, Evacuation Preparedness","Priority is influenced by water-service gap, drainage-service gap."
113,1,1,1,4351,41203,41203,107738,Ravi,538504,Armori,104.0,Armori,4053,Armori,Gadchiroli,475,GADCHIROLI,MH,27,India,Rural,151,625,4.13907285,165,328,297,,,,Not Available,Not Available,Available,Available,Available,,Available,Available,,Available,Available,Not Available,Not Available,Not Available,Available,Available,Not Available,Not Available,,Available,37,46,0,13,0,6,2,4,57,78,-21,71,0,0,0,7,DESAIGANJ,20,6353.116831,6353.116831,2425189.384,Administrative Boundary,Survey of India (SOI),"Maharashtra
",3,4351,0.060145544,2.004851454,Low,6.801305783906507,SDH Armori,hospital,208.33333333333334,0.0,0.0,40.04438510531442,0,5.37913587192037,11.134865490824872,100.0,50.0,63.34812836843813,50.0,4,Low,27.72,Moderate,2.15,2.23,15.84,7.5,36.09,26.99,Moderate,134,"Drinking Water, Drainage, Evacuation Preparedness","Priority is influenced by water-service gap, drainage-service gap."
114,1,1,1,4555,41809,41809,108344,Pimpalgaon,540737,Brahmapuri,118.0,Brahmapuri,4067,Brahmapuri,Chandrapur,473,CHANDRAPUR,MH,27,India,Rural,1141,4711,4.12883436,782,2350,2361,,,,Available,Available,Available,Available,Available,,Available,Available,,Not Available,Not Available,Not Available,Not Available,Not Available,Available,Not Available,Not Available,Not Available,,Available,0,147,0,9,0,0,0,5,621,107,513,0,107,0,0,0,BRAHMAPURI,11,15452.12515,15452.12515,9050903.512,Administrative Boundary,Survey of India (SOI),"Maharashtra
",9,4555,1.966553414,21.85059349,Moderate,4.387209192189832,"Government Hospital, Soni",hospital,523.4444444444445,0.0,0.0,25.779414332738238,0,58.63698972093931,27.976720707880514,100.0,50.0,58.59313811091275,50.0,0,Very High,51.2,High,23.45,5.6,14.65,7.5,49.42,51.57,High,9,"Drinking Water, Drainage, Evacuation Preparedness, Emergency Flood Response","Priority is influenced by high flood exposure, water-service gap, drainage-service gap."
115,1,1,1,3028,39824,39824,106359,Umri,540968,Sawali,119.0,Sawali,4068,Sawali,Chandrapur,473,CHANDRAPUR,MH,27,India,Rural,47,203,4.31914894,626,101,102,,,,Not Available,Not Available,Available,Available,Available,,Available,Available,,Not Available,Not Available,Not Available,Not Available,Not Available,Not Available,Available,Not Available,Not Available,,Available,313,0,26,12,0,45,4,2,224,78,146,0,0,78,0,0,MUL,31,9628.856547,9628.856547,6200700.707,Administrative Boundary,Survey of India (SOI),"Maharashtra
",6,3028,0.024304675,0.405077922,Low,9.2215362527245,Balprabha Hospital,hospital,33.833333333333336,78.0,0.0,54.3456011457366,0,1.0859980893052446,1.808302155709959,82.27272727272728,50.0,62.20610947282129,50.0,1,Very Low,23.85,Low,0.43,0.36,15.55,7.5,31.86,22.64,Low,173,"Healthcare, Drinking Water, Drainage, Evacuation Preparedness","Priority is influenced by limited healthcare accessibility, water-service gap, drainage-service gap."
116,1,1,1,2748,39547,39547,106082,Chak Thana,541467,Pombhurna,124.0,Pombhurna,4073,Pombhurna,Chandrapur,473,CHANDRAPUR,MH,27,India,Rural,146,536,3.67123288,533,273,263,,,,Not Available,Not Available,Available,Available,Available,,Available,Available,,Available,Available,Not Available,Not Available,Not Available,Not Available,Not Available,Not Available,Not Available,,Available,36,0,74,0,0,0,0,10,412,42,370,0,27,0,0,15,MUL,31,8681.461112,8681.461112,3129961.853,Administrative Boundary,Survey of India (SOI),"Maharashtra
",3,2748,0.02095179,0.698393006,Low,16.88322933607401,Rural Hospital Gondpipari,hospital,178.66666666666666,0.0,0.0,99.61878046981265,0,1.8731357960761856,9.54926064493141,100.0,50.0,83.20626015660422,50.0,1,Very Low,30.96,Moderate,0.75,1.91,20.8,7.5,44.84,32.1,Moderate,70,"Healthcare, Drinking Water, Drainage, Evacuation Preparedness","Priority is influenced by limited healthcare accessibility, water-service gap, drainage-service gap."
117,1,1,1,4577,41829,41829,108364,Hardoli,540740,Brahmapuri,118.0,Brahmapuri,4067,Brahmapuri,Chandrapur,473,CHANDRAPUR,MH,27,India,Rural,220,962,4.37272727,273,502,460,,,,Available,Available,Available,Available,Available,,Available,Available,,Available,Available,Not Available,Not Available,Not Available,Available,Not Available,Not Available,Not Available,,Available,0,13,57,2,0,2,5,2,192,34,158,0,34,0,0,0,BRAHMAPURI,10,6438.585509,6438.585509,2365471.771,Administrative Boundary,Survey of India (SOI),"Maharashtra
",2,4577,0.378876501,18.94382504,Moderate,2.1799393906592868,"Vikttubaba physiotherapy clinic, wadsa",hospital,481.0,0.0,0.0,12.736589404331799,0,50.836412196439674,25.708177445216464,100.0,50.0,54.24552980144393,50.0,0,Very High,46.54,Moderate,20.33,5.14,13.56,7.5,45.0,46.25,Moderate,13,"Drinking Water, Drainage, Evacuation Preparedness, Emergency Flood Response","Priority is influenced by high flood exposure, water-service gap, drainage-service gap."
118,1,1,1,3060,39857,39857,106392,Navegaon Raiyyatwari,539251,Chamorshi,109.0,Chamorshi,4058,Chamorshi,Gadchiroli,475,GADCHIROLI,MH,27,India,Rural,566,2281,4.03003534,256,1151,1130,,,,Available,Available,Available,Available,Available,,Available,Available,,Not Available,Not Available,Not Available,Not Available,Not Available,Not Available,Not Available,Not Available,Not Available,,Available,17,65,0,2,0,2,5,0,165,128,37,128,0,0,0,0,GADCHIROLI,20,14079.75021,14079.75021,8197902.518,Administrative Boundary,Survey of India (SOI),"Maharashtra
",8,3060,0.425297614,5.316220169,Low,14.92852474214754,Balprabha Hospital,hospital,285.125,0.0,0.0,88.0683710963612,0,14.265495008493584,15.239176910742918,100.0,50.0,79.35612369878707,50.0,1,Very Low,36.09,Moderate,5.71,3.05,19.84,7.5,47.1,37.27,Moderate,34,"Healthcare, Drinking Water, Drainage, Evacuation Preparedness","Priority is influenced by limited healthcare accessibility, water-service gap, drainage-service gap."
119,1,1,1,3086,39883,39883,106418,Nimgaon Riyyatwari,539264,Chamorshi,109.0,Chamorshi,4058,Chamorshi,Gadchiroli,475,GADCHIROLI,MH,27,India,Rural,38,134,3.52631579,283,65,69,,,,Not Available,Not Available,Available,Available,Available,,Available,Available,,Not Available,Not Available,Not Available,Not Available,Not Available,Available,Available,Not Available,Not Available,,Available,28,24,1,4,0,10,2,11,204,194,10,191,0,0,0,3,GADCHIROLI,30,5894.717597,5894.717597,2502423.429,Administrative Boundary,Survey of India (SOI),"Maharashtra
",3,3086,0.116166611,3.872220357,Low,8.141413616410354,Balprabha Hospital,hospital,44.666666666666664,0.0,0.0,47.96312337302139,0,10.390390172100815,2.3873151612328525,100.0,50.0,65.98770779100714,50.0,1,Very Low,28.63,Moderate,4.16,0.48,16.5,7.5,35.79,28.01,Moderate,127,"Drinking Water, Drainage, Evacuation Preparedness","Priority is influenced by water-service gap, drainage-service gap."
120,1,1,1,4061,40885,40885,107420,Vihirgaon,540879,Sawali,119.0,Sawali,4068,Sawali,Chandrapur,473,CHANDRAPUR,MH,27,India,Rural,353,1385,3.92351275,809,728,657,,,,Not Available,Not Available,Available,Available,Available,,Available,Available,,Available,Available,Not Available,Not Available,Not Available,Available,Available,Not Available,Not Available,,Available,104,6,0,16,0,86,166,3,428,162,266,0,10,107,0,45,MUL,44,17431.22488,17431.22488,8468720.894,Administrative Boundary,Survey of India (SOI),"Maharashtra
",9,4061,0.008144937,0.090499296,Low,2.683066629169065,Rural Hospital Gondpipari,hospital,153.88888888888889,107.0,0.0,15.709583681717065,0,0.2417977335240408,8.224953975889305,75.68181818181819,50.0,47.13046728784508,50.0,4,Low,21.02,Low,0.1,1.64,11.78,7.5,26.08,18.49,Low,198,"Drinking Water, Drainage, Evacuation Preparedness","Priority is influenced by water-service gap, drainage-service gap."
121,1,1,1,4063,40887,40887,107422,Akapur,540865,Sawali,119.0,Sawali,4068,Sawali,Chandrapur,473,CHANDRAPUR,MH,27,India,Rural,195,783,4.01538462,293,401,382,,,,Not Available,Not Available,Available,Available,Available,,Available,Available,,Not Available,Not Available,Not Available,Not Available,Not Available,Available,Available,Not Available,Not Available,,Available,90,65,2,4,0,9,0,0,124,84,40,63,3,15,0,4,MUL,48,8676.628305,8676.628305,4299841.889,Administrative Boundary,Survey of India (SOI),"Maharashtra
",4,4063,0.482452181,12.06130451,Low,2.3219648000578714,Dr. Varhade Hospital,hospital,195.75,15.0,0.0,13.575821902727103,0,32.36654234553175,10.462319615179048,96.5909090909091,50.0,53.38891033121206,50.0,4,Low,35.89,Moderate,12.95,2.09,13.35,7.5,36.31,34.69,Moderate,45,"Drinking Water, Drainage, Evacuation Preparedness","Priority is influenced by water-service gap, drainage-service gap."
122,1,1,1,2908,39707,39707,106242,Gauripur,539285,Chamorshi,109.0,Chamorshi,4058,Chamorshi,Gadchiroli,475,GADCHIROLI,MH,27,India,Rural,294,1301,4.42517007,471,641,660,,,,Not Available,Not Available,Available,Available,Available,,Available,Available,,Not Available,Not Available,Not Available,Not Available,Not Available,Not Available,Available,Not Available,Not Available,,Available,134,91,0,11,2,3,17,0,212,109,103,108,0,0,0,1,GADCHIROLI,40,9797.26129,9797.26129,5557044.757,Administrative Boundary,Survey of India (SOI),"Maharashtra
",6,2908,0.04349652,0.724942006,Low,5.893853575037388,"General Hospital, Chamorshi",hospital,216.83333333333334,0.0,0.0,34.682222182155414,0,1.9443824523751905,11.589168002850526,100.0,50.0,61.56074072738514,50.0,4,Low,25.99,Moderate,0.78,2.32,15.39,7.5,34.65,25.03,Moderate,151,"Drinking Water, Drainage, Evacuation Preparedness","Priority is influenced by water-service gap, drainage-service gap."
123,1,1,1,2751,39550,39550,106085,Nawegaon More,541476,Pombhurna,124.0,Pombhurna,4073,Pombhurna,Chandrapur,473,CHANDRAPUR,MH,27,India,Rural,347,1372,3.95389049,702,722,650,,,,Not Available,Not Available,Available,Available,Available,,Available,Available,,Not Available,Not Available,Not Available,Not Available,Not Available,Not Available,Not Available,Not Available,Not Available,,Available,11,6,31,5,0,10,0,14,626,213,413,0,37,0,0,175,MUL,34,9693.97501,9693.97501,6481546.487,Administrative Boundary,Survey of India (SOI),"Maharashtra
",7,2751,0.060997564,0.871393777,Low,14.73261274514563,Rural Hospital Gondpipari,hospital,196.0,0.0,0.0,86.91072109974614,0,2.337399100565991,10.47568145376804,100.0,50.0,78.97024036658205,50.0,1,Very Low,30.27,Moderate,0.93,2.1,19.74,7.5,43.1,31.03,Moderate,83,"Healthcare, Drinking Water, Drainage, Evacuation Preparedness","Priority is influenced by limited healthcare accessibility, water-service gap, drainage-service gap."
124,1,1,1,3057,39854,39854,106389,Yevli,539182,Gadchiroli,108.0,Gadchiroli,4057,Gadchiroli,Gadchiroli,475,GADCHIROLI,MH,27,India,Rural,669,2428,3.62929746,982,1185,1243,,,,Available,Available,Available,Available,Available,,Available,Available,,Not Available,Not Available,Not Available,Not Available,Not Available,Available,Available,Not Available,Not Available,,Available,252,15,161,10,0,40,0,16,488,205,282,0,2,178,0,26,GADCHIROLI,13,12282.39,12282.39,7400929.021,Administrative Boundary,Survey of India (SOI),"Maharashtra
",8,3057,1.936962303,24.21202879,Moderate,12.34662794757568,Dr. Mallick Hospital,hospital,303.5,178.0,0.0,72.81186378064305,0,64.97411613592435,16.221272047033672,59.54545454545455,50.0,60.785772775365864,50.0,0,Very High,51.93,High,25.99,3.24,15.2,7.5,48.25,52.29,High,8,"Healthcare, Drinking Water, Drainage, Evacuation Preparedness, Emergency Flood Response","Priority is influenced by high flood exposure, limited healthcare accessibility, water-service gap, drainage-service gap."
125,1,1,1,4142,40972,40972,107507,Indala,539115,Gadchiroli,108.0,Gadchiroli,4057,Gadchiroli,Gadchiroli,475,GADCHIROLI,MH,27,India,Rural,316,1235,3.90822785,306,630,605,,,,Available,Available,Available,Available,Available,,Available,Available,,Not Available,Not Available,Not Available,Not Available,Not Available,Not Available,Available,Not Available,Not Available,,Available,0,62,0,48,0,2,13,0,181,119,62,0,4,115,0,0,GADCHIROLI,9,6112.981414,6112.981414,2425118.143,Administrative Boundary,Survey of India (SOI),"Maharashtra
",3,4142,0.009919484,0.330649458,Low,4.866697786392107,Nobel Multispeciality Hospital,hospital,411.6666666666667,115.0,0.0,28.612727136189577,0,0.8862625364229946,22.002494209869948,73.86363636363636,50.0,50.825454499941976,50.0,4,Low,24.96,Low,0.35,4.4,12.71,7.5,32.19,23.22,Low,167,"Drinking Water, Drainage, Evacuation Preparedness","Priority is influenced by water-service gap, drainage-service gap."
126,1,1,1,4291,41133,41133,107668,Baradkinhi,540831,Brahmapuri,118.0,Brahmapuri,4067,Brahmapuri,Chandrapur,473,CHANDRAPUR,MH,27,India,Rural,710,2930,4.12676056,833,1503,1427,,,,Available,Available,Available,Available,Available,,Available,Available,,Not Available,Not Available,Not Available,Not Available,Not Available,Available,Available,Not Available,Not Available,,Available,145,117,0,26,0,0,0,19,526,74,452,0,10,56,0,8,BRAHMAPURI,22,14661.43647,14661.43647,9552989.522,Administrative Boundary,Survey of India (SOI),"Maharashtra
",10,4291,1.847905813,18.47905813,Moderate,6.786553947976247,SDH Armori,hospital,293.0,56.0,0.0,39.95721605453615,0,49.589167919972745,15.660074826296096,87.27272727272728,50.0,59.07664777575447,50.0,0,Very High,45.24,Moderate,19.84,3.13,14.77,7.5,44.15,45.11,Moderate,17,"Drinking Water, Drainage, Evacuation Preparedness","Priority is influenced by water-service gap, drainage-service gap."
127,1,1,1,5896,41944,41944,108479,Keshori Kh,537511,Lakhandur,94.0,Lakhandur,4043,Lakhandur,Bhandara,471,BHANDARA,MH,27,India,Rural,0,0,0.0,145,0,0,,,,,,,,,,,,,,,,,,,,,,,,33,1,3,6,0,0,6,1,95,95,0,80,0,15,0,0,,0,4344.844363,4344.844363,917878.9919,Administrative Boundary,Survey of India (SOI),"Maharashtra
",1,5896,0.000896705,0.089670508,Low,1.843377628791121,"Government Hospital, Soni",hospital,0.0,15.0,0.0,10.747835635037886,0,0.23957360554254467,0.0,96.5909090909091,50.0,52.446248241982325,50.0,4,Low,20.71,Low,0.1,0.0,13.11,7.5,26.27,18.46,Low,199,"Drinking Water, Drainage, Evacuation Preparedness","Priority is influenced by water-service gap, drainage-service gap."
128,1,1,1,2949,39746,39746,106281,Sirsimal,540959,Sawali,119.0,Sawali,4068,Sawali,Chandrapur,473,CHANDRAPUR,MH,27,India,Rural,82,316,3.85365854,150,156,160,,,,Not Available,Not Available,Available,Not Available,Not Available,,Available,Available,,Not Available,Not Available,Not Available,Not Available,Not Available,Not Available,Not Available,Not Available,Not Available,,Available,0,48,0,0,0,0,0,12,90,6,84,6,0,0,0,0,MUL,30,6728.038434,6728.038434,2277489.263,Administrative Boundary,Survey of India (SOI),"Maharashtra
",2,2949,0.072935494,3.646774718,Low,8.95921477601017,Balprabha Hospital,hospital,158.0,0.0,0.0,52.79553549749839,0,9.785386294141475,8.444681988241582,100.0,50.0,67.59851183249947,50.0,1,Very Low,30.0,Moderate,3.91,1.69,16.9,7.5,38.29,29.71,Moderate,102,"Healthcare, Drinking Water, Drainage, Evacuation Preparedness","Priority is influenced by limited healthcare accessibility, water-service gap, drainage-service gap."
129,1,1,1,1995,39832,39832,106367,Kajalwahi Chak,540966,Sawali,119.0,Sawali,4068,Sawali,Chandrapur,473,CHANDRAPUR,MH,27,India,Rural,0,0,0.0,154,0,0,,,,,,,,,,,,,,,,,,,,,,,,0,0,20,0,0,3,0,3,128,18,110,0,0,18,0,0,,0,3977.244275,3977.244275,670560.8519,Administrative Boundary,Survey of India (SOI),"Maharashtra
",1,1995,0.053054493,5.305449303,Low,11.277099294223609,Balprabha Hospital,hospital,0.0,18.0,0.0,66.49198617804436,0,14.236590409904382,0.0,95.9090909090909,50.0,70.80035902904508,50.0,1,Very Low,30.89,Moderate,5.69,0.0,17.7,7.5,38.25,30.76,Moderate,88,"Healthcare, Drinking Water, Drainage, Evacuation Preparedness","Priority is influenced by limited healthcare accessibility, water-service gap, drainage-service gap."
130,1,1,1,3054,39851,39851,106386,Dongargaon Bk,539180,Gadchiroli,108.0,Gadchiroli,4057,Gadchiroli,Gadchiroli,475,GADCHIROLI,MH,27,India,Rural,188,771,4.10106383,302,397,374,,,,Available,Available,Available,Available,Available,,Available,Available,,Not Available,Not Available,Not Available,Not Available,Not Available,Available,Available,Not Available,Not Available,,Available,85,2,0,14,1,17,0,14,169,158,11,0,1,157,0,0,GADCHIROLI,12,12739.49984,12739.49984,4966032.571,Administrative Boundary,Survey of India (SOI),"Maharashtra
",5,3054,0.20347534,4.069506794,Low,9.301929536781376,Lifeline Hospital & Ayurvedic Panchakarma Centre,hospital,154.2,157.0,0.0,54.820647525950925,0,10.919826270236122,8.241582041688936,64.31818181818181,50.0,56.37960978137758,50.0,3,High,27.61,Moderate,4.37,1.65,14.09,7.5,32.85,26.22,Moderate,138,"Healthcare, Drinking Water, Drainage, Evacuation Preparedness","Priority is influenced by limited healthcare accessibility, water-service gap, drainage-service gap."
131,1,1,1,4431,41399,41399,107934,Sirsi Reserved Reserved Forest,999999,,,Armori,4053,,Gadchiroli,475,,MH,27,India,Rural,0,0,0.0,0,0,0,,,,,,,,,,,,,,,,,,,,,,,,0,0,0,0,0,0,0,0,0,0,0,0,0,0,0,0,,0,106899.6421,106899.6421,125539198.6,Administrative Boundary,Survey of India (SOI),"Maharashtra
",130,4431,0.323140448,0.248569575,Low,13.1754891246776,Janatal Hospital,hospital,0.0,0.0,0.0,77.70962988762145,0,0.6659937047094261,0.0,100.0,50.0,75.90320996254049,50.0,1,Very Low,26.74,Moderate,0.27,0.0,18.98,7.5,38.08,26.85,Moderate,135,"Healthcare, Drinking Water, Drainage, Evacuation Preparedness","Priority is influenced by limited healthcare accessibility, water-service gap, drainage-service gap."
132,1,1,1,4283,41125,41125,107660,Sonegaon,540743,Brahmapuri,118.0,Brahmapuri,4067,Brahmapuri,Chandrapur,473,CHANDRAPUR,MH,27,India,Rural,315,1387,4.4031746,439,694,693,,,,Not Available,Not Available,Available,Not Available,Not Available,,Available,Available,,Available,Available,Not Available,Not Available,Not Available,Available,Not Available,Not Available,Not Available,,Available,0,71,1,3,0,10,11,5,338,104,234,0,104,0,0,0,BRAHMAPURI,11,9706.142283,9706.142283,4347721.406,Administrative Boundary,Survey of India (SOI),"Maharashtra
",5,4283,0.271208691,5.424173825,Low,4.565299525473688,"Sub District Hospital, Chimur",hospital,277.4,0.0,0.0,26.831755572061233,0,14.5551984634355,14.82629609834313,100.0,50.0,58.94391852402041,50.0,4,Low,31.02,Moderate,5.82,2.97,14.74,7.5,36.83,30.15,Moderate,98,"Drinking Water, Drainage, Evacuation Preparedness","Priority is influenced by water-service gap, drainage-service gap."
133,1,1,1,3063,39861,39861,106396,Sirpur Chak,539175,Gadchiroli,108.0,Gadchiroli,4057,Gadchiroli,Gadchiroli,475,GADCHIROLI,MH,27,India,Rural,0,0,0.0,187,0,0,,,,,,,,,,,,,,,,,,,,,,,,46,20,0,1,0,8,0,3,110,86,24,0,0,80,0,6,,0,8878.667339,8878.667339,4929565.259,Administrative Boundary,Survey of India (SOI),"Maharashtra
",5,3063,0.022536249,0.450724978,Low,6.633101510790081,Lifeline Hospital & Ayurvedic Panchakarma Centre,hospital,0.0,80.0,0.0,39.05046089861066,0,1.2084961159689014,0.0,81.81818181818181,50.0,56.95621423893082,50.0,4,Low,22.22,Low,0.48,0.0,14.24,7.5,28.72,20.44,Low,190,"Drinking Water, Drainage, Evacuation Preparedness","Priority is influenced by water-service gap, drainage-service gap."
134,1,1,1,4361,41205,41205,107740,Saigaon,538523,Armori,104.0,Armori,4053,Armori,Gadchiroli,475,GADCHIROLI,MH,27,India,Rural,234,980,4.18803419,427,497,483,,,,Not Available,Not Available,Available,Available,Available,,Available,Available,,Available,Available,Not Available,Not Available,Not Available,Available,Not Available,Not Available,Not Available,,Available,0,117,0,9,0,0,0,0,301,226,75,217,5,0,0,4,DESAIGANJ,23,10023.91904,10023.91904,6855995.17,Administrative Boundary,Survey of India (SOI),"Maharashtra
",7,4361,0.528457227,7.549388951,Low,4.288499092757547,SDH Armori,hospital,140.0,0.0,0.0,25.196133328908005,0,20.258406555776766,7.482629609834312,100.0,50.0,58.398711109636,50.0,4,Low,31.7,Moderate,8.1,1.5,14.6,7.5,35.5,30.67,Moderate,90,"Drinking Water, Drainage, Evacuation Preparedness","Priority is influenced by water-service gap, drainage-service gap."
135,1,1,1,3123,39922,39922,106457,Dongargaon Tukum,539181,Gadchiroli,108.0,Gadchiroli,4057,Gadchiroli,Gadchiroli,475,GADCHIROLI,MH,27,India,Rural,0,0,0.0,72,0,0,,,,,,,,,,,,,,,,,,,,,,,,21,2,0,2,0,0,0,0,47,31,16,0,0,31,0,0,,0,10843.98558,10843.98558,4425789.315,Administrative Boundary,Survey of India (SOI),"Maharashtra
",5,3123,0.21267587,4.2535174,Low,10.35704862594171,Lifeline Hospital & Ayurvedic Panchakarma Centre,hospital,0.0,31.0,0.0,61.05537857196776,0,11.413635468362363,0.0,92.95454545454545,50.0,68.00330800883773,50.0,1,Very Low,29.07,Moderate,4.57,0.0,17.0,7.5,36.28,28.59,Moderate,111,"Healthcare, Drinking Water, Drainage, Evacuation Preparedness","Priority is influenced by limited healthcare accessibility, water-service gap, drainage-service gap."
136,1,1,1,4308,41150,41150,107685,Shivrajpur Chak,538495,Desaiganj (Vadasa),103.0,Desaiganj (Vadasa),4052,Desaiganj (Vadasa),Gadchiroli,475,GADCHIROLI,MH,27,India,Rural,306,1113,3.6372549,727,547,566,,,,Not Available,Not Available,Available,Available,Available,,Available,Available,,Not Available,Not Available,Not Available,Not Available,Not Available,Not Available,Available,Not Available,Not Available,,Available,424,63,0,5,1,2,0,4,228,128,100,124,4,0,0,0,DESAIGANJ,8,12293.77712,12293.77712,7115083.136,Administrative Boundary,Survey of India (SOI),"Maharashtra
",7,4308,0.004010692,0.057295605,Low,7.566432515480095,Sparsh Child care and General Hospital,hospital,159.0,0.0,0.0,44.56554241967549,0,0.1526926086404158,8.498129342597542,100.0,50.0,64.8551808065585,50.0,4,Low,25.47,Moderate,0.06,1.7,16.21,7.5,35.01,24.72,Low,156,"Drinking Water, Drainage, Evacuation Preparedness","Priority is influenced by water-service gap, drainage-service gap."
137,1,1,1,4125,40960,40960,107495,Mahadwadi,539110,Gadchiroli,108.0,Gadchiroli,4057,Gadchiroli,Gadchiroli,475,GADCHIROLI,MH,27,India,Rural,113,420,3.71681416,270,222,198,,,,Available,Available,Available,Available,Available,,Available,Available,,Not Available,Not Available,Not Available,Not Available,Not Available,Available,Available,Not Available,Not Available,,Available,35,23,0,0,0,18,11,6,177,111,66,0,1,106,0,4,GADCHIROLI,7,6395.571329,6395.571329,2084819.314,Administrative Boundary,Survey of India (SOI),"Maharashtra
",2,4125,0.040590023,2.029501155,Low,1.505914693022563,Janatal Hospital,hospital,210.0,106.0,0.0,8.753756801538085,0,5.445285586599651,11.22394441475147,75.9090909090909,50.0,44.887615903543,50.0,4,Low,23.14,Low,2.18,2.24,11.22,7.5,26.9,20.58,Low,189,"Drinking Water, Drainage, Evacuation Preparedness","Priority is influenced by water-service gap, drainage-service gap."
138,1,1,1,4289,41131,41131,107666,Panchagaon,540807,Brahmapuri,118.0,Brahmapuri,4067,Brahmapuri,Chandrapur,473,CHANDRAPUR,MH,27,India,Rural,106,454,4.28301887,331,221,233,,,,Not Available,Not Available,Available,Available,Available,,Available,Available,,Not Available,Not Available,Not Available,Not Available,Not Available,Not Available,Not Available,Not Available,Not Available,,Available,0,2,51,2,0,105,0,0,171,64,107,0,41,0,0,23,BRAHMAPURI,21,7101.641309,7101.641309,3200261.499,Administrative Boundary,Survey of India (SOI),"Maharashtra
",3,4289,0.212871915,7.095730487,Low,5.8163368914361175,SDH Armori,hospital,151.33333333333334,0.0,0.0,34.22417372222497,0,19.040972804534064,8.088366292535188,100.0,50.0,61.40805790740833,50.0,4,Low,32.09,Moderate,7.62,1.62,15.35,7.5,36.94,31.35,Moderate,79,"Drinking Water, Drainage, Evacuation Preparedness","Priority is influenced by water-service gap, drainage-service gap."
139,1,1,1,4141,40971,40971,107506,Pardi Kupi,539116,Gadchiroli,108.0,Gadchiroli,4057,Gadchiroli,Gadchiroli,475,GADCHIROLI,MH,27,India,Rural,556,2301,4.13848921,1035,1178,1123,,,,Available,Available,Available,Available,Available,,Available,Available,,Not Available,Not Available,Not Available,Not Available,Not Available,Not Available,Not Available,Not Available,Not Available,,Available,308,0,90,0,187,0,0,0,450,172,278,0,9,0,163,0,GADCHIROLI,13,14061.16384,14061.16384,8859321.538,Administrative Boundary,Survey of India (SOI),"Maharashtra
",9,4141,0.661829378,7.353659757,Low,7.096561933459531,Nobel Multispeciality Hospital,hospital,255.66666666666666,0.0,0.0,41.789062745077885,0,19.73314946087303,13.664706930340282,100.0,50.0,63.92968758169263,50.0,4,Low,34.11,Moderate,7.89,2.73,15.98,7.5,40.01,33.81,Moderate,51,"Drinking Water, Drainage, Evacuation Preparedness","Priority is influenced by water-service gap, drainage-service gap."
140,1,1,1,4655,41909,41909,108444,Madeghat,537502,Lakhandur,94.0,Lakhandur,4043,Lakhandur,Bhandara,471,BHANDARA,MH,27,India,Rural,592,2362,3.98986486,844,1175,1187,,,,Available,Available,Available,Available,Available,,Available,Available,,Not Available,Not Available,Not Available,Not Available,Not Available,Not Available,Available,Not Available,Not Available,,Available,70,0,0,54,0,0,22,0,697,330,367,330,0,0,0,0,Desaiganj,20,8896.887352,8896.887352,4641196.817,Administrative Boundary,Survey of India (SOI),"Maharashtra
",5,4655,0.130818918,2.616378356,Low,4.326229233165218,"Rural Hospital, Lakhandur",hospital,472.4,0.0,0.0,25.41908188531929,0,7.020223935666242,25.24853019775521,100.0,50.0,58.47302729510643,50.0,4,Low,29.98,Moderate,2.81,5.05,14.62,7.5,38.22,29.22,Moderate,109,"Drinking Water, Drainage, Evacuation Preparedness","Priority is influenced by water-service gap, drainage-service gap."
141,1,1,1,4344,41187,41187,107722,Injewari,538575,Armori,104.0,Armori,4053,Armori,Gadchiroli,475,GADCHIROLI,MH,27,India,Rural,379,1492,3.93667546,539,746,746,,,,Not Available,Not Available,Available,Available,Available,,Available,Available,,Not Available,Not Available,Not Available,Not Available,Not Available,Not Available,Available,Not Available,Not Available,,Available,53,160,4,27,3,22,0,21,249,154,95,0,148,6,0,0,DESAIGANJ,36,8130.275531,8130.275531,3643113.052,Administrative Boundary,Survey of India (SOI),"Maharashtra
",4,4344,0.839144367,20.97860918,Moderate,6.950272400166426,SDH Armori,hospital,373.0,6.0,0.0,40.92463340785903,0,56.29694051258137,19.935863174772848,98.63636363636364,50.0,63.186999014740884,50.0,0,Very High,49.8,Moderate,22.52,3.99,15.8,7.5,48.83,50.35,High,10,"Drinking Water, Drainage, Evacuation Preparedness, Emergency Flood Response","Priority is influenced by high flood exposure, water-service gap, drainage-service gap."
142,1,1,1,4284,41126,41126,107661,Boddegaon,540776,Brahmapuri,118.0,Brahmapuri,4067,Brahmapuri,Chandrapur,473,CHANDRAPUR,MH,27,India,Rural,139,603,4.3381295,341,303,300,,,,Not Available,Not Available,Available,Available,Available,,Available,Available,,Available,Available,Not Available,Not Available,Not Available,Not Available,Not Available,Not Available,Not Available,,Available,0,7,60,3,0,2,0,3,265,22,243,0,16,0,0,6,BRAHMAPURI,9,10177.88497,10177.88497,4313557.527,Administrative Boundary,Survey of India (SOI),"Maharashtra
",4,4284,0.627362509,15.68406272,Moderate,6.623116649788751,"Vikttubaba physiotherapy clinic, wadsa",hospital,150.75,0.0,0.0,38.99146004883484,0,42.088543514776084,8.057188669160876,100.0,50.0,62.99715334961161,50.0,0,Very High,41.7,Moderate,16.84,1.61,15.75,7.5,42.33,41.58,Moderate,21,"Drinking Water, Drainage, Evacuation Preparedness","Priority is influenced by water-service gap, drainage-service gap."
143,1,1,1,3045,39843,39843,106378,Pulkhal,539159,Gadchiroli,108.0,Gadchiroli,4057,Gadchiroli,Gadchiroli,475,GADCHIROLI,MH,27,India,Rural,280,1082,3.86428571,459,540,542,,,,Not Available,Not Available,Available,Available,Available,,Available,Available,,Not Available,Not Available,Not Available,Not Available,Not Available,Not Available,Not Available,Not Available,Not Available,,Available,0,85,10,23,0,48,0,0,293,104,189,0,0,103,0,1,GADCHIROLI,10,12875.28962,12875.28962,9477970.062,Administrative Boundary,Survey of India (SOI),"Maharashtra
",10,3045,1.397807807,13.97807807,Low,5.524014482692402,Dr. Mallick Hospital,hospital,108.2,103.0,0.0,32.49683164684724,0,37.51037853643686,5.783003741314805,76.5909090909091,50.0,53.02924691258545,50.0,0,Very High,36.92,Moderate,15.0,1.16,13.26,7.5,35.75,35.64,Moderate,40,"Drinking Water, Drainage, Evacuation Preparedness","Priority is influenced by water-service gap, drainage-service gap."
144,1,1,1,4192,41025,41025,107560,Kinhi,540780,Brahmapuri,118.0,Brahmapuri,4067,Brahmapuri,Chandrapur,473,CHANDRAPUR,MH,27,India,Rural,309,1381,4.46925566,335,671,710,,,,Not Available,Not Available,Available,Available,Available,,Available,Available,,Not Available,Not Available,Not Available,Not Available,Not Available,Not Available,Not Available,Not Available,Not Available,,Available,0,8,0,1,0,2,15,2,308,44,265,0,44,0,0,0,BRAHMAPURI,7,7806.901801,7806.901801,3629130.198,Administrative Boundary,Survey of India (SOI),"Maharashtra
",4,4192,0.467326961,11.68317404,Low,2.334369676616469,Mohadi Hospital,hospital,345.25,0.0,0.0,13.649122698624414,0,31.351794835935486,18.452699091394976,100.0,50.0,54.549707566208134,50.0,4,Low,37.37,Moderate,12.54,3.69,13.64,7.5,39.08,36.5,Moderate,38,"Drinking Water, Drainage, Evacuation Preparedness","Priority is influenced by water-service gap, drainage-service gap."
145,1,1,1,4060,40884,40884,107419,Halda,540857,Brahmapuri,118.0,Brahmapuri,4067,Brahmapuri,Chandrapur,473,CHANDRAPUR,MH,27,India,Rural,930,3555,3.82258065,1478,1769,1786,,,,Available,Available,Available,Available,Available,,Not Available,Not Available,,Available,Not Available,Not Available,Not Available,Not Available,Not Available,Available,Not Available,Not Available,,Available,424,75,145,10,0,16,11,47,749,193,557,0,0,193,0,0,BRAHMAPURI,37,15857.48583,15857.48583,15953891.91,Administrative Boundary,Survey of India (SOI),"Maharashtra
",17,4060,0.663181159,3.901065639,Low,12.855352267135872,SDH Armori,hospital,209.11764705882354,193.0,0.0,75.81793138155226,0,10.467799110008151,11.176784984437388,56.13636363636363,50.0,60.65143167263863,50.0,3,High,29.09,Moderate,4.19,2.24,15.16,7.5,35.77,28.19,Moderate,120,"Healthcare, Drinking Water, Drainage, Evacuation Preparedness","Priority is influenced by limited healthcare accessibility, water-service gap, drainage-service gap."
146,1,1,1,3115,39914,39914,106449,Reserved Forest,999999,,,Sawali,4068,,Chandrapur,473,,MH,27,India,Rural,0,0,0.0,0,0,0,,,,,,,,,,,,,,,,,,,,,,,,0,0,0,0,0,0,0,0,0,0,0,0,0,0,0,0,,0,18090.20169,18090.20169,8349442.09,Administrative Boundary,Survey of India (SOI),"Maharashtra
",9,3115,0.019865797,0.220731081,Low,2.7838169467290927,"Government Hospital, Kanpa",hospital,0.0,0.0,0.0,16.304920397013767,0,0.5912865739738087,0.0,100.0,50.0,55.434973465671256,50.0,4,Low,21.6,Low,0.24,0.0,13.86,7.5,27.84,19.65,Low,194,"Drinking Water, Drainage, Evacuation Preparedness","Priority is influenced by water-service gap, drainage-service gap."
147,1,1,1,4585,41839,41839,108374,Parsodi Jani,540773,Brahmapuri,118.0,Brahmapuri,4067,Brahmapuri,Chandrapur,473,CHANDRAPUR,MH,27,India,Rural,69,299,4.33333333,114,163,136,,,,Not Available,Not Available,Available,Available,Available,,Available,Available,,Not Available,Not Available,Not Available,Not Available,Not Available,Not Available,Not Available,Not Available,Not Available,,Available,5,0,16,1,0,0,0,0,91,27,64,0,0,27,0,0,BRAHMAPURI,3,7396.05311,7396.05311,1681203.371,Administrative Boundary,Survey of India (SOI),"Maharashtra
",2,4585,0.064062273,3.203113654,Low,3.034029404811349,Akshay Nursing Home,hospital,149.5,27.0,0.0,17.783433482912994,0,8.594781475125362,7.990379476215927,93.86363636363636,50.0,53.88235661551645,50.0,4,Low,26.01,Moderate,3.44,1.6,13.47,7.5,31.06,24.31,Low,160,"Drinking Water, Drainage, Evacuation Preparedness","Priority is influenced by water-service gap, drainage-service gap."
148,1,1,1,3005,39802,39802,106337,Weltur Tukum,539233,Chamorshi,109.0,Chamorshi,4058,Chamorshi,Gadchiroli,475,GADCHIROLI,MH,27,India,Rural,176,762,4.32954545,256,373,389,,,,Available,Available,Available,Available,Available,,Available,Available,,Available,Available,Not Available,Not Available,Not Available,Available,Not Available,Not Available,Not Available,,Available,0,87,0,14,3,0,0,1,151,109,42,108,1,0,0,0,MUL,16,8896.726222,8896.726222,3839467.268,Administrative Boundary,Survey of India (SOI),"Maharashtra
",4,3005,0.061547393,1.538684818,Low,9.80665226638158,Balprabha Hospital,hospital,190.5,0.0,0.0,57.80306960910458,0,4.128135303418532,10.181721004810262,100.0,50.0,69.26768986970153,50.0,1,Very Low,28.5,Moderate,1.65,2.04,17.32,7.5,38.51,28.32,Moderate,117,"Healthcare, Drinking Water, Drainage, Evacuation Preparedness","Priority is influenced by limited healthcare accessibility, water-service gap, drainage-service gap."
149,1,1,1,4326,41169,41169,107704,Arsoda,538516,Armori,104.0,Armori,4053,Armori,Gadchiroli,475,GADCHIROLI,MH,27,India,Rural,660,2621,3.97121212,551,1345,1276,,,,Available,Available,Available,Available,Available,,Available,Available,,Available,Available,Not Available,Not Available,Not Available,Available,Available,Not Available,Not Available,,Available,53,108,0,10,0,31,5,5,338,271,67,270,1,0,0,0,DESAIGANJ,20,10503.12115,10503.12115,4742420.463,Administrative Boundary,Survey of India (SOI),"Maharashtra
",5,4326,0.235203621,4.70407242,Low,2.9799352427739385,SDH Armori,hospital,524.2,0.0,0.0,17.46378942099833,0,12.622740845353258,28.017103153393908,100.0,50.0,55.821263140332775,50.0,4,Low,32.11,Moderate,5.05,5.6,13.96,7.5,38.84,31.28,Moderate,80,"Drinking Water, Drainage, Evacuation Preparedness","Priority is influenced by water-service gap, drainage-service gap."
150,1,1,1,4100,40931,40931,107466,Wasa Chak No 2,539097,Gadchiroli,108.0,Gadchiroli,4057,Gadchiroli,Gadchiroli,475,GADCHIROLI,MH,27,India,Rural,73,254,3.47945205,230,124,130,,,,Not Available,Not Available,Available,Available,Available,,Available,Available,,Available,Available,Not Available,Not Available,Not Available,Not Available,Available,Not Available,Not Available,,Available,0,18,0,50,0,20,12,3,126,38,88,0,0,36,0,2,GADCHIROLI,15,5961.420311,5961.420311,1917648.89,Administrative Boundary,Survey of India (SOI),"Maharashtra
",2,4100,0.082940389,4.147019455,Low,13.402102316444134,Janatal Hospital,hospital,127.0,36.0,0.0,79.04869418534743,0,11.127838546295042,6.787814003206841,91.81818181818181,50.0,73.6222920011764,50.0,1,Very Low,31.71,Moderate,4.45,1.36,18.41,7.5,41.07,32.0,Moderate,71,"Healthcare, Drinking Water, Drainage, Evacuation Preparedness","Priority is influenced by limited healthcare accessibility, water-service gap, drainage-service gap."
151,1,1,1,2737,39538,39538,106073,Pipari Deshpande,541468,Pombhurna,124.0,Pombhurna,4073,Pombhurna,Chandrapur,473,CHANDRAPUR,MH,27,India,Rural,280,1094,3.90714286,727,568,526,,,,Not Available,Not Available,Available,Available,Available,,Available,Available,,Not Available,Not Available,Not Available,Not Available,Not Available,Available,Not Available,Not Available,Not Available,,Available,0,0,0,73,0,115,0,0,540,82,458,0,70,0,0,12,MUL,32,10685.90538,10685.90538,7663754.663,Administrative Boundary,Survey of India (SOI),"Maharashtra
",8,2737,0.008057646,0.100720577,Low,14.602629428925916,,,136.75,0.0,0.0,86.142645699135,0,0.2692274707775173,7.308925708177445,100.0,50.0,78.71421523304501,50.0,1,Very Low,28.75,Moderate,0.11,1.46,19.68,7.5,41.6,29.34,Moderate,104,"Healthcare, Drinking Water, Drainage, Evacuation Preparedness","Priority is influenced by limited healthcare accessibility, water-service gap, drainage-service gap."
152,1,1,1,4672,41928,41928,108463,Sawargaon,537506,Lakhandur,94.0,Lakhandur,4043,Lakhandur,Bhandara,471,BHANDARA,MH,27,India,Rural,122,492,4.03278689,264,235,257,,,,Not Available,Not Available,Available,Available,Available,,Available,Available,,Available,Available,Not Available,Not Available,Not Available,Not Available,Not Available,Available,Not Available,,Available,0,26,0,0,0,0,2,0,235,90,145,0,90,0,0,0,Desaiganj,20,7352.165579,7352.165579,2869311.642,Administrative Boundary,Survey of India (SOI),"Maharashtra
",3,4672,0.033250051,1.108335044,Low,4.764876100633974,Sub District Hospital,hospital,164.0,0.0,0.0,28.01105967336393,0,2.9732525418632045,8.76536611437734,100.0,50.0,59.337019891121315,50.0,4,Low,25.28,Moderate,1.19,1.75,14.83,7.5,32.89,24.03,Low,162,"Drinking Water, Drainage, Evacuation Preparedness","Priority is influenced by water-service gap, drainage-service gap."
153,1,1,1,4162,40995,40995,107530,Surbodi,540744,Brahmapuri,118.0,Brahmapuri,4067,Brahmapuri,Chandrapur,473,CHANDRAPUR,MH,27,India,Rural,231,899,3.89177489,299,455,444,,,,Not Available,Not Available,Available,Not Available,Not Available,,Available,Available,,Available,Available,Not Available,Not Available,Not Available,Not Available,Not Available,Not Available,Not Available,,Available,0,24,9,1,0,3,2,3,258,109,149,0,109,0,0,0,BRAHMAPURI,8,6300.017981,6300.017981,2107533.786,Administrative Boundary,Survey of India (SOI),"Maharashtra
",2,4162,0.081823918,4.091195879,Low,4.74291770701866,"Vikttubaba physiotherapy clinic, wadsa",hospital,449.5,0.0,0.0,27.881306852283792,0,10.978030902592705,24.02458578300374,100.0,50.0,59.29376895076126,50.0,4,Low,31.52,Moderate,4.39,4.8,14.82,7.5,39.05,30.89,Moderate,87,"Drinking Water, Drainage, Evacuation Preparedness","Priority is influenced by water-service gap, drainage-service gap."
154,1,1,1,4307,41149,41149,107684,Deulgaon,538574,Armori,104.0,Armori,4053,Armori,Gadchiroli,475,GADCHIROLI,MH,27,India,Rural,419,1691,4.03579952,987,844,847,,,,Not Available,Not Available,Available,Available,Available,,Available,Available,,Available,Available,Not Available,Not Available,Not Available,Available,Available,Not Available,Not Available,,Available,233,111,133,20,0,68,0,0,421,229,192,0,195,34,0,0,DESAIGANJ,28,11419.25848,11419.25848,7397932.652,Administrative Boundary,Survey of India (SOI),"Maharashtra
",8,4307,2.623238898,32.79048622,High,7.48474082680628,SDH Armori,hospital,211.375,34.0,0.0,44.08282372677277,0,87.99518691414023,11.297434526990914,92.27272727272728,50.0,62.11851699983335,50.0,0,Very High,60.49,High,35.2,2.26,15.53,7.5,52.05,61.3,High,4,"Drinking Water, Drainage, Evacuation Preparedness, Emergency Flood Response","Priority is influenced by high flood exposure, water-service gap, drainage-service gap."
155,1,1,1,4292,41134,41134,107669,Awalgaon,540840,Brahmapuri,118.0,Brahmapuri,4067,Brahmapuri,Chandrapur,473,CHANDRAPUR,MH,27,India,Rural,1064,4114,3.86654135,1714,2038,2076,,,,Available,Available,Available,Available,Available,,Available,Available,,Not Available,Not Available,Not Available,Not Available,Not Available,Available,Available,Not Available,Not Available,,Available,710,230,0,20,0,0,0,54,701,249,452,0,5,240,0,4,BRAHMAPURI,28,18107.89066,18107.89066,19321749.18,Administrative Boundary,Survey of India (SOI),"Maharashtra
",20,4292,2.81230361,14.06151805,Low,9.061695421754148,SDH Armori,hospital,205.7,240.0,0.0,53.401096775083005,0,37.734297312159335,10.994120791020844,45.45454545454546,50.0,49.61854740987616,50.0,3,High,37.2,Moderate,15.09,2.2,12.4,7.5,35.65,35.74,Moderate,39,"Healthcare, Drainage, Evacuation Preparedness","Priority is influenced by limited healthcare accessibility, drainage-service gap."
156,1,1,1,4654,41908,41908,108443,Asola,537504,Lakhandur,94.0,Lakhandur,4043,Lakhandur,Bhandara,471,BHANDARA,MH,27,India,Rural,450,1827,4.06,587,899,928,,,,Not Available,Not Available,Available,Available,Available,,Available,Available,,Available,Available,Not Available,Not Available,Not Available,Not Available,Not Available,Not Available,Not Available,,Available,0,63,0,2,0,0,5,0,518,217,300,0,217,0,0,0,Desaiganj,20,10155.93129,10155.93129,5707655.075,Administrative Boundary,Survey of India (SOI),"Maharashtra
",6,4654,0.003573174,0.059552908,Low,3.5018564159383656,"Rural Hospital, Lakhandur",hospital,304.5,0.0,0.0,20.5478376344482,0,0.15875028655686135,16.274719401389632,100.0,50.0,56.84927921148273,50.0,4,Low,25.03,Moderate,0.06,3.25,14.21,7.5,33.34,23.71,Low,164,"Drinking Water, Drainage, Evacuation Preparedness","Priority is influenced by water-service gap, drainage-service gap."
157,1,1,1,2996,39794,39794,106329,Dotkuli,539223,Chamorshi,109.0,Chamorshi,4058,Chamorshi,Gadchiroli,475,GADCHIROLI,MH,27,India,Rural,246,1020,4.14634146,466,509,511,,,,Not Available,Not Available,Available,Available,Available,,Available,Available,,Not Available,Not Available,Not Available,Not Available,Not Available,Available,Not Available,Not Available,Not Available,,Available,20,80,3,0,0,0,0,25,338,248,90,236,0,0,0,12,MUL,24,13096.94569,13096.94569,6798983.925,Administrative Boundary,Survey of India (SOI),"Maharashtra
",7,2996,0.038648567,0.552122379,Low,10.44099892476714,Balprabha Hospital,hospital,145.71428571428572,0.0,0.0,61.551443461501535,0,1.4806052642855747,7.788043063296938,100.0,50.0,70.51714782050051,50.0,1,Very Low,27.28,Moderate,0.59,1.56,17.63,7.5,37.89,27.09,Moderate,131,"Healthcare, Drinking Water, Drainage, Evacuation Preparedness","Priority is influenced by limited healthcare accessibility, water-service gap, drainage-service gap."
158,1,1,1,4363,41207,41207,107742,Dongarsawangi,538573,Armori,104.0,Armori,4053,Armori,Gadchiroli,475,GADCHIROLI,MH,27,India,Rural,328,1402,4.27439024,570,712,690,,,,Not Available,Not Available,Available,Available,Available,,Available,Available,,Available,Available,Not Available,Not Available,Not Available,Available,Available,Not Available,Not Available,,Available,0,208,0,3,0,2,0,0,357,94,263,0,9,85,0,0,DESAIGANJ,29,9988.168424,9988.168424,6418737.439,Administrative Boundary,Survey of India (SOI),"Maharashtra
",7,4363,0.596606987,8.522956958,Low,8.994716074597141,SDH Armori,hospital,200.28571428571428,85.0,0.0,53.00531375925864,0,22.871064854712166,10.704741543865007,80.68181818181819,50.0,61.22904398035894,50.0,1,Very Low,34.1,Moderate,9.15,2.14,15.31,7.5,38.4,33.5,Moderate,53,"Healthcare, Drinking Water, Drainage, Evacuation Preparedness","Priority is influenced by limited healthcare accessibility, water-service gap, drainage-service gap."
159,1,1,1,4703,42019,42019,108554,Amgaon,538470,Desaiganj (Vadasa),103.0,Desaiganj (Vadasa),4052,Desaiganj (Vadasa),Gadchiroli,475,GADCHIROLI,MH,27,India,Rural,1007,4021,3.99304866,1474,2043,1978,,,,Available,Available,Available,Available,Available,,Available,Available,,Not Available,Not Available,Not Available,Not Available,Not Available,Available,Available,Not Available,Not Available,,Available,82,318,0,30,0,88,3,12,940,554,386,524,11,0,0,19,DESAIGANJ,3,18278.97246,18278.97246,13417441.36,Administrative Boundary,Survey of India (SOI),"Maharashtra
",14,4703,0.391170955,2.794078249,Low,1.890016176175484,Dr. Paapadkar Hospital,hospital,287.2142857142857,0.0,0.0,11.023424241391142,0,7.497097761457834,15.35084370466519,100.0,50.0,53.674474747130375,50.0,4,Low,26.99,Moderate,3.0,3.07,13.42,7.5,32.94,25.47,Moderate,145,"Drinking Water, Drainage, Evacuation Preparedness","Priority is influenced by water-service gap, drainage-service gap."
160,1,1,1,3031,39827,39827,106362,Chak Upri Alias Madhe Bhansi,540961,Sawali,119.0,Sawali,4068,Sawali,Chandrapur,473,CHANDRAPUR,MH,27,India,Rural,0,0,0.0,487,0,0,,,,,,,,,,,,,,,,,,,,,,,,0,12,0,28,0,36,0,4,407,57,350,0,0,56,0,1,,0,10438.42041,10438.42041,6305126.163,Administrative Boundary,Survey of India (SOI),"Maharashtra
",7,3031,0.042131821,0.601883154,Low,13.87330497736299,Balprabha Hospital,hospital,0.0,56.0,0.0,81.83304515499434,0,1.6141428300544214,0.0,87.27272727272728,50.0,73.0352574759072,50.0,1,Very Low,26.4,Moderate,0.65,0.0,18.26,7.5,36.84,26.24,Moderate,137,"Healthcare, Drinking Water, Drainage, Evacuation Preparedness","Priority is influenced by limited healthcare accessibility, water-service gap, drainage-service gap."
161,1,1,1,4580,41832,41832,108367,Kothulna,540747,Brahmapuri,118.0,Brahmapuri,4067,Brahmapuri,Chandrapur,473,CHANDRAPUR,MH,27,India,Rural,140,536,3.82857143,172,262,274,,,,Not Available,Not Available,Available,Available,Available,,Available,Available,,Not Available,Not Available,Not Available,Not Available,Not Available,Not Available,Not Available,Not Available,Not Available,,Available,0,5,0,0,1,3,1,0,162,27,135,0,27,0,0,0,BRAHMAPURI,4,7321.987168,7321.987168,2100112.764,Administrative Boundary,Survey of India (SOI),"Maharashtra
",2,4580,0.138992381,6.949619026,Low,2.8130211990635536,Akshay Nursing Home,hospital,268.0,0.0,0.0,16.477489219411126,0,18.648869409181604,14.323890967397112,100.0,50.0,55.49249640647037,50.0,4,Low,31.7,Moderate,7.46,2.86,13.87,7.5,35.77,30.55,Moderate,95,"Drinking Water, Drainage, Evacuation Preparedness","Priority is influenced by water-service gap, drainage-service gap."
162,1,1,1,4064,40888,40888,107423,Karoli,540866,Sawali,119.0,Sawali,4068,Sawali,Chandrapur,473,CHANDRAPUR,MH,27,India,Rural,235,878,3.73617021,415,429,449,,,,Not Available,Not Available,Available,Available,Available,,Available,Available,,Not Available,Not Available,Not Available,Not Available,Not Available,Available,Not Available,Not Available,Not Available,,Available,70,60,2,40,0,11,0,0,232,220,12,191,1,17,0,11,MUL,47,11609.29937,11609.29937,7715660.39,Administrative Boundary,Survey of India (SOI),"Maharashtra
",8,4064,0.492365847,6.154573084,Low,11.201026694701108,Janatal Hospital,hospital,109.75,17.0,0.0,66.04247085520853,0,16.515291309381517,5.865847140566542,96.13636363636364,50.0,70.72627816385739,50.0,1,Very Low,32.96,Moderate,6.61,1.17,17.68,7.5,40.43,33.04,Moderate,58,"Healthcare, Drinking Water, Drainage, Evacuation Preparedness","Priority is influenced by limited healthcare accessibility, water-service gap, drainage-service gap."
163,1,1,1,4118,40947,40947,107482,Katali,539105,Gadchiroli,108.0,Gadchiroli,4057,Gadchiroli,Gadchiroli,475,GADCHIROLI,MH,27,India,Rural,316,1188,3.75949367,543,623,565,,,,Available,Available,Not Available,Not Available,Not Available,,Available,Available,,Not Available,Not Available,Not Available,Not Available,Not Available,Not Available,Not Available,Not Available,Not Available,,Available,119,97,0,80,0,10,23,25,190,106,84,0,4,0,102,0,GADCHIROLI,12,11055.08617,11055.08617,5702909.573,Administrative Boundary,Survey of India (SOI),"Maharashtra
",6,4118,0.078940468,1.315674458,Low,4.936964344069311,Janatal Hospital,hospital,198.0,0.0,0.0,29.0279343797581,0,3.5296667181596777,10.582576162479958,100.0,50.0,59.67597812658604,50.0,4,Low,25.95,Moderate,1.41,2.12,14.92,7.5,33.72,24.8,Low,155,"Drinking Water, Drainage, Evacuation Preparedness","Priority is influenced by water-service gap, drainage-service gap."
164,1,1,1,4107,40938,40938,107473,Porla,539099,Gadchiroli,108.0,Gadchiroli,4057,Gadchiroli,Gadchiroli,475,GADCHIROLI,MH,27,India,Rural,1052,4005,3.80703422,1485,2061,1944,,,,Available,Available,Available,Available,Available,,Available,Available,,Available,Available,Not Available,Not Available,Not Available,Available,Available,Not Available,Not Available,,Available,220,180,0,21,0,1,50,5,1008,218,790,0,10,200,0,8,GADCHIROLI,14,17321.00538,17321.00538,18451232.67,Administrative Boundary,Survey of India (SOI),"Maharashtra
",19,4107,1.2028156,6.330608423,Low,9.66312224262801,Janatal Hospital,hospital,210.78947368421052,200.0,0.0,56.95494629835673,0,16.987698153112422,11.266139694506174,54.54545454545455,50.0,53.8334669479371,50.0,3,High,30.01,Moderate,6.8,2.25,13.46,7.5,33.69,28.57,Moderate,113,"Healthcare, Drinking Water, Drainage, Evacuation Preparedness","Priority is influenced by limited healthcare accessibility, water-service gap, drainage-service gap."
165,1,1,1,3055,39852,39852,106387,Govindpur,539183,Gadchiroli,108.0,Gadchiroli,4057,Gadchiroli,Gadchiroli,475,GADCHIROLI,MH,27,India,Rural,315,1189,3.77460317,544,594,595,,,,Available,Available,Available,Available,Available,,Available,Available,,Not Available,Not Available,Not Available,Not Available,Not Available,Available,Available,Not Available,Not Available,,Available,69,14,32,10,0,79,39,26,276,230,45,0,0,230,0,0,GADCHIROLI,15,20540.87817,20540.87817,20523309.39,Administrative Boundary,Survey of India (SOI),"Maharashtra
",21,3055,0.329107449,1.567178327,Low,10.673349845370934,"Government Hospital, Mulchera",hospital,56.61904761904762,230.0,0.0,62.924412174835965,0,4.204600226484395,3.026138301392176,47.72727272727273,50.0,53.55056163403623,50.0,3,High,23.17,Low,1.68,0.61,13.39,7.5,28.52,21.2,Low,186,"Healthcare, Drainage, Evacuation Preparedness","Priority is influenced by limited healthcare accessibility, drainage-service gap."
166,1,1,1,4287,41129,41129,107664,Nilaj,540806,Brahmapuri,118.0,Brahmapuri,4067,Brahmapuri,Chandrapur,473,CHANDRAPUR,MH,27,India,Rural,352,1557,4.42329545,349,801,756,,,,Not Available,Not Available,Available,Available,Available,,Available,Available,,Available,Available,Not Available,Not Available,Not Available,Not Available,Not Available,Not Available,Not Available,,Available,0,1,59,4,0,65,0,0,220,76,143,0,24,0,0,52,BRAHMAPURI,21,7247.210205,7247.210205,3235818.716,Administrative Boundary,Survey of India (SOI),"Maharashtra
",3,4287,0.118847082,3.961569397,Low,7.012271293226318,SDH Armori,hospital,519.0,0.0,0.0,41.290986767731226,0,10.630166447799562,27.73917691074292,100.0,50.0,63.76366225591041,50.0,4,Low,33.24,Moderate,4.25,5.55,15.94,7.5,42.33,33.16,Moderate,56,"Drinking Water, Drainage, Evacuation Preparedness","Priority is influenced by water-service gap, drainage-service gap."
167,1,1,1,2743,39543,39543,106078,Dewada Bk,541469,Pombhurna,124.0,Pombhurna,4073,Pombhurna,Chandrapur,473,CHANDRAPUR,MH,27,India,Rural,311,1233,3.96463023,726,639,594,,,,Not Available,Not Available,Available,Available,Available,,Available,Available,,Available,Available,Not Available,Not Available,Not Available,Available,Not Available,Not Available,Not Available,,Available,79,0,71,0,0,0,0,11,565,44,521,0,44,0,0,0,MUL,27,12372.28738,12372.28738,6974053.109,Administrative Boundary,Survey of India (SOI),"Maharashtra
",7,2743,0.049763997,0.710914246,Low,11.81360102647152,,,176.14285714285714,0.0,0.0,69.66219136213384,0,1.90673768250194,9.414369702985416,100.0,50.0,73.22073045404461,50.0,1,Very Low,28.45,Moderate,0.76,1.88,18.31,7.5,39.82,28.59,Moderate,111,"Healthcare, Drinking Water, Drainage, Evacuation Preparedness","Priority is influenced by limited healthcare accessibility, water-service gap, drainage-service gap."
168,1,1,1,4203,41036,41036,107571,Dhanoli Tukum,540783,Brahmapuri,118.0,Brahmapuri,4067,Brahmapuri,Chandrapur,473,CHANDRAPUR,MH,27,India,Rural,0,0,0.0,403,0,0,,,,,,,,,,,,,,,,,,,,,,,,45,0,29,1,0,9,0,3,315,102,213,0,2,100,0,0,,0,12397.41119,12397.41119,4500796.636,Administrative Boundary,Survey of India (SOI),"Maharashtra
",5,4203,0.102644519,2.052890387,Low,4.289063800947016,,hospital,0.0,100.0,0.0,25.19947020691258,0,5.508052718069827,0.0,77.27272727272728,50.0,50.82406582654662,50.0,4,Low,22.41,Low,2.2,0.0,12.71,7.5,26.51,20.1,Low,192,"Drinking Water, Drainage, Evacuation Preparedness","Priority is influenced by water-service gap, drainage-service gap."
169,1,1,1,4167,41000,41000,107535,Zilbodi,540772,Brahmapuri,118.0,Brahmapuri,4067,Brahmapuri,Chandrapur,473,CHANDRAPUR,MH,27,India,Rural,135,538,3.98518519,153,258,280,,,,Not Available,Not Available,Available,Available,Available,,Available,Available,,Not Available,Not Available,Not Available,Not Available,Not Available,Not Available,Not Available,Not Available,Not Available,,Available,0,0,13,0,0,0,0,4,135,22,113,0,22,0,0,0,BRAHMAPURI,3,6398.17521,6398.17521,1606451.855,Administrative Boundary,Survey of India (SOI),"Maharashtra
",2,4167,0.004812165,0.240608262,Low,3.078471693115709,Akshay Nursing Home,hospital,269.0,0.0,0.0,18.04604432702892,0,0.6446287971422937,14.377338321753072,100.0,50.0,56.01534810900964,50.0,4,Low,24.64,Low,0.26,2.88,14.0,7.5,32.45,23.18,Low,169,"Drinking Water, Drainage, Evacuation Preparedness","Priority is influenced by water-service gap, drainage-service gap."
170,1,1,1,2986,39784,39784,106319,Vichora,540914,Sawali,119.0,Sawali,4068,Sawali,Chandrapur,473,CHANDRAPUR,MH,27,India,Rural,160,657,4.10625,311,319,338,,,,Not Available,Not Available,Available,Available,Available,,Available,Available,,Not Available,Not Available,Not Available,Not Available,Not Available,Not Available,Not Available,Not Available,Not Available,,Available,0,13,0,2,0,3,17,16,261,182,79,165,2,0,0,16,MUL,27,9822.262012,9822.262012,3257848.866,Administrative Boundary,Survey of India (SOI),"Maharashtra
",3,2986,0.536150803,17.87169343,Moderate,11.48328644747348,Dr. Mallick Hospital,hospital,219.0,0.0,0.0,67.71035238794757,0,47.9592495038724,11.704970603955104,100.0,50.0,72.5701174626492,50.0,0,Very High,47.17,Moderate,19.18,2.34,18.14,7.5,49.39,48.23,Moderate,12,"Healthcare, Drinking Water, Drainage, Evacuation Preparedness","Priority is influenced by limited healthcare accessibility, water-service gap, drainage-service gap."
171,1,1,1,4286,41128,41128,107663,Rui,540805,Brahmapuri,118.0,Brahmapuri,4067,Brahmapuri,Chandrapur,473,CHANDRAPUR,MH,27,India,Rural,420,1709,4.06904762,417,890,819,,,,Not Available,Not Available,Available,Available,Available,,Available,Available,,Not Available,Not Available,Not Available,Not Available,Not Available,Not Available,Not Available,Not Available,Not Available,,Available,0,1,15,13,0,48,0,0,339,87,252,0,25,0,0,62,BRAHMAPURI,21,9295.817691,9295.817691,4746723.19,Administrative Boundary,Survey of India (SOI),"Maharashtra
",5,4286,0.297315386,5.946307724,Low,8.227402286719038,SDH Armori,hospital,341.8,0.0,0.0,48.47123306214273,0,15.956392272773417,18.268305718866916,100.0,50.0,66.15707768738092,50.0,4,Low,34.08,Moderate,6.38,3.65,16.54,7.5,41.75,34.06,Moderate,49,"Drinking Water, Drainage, Evacuation Preparedness","Priority is influenced by water-service gap, drainage-service gap."
172,1,1,1,4365,41208,41208,107743,Mulur Rith,538514,Armori,104.0,Armori,4053,Armori,Gadchiroli,475,GADCHIROLI,MH,27,India,Rural,0,0,0.0,230,0,0,,,,,,,,,,,,,,,,,,,,,,,,10,64,0,4,0,3,10,2,137,93,45,92,0,0,0,1,,0,11189.1894,11189.1894,4510288.401,Administrative Boundary,Survey of India (SOI),"Maharashtra
",5,4365,0.31869716,6.373943208,Low,5.427834205570893,SDH Armori,hospital,0.0,0.0,0.0,31.928499440611464,0,17.10399099023195,0.0,100.0,50.0,60.64283314687049,50.0,4,Low,29.5,Moderate,6.84,0.0,15.16,7.5,33.74,28.41,Moderate,116,"Drinking Water, Drainage, Evacuation Preparedness","Priority is influenced by water-service gap, drainage-service gap."
173,1,1,1,4347,41190,41190,107725,Peth Tukum,538586,Armori,104.0,Armori,4053,Armori,Gadchiroli,475,GADCHIROLI,MH,27,India,Rural,157,612,3.89808917,322,307,305,,,,Not Available,Not Available,Available,Available,Available,,Available,Available,,Available,Available,Not Available,Not Available,Not Available,Not Available,Available,Not Available,Not Available,,Available,120,3,41,11,0,4,0,0,143,87,57,0,2,85,0,0,DESAIGANJ,28,8062.853649,8062.853649,3221878.198,Administrative Boundary,Survey of India (SOI),"Maharashtra
",3,4347,0.232129592,7.737653069,Low,8.916693342473618,SDH Armori,hospital,204.0,85.0,0.0,52.54427504309561,0,20.76363044023875,10.903260288615714,80.68181818181819,50.0,61.0753644083046,50.0,1,Very Low,33.25,Moderate,8.31,2.18,15.27,7.5,37.96,32.6,Moderate,62,"Healthcare, Drinking Water, Drainage, Evacuation Preparedness","Priority is influenced by limited healthcare accessibility, water-service gap, drainage-service gap."
174,1,1,1,4049,40874,40874,107409,Dabgaon Maushi,540908,Sawali,119.0,Sawali,4068,Sawali,Chandrapur,473,CHANDRAPUR,MH,27,India,Rural,231,896,3.87878788,537,452,444,,,,Not Available,Not Available,Available,Available,Available,,Available,Available,,Available,Not Available,Not Available,Not Available,Not Available,Not Available,Not Available,Not Available,Not Available,,Available,0,81,0,65,0,0,0,13,377,301,76,293,1,0,0,7,MUL,31,16214.18577,16214.18577,7283379.525,Administrative Boundary,Survey of India (SOI),"Maharashtra
",8,4049,2.182280262,27.27850328,Moderate,10.222566543579918,Nobel Multispeciality Hospital,hospital,112.0,0.0,0.0,60.26071982429851,0,73.20327934503564,5.986103687867451,100.0,50.0,70.08690660809951,50.0,0,Very High,55.5,High,29.28,1.2,17.52,7.5,51.48,56.65,High,6,"Healthcare, Drinking Water, Drainage, Evacuation Preparedness, Emergency Flood Response","Priority is influenced by high flood exposure, limited healthcare accessibility, water-service gap, drainage-service gap."
175,1,1,1,3022,39818,39818,106353,Vyahad Bk,540918,Sawali,119.0,Sawali,4068,Sawali,Chandrapur,473,CHANDRAPUR,MH,27,India,Rural,1089,4241,3.89439853,2082,2142,2099,,,,Available,Available,Available,Available,Available,,Available,Available,,Available,Available,Not Available,Not Available,Not Available,Available,Available,Not Available,Not Available,,Available,925,270,0,16,0,31,0,82,759,488,271,274,2,202,0,10,MUL,28,10873.12985,10873.12985,3551602.186,Administrative Boundary,Survey of India (SOI),"Maharashtra
",4,3022,0.166494712,4.162367803,Low,9.881496513394277,Dr. Mallick Hospital,hospital,1060.25,202.0,0.0,58.24532655930076,0,11.169027234182103,56.667557455905936,54.090909090909086,50.0,54.11207855006995,50.0,2,Moderate,36.83,Moderate,4.47,11.33,13.53,7.5,46.29,36.66,Moderate,36,"Healthcare, Drinking Water, Drainage, Evacuation Preparedness","Priority is influenced by high population exposure, limited healthcare accessibility, water-service gap, drainage-service gap."
176,1,1,1,4111,40949,40949,107484,Katali Chak,539104,Gadchiroli,108.0,Gadchiroli,4057,Gadchiroli,Gadchiroli,475,GADCHIROLI,MH,27,India,Rural,79,288,3.64556962,90,148,140,,,,Available,Available,Available,Available,Available,,Available,Available,,Not Available,Not Available,Not Available,Not Available,Not Available,Not Available,Not Available,Not Available,Not Available,,Available,0,12,0,7,0,6,14,0,52,20,31,0,20,0,0,0,GADCHIROLI,14,4098.737653,4098.737653,1016858.356,Administrative Boundary,Survey of India (SOI),"Maharashtra
",1,4111,0.051269404,5.126940437,Low,6.062699192643517,Janatal Hospital,hospital,288.0,0.0,0.0,35.67993611311136,0,13.757545631486096,15.3928380545163,100.0,50.0,61.89331203770379,50.0,4,Low,31.55,Moderate,5.5,3.08,15.47,7.5,38.32,30.98,Moderate,84,"Drinking Water, Drainage, Evacuation Preparedness","Priority is influenced by water-service gap, drainage-service gap."
177,1,1,1,4124,40954,40954,107489,Sakhara,539109,Gadchiroli,108.0,Gadchiroli,4057,Gadchiroli,Gadchiroli,475,GADCHIROLI,MH,27,India,Rural,420,1526,3.63333333,749,774,752,,,,Not Available,Not Available,Available,Available,Available,,Available,Available,,Not Available,Not Available,Not Available,Not Available,Not Available,Available,Not Available,Not Available,Not Available,,Available,176,10,219,14,0,28,4,38,259,116,143,0,105,0,0,11,GADCHIROLI,9,12327.8738,12327.8738,8320900.491,Administrative Boundary,Survey of India (SOI),"Maharashtra
",9,4124,0.710728323,7.896981362,Low,2.594445406045958,Janatal Hospital,hospital,169.55555555555554,0.0,0.0,15.185918157305672,0,21.191202406417446,9.062295860799335,100.0,50.0,55.061972719101895,50.0,4,Low,31.55,Moderate,8.48,1.81,13.77,7.5,34.49,30.26,Moderate,96,"Drinking Water, Drainage, Evacuation Preparedness","Priority is influenced by water-service gap, drainage-service gap."
178,1,1,1,4154,40987,40987,107522,Wasa Chack No 1,539096,Gadchiroli,108.0,Gadchiroli,4057,Gadchiroli,Gadchiroli,475,GADCHIROLI,MH,27,India,Rural,0,0,0.0,193,0,0,,,,,,,,,,,,,,,,,,,,,,,,0,43,0,15,0,7,19,2,107,10,97,0,5,2,0,4,,0,6242.464729,6242.464729,2359926.819,Administrative Boundary,Survey of India (SOI),"Maharashtra
",2,4154,0.339155623,16.95778115,Moderate,13.077181463639151,SDH Armori,hospital,0.0,2.0,0.0,77.12872690459848,0,45.50668277440613,0.0,99.54545454545455,50.0,75.55806048335101,50.0,0,Very High,44.59,Moderate,18.2,0.0,18.89,7.5,46.88,45.56,Moderate,14,"Healthcare, Drinking Water, Drainage, Evacuation Preparedness","Priority is influenced by limited healthcare accessibility, water-service gap, drainage-service gap."
179,1,1,1,4337,41180,41180,107715,Dongargaon,538525,Armori,104.0,Armori,4053,Armori,Gadchiroli,475,GADCHIROLI,MH,27,India,Rural,493,1910,3.87423935,719,938,972,,,,Not Available,Not Available,Available,Available,Available,,Available,Available,,Not Available,Not Available,Not Available,Not Available,Not Available,Not Available,Not Available,Not Available,Not Available,,Available,70,7,73,0,0,24,64,16,465,82,383,0,0,3,0,78,DESAIGANJ,24,15721.65259,15721.65259,9391701.136,Administrative Boundary,Survey of India (SOI),"Maharashtra
",10,4337,1.423266963,14.23266963,Low,5.029781700447062,SDH Armori,hospital,191.0,3.0,0.0,29.57639498421754,0,38.19359814440505,10.208444681988242,99.31818181818181,50.0,59.63152560079978,50.0,0,Very High,39.73,Moderate,15.28,2.04,14.91,7.5,40.52,39.26,Moderate,25,"Drinking Water, Drainage, Evacuation Preparedness","Priority is influenced by water-service gap, drainage-service gap."
180,1,1,1,4651,41905,41905,108440,Vihirgaon,537515,Lakhandur,94.0,Lakhandur,4043,Lakhandur,Bhandara,471,BHANDARA,MH,27,India,Rural,49,220,4.48979592,318,112,108,,,,Not Available,Not Available,Available,Available,Available,,Available,Available,,Available,Available,Not Available,Not Available,Not Available,Not Available,Not Available,Not Available,Not Available,,Available,0,21,120,8,0,90,0,0,79,21,58,0,21,0,0,0,Desaiganj,18,6397.164006,6397.164006,2335462.234,Administrative Boundary,Survey of India (SOI),"Maharashtra
",2,4651,0.198838805,9.941940238,Low,3.15069295331853,"Government Hospital, Soni",hospital,110.0,0.0,0.0,18.472801967749195,0,26.67903555207156,5.879208979155532,100.0,50.0,56.157600655916404,50.0,4,Low,33.39,Moderate,10.67,1.18,14.04,7.5,35.18,32.21,Moderate,68,"Drinking Water, Drainage, Evacuation Preparedness","Priority is influenced by water-service gap, drainage-service gap."
181,1,1,1,4325,41168,41168,107703,Palora,538519,Armori,104.0,Armori,4053,Armori,Gadchiroli,475,GADCHIROLI,MH,27,India,Rural,130,540,4.15384615,561,269,271,,,,Not Available,Not Available,Available,Available,Available,,Available,Available,,Not Available,Not Available,Not Available,Not Available,Not Available,Available,Available,Not Available,Not Available,,Available,119,26,11,15,18,3,0,7,362,255,107,201,24,31,0,0,DESAIGANJ,21,10676.46923,10676.46923,4816134.833,Administrative Boundary,Survey of India (SOI),"Maharashtra
",5,4325,0.01123752,0.224750404,Low,2.606316325583099,SDH Armori,hospital,108.0,31.0,0.0,15.25606378479297,0,0.6020727928270869,5.772314270443613,92.95454545454545,50.0,52.73686974644614,50.0,4,Low,22.08,Low,0.24,1.15,13.18,7.5,28.22,20.04,Low,193,"Drinking Water, Drainage, Evacuation Preparedness","Priority is influenced by water-service gap, drainage-service gap."
182,1,1,1,4711,42026,42026,108561,Sawangi,538469,Desaiganj (Vadasa),103.0,Desaiganj (Vadasa),4052,Desaiganj (Vadasa),Gadchiroli,475,GADCHIROLI,MH,27,India,Rural,623,2498,4.00963082,1248,1282,1216,,,,Available,Available,Available,Available,Available,,Available,Available,,Available,Available,Not Available,Not Available,Not Available,Available,Available,Not Available,Not Available,,Available,393,173,184,4,11,0,56,14,413,217,196,172,1,0,0,43,DESAIGANJ,7,13052.61635,13052.61635,9263146.687,Administrative Boundary,Survey of India (SOI),"Maharashtra
",10,4711,0.729396114,7.293961142,Low,3.8541104709684726,"Government Hospital, Soni",hospital,249.8,0.0,0.0,22.629317645135217,0,19.57294279755495,13.351149118118656,100.0,50.0,57.54310588171174,50.0,4,Low,32.39,Moderate,7.83,2.67,14.39,7.5,36.69,31.43,Moderate,78,"Drinking Water, Drainage, Evacuation Preparedness","Priority is influenced by water-service gap, drainage-service gap."
183,1,1,1,2957,39753,39753,106288,Jibgaon,540957,Sawali,119.0,Sawali,4068,Sawali,Chandrapur,473,CHANDRAPUR,MH,27,India,Rural,402,1472,3.66169154,557,742,730,,,,Not Available,Not Available,Available,Available,Available,,Available,Available,,Not Available,Not Available,Not Available,Not Available,Not Available,Available,Available,Not Available,Not Available,,Available,0,211,0,0,0,0,0,6,339,279,61,120,159,0,0,0,MUL,30,10882.5026,10882.5026,5404030.586,Administrative Boundary,Survey of India (SOI),"Maharashtra
",6,2957,0.339842155,5.664035919,Low,7.312236082285238,"Rural Hospital, Saoli",hospital,245.33333333333334,0.0,0.0,43.06348790269395,0,15.198890209654852,13.112417601995368,100.0,50.0,64.35449596756466,50.0,4,Low,32.29,Moderate,6.08,2.62,16.09,7.5,39.15,31.92,Moderate,72,"Drinking Water, Drainage, Evacuation Preparedness","Priority is influenced by water-service gap, drainage-service gap."
184,1,1,1,2826,39623,39623,106158,Haladi Chak,539295,Chamorshi,109.0,Chamorshi,4058,Chamorshi,Gadchiroli,475,GADCHIROLI,MH,27,India,Rural,89,378,4.24719101,194,191,187,,,,Not Available,Not Available,Available,Available,Available,,Available,Available,,Not Available,Not Available,Not Available,Not Available,Not Available,Available,Not Available,Not Available,Not Available,,Available,0,46,22,0,0,0,0,0,126,0,126,0,0,0,0,0,GADCHIROLI,54,8670.088513,8670.088513,2906738.66,Administrative Boundary,Survey of India (SOI),"Maharashtra
",3,2826,0.026007476,0.866915855,Low,14.3614226829407,,,126.0,0.0,0.0,84.7173476421171,0,2.325382189583741,6.734366648850881,100.0,50.0,78.2391158807057,50.0,1,Very Low,29.34,Moderate,0.93,1.35,19.56,7.5,41.6,29.91,Moderate,100,"Healthcare, Drinking Water, Drainage, Evacuation Preparedness","Priority is influenced by limited healthcare accessibility, water-service gap, drainage-service gap."
185,1,1,1,4573,41826,41826,108361,Chikhalgaon,540739,Brahmapuri,118.0,Brahmapuri,4067,Brahmapuri,Chandrapur,473,CHANDRAPUR,MH,27,India,Rural,471,2012,4.27176221,284,1019,993,,,,Available,Available,Available,Available,Available,,Available,Available,,Available,Available,Not Available,Not Available,Not Available,Not Available,Not Available,Not Available,Not Available,,Available,0,10,78,2,0,1,8,1,184,25,158,0,25,0,0,0,BRAHMAPURI,9,6486.724524,6486.724524,2691822.028,Administrative Boundary,Survey of India (SOI),"Maharashtra
",3,4573,0.158362153,5.278738428,Low,2.401157170677734,"Vikttubaba physiotherapy clinic, wadsa",hospital,670.6666666666666,0.0,0.0,14.043772048624142,0,14.164909347319327,35.845358988063424,100.0,50.0,54.681257349541376,50.0,4,Low,34.01,Moderate,5.67,7.17,13.67,7.5,40.93,33.33,Moderate,54,"Drinking Water, Drainage, Evacuation Preparedness","Priority is influenced by water-service gap, drainage-service gap."
186,1,1,1,4205,41040,41040,107575,Gawarla Chak,540803,Brahmapuri,118.0,Brahmapuri,4067,Brahmapuri,Chandrapur,473,CHANDRAPUR,MH,27,India,Rural,66,233,3.53030303,404,122,111,,,,Not Available,Not Available,Available,Available,Available,,Available,Available,,Not Available,Not Available,Not Available,Not Available,Not Available,Not Available,Available,Not Available,Not Available,,Available,92,30,0,2,0,18,0,0,263,31,232,0,11,20,0,0,BRAHMAPURI,14,9511.778806,9511.778806,4840224.035,Administrative Boundary,Survey of India (SOI),"Maharashtra
",5,4205,0.012077017,0.241540335,Low,11.210817281630268,Akshay Nursing Home,hospital,46.6,20.0,0.0,66.1003237335358,0,0.647130099815712,2.4906467129877075,95.45454545454545,50.0,70.51828972936042,50.0,1,Very Low,25.89,Moderate,0.26,0.5,17.63,7.5,36.14,25.53,Moderate,143,"Healthcare, Drinking Water, Drainage, Evacuation Preparedness","Priority is influenced by limited healthcare accessibility, water-service gap, drainage-service gap."
187,1,1,1,3122,39921,39921,106456,Rajangatta,539284,Chamorshi,109.0,Chamorshi,4058,Chamorshi,Gadchiroli,475,GADCHIROLI,MH,27,India,Rural,42,157,3.73809524,43,83,74,,,,Available,Available,Available,Available,Available,,Available,Available,,Not Available,Not Available,Not Available,Not Available,Not Available,Not Available,Available,Not Available,Not Available,,Available,6,8,0,2,0,0,0,0,27,52,-25,52,0,0,0,0,GADCHIROLI,45,3731.0651,3731.0651,823741.0582,Administrative Boundary,Survey of India (SOI),"Maharashtra
",1,3122,0.004357646,0.435764622,Low,7.19267043900862,,,157.0,0.0,0.0,42.356970850891834,0,1.1683486399041623,8.391234633885624,100.0,50.0,64.11899028363061,50.0,4,Low,25.68,Moderate,0.47,1.68,16.03,7.5,34.81,24.86,Low,153,"Drinking Water, Drainage, Evacuation Preparedness","Priority is influenced by water-service gap, drainage-service gap."
188,1,1,1,3089,39886,39886,106421,Nachangaon,539265,Chamorshi,109.0,Chamorshi,4058,Chamorshi,Gadchiroli,475,GADCHIROLI,MH,27,India,Rural,58,248,4.27586207,39,128,120,,,,Not Available,Not Available,Available,Available,Available,,Available,Available,,Not Available,Not Available,Not Available,Not Available,Not Available,Not Available,Not Available,Not Available,Not Available,,Available,0,7,1,1,0,0,0,0,30,73,-43,30,0,0,0,43,GADCHIROLI,29,2712.112264,2712.112264,543666.6625,Administrative Boundary,Survey of India (SOI),"Maharashtra
",1,3089,0.047656425,4.765642541,Low,5.9538954824877575,Balprabha Hospital,hospital,248.0,0.0,0.0,35.03701165406307,0,12.78796986524761,13.254943880277924,100.0,50.0,61.67900388468769,50.0,4,Low,30.69,Moderate,5.12,2.65,15.42,7.5,37.37,30.01,Moderate,99,"Drinking Water, Drainage, Evacuation Preparedness","Priority is influenced by water-service gap, drainage-service gap."
189,1,1,1,4552,41807,41807,108342,Nandgaon Jani,540734,Brahmapuri,118.0,Brahmapuri,4067,Brahmapuri,Chandrapur,473,CHANDRAPUR,MH,27,India,Rural,511,2075,4.06066536,890,1069,1006,,,,Available,Available,Available,Available,Available,,Available,Available,,Available,Available,Not Available,Not Available,Not Available,Available,Not Available,Not Available,Not Available,,Available,0,15,154,3,4,33,8,24,650,65,586,0,65,0,0,0,BRAHMAPURI,8,11619.4972,11619.4972,7987303.611,Administrative Boundary,Survey of India (SOI),"Maharashtra
",8,4552,0.031661007,0.395762585,Low,6.225241102311558,Akshay Nursing Home,hospital,259.375,0.0,0.0,36.64040124060011,0,1.060999535177089,13.862907536076966,100.0,50.0,62.21346708020004,50.0,4,Low,26.25,Moderate,0.42,2.77,15.55,7.5,35.48,25.41,Moderate,147,"Drinking Water, Drainage, Evacuation Preparedness","Priority is influenced by water-service gap, drainage-service gap."
190,1,1,1,3091,39888,39888,106423,Rampur,539267,Chamorshi,109.0,Chamorshi,4058,Chamorshi,Gadchiroli,475,GADCHIROLI,MH,27,India,Rural,117,492,4.20512821,277,251,241,,,,Not Available,Not Available,Available,Available,Available,,Available,Available,,Not Available,Not Available,Not Available,Not Available,Not Available,Not Available,Not Available,Not Available,Not Available,,Available,223,3,8,0,0,0,0,1,43,106,-63,104,0,0,0,2,GADCHIROLI,30,8271.612475,8271.612475,1523870.847,Administrative Boundary,Survey of India (SOI),"Maharashtra
",2,3091,0.056063415,2.803170756,Low,6.66040113987308,"Rural Hospital, Asti",hospital,246.0,0.0,0.0,39.2117752438226,0,7.521498331013195,13.148049171566006,100.0,50.0,63.070591747940874,50.0,4,Low,28.91,Moderate,3.01,2.63,15.77,7.5,36.98,28.26,Moderate,118,"Drinking Water, Drainage, Evacuation Preparedness","Priority is influenced by water-service gap, drainage-service gap."
191,1,1,1,4332,41175,41175,107710,Shegaon,538522,Armori,104.0,Armori,4053,Armori,Gadchiroli,475,GADCHIROLI,MH,27,India,Rural,818,3842,4.69682152,536,2004,1838,,,,Available,Available,Available,Available,Available,,Available,Available,,Available,Available,Not Available,Not Available,Not Available,Available,Available,Not Available,Not Available,,Available,181,29,19,31,26,1,0,12,238,167,72,150,17,0,0,0,DESAIGANJ,19,8252.41065,8252.41065,3501128.017,Administrative Boundary,Survey of India (SOI),"Maharashtra
",4,4332,0.255358623,6.383965583,Low,3.408409674720191,SDH Armori,hospital,960.5,0.0,0.0,19.99565797567082,0,17.13088694514267,51.336183858898984,100.0,50.0,56.66521932522361,50.0,2,Moderate,38.79,Moderate,6.85,10.27,14.17,7.5,47.16,38.84,Moderate,27,"Drinking Water, Drainage, Evacuation Preparedness","Priority is influenced by high population exposure, water-service gap, drainage-service gap."
192,1,1,1,2955,39751,39751,106286,Bhatti Jamb,540945,Sawali,119.0,Sawali,4068,Sawali,Chandrapur,473,CHANDRAPUR,MH,27,India,Rural,77,319,4.14285714,375,152,167,,,,Not Available,Not Available,Available,Not Available,Not Available,,Not Available,Not Available,,Not Available,Not Available,Not Available,Not Available,Not Available,Not Available,Not Available,Not Available,Not Available,,Available,0,107,0,0,0,0,4,0,264,69,195,0,0,69,0,0,MUL,25,7004.53604,7004.53604,2021689.464,Administrative Boundary,Survey of India (SOI),"Maharashtra
",2,2955,0.005455564,0.272778177,Low,6.082313881391041,"Rural Hospital, Saoli",hospital,159.5,69.0,0.0,35.79583991027369,0,0.7309596901014711,8.524853019775522,84.31818181818181,50.0,56.704673909485166,50.0,4,Low,23.67,Low,0.29,1.7,14.18,7.5,31.06,22.11,Low,176,"Drinking Water, Drainage, Evacuation Preparedness","Priority is influenced by water-service gap, drainage-service gap."
193,1,1,1,2990,39788,39788,106323,Farada,539220,Chamorshi,109.0,Chamorshi,4058,Chamorshi,Gadchiroli,475,GADCHIROLI,MH,27,India,Rural,387,1561,4.03359173,894,793,768,,,,Not Available,Not Available,Available,Available,Available,,Available,Available,,Not Available,Not Available,Not Available,Not Available,Not Available,Not Available,Not Available,Available,Not Available,,Available,0,167,0,16,0,31,3,0,677,382,295,324,13,0,0,45,MUL,25,13579.56972,13579.56972,10022035.04,Administrative Boundary,Survey of India (SOI),"Maharashtra
",10,2990,0.253153532,2.531535323,Low,9.083794426006316,Balprabha Hospital,hospital,156.1,0.0,0.0,53.53168046872718,0,6.792539939601753,8.343132014965258,100.0,50.0,67.84389348957573,50.0,1,Very Low,28.85,Moderate,2.72,1.67,16.96,7.5,37.78,28.52,Moderate,115,"Healthcare, Drinking Water, Drainage, Evacuation Preparedness","Priority is influenced by limited healthcare accessibility, water-service gap, drainage-service gap."
194,1,1,1,4285,41127,41127,107662,Ranmochan,540777,Brahmapuri,118.0,Brahmapuri,4067,Brahmapuri,Chandrapur,473,CHANDRAPUR,MH,27,India,Rural,374,1428,3.81818182,605,723,705,,,,Not Available,Not Available,Available,Available,Available,,Available,Available,,Available,Available,Not Available,Not Available,Not Available,Not Available,Not Available,Not Available,Not Available,,Available,0,11,69,7,0,2,0,5,511,16,495,0,16,0,0,0,BRAHMAPURI,12,10387.2744,10387.2744,5115775.082,Administrative Boundary,Survey of India (SOI),"Maharashtra
",5,4285,0.159986371,3.199727424,Low,8.674277104121126,Akshay Nursing Home,hospital,285.6,0.0,0.0,51.111830058598485,0,8.585694218921386,15.264564404062,100.0,50.0,67.03727668619949,50.0,1,Very Low,30.75,Moderate,3.43,3.05,16.76,7.5,39.82,30.58,Moderate,93,"Healthcare, Drinking Water, Drainage, Evacuation Preparedness","Priority is influenced by limited healthcare accessibility, water-service gap, drainage-service gap."
195,1,1,1,2993,39791,39791,106326,Markandadeo,539221,Chamorshi,109.0,Chamorshi,4058,Chamorshi,Gadchiroli,475,GADCHIROLI,MH,27,India,Rural,261,994,3.80842912,464,523,471,,,,Available,Available,Available,Available,Available,,Available,Available,,Available,Available,Not Available,Not Available,Not Available,Available,Available,Available,Not Available,,Available,0,95,0,4,0,73,8,0,283,240,43,214,0,0,0,26,MUL,26,10391.98981,10391.98981,6477260.609,Administrative Boundary,Survey of India (SOI),"Maharashtra
",7,2993,0.100503622,1.435766031,Low,6.268952883013741,Balprabha Hospital,hospital,142.0,0.0,0.0,36.898695492898646,0,3.8519433773912057,7.589524318546231,100.0,50.0,62.299565164299544,50.0,4,Low,26.13,Moderate,1.54,1.52,15.57,7.5,34.2,25.17,Moderate,150,"Drinking Water, Drainage, Evacuation Preparedness","Priority is influenced by water-service gap, drainage-service gap."
196,1,1,1,4102,40933,40933,107468,Wasa,539098,Gadchiroli,108.0,Gadchiroli,4057,Gadchiroli,Gadchiroli,475,GADCHIROLI,MH,27,India,Rural,408,1516,3.71568627,457,769,747,,,,Not Available,Not Available,Available,Available,Available,,Available,Available,,Available,Available,Not Available,Not Available,Not Available,Available,Available,Not Available,Not Available,,Available,9,76,0,16,0,2,23,3,328,133,195,0,10,100,0,23,GADCHIROLI,14,12073.68095,12073.68095,7236363.214,Administrative Boundary,Survey of India (SOI),"Maharashtra
",7,4102,0.71802515,10.25750215,Low,12.365770575980791,Janatal Hospital,hospital,216.57142857142858,100.0,0.0,72.92497815876949,0,27.525874645269827,11.575169886233489,77.27272727272728,50.0,66.7325684771656,50.0,1,Very Low,37.51,Moderate,11.01,2.32,16.68,7.5,42.34,37.58,Moderate,31,"Healthcare, Drinking Water, Drainage, Evacuation Preparedness","Priority is influenced by limited healthcare accessibility, water-service gap, drainage-service gap."
197,1,1,1,4288,41130,41130,107665,Belpatali,540808,Brahmapuri,118.0,Brahmapuri,4067,Brahmapuri,Chandrapur,473,CHANDRAPUR,MH,27,India,Rural,168,651,3.875,203,333,318,,,,Not Available,Not Available,Available,Available,Available,,Available,Available,,Not Available,Not Available,Not Available,Not Available,Not Available,Not Available,Not Available,Not Available,Not Available,,Available,0,0,24,9,0,44,0,0,126,38,88,0,30,0,0,8,BRAHMAPURI,23,7625.165483,7625.165483,2208545.973,Administrative Boundary,Survey of India (SOI),"Maharashtra
",2,4288,0.580983506,29.04917529,Moderate,8.215649831249156,SDH Armori,hospital,325.5,0.0,0.0,48.40178744246077,0,77.95503873765827,17.39711384286478,100.0,50.0,66.13392914748692,50.0,0,Very High,58.69,High,31.18,3.48,16.53,7.5,53.88,59.89,High,5,"Drinking Water, Drainage, Evacuation Preparedness, Emergency Flood Response","Priority is influenced by high flood exposure, water-service gap, drainage-service gap."
198,1,1,1,2752,39551,39551,106086,Chakthane Wasana,541475,Pombhurna,124.0,Pombhurna,4073,Pombhurna,Chandrapur,473,CHANDRAPUR,MH,27,India,Rural,296,1113,3.76013514,601,566,547,,,,Not Available,Not Available,Available,Available,Available,,Available,Available,,Not Available,Not Available,Not Available,Not Available,Not Available,Not Available,Not Available,Not Available,Not Available,,Available,0,25,14,0,0,77,0,0,485,71,414,0,71,0,0,0,MUL,37,12600.41478,12600.41478,5146747.787,Administrative Boundary,Survey of India (SOI),"Maharashtra
",5,2752,0.132426713,2.648534266,Low,13.43387471480942,Rural Hospital Gondpipari,hospital,222.6,0.0,0.0,79.23643826137597,0,7.106517244934077,11.897381079636556,100.0,50.0,76.41214608712532,50.0,1,Very Low,31.83,Moderate,2.84,2.38,19.1,7.5,43.2,32.47,Moderate,64,"Healthcare, Drinking Water, Drainage, Evacuation Preparedness","Priority is influenced by limited healthcare accessibility, water-service gap, drainage-service gap."
199,1,1,1,4043,40867,40867,107402,Nimgaon,540889,Sawali,119.0,Sawali,4068,Sawali,Chandrapur,473,CHANDRAPUR,MH,27,India,Rural,766,2970,3.8772846,586,1519,1451,,,,Available,Available,Available,Available,Available,,Available,Available,,Not Available,Not Available,Not Available,Not Available,Not Available,Not Available,Not Available,Not Available,Not Available,,Available,0,86,0,55,0,1,6,10,427,253,175,174,4,73,0,2,MUL,33,9139.236806,9139.236806,5261229.72,Administrative Boundary,Survey of India (SOI),"Maharashtra
",5,4043,0.21725348,4.34506961,Low,9.36058794563752,Ladukar Hospital,hospital,594.0,73.0,0.0,55.167261862249575,0,11.65932415114832,31.74772848743987,83.4090909090909,50.0,62.85878425711349,50.0,1,Very Low,34.23,Moderate,4.66,6.35,15.71,7.5,43.29,34.2,Moderate,47,"Healthcare, Drinking Water, Drainage, Evacuation Preparedness","Priority is influenced by limited healthcare accessibility, water-service gap, drainage-service gap."
